{
  "_comment": "One child, fixed 50px width/height, fixed 25px top margin, horizontally centered.",
  "examples": [
    {
      "_comment": "Default 100x100.",
      "name": "root",
      "rect": [0, 0, 100, 100],
      "children": [
        {
          "name": "child",
          "rect": [25, 25, 75, 75]
        }
      ]
    },
    {
      "_comment": "Stretched twice as wide.",
      "name": "root",
      "rect": [0, 0, 200, 100],
      "children": [
        {
          "name": "child",
          "rect": [75, 25, 125, 75]
        }
      ]
    },
    {
      "_comment": "Stretched thrice as wide.",
      "name": "root",
      "rect": [0, 0, 300, 100],
      "children": [
        {
          "name": "child",
          "rect": [125, 25, 175, 75]
        }
      ]
    },
    {
      "_comment": "Stretched twice as tall (child should not also be center-y aligned).",
      "name": "root",
      "rect": [0, 0, 100, 200],
      "children": [
        {
          "name": "child",
          "rect": [25, 25, 75, 75]
        }
      ]
    }
  ]
}