{
  "_comment": "Two columns, of equal width, with fixed margins of all 10px.",
  "examples": [
    {
      "_comment": "Default 100x100.",
      "name": "root",
      "rect": [0, 0, 100, 100],
      "children": [
        {
          "name": "left",
          "rect": [10, 10, 45, 90]
        },
        {
          "name": "left",
          "rect": [55, 10, 90, 90]
        }
      ]
    },
    {
      "_comment": "Stretched twice as wide.",
      "name": "root",
      "rect": [0, 0, 200, 100],
      "children": [
        {
          "name": "left",
          "rect": [10, 10, 95, 90]
        },
        {
          "name": "left",
          "rect": [105, 10, 190, 90]
        }
      ]
    },
    {
      "_comment": "Stretched thrice as wide.",
      "name": "root",
      "rect": [0, 0, 300, 100],
      "children": [
        {
          "name": "left",
          "rect": [10, 10, 145, 90]
        },
        {
          "name": "left",
          "rect": [155, 10, 290, 90]
        }
      ]
    },
    {
      "_comment": "Stretched twice as tall.",
      "name": "root",
      "rect": [0, 0, 100, 200],
      "children": [
        {
          "name": "left",
          "rect": [10, 10, 45, 190]
        },
        {
          "name": "left",
          "rect": [55, 10, 90, 190]
        }
      ]
    }
  ]
}