Group, Name, Avg RMS, Number of elements, Accuracy, Number of constraints, Prep time, Resize time, Synth time,
personal,author-navigation,0.169,5,1,34,0.003,0,4.269,-
personal,author-navigation,0.169,5,1,34,0.003,0,4.229,-
personal,author-navigation,0.169,5,1,34,0.003,0,4.207,-
personal,author-bio,0.333,14,0.9,129,0.012,0.001,11.62,
personal,author-bio,0.323,14,0.9,128,0.013,0.002,11.654,
personal,author-bio,0.323,14,0.9,128,0.011,0.001,12.067,
personal,author-pubs,-,20,-,-,-,-,-,
personal,author-pubs,-,20,-,-,-,-,-,
personal,author-pubs,-,20,-,-,-,-,-,
icse,icse-logo,3.464,3,0.667,14,0.001,0,2.729,-
icse,icse-logo,3.464,3,0.667,14,0.002,0,2.741,-
icse,icse-logo,3.464,3,0.667,14,0.001,0,2.732,-
icse,icse-photos,0.132,20,1,227,0.022,0.001,15.535,
icse,icse-photos,0.132,20,1,227,0.021,0.001,15.624,
icse,icse-photos,0.132,20,1,227,0.023,0.002,15.449,
icse,icse-tracks,0.228,25,0.94,362,0.033,0.001,40.245,
icse,icse-tracks,0.228,25,0.94,363,0.034,0.001,56.118,
icse,icse-tracks,0.228,25,0.94,363,0.034,0.002,48.896,
icse,icse-content,0.378,22,0.977,212,0.023,0.002,19.591,
icse,icse-content,0.382,22,0.977,212,0.025,0.002,19.884,
icse,icse-content,0.382,22,0.977,212,0.022,0.002,20.941,
icse,icse-footer,-,79,-,-,-,-,-,
icse,icse-footer,-,79,-,-,-,-,-,
icse,icse-footer,-,79,-,-,-,-,-,
hackernews,hn-header,0.661,17,0.829,175,0.016,0.001,11.942,
hackernews,hn-header,0.661,17,0.829,175,0.017,0.001,12.241,
hackernews,hn-header,0.661,17,0.829,176,0.016,0.001,11.996,
hackernews,hn-post,0.269,10,0.97,96,0.008,0.001,8.646,
hackernews,hn-post,0.385,10,0.99,99,0.009,0.001,8.297,
hackernews,hn-post,0.282,10,0.95,96,0.009,0.001,8.506,
hackernews,hn-search,0.244,2,1,7,0.001,0,2.171,
hackernews,hn-search,0.244,2,1,7,0.001,0,2.183,
hackernews,hn-search,0.244,2,1,7,0.001,0,2.226,
ace,ace-sidebar,-,240,-,-,-,-,-,
ace,ace-sidebar,-,240,-,-,-,-,-,
ace,ace-sidebar,-,240,-,-,-,-,-,
ace,ace-sidebar-logo,0.102,3,1,18,0.002,0,3.085,
ace,ace-sidebar-logo,0.102,3,1,18,0.002,0,3.168,
ace,ace-sidebar-logo,0.102,3,1,18,0.002,0,3.206,
ace,ace-option-toggle,0.385,7,1,57,0.006,0,6.587,
ace,ace-option-toggle,0.385,7,1,57,0.005,0,6.607,
ace,ace-option-toggle,0.385,7,1,57,0.006,0,6.782,
ace,ace-option-dropdown,-,5,-,-,-,-,-,
ace,ace-option-dropdown,-,5,-,-,-,-,-,
ace,ace-option-dropdown,-,5,-,-,-,-,-,
ace,ace-sidebar-footer,0.199,11,1,112,0.01,0,9.42,
ace,ace-sidebar-footer,0.199,11,1,112,0.011,0,9.254,
ace,ace-sidebar-footer,0.199,11,1,112,0.01,0,9.355,
ace,ace-editor,0.125,5,0.98,46,0.003,0.001,4.277,
ace,ace-editor,0.125,5,0.98,46,0.003,0.001,4.238,
ace,ace-editor,0.125,5,0.98,46,0.003,0.001,4.312,
ace,ace-prompt,0.141,4,1,39,0.003,0,3.958,
ace,ace-prompt,0.141,4,1,39,0.003,0,3.963,
ace,ace-prompt,0.141,4,1,39,0.003,0,3.887,
fwt-main,fwt-main-logo,0,1,1,0,0,0,1.725,
fwt-main,fwt-main-logo,0,1,1,0,0,0,1.732,
fwt-main,fwt-main-logo,0,1,1,0,0,0,1.751,
fwt-main,fwt-main-picker,0.316,137,1,1381,0.644,0.016,110.603,
fwt-main,fwt-main-picker,0.252,137,1,1386,0.604,0.011,107.913,
fwt-main,fwt-main-picker,0.304,137,1,1383,0.661,0.012,106.005,
fwt-main,fwt-main-item,0.345,12,1,108,0.01,0.001,9.206,
fwt-main,fwt-main-item,0.345,12,1,108,0.011,0.001,9.327,
fwt-main,fwt-main-item,0.345,12,1,108,0.01,0.001,8.876,
fwt-main,fwt-main-footer,0.425,19,1,165,0.018,0.001,15.145,
fwt-main,fwt-main-footer,0.425,19,1,165,0.018,0.001,15.4,
fwt-main,fwt-main-footer,0.425,19,1,169,0.018,0.001,15.121,
ieee,ieee-navigation,0.414,23,1,166,0.024,0.002,18.661,
ieee,ieee-navigation,0.334,23,1,190,0.022,0.002,18.068,
ieee,ieee-navigation,0.386,23,1,175,0.02,0.001,17.957,
ieee,ieee-search,0.15,1,1,0,0,0,1.725,
ieee,ieee-search,0.15,1,1,0,0,0,1.756,
ieee,ieee-search,0.15,1,1,0,0,0,1.74,
ieee,ieee-news,0.258,36,0.986,363,0.056,0.001,25.13,
ieee,ieee-news,0.292,36,0.986,363,0.054,0.001,25.443,
ieee,ieee-news,0.289,36,0.986,363,0.053,0.001,24.566,
ieee,ieee-footer,0.351,49,1,432,0.093,0.005,33.571,
ieee,ieee-footer,0.332,49,1,437,0.086,0.007,34.229,
ieee,ieee-footer,0.334,49,1,433,0.089,0.005,34.732,
fwt-space,fwt-space-header,0.1,3,1,23,0.002,0,3.119,
fwt-space,fwt-space-header,0.1,3,1,23,0.002,0,3.11,
fwt-space,fwt-space-header,0.1,3,1,23,0.002,0,3.107,
fwt-space,fwt-space-navigation,0.161,3,1,23,0.002,0,3.225,
fwt-space,fwt-space-navigation,0.161,3,1,23,0.002,0,3.25,
fwt-space,fwt-space-navigation,0.161,3,1,23,0.002,0,3.132,
fwt-space,fwt-space-logo,0.139,11,1,155,0.012,0.001,11.271,
fwt-space,fwt-space-logo,0.139,11,1,155,0.012,0.001,11.675,
fwt-space,fwt-space-logo,0.139,11,1,155,0.012,0,11.507,
fwt-space,fwt-space-featured,0.1,5,1,51,0.004,0,4.574,
fwt-space,fwt-space-featured,0.1,5,1,51,0.004,0,4.669,
fwt-space,fwt-space-featured,0.1,5,1,51,0.004,0,4.517,
fwt-space,fwt-space-vids,0.248,5,1,51,0.004,0,4.562,
fwt-space,fwt-space-vids,0.248,5,1,51,0.004,0,4.734,
fwt-space,fwt-space-vids,0.248,5,1,51,0.004,0,4.624,
fwt-space,fwt-space-blogs,0.262,13,1,171,0.014,0.001,11.607,
fwt-space,fwt-space-blogs,0.246,13,1,171,0.015,0.001,11.933,
fwt-space,fwt-space-blogs,0.246,13,1,171,0.015,0.001,11.808,
fwt-space,fwt-space-social,0,8,1,80,0.007,0,6.33,
fwt-space,fwt-space-social,0,8,1,80,0.007,0,6.296,
fwt-space,fwt-space-social,0,8,1,80,0.007,0,6.206,
fwt-space,fwt-space-footer,0.474,2,1,8,0.001,0,2.403,
fwt-space,fwt-space-footer,0.474,2,1,8,0.001,0,2.389,
fwt-space,fwt-space-footer,0.474,2,1,8,0.001,0,2.412,
fwt-running,fwt-running-header,0.183,10,1,85,0.008,0,7.415,
fwt-running,fwt-running-header,0.183,10,1,85,0.008,0,7.36,
fwt-running,fwt-running-header,0.183,10,1,86,0.009,0.001,7.514,
fwt-running,fwt-running-navigation,0.167,14,1,108,0.012,0.001,10.712,
fwt-running,fwt-running-navigation,0.171,14,1,108,0.013,0.001,10.702,
fwt-running,fwt-running-navigation,0.169,14,1,108,0.013,0.001,11.286,
fwt-running,fwt-running-content,0.28,12,1,147,0.013,0.001,13.1,-
fwt-running,fwt-running-content,0.28,12,1,148,0.012,0.001,14.303,-
fwt-running,fwt-running-content,0.28,12,1,147,0.012,0.001,14.279,-
fwt-running,fwt-running-footer,0,9,1,91,0.008,0,7.044,
fwt-running,fwt-running-footer,0,9,1,91,0.008,0,6.969,
fwt-running,fwt-running-footer,0,9,1,91,0.008,0,7.172,
duckduckgo,ddg-header,0.344,8,1,51,0.005,0.001,6.966,
duckduckgo,ddg-header,0.344,8,1,51,0.005,0.001,6.401,
duckduckgo,ddg-header,0.372,8,1,51,0.005,0,6.537,
duckduckgo,ddg-logo,0.3,6,1,41,0.003,0.001,4.709,
duckduckgo,ddg-logo,0.3,6,1,41,0.003,0.001,4.749,
duckduckgo,ddg-logo,0.3,6,1,41,0.003,0.001,4.743,
duckduckgo,ddg-searchbar,0.316,4,1,27,0.002,0,3.766,
duckduckgo,ddg-searchbar,0.316,4,1,27,0.002,0,3.656,
duckduckgo,ddg-searchbar,0.316,4,1,27,0.002,0.001,3.614,
duckduckgo,ddg-privacy,0.382,15,0.933,145,0.015,0.001,12.298,
duckduckgo,ddg-privacy,0.382,15,0.933,145,0.014,0.001,12.398,
duckduckgo,ddg-privacy,0.382,15,0.933,145,0.014,0.001,13.028,
duckduckgo,ddg-large-blurb,0.27,5,1,40,0.003,0,4.028,
duckduckgo,ddg-large-blurb,0.27,5,1,40,0.003,0.001,4.157,
duckduckgo,ddg-large-blurb,0.27,5,1,40,0.003,0,4.003,
duckduckgo,ddg-faq,0.217,1,1,0,0,0,1.746,-
duckduckgo,ddg-faq,0.217,1,1,0,0,0,1.776,-
duckduckgo,ddg-faq,0.217,1,1,0,0,0,1.765,-
icse,icse-navigation,0.292,20,0.875,215,0.021,0.001,18.413,
icse,icse-navigation,0.292,20,0.875,213,0.021,0.001,17.977,
icse,icse-navigation,0.292,20,0.875,214,0.019,0.001,19.066,
hackernews,hn-posts,-,575,-,-,-,-,-,
hackernews,hn-posts,-,575,-,-,-,-,-,
hackernews,hn-posts,-,575,-,-,-,-,-,
personal,author-sidebar,0.298,10,1,92,0.008,0.001,8.513,
personal,author-sidebar,0.584,10,0.5,92,0.009,0.001,8.71,
personal,author-sidebar,0.584,10,0.5,92,0.009,0.001,8.441,
icse,icse-news,0.412,17,1,142,0.014,0.001,12.494,
icse,icse-news,0.52,17,0.471,141,0.016,0.001,12.346,
icse,icse-news,0.558,17,0.529,144,0.015,0.001,12.408,
ace,ace-options,-,228,-,-,-,-,-,
ace,ace-options,-,228,-,-,-,-,-,
ace,ace-options,-,228,-,-,-,-,-,
icse,icse-dates,0.393,61,0.885,642,0.138,0.005,47.147,
icse,icse-dates,0.512,61,0.787,642,0.137,0.005,47.69,
icse,icse-dates,0.512,61,0.787,642,0.132,0.005,48.125,
duckduckgo,ddg-minipages,0.229,16,1,160,0.014,0.001,12.025,
duckduckgo,ddg-minipages,0.229,16,1,160,0.015,0.001,12.149,
duckduckgo,ddg-minipages,0.229,16,1,160,0.015,0.001,12.194,
ieee,ieee-conferences,0.427,62,0.839,632,0.141,0.004,47.832,
ieee,ieee-conferences,0.416,62,0.871,631,0.144,0.005,48.192,
ieee,ieee-conferences,0.399,62,0.919,629,0.145,0.005,47.698,
ieee,ieee-authors,0.344,46,0.989,465,0.083,0.001,35.782,
ieee,ieee-authors,0.459,46,0.685,454,0.091,0.001,35.901,
ieee,ieee-authors,0.344,46,0.989,464,0.088,0.002,36.957,
hackernews,hn-footer,0.175,11,1,128,0.011,0,9.424,
hackernews,hn-footer,0.175,11,1,128,0.011,0.001,9.629,
hackernews,hn-footer,0.175,11,1,128,0.011,0,9.552,
ieee,ieee-articles,0.448,27,0.833,269,0.032,0.001,19.674,
ieee,ieee-articles,0.336,27,1,271,0.03,0.001,19.076,
ieee,ieee-articles,0.437,27,0.833,271,0.031,0.002,19.519,