{"name":"2-2-boxes","height":600,"bench":{"lo":450,"hi":900,"trainSeed":235775,"trainSize":10,"testSeed":17250987,"testSize":10},"train":[{"name":"main","top":50,"left":8,"height":500,"width":711,"children":[{"name":"row1","top":50,"left":8,"height":200,"width":711,"children":[{"name":"l1","top":50,"left":8,"height":50,"width":50,"children":[]},{"name":"r1","top":50,"left":108,"height":50,"width":561,"children":[]}]},{"name":"row2","top":300,"left":8,"height":200,"width":711,"children":[{"name":"l2","top":300,"left":8,"height":50,"width":50,"children":[]},{"name":"r2","top":300,"left":108,"height":50,"width":561,"children":[]}]}]},{"name":"main","top":50,"left":8,"height":500,"width":607,"children":[{"name":"row1","top":50,"left":8,"height":200,"width":607,"children":[{"name":"l1","top":50,"left":8,"height":50,"width":50,"children":[]},{"name":"r1","top":50,"left":108,"height":50,"width":457,"children":[]}]},{"name":"row2","top":300,"left":8,"height":200,"width":607,"children":[{"name":"l2","top":300,"left":8,"height":50,"width":50,"children":[]},{"name":"r2","top":300,"left":108,"height":50,"width":457,"children":[]}]}]},{"name":"main","top":50,"left":8,"height":500,"width":637,"children":[{"name":"row1","top":50,"left":8,"height":200,"width":637,"children":[{"name":"l1","top":50,"left":8,"height":50,"width":50,"children":[]},{"name":"r1","top":50,"left":108,"height":50,"width":487,"children":[]}]},{"name":"row2","top":300,"left":8,"height":200,"width":637,"children":[{"name":"l2","top":300,"left":8,"height":50,"width":50,"children":[]},{"name":"r2","top":300,"left":108,"height":50,"width":487,"children":[]}]}]},{"name":"main","top":50,"left":8,"height":500,"width":551,"children":[{"name":"row1","top":50,"left":8,"height":200,"width":551,"children":[{"name":"l1","top":50,"left":8,"height":50,"width":50,"children":[]},{"name":"r1","top":50,"left":108,"height":50,"width":401,"children":[]}]},{"name":"row2","top":300,"left":8,"height":200,"width":551,"children":[{"name":"l2","top":300,"left":8,"height":50,"width":50,"children":[]},{"name":"r2","top":300,"left":108,"height":50,"width":401,"children":[]}]}]},{"name":"main","top":50,"left":8,"height":500,"width":445,"children":[{"name":"row1","top":50,"left":8,"height":200,"width":445,"children":[{"name":"l1","top":50,"left":8,"height":50,"width":50,"children":[]},{"name":"r1","top":50,"left":108,"height":50,"width":295,"children":[]}]},{"name":"row2","top":300,"left":8,"height":200,"width":445,"children":[{"name":"l2","top":300,"left":8,"height":50,"width":50,"children":[]},{"name":"r2","top":300,"left":108,"height":50,"width":295,"children":[]}]}]},{"name":"main","top":50,"left":8,"height":500,"width":883,"children":[{"name":"row1","top":50,"left":8,"height":200,"width":883,"children":[{"name":"l1","top":50,"left":8,"height":50,"width":50,"children":[]},{"name":"r1","top":50,"left":108,"height":50,"width":733,"children":[]}]},{"name":"row2","top":300,"left":8,"height":200,"width":883,"children":[{"name":"l2","top":300,"left":8,"height":50,"width":50,"children":[]},{"name":"r2","top":300,"left":108,"height":50,"width":733,"children":[]}]}]},{"name":"main","top":50,"left":8,"height":500,"width":594,"children":[{"name":"row1","top":50,"left":8,"height":200,"width":594,"children":[{"name":"l1","top":50,"left":8,"height":50,"width":50,"children":[]},{"name":"r1","top":50,"left":108,"height":50,"width":444,"children":[]}]},{"name":"row2","top":300,"left":8,"height":200,"width":594,"children":[{"name":"l2","top":300,"left":8,"height":50,"width":50,"children":[]},{"name":"r2","top":300,"left":108,"height":50,"width":444,"children":[]}]}]},{"name":"main","top":50,"left":8,"height":500,"width":857,"children":[{"name":"row1","top":50,"left":8,"height":200,"width":857,"children":[{"name":"l1","top":50,"left":8,"height":50,"width":50,"children":[]},{"name":"r1","top":50,"left":108,"height":50,"width":707,"children":[]}]},{"name":"row2","top":300,"left":8,"height":200,"width":857,"children":[{"name":"l2","top":300,"left":8,"height":50,"width":50,"children":[]},{"name":"r2","top":300,"left":108,"height":50,"width":707,"children":[]}]}]},{"name":"main","top":50,"left":8,"height":500,"width":483,"children":[{"name":"row1","top":50,"left":8,"height":200,"width":483,"children":[{"name":"l1","top":50,"left":8,"height":50,"width":50,"children":[]},{"name":"r1","top":50,"left":108,"height":50,"width":333,"children":[]}]},{"name":"row2","top":300,"left":8,"height":200,"width":483,"children":[{"name":"l2","top":300,"left":8,"height":50,"width":50,"children":[]},{"name":"r2","top":300,"left":108,"height":50,"width":333,"children":[]}]}]},{"name":"main","top":50,"left":8,"height":500,"width":671,"children":[{"name":"row1","top":50,"left":8,"height":200,"width":671,"children":[{"name":"l1","top":50,"left":8,"height":50,"width":50,"children":[]},{"name":"r1","top":50,"left":108,"height":50,"width":521,"children":[]}]},{"name":"row2","top":300,"left":8,"height":200,"width":671,"children":[{"name":"l2","top":300,"left":8,"height":50,"width":50,"children":[]},{"name":"r2","top":300,"left":108,"height":50,"width":521,"children":[]}]}]}],"test":[{"name":"main","top":50,"left":8,"height":500,"width":589,"children":[{"name":"row1","top":50,"left":8,"height":200,"width":589,"children":[{"name":"l1","top":50,"left":8,"height":50,"width":50,"children":[]},{"name":"r1","top":50,"left":108,"height":50,"width":439,"children":[]}]},{"name":"row2","top":300,"left":8,"height":200,"width":589,"children":[{"name":"l2","top":300,"left":8,"height":50,"width":50,"children":[]},{"name":"r2","top":300,"left":108,"height":50,"width":439,"children":[]}]}]},{"name":"main","top":50,"left":8,"height":500,"width":507,"children":[{"name":"row1","top":50,"left":8,"height":200,"width":507,"children":[{"name":"l1","top":50,"left":8,"height":50,"width":50,"children":[]},{"name":"r1","top":50,"left":108,"height":50,"width":357,"children":[]}]},{"name":"row2","top":300,"left":8,"height":200,"width":507,"children":[{"name":"l2","top":300,"left":8,"height":50,"width":50,"children":[]},{"name":"r2","top":300,"left":108,"height":50,"width":357,"children":[]}]}]},{"name":"main","top":50,"left":8,"height":500,"width":620,"children":[{"name":"row1","top":50,"left":8,"height":200,"width":620,"children":[{"name":"l1","top":50,"left":8,"height":50,"width":50,"children":[]},{"name":"r1","top":50,"left":108,"height":50,"width":470,"children":[]}]},{"name":"row2","top":300,"left":8,"height":200,"width":620,"children":[{"name":"l2","top":300,"left":8,"height":50,"width":50,"children":[]},{"name":"r2","top":300,"left":108,"height":50,"width":470,"children":[]}]}]},{"name":"main","top":50,"left":8,"height":500,"width":749,"children":[{"name":"row1","top":50,"left":8,"height":200,"width":749,"children":[{"name":"l1","top":50,"left":8,"height":50,"width":50,"children":[]},{"name":"r1","top":50,"left":108,"height":50,"width":599,"children":[]}]},{"name":"row2","top":300,"left":8,"height":200,"width":749,"children":[{"name":"l2","top":300,"left":8,"height":50,"width":50,"children":[]},{"name":"r2","top":300,"left":108,"height":50,"width":599,"children":[]}]}]},{"name":"main","top":50,"left":8,"height":500,"width":590,"children":[{"name":"row1","top":50,"left":8,"height":200,"width":590,"children":[{"name":"l1","top":50,"left":8,"height":50,"width":50,"children":[]},{"name":"r1","top":50,"left":108,"height":50,"width":440,"children":[]}]},{"name":"row2","top":300,"left":8,"height":200,"width":590,"children":[{"name":"l2","top":300,"left":8,"height":50,"width":50,"children":[]},{"name":"r2","top":300,"left":108,"height":50,"width":440,"children":[]}]}]},{"name":"main","top":50,"left":8,"height":500,"width":750,"children":[{"name":"row1","top":50,"left":8,"height":200,"width":750,"children":[{"name":"l1","top":50,"left":8,"height":50,"width":50,"children":[]},{"name":"r1","top":50,"left":108,"height":50,"width":600,"children":[]}]},{"name":"row2","top":300,"left":8,"height":200,"width":750,"children":[{"name":"l2","top":300,"left":8,"height":50,"width":50,"children":[]},{"name":"r2","top":300,"left":108,"height":50,"width":600,"children":[]}]}]},{"name":"main","top":50,"left":8,"height":500,"width":788,"children":[{"name":"row1","top":50,"left":8,"height":200,"width":788,"children":[{"name":"l1","top":50,"left":8,"height":50,"width":50,"children":[]},{"name":"r1","top":50,"left":108,"height":50,"width":638,"children":[]}]},{"name":"row2","top":300,"left":8,"height":200,"width":788,"children":[{"name":"l2","top":300,"left":8,"height":50,"width":50,"children":[]},{"name":"r2","top":300,"left":108,"height":50,"width":638,"children":[]}]}]},{"name":"main","top":50,"left":8,"height":500,"width":748,"children":[{"name":"row1","top":50,"left":8,"height":200,"width":748,"children":[{"name":"l1","top":50,"left":8,"height":50,"width":50,"children":[]},{"name":"r1","top":50,"left":108,"height":50,"width":598,"children":[]}]},{"name":"row2","top":300,"left":8,"height":200,"width":748,"children":[{"name":"l2","top":300,"left":8,"height":50,"width":50,"children":[]},{"name":"r2","top":300,"left":108,"height":50,"width":598,"children":[]}]}]},{"name":"main","top":50,"left":8,"height":500,"width":848,"children":[{"name":"row1","top":50,"left":8,"height":200,"width":848,"children":[{"name":"l1","top":50,"left":8,"height":50,"width":50,"children":[]},{"name":"r1","top":50,"left":108,"height":50,"width":698,"children":[]}]},{"name":"row2","top":300,"left":8,"height":200,"width":848,"children":[{"name":"l2","top":300,"left":8,"height":50,"width":50,"children":[]},{"name":"r2","top":300,"left":108,"height":50,"width":698,"children":[]}]}]},{"name":"main","top":50,"left":8,"height":500,"width":709,"children":[{"name":"row1","top":50,"left":8,"height":200,"width":709,"children":[{"name":"l1","top":50,"left":8,"height":50,"width":50,"children":[]},{"name":"r1","top":50,"left":108,"height":50,"width":559,"children":[]}]},{"name":"row2","top":300,"left":8,"height":200,"width":709,"children":[{"name":"l2","top":300,"left":8,"height":50,"width":50,"children":[]},{"name":"r2","top":300,"left":108,"height":50,"width":559,"children":[]}]}]}]}