{"name":"3-2-boxes","height":800,"bench":{"lo":450,"hi":900,"trainSeed":235775,"trainSize":10,"testSeed":17250987,"testSize":10},"train":[{"name":"main","top":50,"left":8,"height":500,"width":711,"children":[{"name":"row1","top":50,"left":8,"height":200,"width":711,"children":[{"name":"l1","top":50,"left":8,"height":50,"width":50,"children":[]},{"name":"m1","top":50,"left":108,"height":50,"width":100,"children":[]},{"name":"r1","top":50,"left":308,"height":50,"width":311,"children":[]}]},{"name":"row2","top":300,"left":8,"height":200,"width":711,"children":[{"name":"l2","top":300,"left":8,"height":50,"width":50,"children":[]},{"name":"r2","top":300,"left":108,"height":50,"width":311,"children":[]}]}]},{"name":"main","top":50,"left":8,"height":500,"width":607,"children":[{"name":"row1","top":50,"left":8,"height":200,"width":607,"children":[{"name":"l1","top":50,"left":8,"height":50,"width":50,"children":[]},{"name":"m1","top":50,"left":108,"height":50,"width":100,"children":[]},{"name":"r1","top":50,"left":308,"height":50,"width":207,"children":[]}]},{"name":"row2","top":300,"left":8,"height":200,"width":607,"children":[{"name":"l2","top":300,"left":8,"height":50,"width":50,"children":[]},{"name":"r2","top":300,"left":108,"height":50,"width":207,"children":[]}]}]},{"name":"main","top":50,"left":8,"height":500,"width":637,"children":[{"name":"row1","top":50,"left":8,"height":200,"width":637,"children":[{"name":"l1","top":50,"left":8,"height":50,"width":50,"children":[]},{"name":"m1","top":50,"left":108,"height":50,"width":100,"children":[]},{"name":"r1","top":50,"left":308,"height":50,"width":237,"children":[]}]},{"name":"row2","top":300,"left":8,"height":200,"width":637,"children":[{"name":"l2","top":300,"left":8,"height":50,"width":50,"children":[]},{"name":"r2","top":300,"left":108,"height":50,"width":237,"children":[]}]}]},{"name":"main","top":50,"left":8,"height":500,"width":551,"children":[{"name":"row1","top":50,"left":8,"height":200,"width":551,"children":[{"name":"l1","top":50,"left":8,"height":50,"width":50,"children":[]},{"name":"m1","top":50,"left":108,"height":50,"width":100,"children":[]},{"name":"r1","top":50,"left":308,"height":50,"width":151,"children":[]}]},{"name":"row2","top":300,"left":8,"height":200,"width":551,"children":[{"name":"l2","top":300,"left":8,"height":50,"width":50,"children":[]},{"name":"r2","top":300,"left":108,"height":50,"width":151,"children":[]}]}]},{"name":"main","top":50,"left":8,"height":500,"width":445,"children":[{"name":"row1","top":50,"left":8,"height":200,"width":445,"children":[{"name":"l1","top":50,"left":8,"height":50,"width":50,"children":[]},{"name":"m1","top":50,"left":108,"height":50,"width":100,"children":[]},{"name":"r1","top":50,"left":308,"height":50,"width":45,"children":[]}]},{"name":"row2","top":300,"left":8,"height":200,"width":445,"children":[{"name":"l2","top":300,"left":8,"height":50,"width":50,"children":[]},{"name":"r2","top":300,"left":108,"height":50,"width":45,"children":[]}]}]},{"name":"main","top":50,"left":8,"height":500,"width":883,"children":[{"name":"row1","top":50,"left":8,"height":200,"width":883,"children":[{"name":"l1","top":50,"left":8,"height":50,"width":50,"children":[]},{"name":"m1","top":50,"left":108,"height":50,"width":100,"children":[]},{"name":"r1","top":50,"left":308,"height":50,"width":483,"children":[]}]},{"name":"row2","top":300,"left":8,"height":200,"width":883,"children":[{"name":"l2","top":300,"left":8,"height":50,"width":50,"children":[]},{"name":"r2","top":300,"left":108,"height":50,"width":483,"children":[]}]}]},{"name":"main","top":50,"left":8,"height":500,"width":594,"children":[{"name":"row1","top":50,"left":8,"height":200,"width":594,"children":[{"name":"l1","top":50,"left":8,"height":50,"width":50,"children":[]},{"name":"m1","top":50,"left":108,"height":50,"width":100,"children":[]},{"name":"r1","top":50,"left":308,"height":50,"width":194,"children":[]}]},{"name":"row2","top":300,"left":8,"height":200,"width":594,"children":[{"name":"l2","top":300,"left":8,"height":50,"width":50,"children":[]},{"name":"r2","top":300,"left":108,"height":50,"width":194,"children":[]}]}]},{"name":"main","top":50,"left":8,"height":500,"width":857,"children":[{"name":"row1","top":50,"left":8,"height":200,"width":857,"children":[{"name":"l1","top":50,"left":8,"height":50,"width":50,"children":[]},{"name":"m1","top":50,"left":108,"height":50,"width":100,"children":[]},{"name":"r1","top":50,"left":308,"height":50,"width":457,"children":[]}]},{"name":"row2","top":300,"left":8,"height":200,"width":857,"children":[{"name":"l2","top":300,"left":8,"height":50,"width":50,"children":[]},{"name":"r2","top":300,"left":108,"height":50,"width":457,"children":[]}]}]},{"name":"main","top":50,"left":8,"height":500,"width":483,"children":[{"name":"row1","top":50,"left":8,"height":200,"width":483,"children":[{"name":"l1","top":50,"left":8,"height":50,"width":50,"children":[]},{"name":"m1","top":50,"left":108,"height":50,"width":100,"children":[]},{"name":"r1","top":50,"left":308,"height":50,"width":83,"children":[]}]},{"name":"row2","top":300,"left":8,"height":200,"width":483,"children":[{"name":"l2","top":300,"left":8,"height":50,"width":50,"children":[]},{"name":"r2","top":300,"left":108,"height":50,"width":83,"children":[]}]}]},{"name":"main","top":50,"left":8,"height":500,"width":671,"children":[{"name":"row1","top":50,"left":8,"height":200,"width":671,"children":[{"name":"l1","top":50,"left":8,"height":50,"width":50,"children":[]},{"name":"m1","top":50,"left":108,"height":50,"width":100,"children":[]},{"name":"r1","top":50,"left":308,"height":50,"width":271,"children":[]}]},{"name":"row2","top":300,"left":8,"height":200,"width":671,"children":[{"name":"l2","top":300,"left":8,"height":50,"width":50,"children":[]},{"name":"r2","top":300,"left":108,"height":50,"width":271,"children":[]}]}]}],"test":[{"name":"main","top":50,"left":8,"height":500,"width":589,"children":[{"name":"row1","top":50,"left":8,"height":200,"width":589,"children":[{"name":"l1","top":50,"left":8,"height":50,"width":50,"children":[]},{"name":"m1","top":50,"left":108,"height":50,"width":100,"children":[]},{"name":"r1","top":50,"left":308,"height":50,"width":189,"children":[]}]},{"name":"row2","top":300,"left":8,"height":200,"width":589,"children":[{"name":"l2","top":300,"left":8,"height":50,"width":50,"children":[]},{"name":"r2","top":300,"left":108,"height":50,"width":189,"children":[]}]}]},{"name":"main","top":50,"left":8,"height":500,"width":507,"children":[{"name":"row1","top":50,"left":8,"height":200,"width":507,"children":[{"name":"l1","top":50,"left":8,"height":50,"width":50,"children":[]},{"name":"m1","top":50,"left":108,"height":50,"width":100,"children":[]},{"name":"r1","top":50,"left":308,"height":50,"width":107,"children":[]}]},{"name":"row2","top":300,"left":8,"height":200,"width":507,"children":[{"name":"l2","top":300,"left":8,"height":50,"width":50,"children":[]},{"name":"r2","top":300,"left":108,"height":50,"width":107,"children":[]}]}]},{"name":"main","top":50,"left":8,"height":500,"width":620,"children":[{"name":"row1","top":50,"left":8,"height":200,"width":620,"children":[{"name":"l1","top":50,"left":8,"height":50,"width":50,"children":[]},{"name":"m1","top":50,"left":108,"height":50,"width":100,"children":[]},{"name":"r1","top":50,"left":308,"height":50,"width":220,"children":[]}]},{"name":"row2","top":300,"left":8,"height":200,"width":620,"children":[{"name":"l2","top":300,"left":8,"height":50,"width":50,"children":[]},{"name":"r2","top":300,"left":108,"height":50,"width":220,"children":[]}]}]},{"name":"main","top":50,"left":8,"height":500,"width":749,"children":[{"name":"row1","top":50,"left":8,"height":200,"width":749,"children":[{"name":"l1","top":50,"left":8,"height":50,"width":50,"children":[]},{"name":"m1","top":50,"left":108,"height":50,"width":100,"children":[]},{"name":"r1","top":50,"left":308,"height":50,"width":349,"children":[]}]},{"name":"row2","top":300,"left":8,"height":200,"width":749,"children":[{"name":"l2","top":300,"left":8,"height":50,"width":50,"children":[]},{"name":"r2","top":300,"left":108,"height":50,"width":349,"children":[]}]}]},{"name":"main","top":50,"left":8,"height":500,"width":590,"children":[{"name":"row1","top":50,"left":8,"height":200,"width":590,"children":[{"name":"l1","top":50,"left":8,"height":50,"width":50,"children":[]},{"name":"m1","top":50,"left":108,"height":50,"width":100,"children":[]},{"name":"r1","top":50,"left":308,"height":50,"width":190,"children":[]}]},{"name":"row2","top":300,"left":8,"height":200,"width":590,"children":[{"name":"l2","top":300,"left":8,"height":50,"width":50,"children":[]},{"name":"r2","top":300,"left":108,"height":50,"width":190,"children":[]}]}]},{"name":"main","top":50,"left":8,"height":500,"width":750,"children":[{"name":"row1","top":50,"left":8,"height":200,"width":750,"children":[{"name":"l1","top":50,"left":8,"height":50,"width":50,"children":[]},{"name":"m1","top":50,"left":108,"height":50,"width":100,"children":[]},{"name":"r1","top":50,"left":308,"height":50,"width":350,"children":[]}]},{"name":"row2","top":300,"left":8,"height":200,"width":750,"children":[{"name":"l2","top":300,"left":8,"height":50,"width":50,"children":[]},{"name":"r2","top":300,"left":108,"height":50,"width":350,"children":[]}]}]},{"name":"main","top":50,"left":8,"height":500,"width":788,"children":[{"name":"row1","top":50,"left":8,"height":200,"width":788,"children":[{"name":"l1","top":50,"left":8,"height":50,"width":50,"children":[]},{"name":"m1","top":50,"left":108,"height":50,"width":100,"children":[]},{"name":"r1","top":50,"left":308,"height":50,"width":388,"children":[]}]},{"name":"row2","top":300,"left":8,"height":200,"width":788,"children":[{"name":"l2","top":300,"left":8,"height":50,"width":50,"children":[]},{"name":"r2","top":300,"left":108,"height":50,"width":388,"children":[]}]}]},{"name":"main","top":50,"left":8,"height":500,"width":748,"children":[{"name":"row1","top":50,"left":8,"height":200,"width":748,"children":[{"name":"l1","top":50,"left":8,"height":50,"width":50,"children":[]},{"name":"m1","top":50,"left":108,"height":50,"width":100,"children":[]},{"name":"r1","top":50,"left":308,"height":50,"width":348,"children":[]}]},{"name":"row2","top":300,"left":8,"height":200,"width":748,"children":[{"name":"l2","top":300,"left":8,"height":50,"width":50,"children":[]},{"name":"r2","top":300,"left":108,"height":50,"width":348,"children":[]}]}]},{"name":"main","top":50,"left":8,"height":500,"width":848,"children":[{"name":"row1","top":50,"left":8,"height":200,"width":848,"children":[{"name":"l1","top":50,"left":8,"height":50,"width":50,"children":[]},{"name":"m1","top":50,"left":108,"height":50,"width":100,"children":[]},{"name":"r1","top":50,"left":308,"height":50,"width":448,"children":[]}]},{"name":"row2","top":300,"left":8,"height":200,"width":848,"children":[{"name":"l2","top":300,"left":8,"height":50,"width":50,"children":[]},{"name":"r2","top":300,"left":108,"height":50,"width":448,"children":[]}]}]},{"name":"main","top":50,"left":8,"height":500,"width":709,"children":[{"name":"row1","top":50,"left":8,"height":200,"width":709,"children":[{"name":"l1","top":50,"left":8,"height":50,"width":50,"children":[]},{"name":"m1","top":50,"left":108,"height":50,"width":100,"children":[]},{"name":"r1","top":50,"left":308,"height":50,"width":309,"children":[]}]},{"name":"row2","top":300,"left":8,"height":200,"width":709,"children":[{"name":"l2","top":300,"left":8,"height":50,"width":50,"children":[]},{"name":"r2","top":300,"left":108,"height":50,"width":309,"children":[]}]}]}]}