{"name":"ace-more-config-3","height":960,"bench":{"lo":600,"hi":1100,"trainSeed":235775,"trainSize":10,"testSeed":17250987,"testSize":10},"train":[{"name":"more-controls","top":377.79998779296875,"left":8,"height":71,"width":130.667,"children":[{"name":"ace-option-navigateWithinSoftTabs","top":379.79998779296875,"left":10,"height":21,"width":126.667,"children":[{"name":"box","top":380.79998779296875,"left":11,"height":19,"width":100.667,"children":[{"name":"box0","top":383.29998779296875,"left":26.333328247070312,"height":14,"width":85,"children":[]}]},{"name":"box1","top":380.79998779296875,"left":115.66667175292969,"height":19,"width":20,"children":[{"name":"-navigateWithinSoftTabs","top":383.79998779296875,"left":119.66667175292969,"height":13,"width":13,"children":[]}]}]},{"name":"ace-option-behavioursEnabled","top":402.79998779296875,"left":10,"height":21,"width":126.667,"children":[{"name":"box2","top":403.79998779296875,"left":11,"height":19,"width":100.667,"children":[{"name":"box3","top":406.29998779296875,"left":11,"height":14,"width":101,"children":[]}]},{"name":"box4","top":403.79998779296875,"left":115.66667175292969,"height":19,"width":20,"children":[{"name":"-behavioursEnabled","top":406.79998779296875,"left":119.66667175292969,"height":13,"width":13,"children":[]}]}]},{"name":"ace-option-selectionStyle","top":425.79998779296875,"left":10,"height":21,"width":126.667,"children":[{"name":"box5","top":426.79998779296875,"left":11,"height":19,"width":100.667,"children":[{"name":"box6","top":429.29998779296875,"left":13.666671752929688,"height":14,"width":98,"children":[]}]},{"name":"box7","top":426.79998779296875,"left":115.66667175292969,"height":19,"width":20,"children":[{"name":"-selectionStyle","top":429.79998779296875,"left":119.66667175292969,"height":13,"width":13,"children":[]}]}]}]},{"name":"more-controls","top":377.79998779296875,"left":8,"height":71,"width":130.667,"children":[{"name":"ace-option-navigateWithinSoftTabs","top":379.79998779296875,"left":10,"height":21,"width":126.667,"children":[{"name":"box","top":380.79998779296875,"left":11,"height":19,"width":100.667,"children":[{"name":"box0","top":383.29998779296875,"left":26.333328247070312,"height":14,"width":85,"children":[]}]},{"name":"box1","top":380.79998779296875,"left":115.66667175292969,"height":19,"width":20,"children":[{"name":"-navigateWithinSoftTabs","top":383.79998779296875,"left":119.66667175292969,"height":13,"width":13,"children":[]}]}]},{"name":"ace-option-behavioursEnabled","top":402.79998779296875,"left":10,"height":21,"width":126.667,"children":[{"name":"box2","top":403.79998779296875,"left":11,"height":19,"width":100.667,"children":[{"name":"box3","top":406.29998779296875,"left":11,"height":14,"width":101,"children":[]}]},{"name":"box4","top":403.79998779296875,"left":115.66667175292969,"height":19,"width":20,"children":[{"name":"-behavioursEnabled","top":406.79998779296875,"left":119.66667175292969,"height":13,"width":13,"children":[]}]}]},{"name":"ace-option-selectionStyle","top":425.79998779296875,"left":10,"height":21,"width":126.667,"children":[{"name":"box5","top":426.79998779296875,"left":11,"height":19,"width":100.667,"children":[{"name":"box6","top":429.29998779296875,"left":13.666671752929688,"height":14,"width":98,"children":[]}]},{"name":"box7","top":426.79998779296875,"left":115.66667175292969,"height":19,"width":20,"children":[{"name":"-selectionStyle","top":429.79998779296875,"left":119.66667175292969,"height":13,"width":13,"children":[]}]}]}]},{"name":"more-controls","top":377.79998779296875,"left":8,"height":71,"width":130.667,"children":[{"name":"ace-option-navigateWithinSoftTabs","top":379.79998779296875,"left":10,"height":21,"width":126.667,"children":[{"name":"box","top":380.79998779296875,"left":11,"height":19,"width":100.667,"children":[{"name":"box0","top":383.29998779296875,"left":26.333328247070312,"height":14,"width":85,"children":[]}]},{"name":"box1","top":380.79998779296875,"left":115.66667175292969,"height":19,"width":20,"children":[{"name":"-navigateWithinSoftTabs","top":383.79998779296875,"left":119.66667175292969,"height":13,"width":13,"children":[]}]}]},{"name":"ace-option-behavioursEnabled","top":402.79998779296875,"left":10,"height":21,"width":126.667,"children":[{"name":"box2","top":403.79998779296875,"left":11,"height":19,"width":100.667,"children":[{"name":"box3","top":406.29998779296875,"left":11,"height":14,"width":101,"children":[]}]},{"name":"box4","top":403.79998779296875,"left":115.66667175292969,"height":19,"width":20,"children":[{"name":"-behavioursEnabled","top":406.79998779296875,"left":119.66667175292969,"height":13,"width":13,"children":[]}]}]},{"name":"ace-option-selectionStyle","top":425.79998779296875,"left":10,"height":21,"width":126.667,"children":[{"name":"box5","top":426.79998779296875,"left":11,"height":19,"width":100.667,"children":[{"name":"box6","top":429.29998779296875,"left":13.666671752929688,"height":14,"width":98,"children":[]}]},{"name":"box7","top":426.79998779296875,"left":115.66667175292969,"height":19,"width":20,"children":[{"name":"-selectionStyle","top":429.79998779296875,"left":119.66667175292969,"height":13,"width":13,"children":[]}]}]}]},{"name":"more-controls","top":377.79998779296875,"left":8,"height":71,"width":130.667,"children":[{"name":"ace-option-navigateWithinSoftTabs","top":379.79998779296875,"left":10,"height":21,"width":126.667,"children":[{"name":"box","top":380.79998779296875,"left":11,"height":19,"width":100.667,"children":[{"name":"box0","top":383.29998779296875,"left":26.333328247070312,"height":14,"width":85,"children":[]}]},{"name":"box1","top":380.79998779296875,"left":115.66667175292969,"height":19,"width":20,"children":[{"name":"-navigateWithinSoftTabs","top":383.79998779296875,"left":119.66667175292969,"height":13,"width":13,"children":[]}]}]},{"name":"ace-option-behavioursEnabled","top":402.79998779296875,"left":10,"height":21,"width":126.667,"children":[{"name":"box2","top":403.79998779296875,"left":11,"height":19,"width":100.667,"children":[{"name":"box3","top":406.29998779296875,"left":11,"height":14,"width":101,"children":[]}]},{"name":"box4","top":403.79998779296875,"left":115.66667175292969,"height":19,"width":20,"children":[{"name":"-behavioursEnabled","top":406.79998779296875,"left":119.66667175292969,"height":13,"width":13,"children":[]}]}]},{"name":"ace-option-selectionStyle","top":425.79998779296875,"left":10,"height":21,"width":126.667,"children":[{"name":"box5","top":426.79998779296875,"left":11,"height":19,"width":100.667,"children":[{"name":"box6","top":429.29998779296875,"left":13.666671752929688,"height":14,"width":98,"children":[]}]},{"name":"box7","top":426.79998779296875,"left":115.66667175292969,"height":19,"width":20,"children":[{"name":"-selectionStyle","top":429.79998779296875,"left":119.66667175292969,"height":13,"width":13,"children":[]}]}]}]},{"name":"more-controls","top":377.79998779296875,"left":8,"height":71,"width":130.667,"children":[{"name":"ace-option-navigateWithinSoftTabs","top":379.79998779296875,"left":10,"height":21,"width":126.667,"children":[{"name":"box","top":380.79998779296875,"left":11,"height":19,"width":100.667,"children":[{"name":"box0","top":383.29998779296875,"left":26.333328247070312,"height":14,"width":85,"children":[]}]},{"name":"box1","top":380.79998779296875,"left":115.66667175292969,"height":19,"width":20,"children":[{"name":"-navigateWithinSoftTabs","top":383.79998779296875,"left":119.66667175292969,"height":13,"width":13,"children":[]}]}]},{"name":"ace-option-behavioursEnabled","top":402.79998779296875,"left":10,"height":21,"width":126.667,"children":[{"name":"box2","top":403.79998779296875,"left":11,"height":19,"width":100.667,"children":[{"name":"box3","top":406.29998779296875,"left":11,"height":14,"width":101,"children":[]}]},{"name":"box4","top":403.79998779296875,"left":115.66667175292969,"height":19,"width":20,"children":[{"name":"-behavioursEnabled","top":406.79998779296875,"left":119.66667175292969,"height":13,"width":13,"children":[]}]}]},{"name":"ace-option-selectionStyle","top":425.79998779296875,"left":10,"height":21,"width":126.667,"children":[{"name":"box5","top":426.79998779296875,"left":11,"height":19,"width":100.667,"children":[{"name":"box6","top":429.29998779296875,"left":13.666671752929688,"height":14,"width":98,"children":[]}]},{"name":"box7","top":426.79998779296875,"left":115.66667175292969,"height":19,"width":20,"children":[{"name":"-selectionStyle","top":429.79998779296875,"left":119.66667175292969,"height":13,"width":13,"children":[]}]}]}]},{"name":"more-controls","top":377.79998779296875,"left":8,"height":71,"width":130.667,"children":[{"name":"ace-option-navigateWithinSoftTabs","top":379.79998779296875,"left":10,"height":21,"width":126.667,"children":[{"name":"box","top":380.79998779296875,"left":11,"height":19,"width":100.667,"children":[{"name":"box0","top":383.29998779296875,"left":26.333328247070312,"height":14,"width":85,"children":[]}]},{"name":"box1","top":380.79998779296875,"left":115.66667175292969,"height":19,"width":20,"children":[{"name":"-navigateWithinSoftTabs","top":383.79998779296875,"left":119.66667175292969,"height":13,"width":13,"children":[]}]}]},{"name":"ace-option-behavioursEnabled","top":402.79998779296875,"left":10,"height":21,"width":126.667,"children":[{"name":"box2","top":403.79998779296875,"left":11,"height":19,"width":100.667,"children":[{"name":"box3","top":406.29998779296875,"left":11,"height":14,"width":101,"children":[]}]},{"name":"box4","top":403.79998779296875,"left":115.66667175292969,"height":19,"width":20,"children":[{"name":"-behavioursEnabled","top":406.79998779296875,"left":119.66667175292969,"height":13,"width":13,"children":[]}]}]},{"name":"ace-option-selectionStyle","top":425.79998779296875,"left":10,"height":21,"width":126.667,"children":[{"name":"box5","top":426.79998779296875,"left":11,"height":19,"width":100.667,"children":[{"name":"box6","top":429.29998779296875,"left":13.666671752929688,"height":14,"width":98,"children":[]}]},{"name":"box7","top":426.79998779296875,"left":115.66667175292969,"height":19,"width":20,"children":[{"name":"-selectionStyle","top":429.79998779296875,"left":119.66667175292969,"height":13,"width":13,"children":[]}]}]}]},{"name":"more-controls","top":377.79998779296875,"left":8,"height":71,"width":130.667,"children":[{"name":"ace-option-navigateWithinSoftTabs","top":379.79998779296875,"left":10,"height":21,"width":126.667,"children":[{"name":"box","top":380.79998779296875,"left":11,"height":19,"width":100.667,"children":[{"name":"box0","top":383.29998779296875,"left":26.333328247070312,"height":14,"width":85,"children":[]}]},{"name":"box1","top":380.79998779296875,"left":115.66667175292969,"height":19,"width":20,"children":[{"name":"-navigateWithinSoftTabs","top":383.79998779296875,"left":119.66667175292969,"height":13,"width":13,"children":[]}]}]},{"name":"ace-option-behavioursEnabled","top":402.79998779296875,"left":10,"height":21,"width":126.667,"children":[{"name":"box2","top":403.79998779296875,"left":11,"height":19,"width":100.667,"children":[{"name":"box3","top":406.29998779296875,"left":11,"height":14,"width":101,"children":[]}]},{"name":"box4","top":403.79998779296875,"left":115.66667175292969,"height":19,"width":20,"children":[{"name":"-behavioursEnabled","top":406.79998779296875,"left":119.66667175292969,"height":13,"width":13,"children":[]}]}]},{"name":"ace-option-selectionStyle","top":425.79998779296875,"left":10,"height":21,"width":126.667,"children":[{"name":"box5","top":426.79998779296875,"left":11,"height":19,"width":100.667,"children":[{"name":"box6","top":429.29998779296875,"left":13.666671752929688,"height":14,"width":98,"children":[]}]},{"name":"box7","top":426.79998779296875,"left":115.66667175292969,"height":19,"width":20,"children":[{"name":"-selectionStyle","top":429.79998779296875,"left":119.66667175292969,"height":13,"width":13,"children":[]}]}]}]},{"name":"more-controls","top":377.79998779296875,"left":8,"height":71,"width":130.667,"children":[{"name":"ace-option-navigateWithinSoftTabs","top":379.79998779296875,"left":10,"height":21,"width":126.667,"children":[{"name":"box","top":380.79998779296875,"left":11,"height":19,"width":100.667,"children":[{"name":"box0","top":383.29998779296875,"left":26.333328247070312,"height":14,"width":85,"children":[]}]},{"name":"box1","top":380.79998779296875,"left":115.66667175292969,"height":19,"width":20,"children":[{"name":"-navigateWithinSoftTabs","top":383.79998779296875,"left":119.66667175292969,"height":13,"width":13,"children":[]}]}]},{"name":"ace-option-behavioursEnabled","top":402.79998779296875,"left":10,"height":21,"width":126.667,"children":[{"name":"box2","top":403.79998779296875,"left":11,"height":19,"width":100.667,"children":[{"name":"box3","top":406.29998779296875,"left":11,"height":14,"width":101,"children":[]}]},{"name":"box4","top":403.79998779296875,"left":115.66667175292969,"height":19,"width":20,"children":[{"name":"-behavioursEnabled","top":406.79998779296875,"left":119.66667175292969,"height":13,"width":13,"children":[]}]}]},{"name":"ace-option-selectionStyle","top":425.79998779296875,"left":10,"height":21,"width":126.667,"children":[{"name":"box5","top":426.79998779296875,"left":11,"height":19,"width":100.667,"children":[{"name":"box6","top":429.29998779296875,"left":13.666671752929688,"height":14,"width":98,"children":[]}]},{"name":"box7","top":426.79998779296875,"left":115.66667175292969,"height":19,"width":20,"children":[{"name":"-selectionStyle","top":429.79998779296875,"left":119.66667175292969,"height":13,"width":13,"children":[]}]}]}]},{"name":"more-controls","top":377.79998779296875,"left":8,"height":71,"width":130.667,"children":[{"name":"ace-option-navigateWithinSoftTabs","top":379.79998779296875,"left":10,"height":21,"width":126.667,"children":[{"name":"box","top":380.79998779296875,"left":11,"height":19,"width":100.667,"children":[{"name":"box0","top":383.29998779296875,"left":26.333328247070312,"height":14,"width":85,"children":[]}]},{"name":"box1","top":380.79998779296875,"left":115.66667175292969,"height":19,"width":20,"children":[{"name":"-navigateWithinSoftTabs","top":383.79998779296875,"left":119.66667175292969,"height":13,"width":13,"children":[]}]}]},{"name":"ace-option-behavioursEnabled","top":402.79998779296875,"left":10,"height":21,"width":126.667,"children":[{"name":"box2","top":403.79998779296875,"left":11,"height":19,"width":100.667,"children":[{"name":"box3","top":406.29998779296875,"left":11,"height":14,"width":101,"children":[]}]},{"name":"box4","top":403.79998779296875,"left":115.66667175292969,"height":19,"width":20,"children":[{"name":"-behavioursEnabled","top":406.79998779296875,"left":119.66667175292969,"height":13,"width":13,"children":[]}]}]},{"name":"ace-option-selectionStyle","top":425.79998779296875,"left":10,"height":21,"width":126.667,"children":[{"name":"box5","top":426.79998779296875,"left":11,"height":19,"width":100.667,"children":[{"name":"box6","top":429.29998779296875,"left":13.666671752929688,"height":14,"width":98,"children":[]}]},{"name":"box7","top":426.79998779296875,"left":115.66667175292969,"height":19,"width":20,"children":[{"name":"-selectionStyle","top":429.79998779296875,"left":119.66667175292969,"height":13,"width":13,"children":[]}]}]}]},{"name":"more-controls","top":377.79998779296875,"left":8,"height":71,"width":130.667,"children":[{"name":"ace-option-navigateWithinSoftTabs","top":379.79998779296875,"left":10,"height":21,"width":126.667,"children":[{"name":"box","top":380.79998779296875,"left":11,"height":19,"width":100.667,"children":[{"name":"box0","top":383.29998779296875,"left":26.333328247070312,"height":14,"width":85,"children":[]}]},{"name":"box1","top":380.79998779296875,"left":115.66667175292969,"height":19,"width":20,"children":[{"name":"-navigateWithinSoftTabs","top":383.79998779296875,"left":119.66667175292969,"height":13,"width":13,"children":[]}]}]},{"name":"ace-option-behavioursEnabled","top":402.79998779296875,"left":10,"height":21,"width":126.667,"children":[{"name":"box2","top":403.79998779296875,"left":11,"height":19,"width":100.667,"children":[{"name":"box3","top":406.29998779296875,"left":11,"height":14,"width":101,"children":[]}]},{"name":"box4","top":403.79998779296875,"left":115.66667175292969,"height":19,"width":20,"children":[{"name":"-behavioursEnabled","top":406.79998779296875,"left":119.66667175292969,"height":13,"width":13,"children":[]}]}]},{"name":"ace-option-selectionStyle","top":425.79998779296875,"left":10,"height":21,"width":126.667,"children":[{"name":"box5","top":426.79998779296875,"left":11,"height":19,"width":100.667,"children":[{"name":"box6","top":429.29998779296875,"left":13.666671752929688,"height":14,"width":98,"children":[]}]},{"name":"box7","top":426.79998779296875,"left":115.66667175292969,"height":19,"width":20,"children":[{"name":"-selectionStyle","top":429.79998779296875,"left":119.66667175292969,"height":13,"width":13,"children":[]}]}]}]}],"test":[{"name":"more-controls","top":377.79998779296875,"left":8,"height":71,"width":130.667,"children":[{"name":"ace-option-navigateWithinSoftTabs","top":379.79998779296875,"left":10,"height":21,"width":126.667,"children":[{"name":"box","top":380.79998779296875,"left":11,"height":19,"width":100.667,"children":[{"name":"box0","top":383.29998779296875,"left":26.333328247070312,"height":14,"width":85,"children":[]}]},{"name":"box1","top":380.79998779296875,"left":115.66667175292969,"height":19,"width":20,"children":[{"name":"-navigateWithinSoftTabs","top":383.79998779296875,"left":119.66667175292969,"height":13,"width":13,"children":[]}]}]},{"name":"ace-option-behavioursEnabled","top":402.79998779296875,"left":10,"height":21,"width":126.667,"children":[{"name":"box2","top":403.79998779296875,"left":11,"height":19,"width":100.667,"children":[{"name":"box3","top":406.29998779296875,"left":11,"height":14,"width":101,"children":[]}]},{"name":"box4","top":403.79998779296875,"left":115.66667175292969,"height":19,"width":20,"children":[{"name":"-behavioursEnabled","top":406.79998779296875,"left":119.66667175292969,"height":13,"width":13,"children":[]}]}]},{"name":"ace-option-selectionStyle","top":425.79998779296875,"left":10,"height":21,"width":126.667,"children":[{"name":"box5","top":426.79998779296875,"left":11,"height":19,"width":100.667,"children":[{"name":"box6","top":429.29998779296875,"left":13.666671752929688,"height":14,"width":98,"children":[]}]},{"name":"box7","top":426.79998779296875,"left":115.66667175292969,"height":19,"width":20,"children":[{"name":"-selectionStyle","top":429.79998779296875,"left":119.66667175292969,"height":13,"width":13,"children":[]}]}]}]},{"name":"more-controls","top":377.79998779296875,"left":8,"height":71,"width":130.667,"children":[{"name":"ace-option-navigateWithinSoftTabs","top":379.79998779296875,"left":10,"height":21,"width":126.667,"children":[{"name":"box","top":380.79998779296875,"left":11,"height":19,"width":100.667,"children":[{"name":"box0","top":383.29998779296875,"left":26.333328247070312,"height":14,"width":85,"children":[]}]},{"name":"box1","top":380.79998779296875,"left":115.66667175292969,"height":19,"width":20,"children":[{"name":"-navigateWithinSoftTabs","top":383.79998779296875,"left":119.66667175292969,"height":13,"width":13,"children":[]}]}]},{"name":"ace-option-behavioursEnabled","top":402.79998779296875,"left":10,"height":21,"width":126.667,"children":[{"name":"box2","top":403.79998779296875,"left":11,"height":19,"width":100.667,"children":[{"name":"box3","top":406.29998779296875,"left":11,"height":14,"width":101,"children":[]}]},{"name":"box4","top":403.79998779296875,"left":115.66667175292969,"height":19,"width":20,"children":[{"name":"-behavioursEnabled","top":406.79998779296875,"left":119.66667175292969,"height":13,"width":13,"children":[]}]}]},{"name":"ace-option-selectionStyle","top":425.79998779296875,"left":10,"height":21,"width":126.667,"children":[{"name":"box5","top":426.79998779296875,"left":11,"height":19,"width":100.667,"children":[{"name":"box6","top":429.29998779296875,"left":13.666671752929688,"height":14,"width":98,"children":[]}]},{"name":"box7","top":426.79998779296875,"left":115.66667175292969,"height":19,"width":20,"children":[{"name":"-selectionStyle","top":429.79998779296875,"left":119.66667175292969,"height":13,"width":13,"children":[]}]}]}]},{"name":"more-controls","top":377.79998779296875,"left":8,"height":71,"width":130.667,"children":[{"name":"ace-option-navigateWithinSoftTabs","top":379.79998779296875,"left":10,"height":21,"width":126.667,"children":[{"name":"box","top":380.79998779296875,"left":11,"height":19,"width":100.667,"children":[{"name":"box0","top":383.29998779296875,"left":26.333328247070312,"height":14,"width":85,"children":[]}]},{"name":"box1","top":380.79998779296875,"left":115.66667175292969,"height":19,"width":20,"children":[{"name":"-navigateWithinSoftTabs","top":383.79998779296875,"left":119.66667175292969,"height":13,"width":13,"children":[]}]}]},{"name":"ace-option-behavioursEnabled","top":402.79998779296875,"left":10,"height":21,"width":126.667,"children":[{"name":"box2","top":403.79998779296875,"left":11,"height":19,"width":100.667,"children":[{"name":"box3","top":406.29998779296875,"left":11,"height":14,"width":101,"children":[]}]},{"name":"box4","top":403.79998779296875,"left":115.66667175292969,"height":19,"width":20,"children":[{"name":"-behavioursEnabled","top":406.79998779296875,"left":119.66667175292969,"height":13,"width":13,"children":[]}]}]},{"name":"ace-option-selectionStyle","top":425.79998779296875,"left":10,"height":21,"width":126.667,"children":[{"name":"box5","top":426.79998779296875,"left":11,"height":19,"width":100.667,"children":[{"name":"box6","top":429.29998779296875,"left":13.666671752929688,"height":14,"width":98,"children":[]}]},{"name":"box7","top":426.79998779296875,"left":115.66667175292969,"height":19,"width":20,"children":[{"name":"-selectionStyle","top":429.79998779296875,"left":119.66667175292969,"height":13,"width":13,"children":[]}]}]}]},{"name":"more-controls","top":377.79998779296875,"left":8,"height":71,"width":130.667,"children":[{"name":"ace-option-navigateWithinSoftTabs","top":379.79998779296875,"left":10,"height":21,"width":126.667,"children":[{"name":"box","top":380.79998779296875,"left":11,"height":19,"width":100.667,"children":[{"name":"box0","top":383.29998779296875,"left":26.333328247070312,"height":14,"width":85,"children":[]}]},{"name":"box1","top":380.79998779296875,"left":115.66667175292969,"height":19,"width":20,"children":[{"name":"-navigateWithinSoftTabs","top":383.79998779296875,"left":119.66667175292969,"height":13,"width":13,"children":[]}]}]},{"name":"ace-option-behavioursEnabled","top":402.79998779296875,"left":10,"height":21,"width":126.667,"children":[{"name":"box2","top":403.79998779296875,"left":11,"height":19,"width":100.667,"children":[{"name":"box3","top":406.29998779296875,"left":11,"height":14,"width":101,"children":[]}]},{"name":"box4","top":403.79998779296875,"left":115.66667175292969,"height":19,"width":20,"children":[{"name":"-behavioursEnabled","top":406.79998779296875,"left":119.66667175292969,"height":13,"width":13,"children":[]}]}]},{"name":"ace-option-selectionStyle","top":425.79998779296875,"left":10,"height":21,"width":126.667,"children":[{"name":"box5","top":426.79998779296875,"left":11,"height":19,"width":100.667,"children":[{"name":"box6","top":429.29998779296875,"left":13.666671752929688,"height":14,"width":98,"children":[]}]},{"name":"box7","top":426.79998779296875,"left":115.66667175292969,"height":19,"width":20,"children":[{"name":"-selectionStyle","top":429.79998779296875,"left":119.66667175292969,"height":13,"width":13,"children":[]}]}]}]},{"name":"more-controls","top":377.79998779296875,"left":8,"height":71,"width":130.667,"children":[{"name":"ace-option-navigateWithinSoftTabs","top":379.79998779296875,"left":10,"height":21,"width":126.667,"children":[{"name":"box","top":380.79998779296875,"left":11,"height":19,"width":100.667,"children":[{"name":"box0","top":383.29998779296875,"left":26.333328247070312,"height":14,"width":85,"children":[]}]},{"name":"box1","top":380.79998779296875,"left":115.66667175292969,"height":19,"width":20,"children":[{"name":"-navigateWithinSoftTabs","top":383.79998779296875,"left":119.66667175292969,"height":13,"width":13,"children":[]}]}]},{"name":"ace-option-behavioursEnabled","top":402.79998779296875,"left":10,"height":21,"width":126.667,"children":[{"name":"box2","top":403.79998779296875,"left":11,"height":19,"width":100.667,"children":[{"name":"box3","top":406.29998779296875,"left":11,"height":14,"width":101,"children":[]}]},{"name":"box4","top":403.79998779296875,"left":115.66667175292969,"height":19,"width":20,"children":[{"name":"-behavioursEnabled","top":406.79998779296875,"left":119.66667175292969,"height":13,"width":13,"children":[]}]}]},{"name":"ace-option-selectionStyle","top":425.79998779296875,"left":10,"height":21,"width":126.667,"children":[{"name":"box5","top":426.79998779296875,"left":11,"height":19,"width":100.667,"children":[{"name":"box6","top":429.29998779296875,"left":13.666671752929688,"height":14,"width":98,"children":[]}]},{"name":"box7","top":426.79998779296875,"left":115.66667175292969,"height":19,"width":20,"children":[{"name":"-selectionStyle","top":429.79998779296875,"left":119.66667175292969,"height":13,"width":13,"children":[]}]}]}]},{"name":"more-controls","top":377.79998779296875,"left":8,"height":71,"width":130.667,"children":[{"name":"ace-option-navigateWithinSoftTabs","top":379.79998779296875,"left":10,"height":21,"width":126.667,"children":[{"name":"box","top":380.79998779296875,"left":11,"height":19,"width":100.667,"children":[{"name":"box0","top":383.29998779296875,"left":26.333328247070312,"height":14,"width":85,"children":[]}]},{"name":"box1","top":380.79998779296875,"left":115.66667175292969,"height":19,"width":20,"children":[{"name":"-navigateWithinSoftTabs","top":383.79998779296875,"left":119.66667175292969,"height":13,"width":13,"children":[]}]}]},{"name":"ace-option-behavioursEnabled","top":402.79998779296875,"left":10,"height":21,"width":126.667,"children":[{"name":"box2","top":403.79998779296875,"left":11,"height":19,"width":100.667,"children":[{"name":"box3","top":406.29998779296875,"left":11,"height":14,"width":101,"children":[]}]},{"name":"box4","top":403.79998779296875,"left":115.66667175292969,"height":19,"width":20,"children":[{"name":"-behavioursEnabled","top":406.79998779296875,"left":119.66667175292969,"height":13,"width":13,"children":[]}]}]},{"name":"ace-option-selectionStyle","top":425.79998779296875,"left":10,"height":21,"width":126.667,"children":[{"name":"box5","top":426.79998779296875,"left":11,"height":19,"width":100.667,"children":[{"name":"box6","top":429.29998779296875,"left":13.666671752929688,"height":14,"width":98,"children":[]}]},{"name":"box7","top":426.79998779296875,"left":115.66667175292969,"height":19,"width":20,"children":[{"name":"-selectionStyle","top":429.79998779296875,"left":119.66667175292969,"height":13,"width":13,"children":[]}]}]}]},{"name":"more-controls","top":377.79998779296875,"left":8,"height":71,"width":130.667,"children":[{"name":"ace-option-navigateWithinSoftTabs","top":379.79998779296875,"left":10,"height":21,"width":126.667,"children":[{"name":"box","top":380.79998779296875,"left":11,"height":19,"width":100.667,"children":[{"name":"box0","top":383.29998779296875,"left":26.333328247070312,"height":14,"width":85,"children":[]}]},{"name":"box1","top":380.79998779296875,"left":115.66667175292969,"height":19,"width":20,"children":[{"name":"-navigateWithinSoftTabs","top":383.79998779296875,"left":119.66667175292969,"height":13,"width":13,"children":[]}]}]},{"name":"ace-option-behavioursEnabled","top":402.79998779296875,"left":10,"height":21,"width":126.667,"children":[{"name":"box2","top":403.79998779296875,"left":11,"height":19,"width":100.667,"children":[{"name":"box3","top":406.29998779296875,"left":11,"height":14,"width":101,"children":[]}]},{"name":"box4","top":403.79998779296875,"left":115.66667175292969,"height":19,"width":20,"children":[{"name":"-behavioursEnabled","top":406.79998779296875,"left":119.66667175292969,"height":13,"width":13,"children":[]}]}]},{"name":"ace-option-selectionStyle","top":425.79998779296875,"left":10,"height":21,"width":126.667,"children":[{"name":"box5","top":426.79998779296875,"left":11,"height":19,"width":100.667,"children":[{"name":"box6","top":429.29998779296875,"left":13.666671752929688,"height":14,"width":98,"children":[]}]},{"name":"box7","top":426.79998779296875,"left":115.66667175292969,"height":19,"width":20,"children":[{"name":"-selectionStyle","top":429.79998779296875,"left":119.66667175292969,"height":13,"width":13,"children":[]}]}]}]},{"name":"more-controls","top":377.79998779296875,"left":8,"height":71,"width":130.667,"children":[{"name":"ace-option-navigateWithinSoftTabs","top":379.79998779296875,"left":10,"height":21,"width":126.667,"children":[{"name":"box","top":380.79998779296875,"left":11,"height":19,"width":100.667,"children":[{"name":"box0","top":383.29998779296875,"left":26.333328247070312,"height":14,"width":85,"children":[]}]},{"name":"box1","top":380.79998779296875,"left":115.66667175292969,"height":19,"width":20,"children":[{"name":"-navigateWithinSoftTabs","top":383.79998779296875,"left":119.66667175292969,"height":13,"width":13,"children":[]}]}]},{"name":"ace-option-behavioursEnabled","top":402.79998779296875,"left":10,"height":21,"width":126.667,"children":[{"name":"box2","top":403.79998779296875,"left":11,"height":19,"width":100.667,"children":[{"name":"box3","top":406.29998779296875,"left":11,"height":14,"width":101,"children":[]}]},{"name":"box4","top":403.79998779296875,"left":115.66667175292969,"height":19,"width":20,"children":[{"name":"-behavioursEnabled","top":406.79998779296875,"left":119.66667175292969,"height":13,"width":13,"children":[]}]}]},{"name":"ace-option-selectionStyle","top":425.79998779296875,"left":10,"height":21,"width":126.667,"children":[{"name":"box5","top":426.79998779296875,"left":11,"height":19,"width":100.667,"children":[{"name":"box6","top":429.29998779296875,"left":13.666671752929688,"height":14,"width":98,"children":[]}]},{"name":"box7","top":426.79998779296875,"left":115.66667175292969,"height":19,"width":20,"children":[{"name":"-selectionStyle","top":429.79998779296875,"left":119.66667175292969,"height":13,"width":13,"children":[]}]}]}]},{"name":"more-controls","top":377.79998779296875,"left":8,"height":71,"width":130.667,"children":[{"name":"ace-option-navigateWithinSoftTabs","top":379.79998779296875,"left":10,"height":21,"width":126.667,"children":[{"name":"box","top":380.79998779296875,"left":11,"height":19,"width":100.667,"children":[{"name":"box0","top":383.29998779296875,"left":26.333328247070312,"height":14,"width":85,"children":[]}]},{"name":"box1","top":380.79998779296875,"left":115.66667175292969,"height":19,"width":20,"children":[{"name":"-navigateWithinSoftTabs","top":383.79998779296875,"left":119.66667175292969,"height":13,"width":13,"children":[]}]}]},{"name":"ace-option-behavioursEnabled","top":402.79998779296875,"left":10,"height":21,"width":126.667,"children":[{"name":"box2","top":403.79998779296875,"left":11,"height":19,"width":100.667,"children":[{"name":"box3","top":406.29998779296875,"left":11,"height":14,"width":101,"children":[]}]},{"name":"box4","top":403.79998779296875,"left":115.66667175292969,"height":19,"width":20,"children":[{"name":"-behavioursEnabled","top":406.79998779296875,"left":119.66667175292969,"height":13,"width":13,"children":[]}]}]},{"name":"ace-option-selectionStyle","top":425.79998779296875,"left":10,"height":21,"width":126.667,"children":[{"name":"box5","top":426.79998779296875,"left":11,"height":19,"width":100.667,"children":[{"name":"box6","top":429.29998779296875,"left":13.666671752929688,"height":14,"width":98,"children":[]}]},{"name":"box7","top":426.79998779296875,"left":115.66667175292969,"height":19,"width":20,"children":[{"name":"-selectionStyle","top":429.79998779296875,"left":119.66667175292969,"height":13,"width":13,"children":[]}]}]}]},{"name":"more-controls","top":377.79998779296875,"left":8,"height":71,"width":130.667,"children":[{"name":"ace-option-navigateWithinSoftTabs","top":379.79998779296875,"left":10,"height":21,"width":126.667,"children":[{"name":"box","top":380.79998779296875,"left":11,"height":19,"width":100.667,"children":[{"name":"box0","top":383.29998779296875,"left":26.333328247070312,"height":14,"width":85,"children":[]}]},{"name":"box1","top":380.79998779296875,"left":115.66667175292969,"height":19,"width":20,"children":[{"name":"-navigateWithinSoftTabs","top":383.79998779296875,"left":119.66667175292969,"height":13,"width":13,"children":[]}]}]},{"name":"ace-option-behavioursEnabled","top":402.79998779296875,"left":10,"height":21,"width":126.667,"children":[{"name":"box2","top":403.79998779296875,"left":11,"height":19,"width":100.667,"children":[{"name":"box3","top":406.29998779296875,"left":11,"height":14,"width":101,"children":[]}]},{"name":"box4","top":403.79998779296875,"left":115.66667175292969,"height":19,"width":20,"children":[{"name":"-behavioursEnabled","top":406.79998779296875,"left":119.66667175292969,"height":13,"width":13,"children":[]}]}]},{"name":"ace-option-selectionStyle","top":425.79998779296875,"left":10,"height":21,"width":126.667,"children":[{"name":"box5","top":426.79998779296875,"left":11,"height":19,"width":100.667,"children":[{"name":"box6","top":429.29998779296875,"left":13.666671752929688,"height":14,"width":98,"children":[]}]},{"name":"box7","top":426.79998779296875,"left":115.66667175292969,"height":19,"width":20,"children":[{"name":"-selectionStyle","top":429.79998779296875,"left":119.66667175292969,"height":13,"width":13,"children":[]}]}]}]}]}