{"name":"ace-editor","height":960,"bench":{"lo":600,"hi":1100,"trainSeed":235775,"trainSize":10,"testSeed":17250987,"testSize":10},"train":[{"name":"box","top":0,"left":280,"height":642,"width":747,"children":[{"name":"box0","top":16,"left":324,"height":1,"width":1,"children":[]},{"name":"box1","top":0,"left":280,"height":642,"width":41,"children":[]},{"name":"box2","top":0,"left":320.20001220703125,"height":642,"width":706.8,"children":[]},{"name":"box4","top":622,"left":320.20001220703125,"height":20,"width":706.8,"children":[]}]},{"name":"box","top":0,"left":280,"height":642,"width":393,"children":[{"name":"box0","top":16,"left":324,"height":1,"width":1,"children":[]},{"name":"box1","top":0,"left":280,"height":642,"width":41,"children":[]},{"name":"box2","top":0,"left":320.20001220703125,"height":642,"width":352.8,"children":[]},{"name":"box4","top":622,"left":320.20001220703125,"height":20,"width":352.8,"children":[]}]},{"name":"box","top":0,"left":280,"height":642,"width":523,"children":[{"name":"box0","top":16,"left":324,"height":1,"width":1,"children":[]},{"name":"box1","top":0,"left":280,"height":642,"width":41,"children":[]},{"name":"box2","top":0,"left":320.20001220703125,"height":642,"width":482.8,"children":[]},{"name":"box4","top":622,"left":320.20001220703125,"height":20,"width":482.8,"children":[]}]},{"name":"box","top":0,"left":280,"height":642,"width":337,"children":[{"name":"box0","top":16,"left":324,"height":1,"width":1,"children":[]},{"name":"box1","top":0,"left":280,"height":642,"width":41,"children":[]},{"name":"box2","top":0,"left":320.20001220703125,"height":642,"width":296.8,"children":[]},{"name":"box4","top":622,"left":320.20001220703125,"height":20,"width":296.8,"children":[]}]},{"name":"box","top":0,"left":280,"height":642,"width":431,"children":[{"name":"box0","top":16,"left":324,"height":1,"width":1,"children":[]},{"name":"box1","top":0,"left":280,"height":642,"width":41,"children":[]},{"name":"box2","top":0,"left":320.20001220703125,"height":642,"width":390.8,"children":[]},{"name":"box4","top":622,"left":320.20001220703125,"height":20,"width":390.8,"children":[]}]},{"name":"box","top":0,"left":280,"height":642,"width":369,"children":[{"name":"box0","top":16,"left":324,"height":1,"width":1,"children":[]},{"name":"box1","top":0,"left":280,"height":642,"width":41,"children":[]},{"name":"box2","top":0,"left":320.20001220703125,"height":642,"width":328.8,"children":[]},{"name":"box4","top":622,"left":320.20001220703125,"height":20,"width":328.8,"children":[]}]},{"name":"box","top":0,"left":280,"height":642,"width":330,"children":[{"name":"box0","top":16,"left":324,"height":1,"width":1,"children":[]},{"name":"box1","top":0,"left":280,"height":642,"width":41,"children":[]},{"name":"box2","top":0,"left":320.20001220703125,"height":642,"width":289.8,"children":[]},{"name":"box4","top":622,"left":320.20001220703125,"height":20,"width":296,"children":[]}]},{"name":"box","top":0,"left":280,"height":642,"width":443,"children":[{"name":"box0","top":16,"left":324,"height":1,"width":1,"children":[]},{"name":"box1","top":0,"left":280,"height":642,"width":41,"children":[]},{"name":"box2","top":0,"left":320.20001220703125,"height":642,"width":402.8,"children":[]},{"name":"box4","top":622,"left":320.20001220703125,"height":20,"width":402.8,"children":[]}]},{"name":"box","top":0,"left":280,"height":642,"width":819,"children":[{"name":"box0","top":16,"left":324,"height":1,"width":1,"children":[]},{"name":"box1","top":0,"left":280,"height":642,"width":41,"children":[]},{"name":"box2","top":0,"left":320.20001220703125,"height":642,"width":778.8,"children":[]},{"name":"box4","top":622,"left":320.20001220703125,"height":20,"width":778.8,"children":[]}]},{"name":"box","top":0,"left":280,"height":642,"width":457,"children":[{"name":"box0","top":16,"left":324,"height":1,"width":1,"children":[]},{"name":"box1","top":0,"left":280,"height":642,"width":41,"children":[]},{"name":"box2","top":0,"left":320.20001220703125,"height":642,"width":416.8,"children":[]},{"name":"box4","top":622,"left":320.20001220703125,"height":20,"width":416.8,"children":[]}]}],"test":[{"name":"box","top":0,"left":280,"height":642,"width":675,"children":[{"name":"box0","top":16,"left":324,"height":1,"width":1,"children":[]},{"name":"box1","top":0,"left":280,"height":642,"width":41,"children":[]},{"name":"box2","top":0,"left":320.20001220703125,"height":642,"width":634.8,"children":[]},{"name":"box4","top":622,"left":320.20001220703125,"height":20,"width":634.8,"children":[]}]},{"name":"box","top":0,"left":280,"height":642,"width":493,"children":[{"name":"box0","top":16,"left":324,"height":1,"width":1,"children":[]},{"name":"box1","top":0,"left":280,"height":642,"width":41,"children":[]},{"name":"box2","top":0,"left":320.20001220703125,"height":642,"width":452.8,"children":[]},{"name":"box4","top":622,"left":320.20001220703125,"height":20,"width":452.8,"children":[]}]},{"name":"box","top":0,"left":280,"height":642,"width":806,"children":[{"name":"box0","top":16,"left":324,"height":1,"width":1,"children":[]},{"name":"box1","top":0,"left":280,"height":642,"width":41,"children":[]},{"name":"box2","top":0,"left":320.20001220703125,"height":642,"width":765.8,"children":[]},{"name":"box4","top":622,"left":320.20001220703125,"height":20,"width":765.8,"children":[]}]},{"name":"box","top":0,"left":280,"height":642,"width":785,"children":[{"name":"box0","top":16,"left":324,"height":1,"width":1,"children":[]},{"name":"box1","top":0,"left":280,"height":642,"width":41,"children":[]},{"name":"box2","top":0,"left":320.20001220703125,"height":642,"width":744.8,"children":[]},{"name":"box4","top":622,"left":320.20001220703125,"height":20,"width":744.8,"children":[]}]},{"name":"box","top":0,"left":280,"height":642,"width":376,"children":[{"name":"box0","top":16,"left":324,"height":1,"width":1,"children":[]},{"name":"box1","top":0,"left":280,"height":642,"width":41,"children":[]},{"name":"box2","top":0,"left":320.20001220703125,"height":642,"width":335.8,"children":[]},{"name":"box4","top":622,"left":320.20001220703125,"height":20,"width":335.8,"children":[]}]},{"name":"box","top":0,"left":280,"height":642,"width":336,"children":[{"name":"box0","top":16,"left":324,"height":1,"width":1,"children":[]},{"name":"box1","top":0,"left":280,"height":642,"width":41,"children":[]},{"name":"box2","top":0,"left":320.20001220703125,"height":642,"width":295.8,"children":[]},{"name":"box4","top":622,"left":320.20001220703125,"height":20,"width":296,"children":[]}]},{"name":"box","top":0,"left":280,"height":642,"width":374,"children":[{"name":"box0","top":16,"left":324,"height":1,"width":1,"children":[]},{"name":"box1","top":0,"left":280,"height":642,"width":41,"children":[]},{"name":"box2","top":0,"left":320.20001220703125,"height":642,"width":333.8,"children":[]},{"name":"box4","top":622,"left":320.20001220703125,"height":20,"width":333.8,"children":[]}]},{"name":"box","top":0,"left":280,"height":642,"width":734,"children":[{"name":"box0","top":16,"left":324,"height":1,"width":1,"children":[]},{"name":"box1","top":0,"left":280,"height":642,"width":41,"children":[]},{"name":"box2","top":0,"left":320.20001220703125,"height":642,"width":693.8,"children":[]},{"name":"box4","top":622,"left":320.20001220703125,"height":20,"width":693.8,"children":[]}]},{"name":"box","top":0,"left":280,"height":642,"width":334,"children":[{"name":"box0","top":16,"left":324,"height":1,"width":1,"children":[]},{"name":"box1","top":0,"left":280,"height":642,"width":41,"children":[]},{"name":"box2","top":0,"left":320.20001220703125,"height":642,"width":293.8,"children":[]},{"name":"box4","top":622,"left":320.20001220703125,"height":20,"width":296,"children":[]}]},{"name":"box","top":0,"left":280,"height":642,"width":495,"children":[{"name":"box0","top":16,"left":324,"height":1,"width":1,"children":[]},{"name":"box1","top":0,"left":280,"height":642,"width":41,"children":[]},{"name":"box2","top":0,"left":320.20001220703125,"height":642,"width":454.8,"children":[]},{"name":"box4","top":622,"left":320.20001220703125,"height":20,"width":454.8,"children":[]}]}]}