{"name":"ace-opaque-config","height":960,"bench":{"lo":600,"hi":1100,"trainSeed":235775,"trainSize":10,"testSeed":17250987,"testSize":10},"train":[{"name":"box","top":0,"left":0,"height":841.067,"width":1041.2,"children":[{"name":"sidePanel","top":0,"left":0,"height":841,"width":280,"children":[{"name":"box0","top":0,"left":0,"height":100.75,"width":280,"children":[{"name":"box1","top":0,"left":0,"height":18,"width":19,"children":[]},{"name":"c9-logo","top":0,"left":40,"height":100.75,"width":200,"children":[]}]},{"name":"optionsPanel","top":100.75,"left":0,"height":841,"width":280,"children":[{"name":"controls","top":105.75,"left":5,"height":867.417,"width":280,"children":[]},{"name":"box3","top":968.1666870117188,"left":0,"height":73.4667,"width":220,"children":[{"name":"box4","top":968.1666870117188,"left":0,"height":18.3667,"width":220,"children":[{"name":"box5","top":968.1666870117188,"left":125.11666870117188,"height":18.3667,"width":102.883,"children":[]}]},{"name":"box6","top":986.5333251953125,"left":0,"height":18.3667,"width":220,"children":[{"name":"box7","top":986.5333251953125,"left":97.25,"height":18.3667,"width":130.75,"children":[]}]},{"name":"box8","top":1004.9000244140625,"left":0,"height":36.7333,"width":220,"children":[{"name":"box9","top":1004.9000244140625,"left":56.883331298828125,"height":18.3667,"width":42.2667,"children":[]},{"name":"box10","top":1004.9000244140625,"left":99.14999389648438,"height":18.3667,"width":70.7833,"children":[]},{"name":"box11","top":1004.9000244140625,"left":169.93333435058594,"height":18.3667,"width":58.0667,"children":[]},{"name":"box12","top":1023.2666625976562,"left":131.25,"height":18.3667,"width":55.5,"children":[]},{"name":"box13","top":1023.2666625976562,"left":186.75,"height":18.3667,"width":41.25,"children":[]}]}]}]},{"name":"box14","top":1069.9666748046875,"left":0,"height":15,"width":200,"children":[{"name":"ace-logo","top":987.75,"left":66,"height":89.6167,"width":134,"children":[]}]},{"name":"box15","top":1090.7333984375,"left":12,"height":14.9667,"width":256,"children":[{"name":"box16","top":1090.933349609375,"left":12,"height":15,"width":25,"children":[]}]},{"name":"box17","top":1117.699951171875,"left":12,"height":14.9667,"width":256,"children":[{"name":"box18","top":1117.9000244140625,"left":12,"height":15,"width":73,"children":[]}]},{"name":"box19","top":1144.6666259765625,"left":12,"height":14.9667,"width":256,"children":[{"name":"box20","top":1144.86669921875,"left":12,"height":15,"width":91,"children":[]}]}]},{"name":"box21","top":0,"left":280,"height":821,"width":761,"children":[{"name":"box22","top":16,"left":324,"height":1,"width":1,"children":[]},{"name":"box23","top":0,"left":280,"height":821,"width":41,"children":[]},{"name":"box24","top":0,"left":320.20001220703125,"height":821,"width":720.8,"children":[]},{"name":"box26","top":801,"left":320.20001220703125,"height":20,"width":720.8,"children":[]}]},{"name":"box27","top":822.5999755859375,"left":280,"height":16.2,"width":761,"children":[{"name":"box28","top":838.2333374023438,"left":284.6333312988281,"height":1,"width":1,"children":[]},{"name":"box29","top":823.2333374023438,"left":280.6333312988281,"height":16.2,"width":761,"children":[]},{"name":"box30","top":823.2333374023438,"left":1019.4000244140625,"height":16.2,"width":21.6,"children":[]}]}]},{"name":"box","top":0,"left":0,"height":841.067,"width":681.467,"children":[{"name":"sidePanel","top":0,"left":0,"height":841,"width":280,"children":[{"name":"box0","top":0,"left":0,"height":100.75,"width":280,"children":[{"name":"box1","top":0,"left":0,"height":18,"width":19,"children":[]},{"name":"c9-logo","top":0,"left":40,"height":100.75,"width":200,"children":[]}]},{"name":"optionsPanel","top":100.75,"left":0,"height":841,"width":280,"children":[{"name":"controls","top":105.75,"left":5,"height":867.417,"width":280,"children":[]},{"name":"box3","top":968.1666870117188,"left":0,"height":73.4667,"width":220,"children":[{"name":"box4","top":968.1666870117188,"left":0,"height":18.3667,"width":220,"children":[{"name":"box5","top":968.1666870117188,"left":125.11666870117188,"height":18.3667,"width":102.883,"children":[]}]},{"name":"box6","top":986.5333251953125,"left":0,"height":18.3667,"width":220,"children":[{"name":"box7","top":986.5333251953125,"left":97.25,"height":18.3667,"width":130.75,"children":[]}]},{"name":"box8","top":1004.9000244140625,"left":0,"height":36.7333,"width":220,"children":[{"name":"box9","top":1004.9000244140625,"left":56.883331298828125,"height":18.3667,"width":42.2667,"children":[]},{"name":"box10","top":1004.9000244140625,"left":99.14999389648438,"height":18.3667,"width":70.7833,"children":[]},{"name":"box11","top":1004.9000244140625,"left":169.93333435058594,"height":18.3667,"width":58.0667,"children":[]},{"name":"box12","top":1023.2666625976562,"left":131.25,"height":18.3667,"width":55.5,"children":[]},{"name":"box13","top":1023.2666625976562,"left":186.75,"height":18.3667,"width":41.25,"children":[]}]}]}]},{"name":"box14","top":1069.9666748046875,"left":0,"height":15,"width":200,"children":[{"name":"ace-logo","top":987.75,"left":66,"height":89.6167,"width":134,"children":[]}]},{"name":"box15","top":1090.7333984375,"left":12,"height":14.9667,"width":256,"children":[{"name":"box16","top":1090.933349609375,"left":12,"height":15,"width":25,"children":[]}]},{"name":"box17","top":1117.699951171875,"left":12,"height":14.9667,"width":256,"children":[{"name":"box18","top":1117.9000244140625,"left":12,"height":15,"width":73,"children":[]}]},{"name":"box19","top":1144.6666259765625,"left":12,"height":14.9667,"width":256,"children":[{"name":"box20","top":1144.86669921875,"left":12,"height":15,"width":91,"children":[]}]}]},{"name":"box21","top":0,"left":280,"height":821,"width":401,"children":[{"name":"box22","top":16,"left":324,"height":1,"width":1,"children":[]},{"name":"box23","top":0,"left":280,"height":821,"width":41,"children":[]},{"name":"box24","top":0,"left":320.20001220703125,"height":821,"width":360.8,"children":[]},{"name":"box26","top":801,"left":320.20001220703125,"height":20,"width":360.8,"children":[]}]},{"name":"box27","top":822.5999755859375,"left":280,"height":16.2,"width":401,"children":[{"name":"box28","top":838.2333374023438,"left":284.6333312988281,"height":1,"width":1,"children":[]},{"name":"box29","top":823.2333374023438,"left":280.6333312988281,"height":16.2,"width":401,"children":[]},{"name":"box30","top":823.2333374023438,"left":659.4000244140625,"height":16.2,"width":21.6,"children":[]}]}]},{"name":"box","top":0,"left":0,"height":841.067,"width":813.2,"children":[{"name":"sidePanel","top":0,"left":0,"height":841,"width":280,"children":[{"name":"box0","top":0,"left":0,"height":100.75,"width":280,"children":[{"name":"box1","top":0,"left":0,"height":18,"width":19,"children":[]},{"name":"c9-logo","top":0,"left":40,"height":100.75,"width":200,"children":[]}]},{"name":"optionsPanel","top":100.75,"left":0,"height":841,"width":280,"children":[{"name":"controls","top":105.75,"left":5,"height":867.417,"width":280,"children":[]},{"name":"box3","top":968.1666870117188,"left":0,"height":73.4667,"width":220,"children":[{"name":"box4","top":968.1666870117188,"left":0,"height":18.3667,"width":220,"children":[{"name":"box5","top":968.1666870117188,"left":125.11666870117188,"height":18.3667,"width":102.883,"children":[]}]},{"name":"box6","top":986.5333251953125,"left":0,"height":18.3667,"width":220,"children":[{"name":"box7","top":986.5333251953125,"left":97.25,"height":18.3667,"width":130.75,"children":[]}]},{"name":"box8","top":1004.9000244140625,"left":0,"height":36.7333,"width":220,"children":[{"name":"box9","top":1004.9000244140625,"left":56.883331298828125,"height":18.3667,"width":42.2667,"children":[]},{"name":"box10","top":1004.9000244140625,"left":99.14999389648438,"height":18.3667,"width":70.7833,"children":[]},{"name":"box11","top":1004.9000244140625,"left":169.93333435058594,"height":18.3667,"width":58.0667,"children":[]},{"name":"box12","top":1023.2666625976562,"left":131.25,"height":18.3667,"width":55.5,"children":[]},{"name":"box13","top":1023.2666625976562,"left":186.75,"height":18.3667,"width":41.25,"children":[]}]}]}]},{"name":"box14","top":1069.9666748046875,"left":0,"height":15,"width":200,"children":[{"name":"ace-logo","top":987.75,"left":66,"height":89.6167,"width":134,"children":[]}]},{"name":"box15","top":1090.7333984375,"left":12,"height":14.9667,"width":256,"children":[{"name":"box16","top":1090.933349609375,"left":12,"height":15,"width":25,"children":[]}]},{"name":"box17","top":1117.699951171875,"left":12,"height":14.9667,"width":256,"children":[{"name":"box18","top":1117.9000244140625,"left":12,"height":15,"width":73,"children":[]}]},{"name":"box19","top":1144.6666259765625,"left":12,"height":14.9667,"width":256,"children":[{"name":"box20","top":1144.86669921875,"left":12,"height":15,"width":91,"children":[]}]}]},{"name":"box21","top":0,"left":280,"height":821,"width":533,"children":[{"name":"box22","top":16,"left":324,"height":1,"width":1,"children":[]},{"name":"box23","top":0,"left":280,"height":821,"width":41,"children":[]},{"name":"box24","top":0,"left":320.20001220703125,"height":821,"width":492.8,"children":[]},{"name":"box26","top":801,"left":320.20001220703125,"height":20,"width":492.8,"children":[]}]},{"name":"box27","top":822.5999755859375,"left":280,"height":16.2,"width":533,"children":[{"name":"box28","top":838.2333374023438,"left":284.6333312988281,"height":1,"width":1,"children":[]},{"name":"box29","top":823.2333374023438,"left":280.6333312988281,"height":16.2,"width":533,"children":[]},{"name":"box30","top":823.2333374023438,"left":791.4000244140625,"height":16.2,"width":21.6,"children":[]}]}]},{"name":"box","top":0,"left":0,"height":841.067,"width":625.733,"children":[{"name":"sidePanel","top":0,"left":0,"height":841,"width":280,"children":[{"name":"box0","top":0,"left":0,"height":100.75,"width":280,"children":[{"name":"box1","top":0,"left":0,"height":18,"width":19,"children":[]},{"name":"c9-logo","top":0,"left":40,"height":100.75,"width":200,"children":[]}]},{"name":"optionsPanel","top":100.75,"left":0,"height":841,"width":280,"children":[{"name":"controls","top":105.75,"left":5,"height":867.417,"width":280,"children":[]},{"name":"box3","top":968.1666870117188,"left":0,"height":73.4667,"width":220,"children":[{"name":"box4","top":968.1666870117188,"left":0,"height":18.3667,"width":220,"children":[{"name":"box5","top":968.1666870117188,"left":125.11666870117188,"height":18.3667,"width":102.883,"children":[]}]},{"name":"box6","top":986.5333251953125,"left":0,"height":18.3667,"width":220,"children":[{"name":"box7","top":986.5333251953125,"left":97.25,"height":18.3667,"width":130.75,"children":[]}]},{"name":"box8","top":1004.9000244140625,"left":0,"height":36.7333,"width":220,"children":[{"name":"box9","top":1004.9000244140625,"left":56.883331298828125,"height":18.3667,"width":42.2667,"children":[]},{"name":"box10","top":1004.9000244140625,"left":99.14999389648438,"height":18.3667,"width":70.7833,"children":[]},{"name":"box11","top":1004.9000244140625,"left":169.93333435058594,"height":18.3667,"width":58.0667,"children":[]},{"name":"box12","top":1023.2666625976562,"left":131.25,"height":18.3667,"width":55.5,"children":[]},{"name":"box13","top":1023.2666625976562,"left":186.75,"height":18.3667,"width":41.25,"children":[]}]}]}]},{"name":"box14","top":1069.9666748046875,"left":0,"height":15,"width":200,"children":[{"name":"ace-logo","top":987.75,"left":66,"height":89.6167,"width":134,"children":[]}]},{"name":"box15","top":1090.7333984375,"left":12,"height":14.9667,"width":256,"children":[{"name":"box16","top":1090.933349609375,"left":12,"height":15,"width":25,"children":[]}]},{"name":"box17","top":1117.699951171875,"left":12,"height":14.9667,"width":256,"children":[{"name":"box18","top":1117.9000244140625,"left":12,"height":15,"width":73,"children":[]}]},{"name":"box19","top":1144.6666259765625,"left":12,"height":14.9667,"width":256,"children":[{"name":"box20","top":1144.86669921875,"left":12,"height":15,"width":91,"children":[]}]}]},{"name":"box21","top":0,"left":280,"height":821,"width":346,"children":[{"name":"box22","top":16,"left":324,"height":1,"width":1,"children":[]},{"name":"box23","top":0,"left":280,"height":821,"width":41,"children":[]},{"name":"box24","top":0,"left":320.20001220703125,"height":821,"width":305.8,"children":[]},{"name":"box26","top":801,"left":320.20001220703125,"height":20,"width":305.8,"children":[]}]},{"name":"box27","top":822.5999755859375,"left":280,"height":16.2,"width":346,"children":[{"name":"box28","top":838.2333374023438,"left":284.6333312988281,"height":1,"width":1,"children":[]},{"name":"box29","top":823.2333374023438,"left":280.6333312988281,"height":16.2,"width":346,"children":[]},{"name":"box30","top":823.2333374023438,"left":604.4000244140625,"height":16.2,"width":21.6,"children":[]}]}]},{"name":"box","top":0,"left":0,"height":841.067,"width":720.733,"children":[{"name":"sidePanel","top":0,"left":0,"height":841,"width":280,"children":[{"name":"box0","top":0,"left":0,"height":100.75,"width":280,"children":[{"name":"box1","top":0,"left":0,"height":18,"width":19,"children":[]},{"name":"c9-logo","top":0,"left":40,"height":100.75,"width":200,"children":[]}]},{"name":"optionsPanel","top":100.75,"left":0,"height":841,"width":280,"children":[{"name":"controls","top":105.75,"left":5,"height":867.417,"width":280,"children":[]},{"name":"box3","top":968.1666870117188,"left":0,"height":73.4667,"width":220,"children":[{"name":"box4","top":968.1666870117188,"left":0,"height":18.3667,"width":220,"children":[{"name":"box5","top":968.1666870117188,"left":125.11666870117188,"height":18.3667,"width":102.883,"children":[]}]},{"name":"box6","top":986.5333251953125,"left":0,"height":18.3667,"width":220,"children":[{"name":"box7","top":986.5333251953125,"left":97.25,"height":18.3667,"width":130.75,"children":[]}]},{"name":"box8","top":1004.9000244140625,"left":0,"height":36.7333,"width":220,"children":[{"name":"box9","top":1004.9000244140625,"left":56.883331298828125,"height":18.3667,"width":42.2667,"children":[]},{"name":"box10","top":1004.9000244140625,"left":99.14999389648438,"height":18.3667,"width":70.7833,"children":[]},{"name":"box11","top":1004.9000244140625,"left":169.93333435058594,"height":18.3667,"width":58.0667,"children":[]},{"name":"box12","top":1023.2666625976562,"left":131.25,"height":18.3667,"width":55.5,"children":[]},{"name":"box13","top":1023.2666625976562,"left":186.75,"height":18.3667,"width":41.25,"children":[]}]}]}]},{"name":"box14","top":1069.9666748046875,"left":0,"height":15,"width":200,"children":[{"name":"ace-logo","top":987.75,"left":66,"height":89.6167,"width":134,"children":[]}]},{"name":"box15","top":1090.7333984375,"left":12,"height":14.9667,"width":256,"children":[{"name":"box16","top":1090.933349609375,"left":12,"height":15,"width":25,"children":[]}]},{"name":"box17","top":1117.699951171875,"left":12,"height":14.9667,"width":256,"children":[{"name":"box18","top":1117.9000244140625,"left":12,"height":15,"width":73,"children":[]}]},{"name":"box19","top":1144.6666259765625,"left":12,"height":14.9667,"width":256,"children":[{"name":"box20","top":1144.86669921875,"left":12,"height":15,"width":91,"children":[]}]}]},{"name":"box21","top":0,"left":280,"height":821,"width":441,"children":[{"name":"box22","top":16,"left":324,"height":1,"width":1,"children":[]},{"name":"box23","top":0,"left":280,"height":821,"width":41,"children":[]},{"name":"box24","top":0,"left":320.20001220703125,"height":821,"width":400.8,"children":[]},{"name":"box26","top":801,"left":320.20001220703125,"height":20,"width":400.8,"children":[]}]},{"name":"box27","top":822.5999755859375,"left":280,"height":16.2,"width":441,"children":[{"name":"box28","top":838.2333374023438,"left":284.6333312988281,"height":1,"width":1,"children":[]},{"name":"box29","top":823.2333374023438,"left":280.6333312988281,"height":16.2,"width":441,"children":[]},{"name":"box30","top":823.2333374023438,"left":699.4000244140625,"height":16.2,"width":21.6,"children":[]}]}]},{"name":"box","top":0,"left":0,"height":841.067,"width":657.4,"children":[{"name":"sidePanel","top":0,"left":0,"height":841,"width":280,"children":[{"name":"box0","top":0,"left":0,"height":100.75,"width":280,"children":[{"name":"box1","top":0,"left":0,"height":18,"width":19,"children":[]},{"name":"c9-logo","top":0,"left":40,"height":100.75,"width":200,"children":[]}]},{"name":"optionsPanel","top":100.75,"left":0,"height":841,"width":280,"children":[{"name":"controls","top":105.75,"left":5,"height":867.417,"width":280,"children":[]},{"name":"box3","top":968.1666870117188,"left":0,"height":73.4667,"width":220,"children":[{"name":"box4","top":968.1666870117188,"left":0,"height":18.3667,"width":220,"children":[{"name":"box5","top":968.1666870117188,"left":125.11666870117188,"height":18.3667,"width":102.883,"children":[]}]},{"name":"box6","top":986.5333251953125,"left":0,"height":18.3667,"width":220,"children":[{"name":"box7","top":986.5333251953125,"left":97.25,"height":18.3667,"width":130.75,"children":[]}]},{"name":"box8","top":1004.9000244140625,"left":0,"height":36.7333,"width":220,"children":[{"name":"box9","top":1004.9000244140625,"left":56.883331298828125,"height":18.3667,"width":42.2667,"children":[]},{"name":"box10","top":1004.9000244140625,"left":99.14999389648438,"height":18.3667,"width":70.7833,"children":[]},{"name":"box11","top":1004.9000244140625,"left":169.93333435058594,"height":18.3667,"width":58.0667,"children":[]},{"name":"box12","top":1023.2666625976562,"left":131.25,"height":18.3667,"width":55.5,"children":[]},{"name":"box13","top":1023.2666625976562,"left":186.75,"height":18.3667,"width":41.25,"children":[]}]}]}]},{"name":"box14","top":1069.9666748046875,"left":0,"height":15,"width":200,"children":[{"name":"ace-logo","top":987.75,"left":66,"height":89.6167,"width":134,"children":[]}]},{"name":"box15","top":1090.7333984375,"left":12,"height":14.9667,"width":256,"children":[{"name":"box16","top":1090.933349609375,"left":12,"height":15,"width":25,"children":[]}]},{"name":"box17","top":1117.699951171875,"left":12,"height":14.9667,"width":256,"children":[{"name":"box18","top":1117.9000244140625,"left":12,"height":15,"width":73,"children":[]}]},{"name":"box19","top":1144.6666259765625,"left":12,"height":14.9667,"width":256,"children":[{"name":"box20","top":1144.86669921875,"left":12,"height":15,"width":91,"children":[]}]}]},{"name":"box21","top":0,"left":280,"height":821,"width":377,"children":[{"name":"box22","top":16,"left":324,"height":1,"width":1,"children":[]},{"name":"box23","top":0,"left":280,"height":821,"width":41,"children":[]},{"name":"box24","top":0,"left":320.20001220703125,"height":821,"width":336.8,"children":[]},{"name":"box26","top":801,"left":320.20001220703125,"height":20,"width":336.8,"children":[]}]},{"name":"box27","top":822.5999755859375,"left":280,"height":16.2,"width":377,"children":[{"name":"box28","top":838.2333374023438,"left":284.6333312988281,"height":1,"width":1,"children":[]},{"name":"box29","top":823.2333374023438,"left":280.6333312988281,"height":16.2,"width":377,"children":[]},{"name":"box30","top":823.2333374023438,"left":635.4000244140625,"height":16.2,"width":21.6,"children":[]}]}]},{"name":"box","top":0,"left":0,"height":841.067,"width":618.133,"children":[{"name":"sidePanel","top":0,"left":0,"height":841,"width":280,"children":[{"name":"box0","top":0,"left":0,"height":100.75,"width":280,"children":[{"name":"box1","top":0,"left":0,"height":18,"width":19,"children":[]},{"name":"c9-logo","top":0,"left":40,"height":100.75,"width":200,"children":[]}]},{"name":"optionsPanel","top":100.75,"left":0,"height":841,"width":280,"children":[{"name":"controls","top":105.75,"left":5,"height":867.417,"width":280,"children":[]},{"name":"box3","top":968.1666870117188,"left":0,"height":73.4667,"width":220,"children":[{"name":"box4","top":968.1666870117188,"left":0,"height":18.3667,"width":220,"children":[{"name":"box5","top":968.1666870117188,"left":125.11666870117188,"height":18.3667,"width":102.883,"children":[]}]},{"name":"box6","top":986.5333251953125,"left":0,"height":18.3667,"width":220,"children":[{"name":"box7","top":986.5333251953125,"left":97.25,"height":18.3667,"width":130.75,"children":[]}]},{"name":"box8","top":1004.9000244140625,"left":0,"height":36.7333,"width":220,"children":[{"name":"box9","top":1004.9000244140625,"left":56.883331298828125,"height":18.3667,"width":42.2667,"children":[]},{"name":"box10","top":1004.9000244140625,"left":99.14999389648438,"height":18.3667,"width":70.7833,"children":[]},{"name":"box11","top":1004.9000244140625,"left":169.93333435058594,"height":18.3667,"width":58.0667,"children":[]},{"name":"box12","top":1023.2666625976562,"left":131.25,"height":18.3667,"width":55.5,"children":[]},{"name":"box13","top":1023.2666625976562,"left":186.75,"height":18.3667,"width":41.25,"children":[]}]}]}]},{"name":"box14","top":1069.9666748046875,"left":0,"height":15,"width":200,"children":[{"name":"ace-logo","top":987.75,"left":66,"height":89.6167,"width":134,"children":[]}]},{"name":"box15","top":1090.7333984375,"left":12,"height":14.9667,"width":256,"children":[{"name":"box16","top":1090.933349609375,"left":12,"height":15,"width":25,"children":[]}]},{"name":"box17","top":1117.699951171875,"left":12,"height":14.9667,"width":256,"children":[{"name":"box18","top":1117.9000244140625,"left":12,"height":15,"width":73,"children":[]}]},{"name":"box19","top":1144.6666259765625,"left":12,"height":14.9667,"width":256,"children":[{"name":"box20","top":1144.86669921875,"left":12,"height":15,"width":91,"children":[]}]}]},{"name":"box21","top":0,"left":280,"height":821,"width":338,"children":[{"name":"box22","top":16,"left":324,"height":1,"width":1,"children":[]},{"name":"box23","top":0,"left":280,"height":821,"width":41,"children":[]},{"name":"box24","top":0,"left":320.20001220703125,"height":821,"width":297.8,"children":[]},{"name":"box26","top":801,"left":320.20001220703125,"height":20,"width":297.8,"children":[]}]},{"name":"box27","top":822.5999755859375,"left":280,"height":16.2,"width":338,"children":[{"name":"box28","top":838.2333374023438,"left":284.6333312988281,"height":1,"width":1,"children":[]},{"name":"box29","top":823.2333374023438,"left":280.6333312988281,"height":16.2,"width":338,"children":[]},{"name":"box30","top":823.2333374023438,"left":596.4000244140625,"height":16.2,"width":21.6,"children":[]}]}]},{"name":"box","top":0,"left":0,"height":841.067,"width":732.133,"children":[{"name":"sidePanel","top":0,"left":0,"height":841,"width":280,"children":[{"name":"box0","top":0,"left":0,"height":100.75,"width":280,"children":[{"name":"box1","top":0,"left":0,"height":18,"width":19,"children":[]},{"name":"c9-logo","top":0,"left":40,"height":100.75,"width":200,"children":[]}]},{"name":"optionsPanel","top":100.75,"left":0,"height":841,"width":280,"children":[{"name":"controls","top":105.75,"left":5,"height":867.417,"width":280,"children":[]},{"name":"box3","top":968.1666870117188,"left":0,"height":73.4667,"width":220,"children":[{"name":"box4","top":968.1666870117188,"left":0,"height":18.3667,"width":220,"children":[{"name":"box5","top":968.1666870117188,"left":125.11666870117188,"height":18.3667,"width":102.883,"children":[]}]},{"name":"box6","top":986.5333251953125,"left":0,"height":18.3667,"width":220,"children":[{"name":"box7","top":986.5333251953125,"left":97.25,"height":18.3667,"width":130.75,"children":[]}]},{"name":"box8","top":1004.9000244140625,"left":0,"height":36.7333,"width":220,"children":[{"name":"box9","top":1004.9000244140625,"left":56.883331298828125,"height":18.3667,"width":42.2667,"children":[]},{"name":"box10","top":1004.9000244140625,"left":99.14999389648438,"height":18.3667,"width":70.7833,"children":[]},{"name":"box11","top":1004.9000244140625,"left":169.93333435058594,"height":18.3667,"width":58.0667,"children":[]},{"name":"box12","top":1023.2666625976562,"left":131.25,"height":18.3667,"width":55.5,"children":[]},{"name":"box13","top":1023.2666625976562,"left":186.75,"height":18.3667,"width":41.25,"children":[]}]}]}]},{"name":"box14","top":1069.9666748046875,"left":0,"height":15,"width":200,"children":[{"name":"ace-logo","top":987.75,"left":66,"height":89.6167,"width":134,"children":[]}]},{"name":"box15","top":1090.7333984375,"left":12,"height":14.9667,"width":256,"children":[{"name":"box16","top":1090.933349609375,"left":12,"height":15,"width":25,"children":[]}]},{"name":"box17","top":1117.699951171875,"left":12,"height":14.9667,"width":256,"children":[{"name":"box18","top":1117.9000244140625,"left":12,"height":15,"width":73,"children":[]}]},{"name":"box19","top":1144.6666259765625,"left":12,"height":14.9667,"width":256,"children":[{"name":"box20","top":1144.86669921875,"left":12,"height":15,"width":91,"children":[]}]}]},{"name":"box21","top":0,"left":280,"height":821,"width":452,"children":[{"name":"box22","top":16,"left":324,"height":1,"width":1,"children":[]},{"name":"box23","top":0,"left":280,"height":821,"width":41,"children":[]},{"name":"box24","top":0,"left":320.20001220703125,"height":821,"width":411.8,"children":[]},{"name":"box26","top":801,"left":320.20001220703125,"height":20,"width":411.8,"children":[]}]},{"name":"box27","top":822.5999755859375,"left":280,"height":16.2,"width":452,"children":[{"name":"box28","top":838.2333374023438,"left":284.6333312988281,"height":1,"width":1,"children":[]},{"name":"box29","top":823.2333374023438,"left":280.6333312988281,"height":16.2,"width":452,"children":[]},{"name":"box30","top":823.2333374023438,"left":710.4000244140625,"height":16.2,"width":21.6,"children":[]}]}]},{"name":"box","top":0,"left":0,"height":841.067,"width":1113.4,"children":[{"name":"sidePanel","top":0,"left":0,"height":841,"width":280,"children":[{"name":"box0","top":0,"left":0,"height":100.75,"width":280,"children":[{"name":"box1","top":0,"left":0,"height":18,"width":19,"children":[]},{"name":"c9-logo","top":0,"left":40,"height":100.75,"width":200,"children":[]}]},{"name":"optionsPanel","top":100.75,"left":0,"height":841,"width":280,"children":[{"name":"controls","top":105.75,"left":5,"height":867.417,"width":280,"children":[]},{"name":"box3","top":968.1666870117188,"left":0,"height":73.4667,"width":220,"children":[{"name":"box4","top":968.1666870117188,"left":0,"height":18.3667,"width":220,"children":[{"name":"box5","top":968.1666870117188,"left":125.11666870117188,"height":18.3667,"width":102.883,"children":[]}]},{"name":"box6","top":986.5333251953125,"left":0,"height":18.3667,"width":220,"children":[{"name":"box7","top":986.5333251953125,"left":97.25,"height":18.3667,"width":130.75,"children":[]}]},{"name":"box8","top":1004.9000244140625,"left":0,"height":36.7333,"width":220,"children":[{"name":"box9","top":1004.9000244140625,"left":56.883331298828125,"height":18.3667,"width":42.2667,"children":[]},{"name":"box10","top":1004.9000244140625,"left":99.14999389648438,"height":18.3667,"width":70.7833,"children":[]},{"name":"box11","top":1004.9000244140625,"left":169.93333435058594,"height":18.3667,"width":58.0667,"children":[]},{"name":"box12","top":1023.2666625976562,"left":131.25,"height":18.3667,"width":55.5,"children":[]},{"name":"box13","top":1023.2666625976562,"left":186.75,"height":18.3667,"width":41.25,"children":[]}]}]}]},{"name":"box14","top":1069.9666748046875,"left":0,"height":15,"width":200,"children":[{"name":"ace-logo","top":987.75,"left":66,"height":89.6167,"width":134,"children":[]}]},{"name":"box15","top":1090.7333984375,"left":12,"height":14.9667,"width":256,"children":[{"name":"box16","top":1090.933349609375,"left":12,"height":15,"width":25,"children":[]}]},{"name":"box17","top":1117.699951171875,"left":12,"height":14.9667,"width":256,"children":[{"name":"box18","top":1117.9000244140625,"left":12,"height":15,"width":73,"children":[]}]},{"name":"box19","top":1144.6666259765625,"left":12,"height":14.9667,"width":256,"children":[{"name":"box20","top":1144.86669921875,"left":12,"height":15,"width":91,"children":[]}]}]},{"name":"box21","top":0,"left":280,"height":821,"width":833,"children":[{"name":"box22","top":16,"left":324,"height":1,"width":1,"children":[]},{"name":"box23","top":0,"left":280,"height":821,"width":41,"children":[]},{"name":"box24","top":0,"left":320.20001220703125,"height":821,"width":792.8,"children":[]},{"name":"box26","top":801,"left":320.20001220703125,"height":20,"width":792.8,"children":[]}]},{"name":"box27","top":822.5999755859375,"left":280,"height":16.2,"width":833,"children":[{"name":"box28","top":838.2333374023438,"left":284.6333312988281,"height":1,"width":1,"children":[]},{"name":"box29","top":823.2333374023438,"left":280.6333312988281,"height":16.2,"width":833,"children":[]},{"name":"box30","top":823.2333374023438,"left":1091.4000244140625,"height":16.2,"width":21.6,"children":[]}]}]},{"name":"box","top":0,"left":0,"height":841.067,"width":747.333,"children":[{"name":"sidePanel","top":0,"left":0,"height":841,"width":280,"children":[{"name":"box0","top":0,"left":0,"height":100.75,"width":280,"children":[{"name":"box1","top":0,"left":0,"height":18,"width":19,"children":[]},{"name":"c9-logo","top":0,"left":40,"height":100.75,"width":200,"children":[]}]},{"name":"optionsPanel","top":100.75,"left":0,"height":841,"width":280,"children":[{"name":"controls","top":105.75,"left":5,"height":867.417,"width":280,"children":[]},{"name":"box3","top":968.1666870117188,"left":0,"height":73.4667,"width":220,"children":[{"name":"box4","top":968.1666870117188,"left":0,"height":18.3667,"width":220,"children":[{"name":"box5","top":968.1666870117188,"left":125.11666870117188,"height":18.3667,"width":102.883,"children":[]}]},{"name":"box6","top":986.5333251953125,"left":0,"height":18.3667,"width":220,"children":[{"name":"box7","top":986.5333251953125,"left":97.25,"height":18.3667,"width":130.75,"children":[]}]},{"name":"box8","top":1004.9000244140625,"left":0,"height":36.7333,"width":220,"children":[{"name":"box9","top":1004.9000244140625,"left":56.883331298828125,"height":18.3667,"width":42.2667,"children":[]},{"name":"box10","top":1004.9000244140625,"left":99.14999389648438,"height":18.3667,"width":70.7833,"children":[]},{"name":"box11","top":1004.9000244140625,"left":169.93333435058594,"height":18.3667,"width":58.0667,"children":[]},{"name":"box12","top":1023.2666625976562,"left":131.25,"height":18.3667,"width":55.5,"children":[]},{"name":"box13","top":1023.2666625976562,"left":186.75,"height":18.3667,"width":41.25,"children":[]}]}]}]},{"name":"box14","top":1069.9666748046875,"left":0,"height":15,"width":200,"children":[{"name":"ace-logo","top":987.75,"left":66,"height":89.6167,"width":134,"children":[]}]},{"name":"box15","top":1090.7333984375,"left":12,"height":14.9667,"width":256,"children":[{"name":"box16","top":1090.933349609375,"left":12,"height":15,"width":25,"children":[]}]},{"name":"box17","top":1117.699951171875,"left":12,"height":14.9667,"width":256,"children":[{"name":"box18","top":1117.9000244140625,"left":12,"height":15,"width":73,"children":[]}]},{"name":"box19","top":1144.6666259765625,"left":12,"height":14.9667,"width":256,"children":[{"name":"box20","top":1144.86669921875,"left":12,"height":15,"width":91,"children":[]}]}]},{"name":"box21","top":0,"left":280,"height":821,"width":467,"children":[{"name":"box22","top":16,"left":324,"height":1,"width":1,"children":[]},{"name":"box23","top":0,"left":280,"height":821,"width":41,"children":[]},{"name":"box24","top":0,"left":320.20001220703125,"height":821,"width":426.8,"children":[]},{"name":"box26","top":801,"left":320.20001220703125,"height":20,"width":426.8,"children":[]}]},{"name":"box27","top":822.5999755859375,"left":280,"height":16.2,"width":467,"children":[{"name":"box28","top":838.2333374023438,"left":284.6333312988281,"height":1,"width":1,"children":[]},{"name":"box29","top":823.2333374023438,"left":280.6333312988281,"height":16.2,"width":467,"children":[]},{"name":"box30","top":823.2333374023438,"left":725.4000244140625,"height":16.2,"width":21.6,"children":[]}]}]}],"test":[{"name":"box","top":0,"left":0,"height":841.067,"width":967.733,"children":[{"name":"sidePanel","top":0,"left":0,"height":841,"width":280,"children":[{"name":"box0","top":0,"left":0,"height":100.75,"width":280,"children":[{"name":"box1","top":0,"left":0,"height":18,"width":19,"children":[]},{"name":"c9-logo","top":0,"left":40,"height":100.75,"width":200,"children":[]}]},{"name":"optionsPanel","top":100.75,"left":0,"height":841,"width":280,"children":[{"name":"controls","top":105.75,"left":5,"height":867.417,"width":280,"children":[]},{"name":"box3","top":968.1666870117188,"left":0,"height":73.4667,"width":220,"children":[{"name":"box4","top":968.1666870117188,"left":0,"height":18.3667,"width":220,"children":[{"name":"box5","top":968.1666870117188,"left":125.11666870117188,"height":18.3667,"width":102.883,"children":[]}]},{"name":"box6","top":986.5333251953125,"left":0,"height":18.3667,"width":220,"children":[{"name":"box7","top":986.5333251953125,"left":97.25,"height":18.3667,"width":130.75,"children":[]}]},{"name":"box8","top":1004.9000244140625,"left":0,"height":36.7333,"width":220,"children":[{"name":"box9","top":1004.9000244140625,"left":56.883331298828125,"height":18.3667,"width":42.2667,"children":[]},{"name":"box10","top":1004.9000244140625,"left":99.14999389648438,"height":18.3667,"width":70.7833,"children":[]},{"name":"box11","top":1004.9000244140625,"left":169.93333435058594,"height":18.3667,"width":58.0667,"children":[]},{"name":"box12","top":1023.2666625976562,"left":131.25,"height":18.3667,"width":55.5,"children":[]},{"name":"box13","top":1023.2666625976562,"left":186.75,"height":18.3667,"width":41.25,"children":[]}]}]}]},{"name":"box14","top":1069.9666748046875,"left":0,"height":15,"width":200,"children":[{"name":"ace-logo","top":987.75,"left":66,"height":89.6167,"width":134,"children":[]}]},{"name":"box15","top":1090.7333984375,"left":12,"height":14.9667,"width":256,"children":[{"name":"box16","top":1090.933349609375,"left":12,"height":15,"width":25,"children":[]}]},{"name":"box17","top":1117.699951171875,"left":12,"height":14.9667,"width":256,"children":[{"name":"box18","top":1117.9000244140625,"left":12,"height":15,"width":73,"children":[]}]},{"name":"box19","top":1144.6666259765625,"left":12,"height":14.9667,"width":256,"children":[{"name":"box20","top":1144.86669921875,"left":12,"height":15,"width":91,"children":[]}]}]},{"name":"box21","top":0,"left":280,"height":821,"width":688,"children":[{"name":"box22","top":16,"left":324,"height":1,"width":1,"children":[]},{"name":"box23","top":0,"left":280,"height":821,"width":41,"children":[]},{"name":"box24","top":0,"left":320.20001220703125,"height":821,"width":647.8,"children":[]},{"name":"box26","top":801,"left":320.20001220703125,"height":20,"width":647.8,"children":[]}]},{"name":"box27","top":822.5999755859375,"left":280,"height":16.2,"width":688,"children":[{"name":"box28","top":838.2333374023438,"left":284.6333312988281,"height":1,"width":1,"children":[]},{"name":"box29","top":823.2333374023438,"left":280.6333312988281,"height":16.2,"width":688,"children":[]},{"name":"box30","top":823.2333374023438,"left":946.4000244140625,"height":16.2,"width":21.6,"children":[]}]}]},{"name":"box","top":0,"left":0,"height":841.067,"width":782.8,"children":[{"name":"sidePanel","top":0,"left":0,"height":841,"width":280,"children":[{"name":"box0","top":0,"left":0,"height":100.75,"width":280,"children":[{"name":"box1","top":0,"left":0,"height":18,"width":19,"children":[]},{"name":"c9-logo","top":0,"left":40,"height":100.75,"width":200,"children":[]}]},{"name":"optionsPanel","top":100.75,"left":0,"height":841,"width":280,"children":[{"name":"controls","top":105.75,"left":5,"height":867.417,"width":280,"children":[]},{"name":"box3","top":968.1666870117188,"left":0,"height":73.4667,"width":220,"children":[{"name":"box4","top":968.1666870117188,"left":0,"height":18.3667,"width":220,"children":[{"name":"box5","top":968.1666870117188,"left":125.11666870117188,"height":18.3667,"width":102.883,"children":[]}]},{"name":"box6","top":986.5333251953125,"left":0,"height":18.3667,"width":220,"children":[{"name":"box7","top":986.5333251953125,"left":97.25,"height":18.3667,"width":130.75,"children":[]}]},{"name":"box8","top":1004.9000244140625,"left":0,"height":36.7333,"width":220,"children":[{"name":"box9","top":1004.9000244140625,"left":56.883331298828125,"height":18.3667,"width":42.2667,"children":[]},{"name":"box10","top":1004.9000244140625,"left":99.14999389648438,"height":18.3667,"width":70.7833,"children":[]},{"name":"box11","top":1004.9000244140625,"left":169.93333435058594,"height":18.3667,"width":58.0667,"children":[]},{"name":"box12","top":1023.2666625976562,"left":131.25,"height":18.3667,"width":55.5,"children":[]},{"name":"box13","top":1023.2666625976562,"left":186.75,"height":18.3667,"width":41.25,"children":[]}]}]}]},{"name":"box14","top":1069.9666748046875,"left":0,"height":15,"width":200,"children":[{"name":"ace-logo","top":987.75,"left":66,"height":89.6167,"width":134,"children":[]}]},{"name":"box15","top":1090.7333984375,"left":12,"height":14.9667,"width":256,"children":[{"name":"box16","top":1090.933349609375,"left":12,"height":15,"width":25,"children":[]}]},{"name":"box17","top":1117.699951171875,"left":12,"height":14.9667,"width":256,"children":[{"name":"box18","top":1117.9000244140625,"left":12,"height":15,"width":73,"children":[]}]},{"name":"box19","top":1144.6666259765625,"left":12,"height":14.9667,"width":256,"children":[{"name":"box20","top":1144.86669921875,"left":12,"height":15,"width":91,"children":[]}]}]},{"name":"box21","top":0,"left":280,"height":821,"width":503,"children":[{"name":"box22","top":16,"left":324,"height":1,"width":1,"children":[]},{"name":"box23","top":0,"left":280,"height":821,"width":41,"children":[]},{"name":"box24","top":0,"left":320.20001220703125,"height":821,"width":462.8,"children":[]},{"name":"box26","top":801,"left":320.20001220703125,"height":20,"width":462.8,"children":[]}]},{"name":"box27","top":822.5999755859375,"left":280,"height":16.2,"width":503,"children":[{"name":"box28","top":838.2333374023438,"left":284.6333312988281,"height":1,"width":1,"children":[]},{"name":"box29","top":823.2333374023438,"left":280.6333312988281,"height":16.2,"width":503,"children":[]},{"name":"box30","top":823.2333374023438,"left":761.4000244140625,"height":16.2,"width":21.6,"children":[]}]}]},{"name":"box","top":0,"left":0,"height":841.067,"width":1100.73,"children":[{"name":"sidePanel","top":0,"left":0,"height":841,"width":280,"children":[{"name":"box0","top":0,"left":0,"height":100.75,"width":280,"children":[{"name":"box1","top":0,"left":0,"height":18,"width":19,"children":[]},{"name":"c9-logo","top":0,"left":40,"height":100.75,"width":200,"children":[]}]},{"name":"optionsPanel","top":100.75,"left":0,"height":841,"width":280,"children":[{"name":"controls","top":105.75,"left":5,"height":867.417,"width":280,"children":[]},{"name":"box3","top":968.1666870117188,"left":0,"height":73.4667,"width":220,"children":[{"name":"box4","top":968.1666870117188,"left":0,"height":18.3667,"width":220,"children":[{"name":"box5","top":968.1666870117188,"left":125.11666870117188,"height":18.3667,"width":102.883,"children":[]}]},{"name":"box6","top":986.5333251953125,"left":0,"height":18.3667,"width":220,"children":[{"name":"box7","top":986.5333251953125,"left":97.25,"height":18.3667,"width":130.75,"children":[]}]},{"name":"box8","top":1004.9000244140625,"left":0,"height":36.7333,"width":220,"children":[{"name":"box9","top":1004.9000244140625,"left":56.883331298828125,"height":18.3667,"width":42.2667,"children":[]},{"name":"box10","top":1004.9000244140625,"left":99.14999389648438,"height":18.3667,"width":70.7833,"children":[]},{"name":"box11","top":1004.9000244140625,"left":169.93333435058594,"height":18.3667,"width":58.0667,"children":[]},{"name":"box12","top":1023.2666625976562,"left":131.25,"height":18.3667,"width":55.5,"children":[]},{"name":"box13","top":1023.2666625976562,"left":186.75,"height":18.3667,"width":41.25,"children":[]}]}]}]},{"name":"box14","top":1069.9666748046875,"left":0,"height":15,"width":200,"children":[{"name":"ace-logo","top":987.75,"left":66,"height":89.6167,"width":134,"children":[]}]},{"name":"box15","top":1090.7333984375,"left":12,"height":14.9667,"width":256,"children":[{"name":"box16","top":1090.933349609375,"left":12,"height":15,"width":25,"children":[]}]},{"name":"box17","top":1117.699951171875,"left":12,"height":14.9667,"width":256,"children":[{"name":"box18","top":1117.9000244140625,"left":12,"height":15,"width":73,"children":[]}]},{"name":"box19","top":1144.6666259765625,"left":12,"height":14.9667,"width":256,"children":[{"name":"box20","top":1144.86669921875,"left":12,"height":15,"width":91,"children":[]}]}]},{"name":"box21","top":0,"left":280,"height":821,"width":821,"children":[{"name":"box22","top":16,"left":324,"height":1,"width":1,"children":[]},{"name":"box23","top":0,"left":280,"height":821,"width":41,"children":[]},{"name":"box24","top":0,"left":320.20001220703125,"height":821,"width":780.8,"children":[]},{"name":"box26","top":801,"left":320.20001220703125,"height":20,"width":780.8,"children":[]}]},{"name":"box27","top":822.5999755859375,"left":280,"height":16.2,"width":821,"children":[{"name":"box28","top":838.2333374023438,"left":284.6333312988281,"height":1,"width":1,"children":[]},{"name":"box29","top":823.2333374023438,"left":280.6333312988281,"height":16.2,"width":821,"children":[]},{"name":"box30","top":823.2333374023438,"left":1079.4000244140625,"height":16.2,"width":21.6,"children":[]}]}]},{"name":"box","top":0,"left":0,"height":841.067,"width":1079.2,"children":[{"name":"sidePanel","top":0,"left":0,"height":841,"width":280,"children":[{"name":"box0","top":0,"left":0,"height":100.75,"width":280,"children":[{"name":"box1","top":0,"left":0,"height":18,"width":19,"children":[]},{"name":"c9-logo","top":0,"left":40,"height":100.75,"width":200,"children":[]}]},{"name":"optionsPanel","top":100.75,"left":0,"height":841,"width":280,"children":[{"name":"controls","top":105.75,"left":5,"height":867.417,"width":280,"children":[]},{"name":"box3","top":968.1666870117188,"left":0,"height":73.4667,"width":220,"children":[{"name":"box4","top":968.1666870117188,"left":0,"height":18.3667,"width":220,"children":[{"name":"box5","top":968.1666870117188,"left":125.11666870117188,"height":18.3667,"width":102.883,"children":[]}]},{"name":"box6","top":986.5333251953125,"left":0,"height":18.3667,"width":220,"children":[{"name":"box7","top":986.5333251953125,"left":97.25,"height":18.3667,"width":130.75,"children":[]}]},{"name":"box8","top":1004.9000244140625,"left":0,"height":36.7333,"width":220,"children":[{"name":"box9","top":1004.9000244140625,"left":56.883331298828125,"height":18.3667,"width":42.2667,"children":[]},{"name":"box10","top":1004.9000244140625,"left":99.14999389648438,"height":18.3667,"width":70.7833,"children":[]},{"name":"box11","top":1004.9000244140625,"left":169.93333435058594,"height":18.3667,"width":58.0667,"children":[]},{"name":"box12","top":1023.2666625976562,"left":131.25,"height":18.3667,"width":55.5,"children":[]},{"name":"box13","top":1023.2666625976562,"left":186.75,"height":18.3667,"width":41.25,"children":[]}]}]}]},{"name":"box14","top":1069.9666748046875,"left":0,"height":15,"width":200,"children":[{"name":"ace-logo","top":987.75,"left":66,"height":89.6167,"width":134,"children":[]}]},{"name":"box15","top":1090.7333984375,"left":12,"height":14.9667,"width":256,"children":[{"name":"box16","top":1090.933349609375,"left":12,"height":15,"width":25,"children":[]}]},{"name":"box17","top":1117.699951171875,"left":12,"height":14.9667,"width":256,"children":[{"name":"box18","top":1117.9000244140625,"left":12,"height":15,"width":73,"children":[]}]},{"name":"box19","top":1144.6666259765625,"left":12,"height":14.9667,"width":256,"children":[{"name":"box20","top":1144.86669921875,"left":12,"height":15,"width":91,"children":[]}]}]},{"name":"box21","top":0,"left":280,"height":821,"width":799,"children":[{"name":"box22","top":16,"left":324,"height":1,"width":1,"children":[]},{"name":"box23","top":0,"left":280,"height":821,"width":41,"children":[]},{"name":"box24","top":0,"left":320.20001220703125,"height":821,"width":758.8,"children":[]},{"name":"box26","top":801,"left":320.20001220703125,"height":20,"width":758.8,"children":[]}]},{"name":"box27","top":822.5999755859375,"left":280,"height":16.2,"width":799,"children":[{"name":"box28","top":838.2333374023438,"left":284.6333312988281,"height":1,"width":1,"children":[]},{"name":"box29","top":823.2333374023438,"left":280.6333312988281,"height":16.2,"width":799,"children":[]},{"name":"box30","top":823.2333374023438,"left":1057.4000244140625,"height":16.2,"width":21.6,"children":[]}]}]},{"name":"box","top":0,"left":0,"height":841.067,"width":665,"children":[{"name":"sidePanel","top":0,"left":0,"height":841,"width":280,"children":[{"name":"box0","top":0,"left":0,"height":100.75,"width":280,"children":[{"name":"box1","top":0,"left":0,"height":18,"width":19,"children":[]},{"name":"c9-logo","top":0,"left":40,"height":100.75,"width":200,"children":[]}]},{"name":"optionsPanel","top":100.75,"left":0,"height":841,"width":280,"children":[{"name":"controls","top":105.75,"left":5,"height":867.417,"width":280,"children":[]},{"name":"box3","top":968.1666870117188,"left":0,"height":73.4667,"width":220,"children":[{"name":"box4","top":968.1666870117188,"left":0,"height":18.3667,"width":220,"children":[{"name":"box5","top":968.1666870117188,"left":125.11666870117188,"height":18.3667,"width":102.883,"children":[]}]},{"name":"box6","top":986.5333251953125,"left":0,"height":18.3667,"width":220,"children":[{"name":"box7","top":986.5333251953125,"left":97.25,"height":18.3667,"width":130.75,"children":[]}]},{"name":"box8","top":1004.9000244140625,"left":0,"height":36.7333,"width":220,"children":[{"name":"box9","top":1004.9000244140625,"left":56.883331298828125,"height":18.3667,"width":42.2667,"children":[]},{"name":"box10","top":1004.9000244140625,"left":99.14999389648438,"height":18.3667,"width":70.7833,"children":[]},{"name":"box11","top":1004.9000244140625,"left":169.93333435058594,"height":18.3667,"width":58.0667,"children":[]},{"name":"box12","top":1023.2666625976562,"left":131.25,"height":18.3667,"width":55.5,"children":[]},{"name":"box13","top":1023.2666625976562,"left":186.75,"height":18.3667,"width":41.25,"children":[]}]}]}]},{"name":"box14","top":1069.9666748046875,"left":0,"height":15,"width":200,"children":[{"name":"ace-logo","top":987.75,"left":66,"height":89.6167,"width":134,"children":[]}]},{"name":"box15","top":1090.7333984375,"left":12,"height":14.9667,"width":256,"children":[{"name":"box16","top":1090.933349609375,"left":12,"height":15,"width":25,"children":[]}]},{"name":"box17","top":1117.699951171875,"left":12,"height":14.9667,"width":256,"children":[{"name":"box18","top":1117.9000244140625,"left":12,"height":15,"width":73,"children":[]}]},{"name":"box19","top":1144.6666259765625,"left":12,"height":14.9667,"width":256,"children":[{"name":"box20","top":1144.86669921875,"left":12,"height":15,"width":91,"children":[]}]}]},{"name":"box21","top":0,"left":280,"height":821,"width":385,"children":[{"name":"box22","top":16,"left":324,"height":1,"width":1,"children":[]},{"name":"box23","top":0,"left":280,"height":821,"width":41,"children":[]},{"name":"box24","top":0,"left":320.20001220703125,"height":821,"width":344.8,"children":[]},{"name":"box26","top":801,"left":320.20001220703125,"height":20,"width":344.8,"children":[]}]},{"name":"box27","top":822.5999755859375,"left":280,"height":16.2,"width":385,"children":[{"name":"box28","top":838.2333374023438,"left":284.6333312988281,"height":1,"width":1,"children":[]},{"name":"box29","top":823.2333374023438,"left":280.6333312988281,"height":16.2,"width":385,"children":[]},{"name":"box30","top":823.2333374023438,"left":643.4000244140625,"height":16.2,"width":21.6,"children":[]}]}]},{"name":"box","top":0,"left":0,"height":841.067,"width":624.467,"children":[{"name":"sidePanel","top":0,"left":0,"height":841,"width":280,"children":[{"name":"box0","top":0,"left":0,"height":100.75,"width":280,"children":[{"name":"box1","top":0,"left":0,"height":18,"width":19,"children":[]},{"name":"c9-logo","top":0,"left":40,"height":100.75,"width":200,"children":[]}]},{"name":"optionsPanel","top":100.75,"left":0,"height":841,"width":280,"children":[{"name":"controls","top":105.75,"left":5,"height":867.417,"width":280,"children":[]},{"name":"box3","top":968.1666870117188,"left":0,"height":73.4667,"width":220,"children":[{"name":"box4","top":968.1666870117188,"left":0,"height":18.3667,"width":220,"children":[{"name":"box5","top":968.1666870117188,"left":125.11666870117188,"height":18.3667,"width":102.883,"children":[]}]},{"name":"box6","top":986.5333251953125,"left":0,"height":18.3667,"width":220,"children":[{"name":"box7","top":986.5333251953125,"left":97.25,"height":18.3667,"width":130.75,"children":[]}]},{"name":"box8","top":1004.9000244140625,"left":0,"height":36.7333,"width":220,"children":[{"name":"box9","top":1004.9000244140625,"left":56.883331298828125,"height":18.3667,"width":42.2667,"children":[]},{"name":"box10","top":1004.9000244140625,"left":99.14999389648438,"height":18.3667,"width":70.7833,"children":[]},{"name":"box11","top":1004.9000244140625,"left":169.93333435058594,"height":18.3667,"width":58.0667,"children":[]},{"name":"box12","top":1023.2666625976562,"left":131.25,"height":18.3667,"width":55.5,"children":[]},{"name":"box13","top":1023.2666625976562,"left":186.75,"height":18.3667,"width":41.25,"children":[]}]}]}]},{"name":"box14","top":1069.9666748046875,"left":0,"height":15,"width":200,"children":[{"name":"ace-logo","top":987.75,"left":66,"height":89.6167,"width":134,"children":[]}]},{"name":"box15","top":1090.7333984375,"left":12,"height":14.9667,"width":256,"children":[{"name":"box16","top":1090.933349609375,"left":12,"height":15,"width":25,"children":[]}]},{"name":"box17","top":1117.699951171875,"left":12,"height":14.9667,"width":256,"children":[{"name":"box18","top":1117.9000244140625,"left":12,"height":15,"width":73,"children":[]}]},{"name":"box19","top":1144.6666259765625,"left":12,"height":14.9667,"width":256,"children":[{"name":"box20","top":1144.86669921875,"left":12,"height":15,"width":91,"children":[]}]}]},{"name":"box21","top":0,"left":280,"height":821,"width":344,"children":[{"name":"box22","top":16,"left":324,"height":1,"width":1,"children":[]},{"name":"box23","top":0,"left":280,"height":821,"width":41,"children":[]},{"name":"box24","top":0,"left":320.20001220703125,"height":821,"width":303.8,"children":[]},{"name":"box26","top":801,"left":320.20001220703125,"height":20,"width":303.8,"children":[]}]},{"name":"box27","top":822.5999755859375,"left":280,"height":16.2,"width":344,"children":[{"name":"box28","top":838.2333374023438,"left":284.6333312988281,"height":1,"width":1,"children":[]},{"name":"box29","top":823.2333374023438,"left":280.6333312988281,"height":16.2,"width":344,"children":[]},{"name":"box30","top":823.2333374023438,"left":602.4000244140625,"height":16.2,"width":21.6,"children":[]}]}]},{"name":"box","top":0,"left":0,"height":841.067,"width":662.467,"children":[{"name":"sidePanel","top":0,"left":0,"height":841,"width":280,"children":[{"name":"box0","top":0,"left":0,"height":100.75,"width":280,"children":[{"name":"box1","top":0,"left":0,"height":18,"width":19,"children":[]},{"name":"c9-logo","top":0,"left":40,"height":100.75,"width":200,"children":[]}]},{"name":"optionsPanel","top":100.75,"left":0,"height":841,"width":280,"children":[{"name":"controls","top":105.75,"left":5,"height":867.417,"width":280,"children":[]},{"name":"box3","top":968.1666870117188,"left":0,"height":73.4667,"width":220,"children":[{"name":"box4","top":968.1666870117188,"left":0,"height":18.3667,"width":220,"children":[{"name":"box5","top":968.1666870117188,"left":125.11666870117188,"height":18.3667,"width":102.883,"children":[]}]},{"name":"box6","top":986.5333251953125,"left":0,"height":18.3667,"width":220,"children":[{"name":"box7","top":986.5333251953125,"left":97.25,"height":18.3667,"width":130.75,"children":[]}]},{"name":"box8","top":1004.9000244140625,"left":0,"height":36.7333,"width":220,"children":[{"name":"box9","top":1004.9000244140625,"left":56.883331298828125,"height":18.3667,"width":42.2667,"children":[]},{"name":"box10","top":1004.9000244140625,"left":99.14999389648438,"height":18.3667,"width":70.7833,"children":[]},{"name":"box11","top":1004.9000244140625,"left":169.93333435058594,"height":18.3667,"width":58.0667,"children":[]},{"name":"box12","top":1023.2666625976562,"left":131.25,"height":18.3667,"width":55.5,"children":[]},{"name":"box13","top":1023.2666625976562,"left":186.75,"height":18.3667,"width":41.25,"children":[]}]}]}]},{"name":"box14","top":1069.9666748046875,"left":0,"height":15,"width":200,"children":[{"name":"ace-logo","top":987.75,"left":66,"height":89.6167,"width":134,"children":[]}]},{"name":"box15","top":1090.7333984375,"left":12,"height":14.9667,"width":256,"children":[{"name":"box16","top":1090.933349609375,"left":12,"height":15,"width":25,"children":[]}]},{"name":"box17","top":1117.699951171875,"left":12,"height":14.9667,"width":256,"children":[{"name":"box18","top":1117.9000244140625,"left":12,"height":15,"width":73,"children":[]}]},{"name":"box19","top":1144.6666259765625,"left":12,"height":14.9667,"width":256,"children":[{"name":"box20","top":1144.86669921875,"left":12,"height":15,"width":91,"children":[]}]}]},{"name":"box21","top":0,"left":280,"height":821,"width":382,"children":[{"name":"box22","top":16,"left":324,"height":1,"width":1,"children":[]},{"name":"box23","top":0,"left":280,"height":821,"width":41,"children":[]},{"name":"box24","top":0,"left":320.20001220703125,"height":821,"width":341.8,"children":[]},{"name":"box26","top":801,"left":320.20001220703125,"height":20,"width":341.8,"children":[]}]},{"name":"box27","top":822.5999755859375,"left":280,"height":16.2,"width":382,"children":[{"name":"box28","top":838.2333374023438,"left":284.6333312988281,"height":1,"width":1,"children":[]},{"name":"box29","top":823.2333374023438,"left":280.6333312988281,"height":16.2,"width":382,"children":[]},{"name":"box30","top":823.2333374023438,"left":640.4000244140625,"height":16.2,"width":21.6,"children":[]}]}]},{"name":"box","top":0,"left":0,"height":841.067,"width":1027.27,"children":[{"name":"sidePanel","top":0,"left":0,"height":841,"width":280,"children":[{"name":"box0","top":0,"left":0,"height":100.75,"width":280,"children":[{"name":"box1","top":0,"left":0,"height":18,"width":19,"children":[]},{"name":"c9-logo","top":0,"left":40,"height":100.75,"width":200,"children":[]}]},{"name":"optionsPanel","top":100.75,"left":0,"height":841,"width":280,"children":[{"name":"controls","top":105.75,"left":5,"height":867.417,"width":280,"children":[]},{"name":"box3","top":968.1666870117188,"left":0,"height":73.4667,"width":220,"children":[{"name":"box4","top":968.1666870117188,"left":0,"height":18.3667,"width":220,"children":[{"name":"box5","top":968.1666870117188,"left":125.11666870117188,"height":18.3667,"width":102.883,"children":[]}]},{"name":"box6","top":986.5333251953125,"left":0,"height":18.3667,"width":220,"children":[{"name":"box7","top":986.5333251953125,"left":97.25,"height":18.3667,"width":130.75,"children":[]}]},{"name":"box8","top":1004.9000244140625,"left":0,"height":36.7333,"width":220,"children":[{"name":"box9","top":1004.9000244140625,"left":56.883331298828125,"height":18.3667,"width":42.2667,"children":[]},{"name":"box10","top":1004.9000244140625,"left":99.14999389648438,"height":18.3667,"width":70.7833,"children":[]},{"name":"box11","top":1004.9000244140625,"left":169.93333435058594,"height":18.3667,"width":58.0667,"children":[]},{"name":"box12","top":1023.2666625976562,"left":131.25,"height":18.3667,"width":55.5,"children":[]},{"name":"box13","top":1023.2666625976562,"left":186.75,"height":18.3667,"width":41.25,"children":[]}]}]}]},{"name":"box14","top":1069.9666748046875,"left":0,"height":15,"width":200,"children":[{"name":"ace-logo","top":987.75,"left":66,"height":89.6167,"width":134,"children":[]}]},{"name":"box15","top":1090.7333984375,"left":12,"height":14.9667,"width":256,"children":[{"name":"box16","top":1090.933349609375,"left":12,"height":15,"width":25,"children":[]}]},{"name":"box17","top":1117.699951171875,"left":12,"height":14.9667,"width":256,"children":[{"name":"box18","top":1117.9000244140625,"left":12,"height":15,"width":73,"children":[]}]},{"name":"box19","top":1144.6666259765625,"left":12,"height":14.9667,"width":256,"children":[{"name":"box20","top":1144.86669921875,"left":12,"height":15,"width":91,"children":[]}]}]},{"name":"box21","top":0,"left":280,"height":821,"width":747,"children":[{"name":"box22","top":16,"left":324,"height":1,"width":1,"children":[]},{"name":"box23","top":0,"left":280,"height":821,"width":41,"children":[]},{"name":"box24","top":0,"left":320.20001220703125,"height":821,"width":706.8,"children":[]},{"name":"box26","top":801,"left":320.20001220703125,"height":20,"width":706.8,"children":[]}]},{"name":"box27","top":822.5999755859375,"left":280,"height":16.2,"width":747,"children":[{"name":"box28","top":838.2333374023438,"left":284.6333312988281,"height":1,"width":1,"children":[]},{"name":"box29","top":823.2333374023438,"left":280.6333312988281,"height":16.2,"width":747,"children":[]},{"name":"box30","top":823.2333374023438,"left":1005.4000244140625,"height":16.2,"width":21.6,"children":[]}]}]},{"name":"box","top":0,"left":0,"height":841.067,"width":621.933,"children":[{"name":"sidePanel","top":0,"left":0,"height":841,"width":280,"children":[{"name":"box0","top":0,"left":0,"height":100.75,"width":280,"children":[{"name":"box1","top":0,"left":0,"height":18,"width":19,"children":[]},{"name":"c9-logo","top":0,"left":40,"height":100.75,"width":200,"children":[]}]},{"name":"optionsPanel","top":100.75,"left":0,"height":841,"width":280,"children":[{"name":"controls","top":105.75,"left":5,"height":867.417,"width":280,"children":[]},{"name":"box3","top":968.1666870117188,"left":0,"height":73.4667,"width":220,"children":[{"name":"box4","top":968.1666870117188,"left":0,"height":18.3667,"width":220,"children":[{"name":"box5","top":968.1666870117188,"left":125.11666870117188,"height":18.3667,"width":102.883,"children":[]}]},{"name":"box6","top":986.5333251953125,"left":0,"height":18.3667,"width":220,"children":[{"name":"box7","top":986.5333251953125,"left":97.25,"height":18.3667,"width":130.75,"children":[]}]},{"name":"box8","top":1004.9000244140625,"left":0,"height":36.7333,"width":220,"children":[{"name":"box9","top":1004.9000244140625,"left":56.883331298828125,"height":18.3667,"width":42.2667,"children":[]},{"name":"box10","top":1004.9000244140625,"left":99.14999389648438,"height":18.3667,"width":70.7833,"children":[]},{"name":"box11","top":1004.9000244140625,"left":169.93333435058594,"height":18.3667,"width":58.0667,"children":[]},{"name":"box12","top":1023.2666625976562,"left":131.25,"height":18.3667,"width":55.5,"children":[]},{"name":"box13","top":1023.2666625976562,"left":186.75,"height":18.3667,"width":41.25,"children":[]}]}]}]},{"name":"box14","top":1069.9666748046875,"left":0,"height":15,"width":200,"children":[{"name":"ace-logo","top":987.75,"left":66,"height":89.6167,"width":134,"children":[]}]},{"name":"box15","top":1090.7333984375,"left":12,"height":14.9667,"width":256,"children":[{"name":"box16","top":1090.933349609375,"left":12,"height":15,"width":25,"children":[]}]},{"name":"box17","top":1117.699951171875,"left":12,"height":14.9667,"width":256,"children":[{"name":"box18","top":1117.9000244140625,"left":12,"height":15,"width":73,"children":[]}]},{"name":"box19","top":1144.6666259765625,"left":12,"height":14.9667,"width":256,"children":[{"name":"box20","top":1144.86669921875,"left":12,"height":15,"width":91,"children":[]}]}]},{"name":"box21","top":0,"left":280,"height":821,"width":342,"children":[{"name":"box22","top":16,"left":324,"height":1,"width":1,"children":[]},{"name":"box23","top":0,"left":280,"height":821,"width":41,"children":[]},{"name":"box24","top":0,"left":320.20001220703125,"height":821,"width":301.8,"children":[]},{"name":"box26","top":801,"left":320.20001220703125,"height":20,"width":301.8,"children":[]}]},{"name":"box27","top":822.5999755859375,"left":280,"height":16.2,"width":342,"children":[{"name":"box28","top":838.2333374023438,"left":284.6333312988281,"height":1,"width":1,"children":[]},{"name":"box29","top":823.2333374023438,"left":280.6333312988281,"height":16.2,"width":342,"children":[]},{"name":"box30","top":823.2333374023438,"left":600.4000244140625,"height":16.2,"width":21.6,"children":[]}]}]},{"name":"box","top":0,"left":0,"height":841.067,"width":785.333,"children":[{"name":"sidePanel","top":0,"left":0,"height":841,"width":280,"children":[{"name":"box0","top":0,"left":0,"height":100.75,"width":280,"children":[{"name":"box1","top":0,"left":0,"height":18,"width":19,"children":[]},{"name":"c9-logo","top":0,"left":40,"height":100.75,"width":200,"children":[]}]},{"name":"optionsPanel","top":100.75,"left":0,"height":841,"width":280,"children":[{"name":"controls","top":105.75,"left":5,"height":867.417,"width":280,"children":[]},{"name":"box3","top":968.1666870117188,"left":0,"height":73.4667,"width":220,"children":[{"name":"box4","top":968.1666870117188,"left":0,"height":18.3667,"width":220,"children":[{"name":"box5","top":968.1666870117188,"left":125.11666870117188,"height":18.3667,"width":102.883,"children":[]}]},{"name":"box6","top":986.5333251953125,"left":0,"height":18.3667,"width":220,"children":[{"name":"box7","top":986.5333251953125,"left":97.25,"height":18.3667,"width":130.75,"children":[]}]},{"name":"box8","top":1004.9000244140625,"left":0,"height":36.7333,"width":220,"children":[{"name":"box9","top":1004.9000244140625,"left":56.883331298828125,"height":18.3667,"width":42.2667,"children":[]},{"name":"box10","top":1004.9000244140625,"left":99.14999389648438,"height":18.3667,"width":70.7833,"children":[]},{"name":"box11","top":1004.9000244140625,"left":169.93333435058594,"height":18.3667,"width":58.0667,"children":[]},{"name":"box12","top":1023.2666625976562,"left":131.25,"height":18.3667,"width":55.5,"children":[]},{"name":"box13","top":1023.2666625976562,"left":186.75,"height":18.3667,"width":41.25,"children":[]}]}]}]},{"name":"box14","top":1069.9666748046875,"left":0,"height":15,"width":200,"children":[{"name":"ace-logo","top":987.75,"left":66,"height":89.6167,"width":134,"children":[]}]},{"name":"box15","top":1090.7333984375,"left":12,"height":14.9667,"width":256,"children":[{"name":"box16","top":1090.933349609375,"left":12,"height":15,"width":25,"children":[]}]},{"name":"box17","top":1117.699951171875,"left":12,"height":14.9667,"width":256,"children":[{"name":"box18","top":1117.9000244140625,"left":12,"height":15,"width":73,"children":[]}]},{"name":"box19","top":1144.6666259765625,"left":12,"height":14.9667,"width":256,"children":[{"name":"box20","top":1144.86669921875,"left":12,"height":15,"width":91,"children":[]}]}]},{"name":"box21","top":0,"left":280,"height":821,"width":505,"children":[{"name":"box22","top":16,"left":324,"height":1,"width":1,"children":[]},{"name":"box23","top":0,"left":280,"height":821,"width":41,"children":[]},{"name":"box24","top":0,"left":320.20001220703125,"height":821,"width":464.8,"children":[]},{"name":"box26","top":801,"left":320.20001220703125,"height":20,"width":464.8,"children":[]}]},{"name":"box27","top":822.5999755859375,"left":280,"height":16.2,"width":505,"children":[{"name":"box28","top":838.2333374023438,"left":284.6333312988281,"height":1,"width":1,"children":[]},{"name":"box29","top":823.2333374023438,"left":280.6333312988281,"height":16.2,"width":505,"children":[]},{"name":"box30","top":823.2333374023438,"left":763.4000244140625,"height":16.2,"width":21.6,"children":[]}]}]}]}