{"name":"ace-merge","height":960,"bench":{"lo":600,"hi":1100,"trainSeed":235775,"trainSize":10,"testSeed":17250987,"testSize":10},"train":[{"name":"more-controls","top":377.79998779296875,"left":8,"height":47.5,"width":184.583,"children":[{"name":"ace-option-navigateWithinSoftTabs","top":379.79998779296875,"left":10,"height":21,"width":180.583,"children":[{"name":"box","top":380.79998779296875,"left":11,"height":19,"width":103.333,"children":[{"name":"box0","top":383.29998779296875,"left":29,"height":14,"width":85,"children":[]}]},{"name":"box1","top":380.79998779296875,"left":118.33332824707031,"height":19,"width":71.25,"children":[{"name":"-navigateWithinSoftTabs","top":383.79998779296875,"left":122.33332824707031,"height":13,"width":13,"children":[]}]}]},{"name":"ace-option-mergeUndoDeltas","top":402.79998779296875,"left":10,"height":20.5,"width":180.583,"children":[{"name":"box2","top":403.79998779296875,"left":11,"height":18.5,"width":103.333,"children":[{"name":"box3","top":406.04998779296875,"left":11,"height":14,"width":103,"children":[]}]},{"name":"-mergeUndoDeltas","top":403.79998779296875,"left":118.33332824707031,"height":18.5,"width":71.25,"children":[]}]}]},{"name":"more-controls","top":377.79998779296875,"left":8,"height":47.5,"width":184.583,"children":[{"name":"ace-option-navigateWithinSoftTabs","top":379.79998779296875,"left":10,"height":21,"width":180.583,"children":[{"name":"box","top":380.79998779296875,"left":11,"height":19,"width":103.333,"children":[{"name":"box0","top":383.29998779296875,"left":29,"height":14,"width":85,"children":[]}]},{"name":"box1","top":380.79998779296875,"left":118.33332824707031,"height":19,"width":71.25,"children":[{"name":"-navigateWithinSoftTabs","top":383.79998779296875,"left":122.33332824707031,"height":13,"width":13,"children":[]}]}]},{"name":"ace-option-mergeUndoDeltas","top":402.79998779296875,"left":10,"height":20.5,"width":180.583,"children":[{"name":"box2","top":403.79998779296875,"left":11,"height":18.5,"width":103.333,"children":[{"name":"box3","top":406.04998779296875,"left":11,"height":14,"width":103,"children":[]}]},{"name":"-mergeUndoDeltas","top":403.79998779296875,"left":118.33332824707031,"height":18.5,"width":71.25,"children":[]}]}]},{"name":"more-controls","top":377.79998779296875,"left":8,"height":47.5,"width":184.583,"children":[{"name":"ace-option-navigateWithinSoftTabs","top":379.79998779296875,"left":10,"height":21,"width":180.583,"children":[{"name":"box","top":380.79998779296875,"left":11,"height":19,"width":103.333,"children":[{"name":"box0","top":383.29998779296875,"left":29,"height":14,"width":85,"children":[]}]},{"name":"box1","top":380.79998779296875,"left":118.33332824707031,"height":19,"width":71.25,"children":[{"name":"-navigateWithinSoftTabs","top":383.79998779296875,"left":122.33332824707031,"height":13,"width":13,"children":[]}]}]},{"name":"ace-option-mergeUndoDeltas","top":402.79998779296875,"left":10,"height":20.5,"width":180.583,"children":[{"name":"box2","top":403.79998779296875,"left":11,"height":18.5,"width":103.333,"children":[{"name":"box3","top":406.04998779296875,"left":11,"height":14,"width":103,"children":[]}]},{"name":"-mergeUndoDeltas","top":403.79998779296875,"left":118.33332824707031,"height":18.5,"width":71.25,"children":[]}]}]},{"name":"more-controls","top":377.79998779296875,"left":8,"height":47.5,"width":184.583,"children":[{"name":"ace-option-navigateWithinSoftTabs","top":379.79998779296875,"left":10,"height":21,"width":180.583,"children":[{"name":"box","top":380.79998779296875,"left":11,"height":19,"width":103.333,"children":[{"name":"box0","top":383.29998779296875,"left":29,"height":14,"width":85,"children":[]}]},{"name":"box1","top":380.79998779296875,"left":118.33332824707031,"height":19,"width":71.25,"children":[{"name":"-navigateWithinSoftTabs","top":383.79998779296875,"left":122.33332824707031,"height":13,"width":13,"children":[]}]}]},{"name":"ace-option-mergeUndoDeltas","top":402.79998779296875,"left":10,"height":20.5,"width":180.583,"children":[{"name":"box2","top":403.79998779296875,"left":11,"height":18.5,"width":103.333,"children":[{"name":"box3","top":406.04998779296875,"left":11,"height":14,"width":103,"children":[]}]},{"name":"-mergeUndoDeltas","top":403.79998779296875,"left":118.33332824707031,"height":18.5,"width":71.25,"children":[]}]}]},{"name":"more-controls","top":377.79998779296875,"left":8,"height":47.5,"width":184.583,"children":[{"name":"ace-option-navigateWithinSoftTabs","top":379.79998779296875,"left":10,"height":21,"width":180.583,"children":[{"name":"box","top":380.79998779296875,"left":11,"height":19,"width":103.333,"children":[{"name":"box0","top":383.29998779296875,"left":29,"height":14,"width":85,"children":[]}]},{"name":"box1","top":380.79998779296875,"left":118.33332824707031,"height":19,"width":71.25,"children":[{"name":"-navigateWithinSoftTabs","top":383.79998779296875,"left":122.33332824707031,"height":13,"width":13,"children":[]}]}]},{"name":"ace-option-mergeUndoDeltas","top":402.79998779296875,"left":10,"height":20.5,"width":180.583,"children":[{"name":"box2","top":403.79998779296875,"left":11,"height":18.5,"width":103.333,"children":[{"name":"box3","top":406.04998779296875,"left":11,"height":14,"width":103,"children":[]}]},{"name":"-mergeUndoDeltas","top":403.79998779296875,"left":118.33332824707031,"height":18.5,"width":71.25,"children":[]}]}]},{"name":"more-controls","top":377.79998779296875,"left":8,"height":47.5,"width":184.583,"children":[{"name":"ace-option-navigateWithinSoftTabs","top":379.79998779296875,"left":10,"height":21,"width":180.583,"children":[{"name":"box","top":380.79998779296875,"left":11,"height":19,"width":103.333,"children":[{"name":"box0","top":383.29998779296875,"left":29,"height":14,"width":85,"children":[]}]},{"name":"box1","top":380.79998779296875,"left":118.33332824707031,"height":19,"width":71.25,"children":[{"name":"-navigateWithinSoftTabs","top":383.79998779296875,"left":122.33332824707031,"height":13,"width":13,"children":[]}]}]},{"name":"ace-option-mergeUndoDeltas","top":402.79998779296875,"left":10,"height":20.5,"width":180.583,"children":[{"name":"box2","top":403.79998779296875,"left":11,"height":18.5,"width":103.333,"children":[{"name":"box3","top":406.04998779296875,"left":11,"height":14,"width":103,"children":[]}]},{"name":"-mergeUndoDeltas","top":403.79998779296875,"left":118.33332824707031,"height":18.5,"width":71.25,"children":[]}]}]},{"name":"more-controls","top":377.79998779296875,"left":8,"height":47.5,"width":184.583,"children":[{"name":"ace-option-navigateWithinSoftTabs","top":379.79998779296875,"left":10,"height":21,"width":180.583,"children":[{"name":"box","top":380.79998779296875,"left":11,"height":19,"width":103.333,"children":[{"name":"box0","top":383.29998779296875,"left":29,"height":14,"width":85,"children":[]}]},{"name":"box1","top":380.79998779296875,"left":118.33332824707031,"height":19,"width":71.25,"children":[{"name":"-navigateWithinSoftTabs","top":383.79998779296875,"left":122.33332824707031,"height":13,"width":13,"children":[]}]}]},{"name":"ace-option-mergeUndoDeltas","top":402.79998779296875,"left":10,"height":20.5,"width":180.583,"children":[{"name":"box2","top":403.79998779296875,"left":11,"height":18.5,"width":103.333,"children":[{"name":"box3","top":406.04998779296875,"left":11,"height":14,"width":103,"children":[]}]},{"name":"-mergeUndoDeltas","top":403.79998779296875,"left":118.33332824707031,"height":18.5,"width":71.25,"children":[]}]}]},{"name":"more-controls","top":377.79998779296875,"left":8,"height":47.5,"width":184.583,"children":[{"name":"ace-option-navigateWithinSoftTabs","top":379.79998779296875,"left":10,"height":21,"width":180.583,"children":[{"name":"box","top":380.79998779296875,"left":11,"height":19,"width":103.333,"children":[{"name":"box0","top":383.29998779296875,"left":29,"height":14,"width":85,"children":[]}]},{"name":"box1","top":380.79998779296875,"left":118.33332824707031,"height":19,"width":71.25,"children":[{"name":"-navigateWithinSoftTabs","top":383.79998779296875,"left":122.33332824707031,"height":13,"width":13,"children":[]}]}]},{"name":"ace-option-mergeUndoDeltas","top":402.79998779296875,"left":10,"height":20.5,"width":180.583,"children":[{"name":"box2","top":403.79998779296875,"left":11,"height":18.5,"width":103.333,"children":[{"name":"box3","top":406.04998779296875,"left":11,"height":14,"width":103,"children":[]}]},{"name":"-mergeUndoDeltas","top":403.79998779296875,"left":118.33332824707031,"height":18.5,"width":71.25,"children":[]}]}]},{"name":"more-controls","top":377.79998779296875,"left":8,"height":47.5,"width":184.583,"children":[{"name":"ace-option-navigateWithinSoftTabs","top":379.79998779296875,"left":10,"height":21,"width":180.583,"children":[{"name":"box","top":380.79998779296875,"left":11,"height":19,"width":103.333,"children":[{"name":"box0","top":383.29998779296875,"left":29,"height":14,"width":85,"children":[]}]},{"name":"box1","top":380.79998779296875,"left":118.33332824707031,"height":19,"width":71.25,"children":[{"name":"-navigateWithinSoftTabs","top":383.79998779296875,"left":122.33332824707031,"height":13,"width":13,"children":[]}]}]},{"name":"ace-option-mergeUndoDeltas","top":402.79998779296875,"left":10,"height":20.5,"width":180.583,"children":[{"name":"box2","top":403.79998779296875,"left":11,"height":18.5,"width":103.333,"children":[{"name":"box3","top":406.04998779296875,"left":11,"height":14,"width":103,"children":[]}]},{"name":"-mergeUndoDeltas","top":403.79998779296875,"left":118.33332824707031,"height":18.5,"width":71.25,"children":[]}]}]},{"name":"more-controls","top":377.79998779296875,"left":8,"height":47.5,"width":184.583,"children":[{"name":"ace-option-navigateWithinSoftTabs","top":379.79998779296875,"left":10,"height":21,"width":180.583,"children":[{"name":"box","top":380.79998779296875,"left":11,"height":19,"width":103.333,"children":[{"name":"box0","top":383.29998779296875,"left":29,"height":14,"width":85,"children":[]}]},{"name":"box1","top":380.79998779296875,"left":118.33332824707031,"height":19,"width":71.25,"children":[{"name":"-navigateWithinSoftTabs","top":383.79998779296875,"left":122.33332824707031,"height":13,"width":13,"children":[]}]}]},{"name":"ace-option-mergeUndoDeltas","top":402.79998779296875,"left":10,"height":20.5,"width":180.583,"children":[{"name":"box2","top":403.79998779296875,"left":11,"height":18.5,"width":103.333,"children":[{"name":"box3","top":406.04998779296875,"left":11,"height":14,"width":103,"children":[]}]},{"name":"-mergeUndoDeltas","top":403.79998779296875,"left":118.33332824707031,"height":18.5,"width":71.25,"children":[]}]}]}],"test":[{"name":"more-controls","top":377.79998779296875,"left":8,"height":47.5,"width":184.583,"children":[{"name":"ace-option-navigateWithinSoftTabs","top":379.79998779296875,"left":10,"height":21,"width":180.583,"children":[{"name":"box","top":380.79998779296875,"left":11,"height":19,"width":103.333,"children":[{"name":"box0","top":383.29998779296875,"left":29,"height":14,"width":85,"children":[]}]},{"name":"box1","top":380.79998779296875,"left":118.33332824707031,"height":19,"width":71.25,"children":[{"name":"-navigateWithinSoftTabs","top":383.79998779296875,"left":122.33332824707031,"height":13,"width":13,"children":[]}]}]},{"name":"ace-option-mergeUndoDeltas","top":402.79998779296875,"left":10,"height":20.5,"width":180.583,"children":[{"name":"box2","top":403.79998779296875,"left":11,"height":18.5,"width":103.333,"children":[{"name":"box3","top":406.04998779296875,"left":11,"height":14,"width":103,"children":[]}]},{"name":"-mergeUndoDeltas","top":403.79998779296875,"left":118.33332824707031,"height":18.5,"width":71.25,"children":[]}]}]},{"name":"more-controls","top":377.79998779296875,"left":8,"height":47.5,"width":184.583,"children":[{"name":"ace-option-navigateWithinSoftTabs","top":379.79998779296875,"left":10,"height":21,"width":180.583,"children":[{"name":"box","top":380.79998779296875,"left":11,"height":19,"width":103.333,"children":[{"name":"box0","top":383.29998779296875,"left":29,"height":14,"width":85,"children":[]}]},{"name":"box1","top":380.79998779296875,"left":118.33332824707031,"height":19,"width":71.25,"children":[{"name":"-navigateWithinSoftTabs","top":383.79998779296875,"left":122.33332824707031,"height":13,"width":13,"children":[]}]}]},{"name":"ace-option-mergeUndoDeltas","top":402.79998779296875,"left":10,"height":20.5,"width":180.583,"children":[{"name":"box2","top":403.79998779296875,"left":11,"height":18.5,"width":103.333,"children":[{"name":"box3","top":406.04998779296875,"left":11,"height":14,"width":103,"children":[]}]},{"name":"-mergeUndoDeltas","top":403.79998779296875,"left":118.33332824707031,"height":18.5,"width":71.25,"children":[]}]}]},{"name":"more-controls","top":377.79998779296875,"left":8,"height":47.5,"width":184.583,"children":[{"name":"ace-option-navigateWithinSoftTabs","top":379.79998779296875,"left":10,"height":21,"width":180.583,"children":[{"name":"box","top":380.79998779296875,"left":11,"height":19,"width":103.333,"children":[{"name":"box0","top":383.29998779296875,"left":29,"height":14,"width":85,"children":[]}]},{"name":"box1","top":380.79998779296875,"left":118.33332824707031,"height":19,"width":71.25,"children":[{"name":"-navigateWithinSoftTabs","top":383.79998779296875,"left":122.33332824707031,"height":13,"width":13,"children":[]}]}]},{"name":"ace-option-mergeUndoDeltas","top":402.79998779296875,"left":10,"height":20.5,"width":180.583,"children":[{"name":"box2","top":403.79998779296875,"left":11,"height":18.5,"width":103.333,"children":[{"name":"box3","top":406.04998779296875,"left":11,"height":14,"width":103,"children":[]}]},{"name":"-mergeUndoDeltas","top":403.79998779296875,"left":118.33332824707031,"height":18.5,"width":71.25,"children":[]}]}]},{"name":"more-controls","top":377.79998779296875,"left":8,"height":47.5,"width":184.583,"children":[{"name":"ace-option-navigateWithinSoftTabs","top":379.79998779296875,"left":10,"height":21,"width":180.583,"children":[{"name":"box","top":380.79998779296875,"left":11,"height":19,"width":103.333,"children":[{"name":"box0","top":383.29998779296875,"left":29,"height":14,"width":85,"children":[]}]},{"name":"box1","top":380.79998779296875,"left":118.33332824707031,"height":19,"width":71.25,"children":[{"name":"-navigateWithinSoftTabs","top":383.79998779296875,"left":122.33332824707031,"height":13,"width":13,"children":[]}]}]},{"name":"ace-option-mergeUndoDeltas","top":402.79998779296875,"left":10,"height":20.5,"width":180.583,"children":[{"name":"box2","top":403.79998779296875,"left":11,"height":18.5,"width":103.333,"children":[{"name":"box3","top":406.04998779296875,"left":11,"height":14,"width":103,"children":[]}]},{"name":"-mergeUndoDeltas","top":403.79998779296875,"left":118.33332824707031,"height":18.5,"width":71.25,"children":[]}]}]},{"name":"more-controls","top":377.79998779296875,"left":8,"height":47.5,"width":184.583,"children":[{"name":"ace-option-navigateWithinSoftTabs","top":379.79998779296875,"left":10,"height":21,"width":180.583,"children":[{"name":"box","top":380.79998779296875,"left":11,"height":19,"width":103.333,"children":[{"name":"box0","top":383.29998779296875,"left":29,"height":14,"width":85,"children":[]}]},{"name":"box1","top":380.79998779296875,"left":118.33332824707031,"height":19,"width":71.25,"children":[{"name":"-navigateWithinSoftTabs","top":383.79998779296875,"left":122.33332824707031,"height":13,"width":13,"children":[]}]}]},{"name":"ace-option-mergeUndoDeltas","top":402.79998779296875,"left":10,"height":20.5,"width":180.583,"children":[{"name":"box2","top":403.79998779296875,"left":11,"height":18.5,"width":103.333,"children":[{"name":"box3","top":406.04998779296875,"left":11,"height":14,"width":103,"children":[]}]},{"name":"-mergeUndoDeltas","top":403.79998779296875,"left":118.33332824707031,"height":18.5,"width":71.25,"children":[]}]}]},{"name":"more-controls","top":377.79998779296875,"left":8,"height":47.5,"width":184.583,"children":[{"name":"ace-option-navigateWithinSoftTabs","top":379.79998779296875,"left":10,"height":21,"width":180.583,"children":[{"name":"box","top":380.79998779296875,"left":11,"height":19,"width":103.333,"children":[{"name":"box0","top":383.29998779296875,"left":29,"height":14,"width":85,"children":[]}]},{"name":"box1","top":380.79998779296875,"left":118.33332824707031,"height":19,"width":71.25,"children":[{"name":"-navigateWithinSoftTabs","top":383.79998779296875,"left":122.33332824707031,"height":13,"width":13,"children":[]}]}]},{"name":"ace-option-mergeUndoDeltas","top":402.79998779296875,"left":10,"height":20.5,"width":180.583,"children":[{"name":"box2","top":403.79998779296875,"left":11,"height":18.5,"width":103.333,"children":[{"name":"box3","top":406.04998779296875,"left":11,"height":14,"width":103,"children":[]}]},{"name":"-mergeUndoDeltas","top":403.79998779296875,"left":118.33332824707031,"height":18.5,"width":71.25,"children":[]}]}]},{"name":"more-controls","top":377.79998779296875,"left":8,"height":47.5,"width":184.583,"children":[{"name":"ace-option-navigateWithinSoftTabs","top":379.79998779296875,"left":10,"height":21,"width":180.583,"children":[{"name":"box","top":380.79998779296875,"left":11,"height":19,"width":103.333,"children":[{"name":"box0","top":383.29998779296875,"left":29,"height":14,"width":85,"children":[]}]},{"name":"box1","top":380.79998779296875,"left":118.33332824707031,"height":19,"width":71.25,"children":[{"name":"-navigateWithinSoftTabs","top":383.79998779296875,"left":122.33332824707031,"height":13,"width":13,"children":[]}]}]},{"name":"ace-option-mergeUndoDeltas","top":402.79998779296875,"left":10,"height":20.5,"width":180.583,"children":[{"name":"box2","top":403.79998779296875,"left":11,"height":18.5,"width":103.333,"children":[{"name":"box3","top":406.04998779296875,"left":11,"height":14,"width":103,"children":[]}]},{"name":"-mergeUndoDeltas","top":403.79998779296875,"left":118.33332824707031,"height":18.5,"width":71.25,"children":[]}]}]},{"name":"more-controls","top":377.79998779296875,"left":8,"height":47.5,"width":184.583,"children":[{"name":"ace-option-navigateWithinSoftTabs","top":379.79998779296875,"left":10,"height":21,"width":180.583,"children":[{"name":"box","top":380.79998779296875,"left":11,"height":19,"width":103.333,"children":[{"name":"box0","top":383.29998779296875,"left":29,"height":14,"width":85,"children":[]}]},{"name":"box1","top":380.79998779296875,"left":118.33332824707031,"height":19,"width":71.25,"children":[{"name":"-navigateWithinSoftTabs","top":383.79998779296875,"left":122.33332824707031,"height":13,"width":13,"children":[]}]}]},{"name":"ace-option-mergeUndoDeltas","top":402.79998779296875,"left":10,"height":20.5,"width":180.583,"children":[{"name":"box2","top":403.79998779296875,"left":11,"height":18.5,"width":103.333,"children":[{"name":"box3","top":406.04998779296875,"left":11,"height":14,"width":103,"children":[]}]},{"name":"-mergeUndoDeltas","top":403.79998779296875,"left":118.33332824707031,"height":18.5,"width":71.25,"children":[]}]}]},{"name":"more-controls","top":377.79998779296875,"left":8,"height":47.5,"width":184.583,"children":[{"name":"ace-option-navigateWithinSoftTabs","top":379.79998779296875,"left":10,"height":21,"width":180.583,"children":[{"name":"box","top":380.79998779296875,"left":11,"height":19,"width":103.333,"children":[{"name":"box0","top":383.29998779296875,"left":29,"height":14,"width":85,"children":[]}]},{"name":"box1","top":380.79998779296875,"left":118.33332824707031,"height":19,"width":71.25,"children":[{"name":"-navigateWithinSoftTabs","top":383.79998779296875,"left":122.33332824707031,"height":13,"width":13,"children":[]}]}]},{"name":"ace-option-mergeUndoDeltas","top":402.79998779296875,"left":10,"height":20.5,"width":180.583,"children":[{"name":"box2","top":403.79998779296875,"left":11,"height":18.5,"width":103.333,"children":[{"name":"box3","top":406.04998779296875,"left":11,"height":14,"width":103,"children":[]}]},{"name":"-mergeUndoDeltas","top":403.79998779296875,"left":118.33332824707031,"height":18.5,"width":71.25,"children":[]}]}]},{"name":"more-controls","top":377.79998779296875,"left":8,"height":47.5,"width":184.583,"children":[{"name":"ace-option-navigateWithinSoftTabs","top":379.79998779296875,"left":10,"height":21,"width":180.583,"children":[{"name":"box","top":380.79998779296875,"left":11,"height":19,"width":103.333,"children":[{"name":"box0","top":383.29998779296875,"left":29,"height":14,"width":85,"children":[]}]},{"name":"box1","top":380.79998779296875,"left":118.33332824707031,"height":19,"width":71.25,"children":[{"name":"-navigateWithinSoftTabs","top":383.79998779296875,"left":122.33332824707031,"height":13,"width":13,"children":[]}]}]},{"name":"ace-option-mergeUndoDeltas","top":402.79998779296875,"left":10,"height":20.5,"width":180.583,"children":[{"name":"box2","top":403.79998779296875,"left":11,"height":18.5,"width":103.333,"children":[{"name":"box3","top":406.04998779296875,"left":11,"height":14,"width":103,"children":[]}]},{"name":"-mergeUndoDeltas","top":403.79998779296875,"left":118.33332824707031,"height":18.5,"width":71.25,"children":[]}]}]}]}