{"name":"hackernews-table-top","height":1300,"bench":{"lo":800,"hi":1200,"trainSeed":235775,"trainSize":10,"testSeed":17250987,"testSize":10},"train":[{"name":"box0","top":8,"left":91.31666564941406,"height":24,"width":944.35,"children":[{"name":"box2","top":10,"left":93.31666564941406,"height":20,"width":940.35,"children":[{"name":"box3","top":10,"left":93.31666564941406,"height":20,"width":20,"children":[{"name":"box4","top":16.5,"left":93.31666564941406,"height":14,"width":20,"children":[{"name":"box5","top":10,"left":93.31666564941406,"height":18,"width":18,"children":[]}]}]},{"name":"box6","top":10,"left":117.31666564941406,"height":20,"width":849.05,"children":[{"name":"box7","top":11.75,"left":117.31666564941406,"height":17,"width":456,"children":[{"name":"box9","top":11.75,"left":117.31666564941406,"height":17,"width":98,"children":[]},{"name":"box10","top":11.75,"left":225.01666259765625,"height":17,"width":27,"children":[]},{"name":"box11","top":11.75,"left":267.73333740234375,"height":17,"width":29,"children":[]},{"name":"box12","top":11.75,"left":311.6499938964844,"height":17,"width":70,"children":[]},{"name":"box13","top":11.75,"left":396.6333312988281,"height":17,"width":23,"children":[]},{"name":"box14","top":11.75,"left":434.8833312988281,"height":17,"width":34,"children":[]},{"name":"box15","top":11.75,"left":484.70001220703125,"height":17,"width":28,"children":[]},{"name":"box16","top":11.75,"left":528.0499877929688,"height":17,"width":46,"children":[]}]}]},{"name":"box17","top":10,"left":966.36669921875,"height":20,"width":63.3,"children":[{"name":"box19","top":11.75,"left":997.5,"height":17,"width":32,"children":[]}]}]}]},{"name":"box0","top":8,"left":79.76666259765625,"height":24,"width":813.45,"children":[{"name":"box2","top":10,"left":81.76666259765625,"height":20,"width":809.45,"children":[{"name":"box3","top":10,"left":81.76666259765625,"height":20,"width":20,"children":[{"name":"box4","top":16.5,"left":81.76666259765625,"height":14,"width":20,"children":[{"name":"box5","top":10,"left":81.76666259765625,"height":18,"width":18,"children":[]}]}]},{"name":"box6","top":10,"left":105.76666259765625,"height":20,"width":727.767,"children":[{"name":"box7","top":11.75,"left":105.76666259765625,"height":17,"width":456,"children":[{"name":"box9","top":11.75,"left":105.76666259765625,"height":17,"width":98,"children":[]},{"name":"box10","top":11.75,"left":213.46665954589844,"height":17,"width":27,"children":[]},{"name":"box11","top":11.75,"left":256.183349609375,"height":17,"width":29,"children":[]},{"name":"box12","top":11.75,"left":300.1000061035156,"height":17,"width":70,"children":[]},{"name":"box13","top":11.75,"left":385.08331298828125,"height":17,"width":23,"children":[]},{"name":"box14","top":11.75,"left":423.33331298828125,"height":17,"width":34,"children":[]},{"name":"box15","top":11.75,"left":473.1499938964844,"height":17,"width":28,"children":[]},{"name":"box16","top":11.75,"left":516.5,"height":17,"width":46,"children":[]}]}]},{"name":"box17","top":10,"left":833.5333251953125,"height":20,"width":53.6833,"children":[{"name":"box19","top":11.75,"left":855.0499877929688,"height":17,"width":32,"children":[]}]}]}]},{"name":"box0","top":8,"left":74.51666259765625,"height":24,"width":753.95,"children":[{"name":"box2","top":10,"left":76.51666259765625,"height":20,"width":749.95,"children":[{"name":"box3","top":10,"left":76.51666259765625,"height":20,"width":20,"children":[{"name":"box4","top":16.5,"left":76.51666259765625,"height":14,"width":20,"children":[{"name":"box5","top":10,"left":76.51666259765625,"height":18,"width":18,"children":[]}]}]},{"name":"box6","top":10,"left":100.51666259765625,"height":20,"width":672.633,"children":[{"name":"box7","top":11.75,"left":100.51666259765625,"height":17,"width":456,"children":[{"name":"box9","top":11.75,"left":100.51666259765625,"height":17,"width":98,"children":[]},{"name":"box10","top":11.75,"left":208.21665954589844,"height":17,"width":27,"children":[]},{"name":"box11","top":11.75,"left":250.93333435058594,"height":17,"width":29,"children":[]},{"name":"box12","top":11.75,"left":294.8500061035156,"height":17,"width":70,"children":[]},{"name":"box13","top":11.75,"left":379.83331298828125,"height":17,"width":23,"children":[]},{"name":"box14","top":11.75,"left":418.08331298828125,"height":17,"width":34,"children":[]},{"name":"box15","top":11.75,"left":467.8999938964844,"height":17,"width":28,"children":[]},{"name":"box16","top":11.75,"left":511.25,"height":17,"width":46,"children":[]}]}]},{"name":"box17","top":10,"left":773.1500244140625,"height":20,"width":49.3167,"children":[{"name":"box19","top":11.75,"left":790.2999877929688,"height":17,"width":32,"children":[]}]}]}]},{"name":"box0","top":8,"left":83.06666564941406,"height":24,"width":850.85,"children":[{"name":"box2","top":10,"left":85.06666564941406,"height":20,"width":846.85,"children":[{"name":"box3","top":10,"left":85.06666564941406,"height":20,"width":20,"children":[{"name":"box4","top":16.5,"left":85.06666564941406,"height":14,"width":20,"children":[{"name":"box5","top":10,"left":85.06666564941406,"height":18,"width":18,"children":[]}]}]},{"name":"box6","top":10,"left":109.06666564941406,"height":20,"width":762.417,"children":[{"name":"box7","top":11.75,"left":109.06666564941406,"height":17,"width":456,"children":[{"name":"box9","top":11.75,"left":109.06666564941406,"height":17,"width":98,"children":[]},{"name":"box10","top":11.75,"left":216.76666259765625,"height":17,"width":27,"children":[]},{"name":"box11","top":11.75,"left":259.48333740234375,"height":17,"width":29,"children":[]},{"name":"box12","top":11.75,"left":303.3999938964844,"height":17,"width":70,"children":[]},{"name":"box13","top":11.75,"left":388.3833312988281,"height":17,"width":23,"children":[]},{"name":"box14","top":11.75,"left":426.6333312988281,"height":17,"width":34,"children":[]},{"name":"box15","top":11.75,"left":476.45001220703125,"height":17,"width":28,"children":[]},{"name":"box16","top":11.75,"left":519.7999877929688,"height":17,"width":46,"children":[]}]}]},{"name":"box17","top":10,"left":871.4833374023438,"height":20,"width":56.4333,"children":[{"name":"box19","top":11.75,"left":895.75,"height":17,"width":32,"children":[]}]}]}]},{"name":"box0","top":8,"left":82.61666870117188,"height":24,"width":845.75,"children":[{"name":"box2","top":10,"left":84.61666870117188,"height":20,"width":841.75,"children":[{"name":"box3","top":10,"left":84.61666870117188,"height":20,"width":20,"children":[{"name":"box4","top":16.5,"left":84.61666870117188,"height":14,"width":20,"children":[{"name":"box5","top":10,"left":84.61666870117188,"height":18,"width":18,"children":[]}]}]},{"name":"box6","top":10,"left":108.61666870117188,"height":20,"width":757.7,"children":[{"name":"box7","top":11.75,"left":108.61666870117188,"height":17,"width":456,"children":[{"name":"box9","top":11.75,"left":108.61666870117188,"height":17,"width":98,"children":[]},{"name":"box10","top":11.75,"left":216.31666564941406,"height":17,"width":27,"children":[]},{"name":"box11","top":11.75,"left":259.0333251953125,"height":17,"width":29,"children":[]},{"name":"box12","top":11.75,"left":302.95001220703125,"height":17,"width":70,"children":[]},{"name":"box13","top":11.75,"left":387.933349609375,"height":17,"width":23,"children":[]},{"name":"box14","top":11.75,"left":426.183349609375,"height":17,"width":34,"children":[]},{"name":"box15","top":11.75,"left":476,"height":17,"width":28,"children":[]},{"name":"box16","top":11.75,"left":519.3499755859375,"height":17,"width":46,"children":[]}]}]},{"name":"box17","top":10,"left":866.316650390625,"height":20,"width":56.05,"children":[{"name":"box19","top":11.75,"left":890.2000122070312,"height":17,"width":32,"children":[]}]}]}]},{"name":"box0","top":8,"left":70.46665954589844,"height":24,"width":708.05,"children":[{"name":"box2","top":10,"left":72.46665954589844,"height":20,"width":704.05,"children":[{"name":"box3","top":10,"left":72.46665954589844,"height":20,"width":20,"children":[{"name":"box4","top":16.5,"left":72.46665954589844,"height":14,"width":20,"children":[{"name":"box5","top":10,"left":72.46665954589844,"height":18,"width":18,"children":[]}]}]},{"name":"box6","top":10,"left":96.46665954589844,"height":20,"width":630.1,"children":[{"name":"box7","top":11.75,"left":96.46665954589844,"height":17,"width":456,"children":[{"name":"box9","top":11.75,"left":96.46665954589844,"height":17,"width":98,"children":[]},{"name":"box10","top":11.75,"left":204.1666717529297,"height":17,"width":27,"children":[]},{"name":"box11","top":11.75,"left":246.88333129882812,"height":17,"width":29,"children":[]},{"name":"box12","top":11.75,"left":290.79998779296875,"height":17,"width":70,"children":[]},{"name":"box13","top":11.75,"left":375.7833251953125,"height":17,"width":23,"children":[]},{"name":"box14","top":11.75,"left":414.0333251953125,"height":17,"width":34,"children":[]},{"name":"box15","top":11.75,"left":463.8500061035156,"height":17,"width":28,"children":[]},{"name":"box16","top":11.75,"left":507.20001220703125,"height":17,"width":46,"children":[]}]}]},{"name":"box17","top":10,"left":726.566650390625,"height":20,"width":45.95,"children":[{"name":"box19","top":11.75,"left":740.3499755859375,"height":17,"width":32,"children":[]}]}]}]},{"name":"box0","top":8,"left":82.55000305175781,"height":24,"width":844.9,"children":[{"name":"box2","top":10,"left":84.55000305175781,"height":20,"width":840.9,"children":[{"name":"box3","top":10,"left":84.55000305175781,"height":20,"width":20,"children":[{"name":"box4","top":16.5,"left":84.55000305175781,"height":14,"width":20,"children":[{"name":"box5","top":10,"left":84.55000305175781,"height":18,"width":18,"children":[]}]}]},{"name":"box6","top":10,"left":108.55000305175781,"height":20,"width":756.9,"children":[{"name":"box7","top":11.75,"left":108.55000305175781,"height":17,"width":456,"children":[{"name":"box9","top":11.75,"left":108.55000305175781,"height":17,"width":98,"children":[]},{"name":"box10","top":11.75,"left":216.25,"height":17,"width":27,"children":[]},{"name":"box11","top":11.75,"left":258.9666748046875,"height":17,"width":29,"children":[]},{"name":"box12","top":11.75,"left":302.8833312988281,"height":17,"width":70,"children":[]},{"name":"box13","top":11.75,"left":387.8666687011719,"height":17,"width":23,"children":[]},{"name":"box14","top":11.75,"left":426.1166687011719,"height":17,"width":34,"children":[]},{"name":"box15","top":11.75,"left":475.933349609375,"height":17,"width":28,"children":[]},{"name":"box16","top":11.75,"left":519.2833251953125,"height":17,"width":46,"children":[]}]}]},{"name":"box17","top":10,"left":865.4500122070312,"height":20,"width":56,"children":[{"name":"box19","top":11.75,"left":889.2833251953125,"height":17,"width":32,"children":[]}]}]}]},{"name":"box0","top":8,"left":76.01666259765625,"height":24,"width":770.95,"children":[{"name":"box2","top":10,"left":78.01666259765625,"height":20,"width":766.95,"children":[{"name":"box3","top":10,"left":78.01666259765625,"height":20,"width":20,"children":[{"name":"box4","top":16.5,"left":78.01666259765625,"height":14,"width":20,"children":[{"name":"box5","top":10,"left":78.01666259765625,"height":18,"width":18,"children":[]}]}]},{"name":"box6","top":10,"left":102.01666259765625,"height":20,"width":688.383,"children":[{"name":"box7","top":11.75,"left":102.01666259765625,"height":17,"width":456,"children":[{"name":"box9","top":11.75,"left":102.01666259765625,"height":17,"width":98,"children":[]},{"name":"box10","top":11.75,"left":209.71665954589844,"height":17,"width":27,"children":[]},{"name":"box11","top":11.75,"left":252.43333435058594,"height":17,"width":29,"children":[]},{"name":"box12","top":11.75,"left":296.3500061035156,"height":17,"width":70,"children":[]},{"name":"box13","top":11.75,"left":381.33331298828125,"height":17,"width":23,"children":[]},{"name":"box14","top":11.75,"left":419.58331298828125,"height":17,"width":34,"children":[]},{"name":"box15","top":11.75,"left":469.3999938964844,"height":17,"width":28,"children":[]},{"name":"box16","top":11.75,"left":512.75,"height":17,"width":46,"children":[]}]}]},{"name":"box17","top":10,"left":790.4000244140625,"height":20,"width":50.5667,"children":[{"name":"box19","top":11.75,"left":808.7999877929688,"height":17,"width":32,"children":[]}]}]}]},{"name":"box0","top":8,"left":89.21665954589844,"height":24,"width":920.55,"children":[{"name":"box2","top":10,"left":91.21665954589844,"height":20,"width":916.55,"children":[{"name":"box3","top":10,"left":91.21665954589844,"height":20,"width":20,"children":[{"name":"box4","top":16.5,"left":91.21665954589844,"height":14,"width":20,"children":[{"name":"box5","top":10,"left":91.21665954589844,"height":18,"width":18,"children":[]}]}]},{"name":"box6","top":10,"left":115.21665954589844,"height":20,"width":827,"children":[{"name":"box7","top":11.75,"left":115.21665954589844,"height":17,"width":456,"children":[{"name":"box9","top":11.75,"left":115.21665954589844,"height":17,"width":98,"children":[]},{"name":"box10","top":11.75,"left":222.9166717529297,"height":17,"width":27,"children":[]},{"name":"box11","top":11.75,"left":265.6333312988281,"height":17,"width":29,"children":[]},{"name":"box12","top":11.75,"left":309.54998779296875,"height":17,"width":70,"children":[]},{"name":"box13","top":11.75,"left":394.5333251953125,"height":17,"width":23,"children":[]},{"name":"box14","top":11.75,"left":432.7833251953125,"height":17,"width":34,"children":[]},{"name":"box15","top":11.75,"left":482.6000061035156,"height":17,"width":28,"children":[]},{"name":"box16","top":11.75,"left":525.9500122070312,"height":17,"width":46,"children":[]}]}]},{"name":"box17","top":10,"left":942.2166748046875,"height":20,"width":61.55,"children":[{"name":"box19","top":11.75,"left":971.5999755859375,"height":17,"width":32,"children":[]}]}]}]},{"name":"box0","top":8,"left":84.56666564941406,"height":24,"width":867.85,"children":[{"name":"box2","top":10,"left":86.56666564941406,"height":20,"width":863.85,"children":[{"name":"box3","top":10,"left":86.56666564941406,"height":20,"width":20,"children":[{"name":"box4","top":16.5,"left":86.56666564941406,"height":14,"width":20,"children":[{"name":"box5","top":10,"left":86.56666564941406,"height":18,"width":18,"children":[]}]}]},{"name":"box6","top":10,"left":110.56666564941406,"height":20,"width":778.167,"children":[{"name":"box7","top":11.75,"left":110.56666564941406,"height":17,"width":456,"children":[{"name":"box9","top":11.75,"left":110.56666564941406,"height":17,"width":98,"children":[]},{"name":"box10","top":11.75,"left":218.26666259765625,"height":17,"width":27,"children":[]},{"name":"box11","top":11.75,"left":260.98333740234375,"height":17,"width":29,"children":[]},{"name":"box12","top":11.75,"left":304.8999938964844,"height":17,"width":70,"children":[]},{"name":"box13","top":11.75,"left":389.8833312988281,"height":17,"width":23,"children":[]},{"name":"box14","top":11.75,"left":428.1333312988281,"height":17,"width":34,"children":[]},{"name":"box15","top":11.75,"left":477.95001220703125,"height":17,"width":28,"children":[]},{"name":"box16","top":11.75,"left":521.2999877929688,"height":17,"width":46,"children":[]}]}]},{"name":"box17","top":10,"left":888.7333374023438,"height":20,"width":57.6833,"children":[{"name":"box19","top":11.75,"left":914.25,"height":17,"width":32,"children":[]}]}]}]}],"test":[{"name":"box0","top":8,"left":78.41667175292969,"height":24,"width":798.15,"children":[{"name":"box2","top":10,"left":80.41667175292969,"height":20,"width":794.15,"children":[{"name":"box3","top":10,"left":80.41667175292969,"height":20,"width":20,"children":[{"name":"box4","top":16.5,"left":80.41667175292969,"height":14,"width":20,"children":[{"name":"box5","top":10,"left":80.41667175292969,"height":18,"width":18,"children":[]}]}]},{"name":"box6","top":10,"left":104.41667175292969,"height":20,"width":713.583,"children":[{"name":"box7","top":11.75,"left":104.41667175292969,"height":17,"width":456,"children":[{"name":"box9","top":11.75,"left":104.41667175292969,"height":17,"width":98,"children":[]},{"name":"box10","top":11.75,"left":212.11666870117188,"height":17,"width":27,"children":[]},{"name":"box11","top":11.75,"left":254.8333282470703,"height":17,"width":29,"children":[]},{"name":"box12","top":11.75,"left":298.75,"height":17,"width":70,"children":[]},{"name":"box13","top":11.75,"left":383.73333740234375,"height":17,"width":23,"children":[]},{"name":"box14","top":11.75,"left":421.98333740234375,"height":17,"width":34,"children":[]},{"name":"box15","top":11.75,"left":471.79998779296875,"height":17,"width":28,"children":[]},{"name":"box16","top":11.75,"left":515.1500244140625,"height":17,"width":46,"children":[]}]}]},{"name":"box17","top":10,"left":818,"height":20,"width":52.5667,"children":[{"name":"box19","top":11.75,"left":838.4000244140625,"height":17,"width":32,"children":[]}]}]}]},{"name":"box0","top":8,"left":79.76666259765625,"height":24,"width":813.45,"children":[{"name":"box2","top":10,"left":81.76666259765625,"height":20,"width":809.45,"children":[{"name":"box3","top":10,"left":81.76666259765625,"height":20,"width":20,"children":[{"name":"box4","top":16.5,"left":81.76666259765625,"height":14,"width":20,"children":[{"name":"box5","top":10,"left":81.76666259765625,"height":18,"width":18,"children":[]}]}]},{"name":"box6","top":10,"left":105.76666259765625,"height":20,"width":727.767,"children":[{"name":"box7","top":11.75,"left":105.76666259765625,"height":17,"width":456,"children":[{"name":"box9","top":11.75,"left":105.76666259765625,"height":17,"width":98,"children":[]},{"name":"box10","top":11.75,"left":213.46665954589844,"height":17,"width":27,"children":[]},{"name":"box11","top":11.75,"left":256.183349609375,"height":17,"width":29,"children":[]},{"name":"box12","top":11.75,"left":300.1000061035156,"height":17,"width":70,"children":[]},{"name":"box13","top":11.75,"left":385.08331298828125,"height":17,"width":23,"children":[]},{"name":"box14","top":11.75,"left":423.33331298828125,"height":17,"width":34,"children":[]},{"name":"box15","top":11.75,"left":473.1499938964844,"height":17,"width":28,"children":[]},{"name":"box16","top":11.75,"left":516.5,"height":17,"width":46,"children":[]}]}]},{"name":"box17","top":10,"left":833.5333251953125,"height":20,"width":53.6833,"children":[{"name":"box19","top":11.75,"left":855.0499877929688,"height":17,"width":32,"children":[]}]}]}]},{"name":"box0","top":8,"left":80.75,"height":24,"width":824.5,"children":[{"name":"box2","top":10,"left":82.75,"height":20,"width":820.5,"children":[{"name":"box3","top":10,"left":82.75,"height":20,"width":20,"children":[{"name":"box4","top":16.5,"left":82.75,"height":14,"width":20,"children":[{"name":"box5","top":10,"left":82.75,"height":18,"width":18,"children":[]}]}]},{"name":"box6","top":10,"left":106.75,"height":20,"width":738,"children":[{"name":"box7","top":11.75,"left":106.75,"height":17,"width":456,"children":[{"name":"box9","top":11.75,"left":106.75,"height":17,"width":98,"children":[]},{"name":"box10","top":11.75,"left":214.4499969482422,"height":17,"width":27,"children":[]},{"name":"box11","top":11.75,"left":257.16668701171875,"height":17,"width":29,"children":[]},{"name":"box12","top":11.75,"left":301.08331298828125,"height":17,"width":70,"children":[]},{"name":"box13","top":11.75,"left":386.066650390625,"height":17,"width":23,"children":[]},{"name":"box14","top":11.75,"left":424.316650390625,"height":17,"width":34,"children":[]},{"name":"box15","top":11.75,"left":474.1333312988281,"height":17,"width":28,"children":[]},{"name":"box16","top":11.75,"left":517.4833374023438,"height":17,"width":46,"children":[]}]}]},{"name":"box17","top":10,"left":844.75,"height":20,"width":54.5,"children":[{"name":"box19","top":11.75,"left":867.0833129882812,"height":17,"width":32,"children":[]}]}]}]},{"name":"box0","top":8,"left":79.16667175292969,"height":24,"width":806.65,"children":[{"name":"box2","top":10,"left":81.16667175292969,"height":20,"width":802.65,"children":[{"name":"box3","top":10,"left":81.16667175292969,"height":20,"width":20,"children":[{"name":"box4","top":16.5,"left":81.16667175292969,"height":14,"width":20,"children":[{"name":"box5","top":10,"left":81.16667175292969,"height":18,"width":18,"children":[]}]}]},{"name":"box6","top":10,"left":105.16667175292969,"height":20,"width":721.467,"children":[{"name":"box7","top":11.75,"left":105.16667175292969,"height":17,"width":456,"children":[{"name":"box9","top":11.75,"left":105.16667175292969,"height":17,"width":98,"children":[]},{"name":"box10","top":11.75,"left":212.86666870117188,"height":17,"width":27,"children":[]},{"name":"box11","top":11.75,"left":255.5833282470703,"height":17,"width":29,"children":[]},{"name":"box12","top":11.75,"left":299.5,"height":17,"width":70,"children":[]},{"name":"box13","top":11.75,"left":384.48333740234375,"height":17,"width":23,"children":[]},{"name":"box14","top":11.75,"left":422.73333740234375,"height":17,"width":34,"children":[]},{"name":"box15","top":11.75,"left":472.54998779296875,"height":17,"width":28,"children":[]},{"name":"box16","top":11.75,"left":515.9000244140625,"height":17,"width":46,"children":[]}]}]},{"name":"box17","top":10,"left":826.63330078125,"height":20,"width":53.1833,"children":[{"name":"box19","top":11.75,"left":847.6500244140625,"height":17,"width":32,"children":[]}]}]}]},{"name":"box0","top":8,"left":93.5,"height":24,"width":969,"children":[{"name":"box2","top":10,"left":95.5,"height":20,"width":965,"children":[{"name":"box3","top":10,"left":95.5,"height":20,"width":20,"children":[{"name":"box4","top":16.5,"left":95.5,"height":14,"width":20,"children":[{"name":"box5","top":10,"left":95.5,"height":18,"width":18,"children":[]}]}]},{"name":"box6","top":10,"left":119.5,"height":20,"width":871.9,"children":[{"name":"box7","top":11.75,"left":119.5,"height":17,"width":456,"children":[{"name":"box9","top":11.75,"left":119.5,"height":17,"width":98,"children":[]},{"name":"box10","top":11.75,"left":227.1999969482422,"height":17,"width":27,"children":[]},{"name":"box11","top":11.75,"left":269.91668701171875,"height":17,"width":29,"children":[]},{"name":"box12","top":11.75,"left":313.83331298828125,"height":17,"width":70,"children":[]},{"name":"box13","top":11.75,"left":398.816650390625,"height":17,"width":23,"children":[]},{"name":"box14","top":11.75,"left":437.066650390625,"height":17,"width":34,"children":[]},{"name":"box15","top":11.75,"left":486.8833312988281,"height":17,"width":28,"children":[]},{"name":"box16","top":11.75,"left":530.2333374023438,"height":17,"width":46,"children":[]}]}]},{"name":"box17","top":10,"left":991.4000244140625,"height":20,"width":65.1,"children":[{"name":"box19","top":11.75,"left":1024.3333740234375,"height":17,"width":32,"children":[]}]}]}]},{"name":"box0","top":8,"left":68,"height":24,"width":680,"children":[{"name":"box2","top":10,"left":70,"height":20,"width":676,"children":[{"name":"box3","top":10,"left":70,"height":20,"width":20,"children":[{"name":"box4","top":16.5,"left":70,"height":14,"width":20,"children":[{"name":"box5","top":10,"left":70,"height":18,"width":18,"children":[]}]}]},{"name":"box6","top":10,"left":94,"height":20,"width":604.117,"children":[{"name":"box7","top":11.75,"left":94,"height":17,"width":456,"children":[{"name":"box9","top":11.75,"left":94,"height":17,"width":98,"children":[]},{"name":"box10","top":11.75,"left":201.6999969482422,"height":17,"width":27,"children":[]},{"name":"box11","top":11.75,"left":244.4166717529297,"height":17,"width":29,"children":[]},{"name":"box12","top":11.75,"left":288.33331298828125,"height":17,"width":70,"children":[]},{"name":"box13","top":11.75,"left":373.316650390625,"height":17,"width":23,"children":[]},{"name":"box14","top":11.75,"left":411.566650390625,"height":17,"width":34,"children":[]},{"name":"box15","top":11.75,"left":461.3833312988281,"height":17,"width":28,"children":[]},{"name":"box16","top":11.75,"left":504.73333740234375,"height":17,"width":46,"children":[]}]}]},{"name":"box17","top":10,"left":698.11669921875,"height":20,"width":43.8833,"children":[{"name":"box19","top":11.75,"left":709.8333129882812,"height":17,"width":32,"children":[]}]}]}]},{"name":"box0","top":8,"left":78.35000610351562,"height":24,"width":797.3,"children":[{"name":"box2","top":10,"left":80.35000610351562,"height":20,"width":793.3,"children":[{"name":"box3","top":10,"left":80.35000610351562,"height":20,"width":20,"children":[{"name":"box4","top":16.5,"left":80.35000610351562,"height":14,"width":20,"children":[{"name":"box5","top":10,"left":80.35000610351562,"height":18,"width":18,"children":[]}]}]},{"name":"box6","top":10,"left":104.35000610351562,"height":20,"width":712.8,"children":[{"name":"box7","top":11.75,"left":104.35000610351562,"height":17,"width":456,"children":[{"name":"box9","top":11.75,"left":104.35000610351562,"height":17,"width":98,"children":[]},{"name":"box10","top":11.75,"left":212.0500030517578,"height":17,"width":27,"children":[]},{"name":"box11","top":11.75,"left":254.76666259765625,"height":17,"width":29,"children":[]},{"name":"box12","top":11.75,"left":298.683349609375,"height":17,"width":70,"children":[]},{"name":"box13","top":11.75,"left":383.66668701171875,"height":17,"width":23,"children":[]},{"name":"box14","top":11.75,"left":421.91668701171875,"height":17,"width":34,"children":[]},{"name":"box15","top":11.75,"left":471.73333740234375,"height":17,"width":28,"children":[]},{"name":"box16","top":11.75,"left":515.0833129882812,"height":17,"width":46,"children":[]}]}]},{"name":"box17","top":10,"left":817.1500244140625,"height":20,"width":52.5,"children":[{"name":"box19","top":11.75,"left":837.4833374023438,"height":17,"width":32,"children":[]}]}]}]},{"name":"box0","top":8,"left":67.85000610351562,"height":24,"width":678.3,"children":[{"name":"box2","top":10,"left":69.85000610351562,"height":20,"width":674.3,"children":[{"name":"box3","top":10,"left":69.85000610351562,"height":20,"width":20,"children":[{"name":"box4","top":16.5,"left":69.85000610351562,"height":14,"width":20,"children":[{"name":"box5","top":10,"left":69.85000610351562,"height":18,"width":18,"children":[]}]}]},{"name":"box6","top":10,"left":93.85000610351562,"height":20,"width":602.55,"children":[{"name":"box7","top":11.75,"left":93.85000610351562,"height":17,"width":456,"children":[{"name":"box9","top":11.75,"left":93.85000610351562,"height":17,"width":98,"children":[]},{"name":"box10","top":11.75,"left":201.5500030517578,"height":17,"width":27,"children":[]},{"name":"box11","top":11.75,"left":244.26666259765625,"height":17,"width":29,"children":[]},{"name":"box12","top":11.75,"left":288.183349609375,"height":17,"width":70,"children":[]},{"name":"box13","top":11.75,"left":373.16668701171875,"height":17,"width":23,"children":[]},{"name":"box14","top":11.75,"left":411.41668701171875,"height":17,"width":34,"children":[]},{"name":"box15","top":11.75,"left":461.23333740234375,"height":17,"width":28,"children":[]},{"name":"box16","top":11.75,"left":504.58331298828125,"height":17,"width":46,"children":[]}]}]},{"name":"box17","top":10,"left":696.4000244140625,"height":20,"width":43.75,"children":[{"name":"box19","top":11.75,"left":707.9833374023438,"height":17,"width":32,"children":[]}]}]}]},{"name":"box0","top":8,"left":67.85000610351562,"height":24,"width":678.3,"children":[{"name":"box2","top":10,"left":69.85000610351562,"height":20,"width":674.3,"children":[{"name":"box3","top":10,"left":69.85000610351562,"height":20,"width":20,"children":[{"name":"box4","top":16.5,"left":69.85000610351562,"height":14,"width":20,"children":[{"name":"box5","top":10,"left":69.85000610351562,"height":18,"width":18,"children":[]}]}]},{"name":"box6","top":10,"left":93.85000610351562,"height":20,"width":602.55,"children":[{"name":"box7","top":11.75,"left":93.85000610351562,"height":17,"width":456,"children":[{"name":"box9","top":11.75,"left":93.85000610351562,"height":17,"width":98,"children":[]},{"name":"box10","top":11.75,"left":201.5500030517578,"height":17,"width":27,"children":[]},{"name":"box11","top":11.75,"left":244.26666259765625,"height":17,"width":29,"children":[]},{"name":"box12","top":11.75,"left":288.183349609375,"height":17,"width":70,"children":[]},{"name":"box13","top":11.75,"left":373.16668701171875,"height":17,"width":23,"children":[]},{"name":"box14","top":11.75,"left":411.41668701171875,"height":17,"width":34,"children":[]},{"name":"box15","top":11.75,"left":461.23333740234375,"height":17,"width":28,"children":[]},{"name":"box16","top":11.75,"left":504.58331298828125,"height":17,"width":46,"children":[]}]}]},{"name":"box17","top":10,"left":696.4000244140625,"height":20,"width":43.75,"children":[{"name":"box19","top":11.75,"left":707.9833374023438,"height":17,"width":32,"children":[]}]}]}]},{"name":"box0","top":8,"left":79.91667175292969,"height":24,"width":815.15,"children":[{"name":"box2","top":10,"left":81.91667175292969,"height":20,"width":811.15,"children":[{"name":"box3","top":10,"left":81.91667175292969,"height":20,"width":20,"children":[{"name":"box4","top":16.5,"left":81.91667175292969,"height":14,"width":20,"children":[{"name":"box5","top":10,"left":81.91667175292969,"height":18,"width":18,"children":[]}]}]},{"name":"box6","top":10,"left":105.91667175292969,"height":20,"width":729.35,"children":[{"name":"box7","top":11.75,"left":105.91667175292969,"height":17,"width":456,"children":[{"name":"box9","top":11.75,"left":105.91667175292969,"height":17,"width":98,"children":[]},{"name":"box10","top":11.75,"left":213.61666870117188,"height":17,"width":27,"children":[]},{"name":"box11","top":11.75,"left":256.33331298828125,"height":17,"width":29,"children":[]},{"name":"box12","top":11.75,"left":300.25,"height":17,"width":70,"children":[]},{"name":"box13","top":11.75,"left":385.23333740234375,"height":17,"width":23,"children":[]},{"name":"box14","top":11.75,"left":423.48333740234375,"height":17,"width":34,"children":[]},{"name":"box15","top":11.75,"left":473.29998779296875,"height":17,"width":28,"children":[]},{"name":"box16","top":11.75,"left":516.6500244140625,"height":17,"width":46,"children":[]}]}]},{"name":"box17","top":10,"left":835.2666625976562,"height":20,"width":53.8,"children":[{"name":"box19","top":11.75,"left":856.9000244140625,"height":17,"width":32,"children":[]}]}]}]}]}