{"name":"hackernews-table-bottom","height":1300,"bench":{"lo":800,"hi":1200,"trainSeed":235775,"trainSize":10,"testSeed":17250987,"testSize":10},"train":[{"name":"box","top":1133.5,"left":91.31666564941406,"height":93.8333,"width":944.35,"children":[{"name":"box2","top":1143.5,"left":91.31666564941406,"height":2,"width":944.35,"children":[{"name":"box3","top":1144.5,"left":92.31666564941406,"height":2,"width":942.35,"children":[]}]},{"name":"box4","top":1145.5,"left":91.31666564941406,"height":16.5,"width":0.0166667,"children":[]},{"name":"box5","top":1162,"left":91.31666564941406,"height":52,"width":944.35,"children":[{"name":"box6","top":1162,"left":305.3500061035156,"height":14,"width":516,"children":[{"name":"box7","top":1162,"left":305.3500061035156,"height":14,"width":55,"children":[]},{"name":"box8","top":1162,"left":373.16668701171875,"height":14,"width":22,"children":[]},{"name":"box9","top":1162,"left":407.33331298828125,"height":14,"width":43,"children":[]},{"name":"box10","top":1162,"left":462.23333740234375,"height":14,"width":18,"children":[]},{"name":"box11","top":1162,"left":492.7833251953125,"height":14,"width":44,"children":[]},{"name":"box12","top":1162,"left":549.066650390625,"height":14,"width":24,"children":[]},{"name":"box13","top":1162,"left":585.5833129882812,"height":14,"width":68,"children":[]},{"name":"box14","top":1162,"left":665.63330078125,"height":14,"width":28,"children":[]},{"name":"box15","top":1162,"left":706.25,"height":14,"width":62,"children":[]},{"name":"box16","top":1162,"left":780.61669921875,"height":14,"width":41,"children":[]}]},{"name":"box17","top":1175.5,"left":563.4833374023438,"height":16.5,"width":0.0166667,"children":[]},{"name":"box18","top":1192,"left":91.31666564941406,"height":22,"width":944.35,"children":[{"name":"box19","top":1192,"left":519.7833251953125,"height":22,"width":144.283,"children":[]}]}]}]},{"name":"box","top":1133.5,"left":79.76666259765625,"height":93.8333,"width":813.45,"children":[{"name":"box2","top":1143.5,"left":79.76666259765625,"height":2,"width":813.45,"children":[{"name":"box3","top":1144.5,"left":80.76666259765625,"height":2,"width":811.45,"children":[]}]},{"name":"box4","top":1145.5,"left":79.76666259765625,"height":16.5,"width":0.0166667,"children":[]},{"name":"box5","top":1162,"left":79.76666259765625,"height":52,"width":813.45,"children":[{"name":"box6","top":1162,"left":228.35000610351562,"height":14,"width":516,"children":[{"name":"box7","top":1162,"left":228.35000610351562,"height":14,"width":55,"children":[]},{"name":"box8","top":1162,"left":296.16668701171875,"height":14,"width":22,"children":[]},{"name":"box9","top":1162,"left":330.33331298828125,"height":14,"width":43,"children":[]},{"name":"box10","top":1162,"left":385.23333740234375,"height":14,"width":18,"children":[]},{"name":"box11","top":1162,"left":415.7833251953125,"height":14,"width":44,"children":[]},{"name":"box12","top":1162,"left":472.066650390625,"height":14,"width":24,"children":[]},{"name":"box13","top":1162,"left":508.58331298828125,"height":14,"width":68,"children":[]},{"name":"box14","top":1162,"left":588.63330078125,"height":14,"width":28,"children":[]},{"name":"box15","top":1162,"left":629.25,"height":14,"width":62,"children":[]},{"name":"box16","top":1162,"left":703.61669921875,"height":14,"width":41,"children":[]}]},{"name":"box17","top":1175.5,"left":486.48333740234375,"height":16.5,"width":0.0166667,"children":[]},{"name":"box18","top":1192,"left":79.76666259765625,"height":22,"width":813.45,"children":[{"name":"box19","top":1192,"left":442.7833251953125,"height":22,"width":144.283,"children":[]}]}]}]},{"name":"box","top":1133.5,"left":74.51666259765625,"height":93.8333,"width":753.95,"children":[{"name":"box2","top":1143.5,"left":74.51666259765625,"height":2,"width":753.95,"children":[{"name":"box3","top":1144.5,"left":75.51666259765625,"height":2,"width":751.95,"children":[]}]},{"name":"box4","top":1145.5,"left":74.51666259765625,"height":16.5,"width":0.0166667,"children":[]},{"name":"box5","top":1162,"left":74.51666259765625,"height":52,"width":753.95,"children":[{"name":"box6","top":1162,"left":193.35000610351562,"height":14,"width":516,"children":[{"name":"box7","top":1162,"left":193.35000610351562,"height":14,"width":55,"children":[]},{"name":"box8","top":1162,"left":261.16668701171875,"height":14,"width":22,"children":[]},{"name":"box9","top":1162,"left":295.33331298828125,"height":14,"width":43,"children":[]},{"name":"box10","top":1162,"left":350.23333740234375,"height":14,"width":18,"children":[]},{"name":"box11","top":1162,"left":380.7833251953125,"height":14,"width":44,"children":[]},{"name":"box12","top":1162,"left":437.066650390625,"height":14,"width":24,"children":[]},{"name":"box13","top":1162,"left":473.58331298828125,"height":14,"width":68,"children":[]},{"name":"box14","top":1162,"left":553.63330078125,"height":14,"width":28,"children":[]},{"name":"box15","top":1162,"left":594.25,"height":14,"width":62,"children":[]},{"name":"box16","top":1162,"left":668.61669921875,"height":14,"width":41,"children":[]}]},{"name":"box17","top":1175.5,"left":451.48333740234375,"height":16.5,"width":0.0166667,"children":[]},{"name":"box18","top":1192,"left":74.51666259765625,"height":22,"width":753.95,"children":[{"name":"box19","top":1192,"left":407.7833251953125,"height":22,"width":144.283,"children":[]}]}]}]},{"name":"box","top":1133.5,"left":83.06666564941406,"height":93.8333,"width":850.85,"children":[{"name":"box2","top":1143.5,"left":83.06666564941406,"height":2,"width":850.85,"children":[{"name":"box3","top":1144.5,"left":84.06666564941406,"height":2,"width":848.85,"children":[]}]},{"name":"box4","top":1145.5,"left":83.06666564941406,"height":16.5,"width":0.0166667,"children":[]},{"name":"box5","top":1162,"left":83.06666564941406,"height":52,"width":850.85,"children":[{"name":"box6","top":1162,"left":250.35000610351562,"height":14,"width":516,"children":[{"name":"box7","top":1162,"left":250.35000610351562,"height":14,"width":55,"children":[]},{"name":"box8","top":1162,"left":318.16668701171875,"height":14,"width":22,"children":[]},{"name":"box9","top":1162,"left":352.33331298828125,"height":14,"width":43,"children":[]},{"name":"box10","top":1162,"left":407.23333740234375,"height":14,"width":18,"children":[]},{"name":"box11","top":1162,"left":437.7833251953125,"height":14,"width":44,"children":[]},{"name":"box12","top":1162,"left":494.066650390625,"height":14,"width":24,"children":[]},{"name":"box13","top":1162,"left":530.5833129882812,"height":14,"width":68,"children":[]},{"name":"box14","top":1162,"left":610.63330078125,"height":14,"width":28,"children":[]},{"name":"box15","top":1162,"left":651.25,"height":14,"width":62,"children":[]},{"name":"box16","top":1162,"left":725.61669921875,"height":14,"width":41,"children":[]}]},{"name":"box17","top":1175.5,"left":508.48333740234375,"height":16.5,"width":0.0166667,"children":[]},{"name":"box18","top":1192,"left":83.06666564941406,"height":22,"width":850.85,"children":[{"name":"box19","top":1192,"left":464.7833251953125,"height":22,"width":144.283,"children":[]}]}]}]},{"name":"box","top":1133.5,"left":82.61666870117188,"height":93.8333,"width":845.75,"children":[{"name":"box2","top":1143.5,"left":82.61666870117188,"height":2,"width":845.75,"children":[{"name":"box3","top":1144.5,"left":83.61666870117188,"height":2,"width":843.75,"children":[]}]},{"name":"box4","top":1145.5,"left":82.61666870117188,"height":16.5,"width":0.0166667,"children":[]},{"name":"box5","top":1162,"left":82.61666870117188,"height":52,"width":845.75,"children":[{"name":"box6","top":1162,"left":247.35000610351562,"height":14,"width":516,"children":[{"name":"box7","top":1162,"left":247.35000610351562,"height":14,"width":55,"children":[]},{"name":"box8","top":1162,"left":315.16668701171875,"height":14,"width":22,"children":[]},{"name":"box9","top":1162,"left":349.33331298828125,"height":14,"width":43,"children":[]},{"name":"box10","top":1162,"left":404.23333740234375,"height":14,"width":18,"children":[]},{"name":"box11","top":1162,"left":434.7833251953125,"height":14,"width":44,"children":[]},{"name":"box12","top":1162,"left":491.066650390625,"height":14,"width":24,"children":[]},{"name":"box13","top":1162,"left":527.5833129882812,"height":14,"width":68,"children":[]},{"name":"box14","top":1162,"left":607.63330078125,"height":14,"width":28,"children":[]},{"name":"box15","top":1162,"left":648.25,"height":14,"width":62,"children":[]},{"name":"box16","top":1162,"left":722.61669921875,"height":14,"width":41,"children":[]}]},{"name":"box17","top":1175.5,"left":505.48333740234375,"height":16.5,"width":0.0166667,"children":[]},{"name":"box18","top":1192,"left":82.61666870117188,"height":22,"width":845.75,"children":[{"name":"box19","top":1192,"left":461.7833251953125,"height":22,"width":144.283,"children":[]}]}]}]},{"name":"box","top":1133.5,"left":70.46665954589844,"height":93.8333,"width":708.05,"children":[{"name":"box2","top":1143.5,"left":70.46665954589844,"height":2,"width":708.05,"children":[{"name":"box3","top":1144.5,"left":71.46665954589844,"height":2,"width":706.05,"children":[]}]},{"name":"box4","top":1145.5,"left":70.46665954589844,"height":16.5,"width":0.0166667,"children":[]},{"name":"box5","top":1162,"left":70.46665954589844,"height":52,"width":708.05,"children":[{"name":"box6","top":1162,"left":166.35000610351562,"height":14,"width":516,"children":[{"name":"box7","top":1162,"left":166.35000610351562,"height":14,"width":55,"children":[]},{"name":"box8","top":1162,"left":234.1666717529297,"height":14,"width":22,"children":[]},{"name":"box9","top":1162,"left":268.33331298828125,"height":14,"width":43,"children":[]},{"name":"box10","top":1162,"left":323.23333740234375,"height":14,"width":18,"children":[]},{"name":"box11","top":1162,"left":353.7833251953125,"height":14,"width":44,"children":[]},{"name":"box12","top":1162,"left":410.066650390625,"height":14,"width":24,"children":[]},{"name":"box13","top":1162,"left":446.58331298828125,"height":14,"width":68,"children":[]},{"name":"box14","top":1162,"left":526.63330078125,"height":14,"width":28,"children":[]},{"name":"box15","top":1162,"left":567.25,"height":14,"width":62,"children":[]},{"name":"box16","top":1162,"left":641.61669921875,"height":14,"width":41,"children":[]}]},{"name":"box17","top":1175.5,"left":424.48333740234375,"height":16.5,"width":0.0166667,"children":[]},{"name":"box18","top":1192,"left":70.46665954589844,"height":22,"width":708.05,"children":[{"name":"box19","top":1192,"left":380.7833251953125,"height":22,"width":144.283,"children":[]}]}]}]},{"name":"box","top":1133.5,"left":82.55000305175781,"height":93.8333,"width":844.9,"children":[{"name":"box2","top":1143.5,"left":82.55000305175781,"height":2,"width":844.9,"children":[{"name":"box3","top":1144.5,"left":83.55000305175781,"height":2,"width":842.9,"children":[]}]},{"name":"box4","top":1145.5,"left":82.55000305175781,"height":16.5,"width":0.0166667,"children":[]},{"name":"box5","top":1162,"left":82.55000305175781,"height":52,"width":844.9,"children":[{"name":"box6","top":1162,"left":246.85000610351562,"height":14,"width":516,"children":[{"name":"box7","top":1162,"left":246.85000610351562,"height":14,"width":55,"children":[]},{"name":"box8","top":1162,"left":314.66668701171875,"height":14,"width":22,"children":[]},{"name":"box9","top":1162,"left":348.83331298828125,"height":14,"width":43,"children":[]},{"name":"box10","top":1162,"left":403.73333740234375,"height":14,"width":18,"children":[]},{"name":"box11","top":1162,"left":434.2833251953125,"height":14,"width":44,"children":[]},{"name":"box12","top":1162,"left":490.566650390625,"height":14,"width":24,"children":[]},{"name":"box13","top":1162,"left":527.0833129882812,"height":14,"width":68,"children":[]},{"name":"box14","top":1162,"left":607.13330078125,"height":14,"width":28,"children":[]},{"name":"box15","top":1162,"left":647.75,"height":14,"width":62,"children":[]},{"name":"box16","top":1162,"left":722.11669921875,"height":14,"width":41,"children":[]}]},{"name":"box17","top":1175.5,"left":504.98333740234375,"height":16.5,"width":0.0166667,"children":[]},{"name":"box18","top":1192,"left":82.55000305175781,"height":22,"width":844.9,"children":[{"name":"box19","top":1192,"left":461.2833251953125,"height":22,"width":144.283,"children":[]}]}]}]},{"name":"box","top":1133.5,"left":76.01666259765625,"height":93.8333,"width":770.95,"children":[{"name":"box2","top":1143.5,"left":76.01666259765625,"height":2,"width":770.95,"children":[{"name":"box3","top":1144.5,"left":77.01666259765625,"height":2,"width":768.95,"children":[]}]},{"name":"box4","top":1145.5,"left":76.01666259765625,"height":16.5,"width":0.0166667,"children":[]},{"name":"box5","top":1162,"left":76.01666259765625,"height":52,"width":770.95,"children":[{"name":"box6","top":1162,"left":203.35000610351562,"height":14,"width":516,"children":[{"name":"box7","top":1162,"left":203.35000610351562,"height":14,"width":55,"children":[]},{"name":"box8","top":1162,"left":271.16668701171875,"height":14,"width":22,"children":[]},{"name":"box9","top":1162,"left":305.33331298828125,"height":14,"width":43,"children":[]},{"name":"box10","top":1162,"left":360.23333740234375,"height":14,"width":18,"children":[]},{"name":"box11","top":1162,"left":390.7833251953125,"height":14,"width":44,"children":[]},{"name":"box12","top":1162,"left":447.066650390625,"height":14,"width":24,"children":[]},{"name":"box13","top":1162,"left":483.58331298828125,"height":14,"width":68,"children":[]},{"name":"box14","top":1162,"left":563.63330078125,"height":14,"width":28,"children":[]},{"name":"box15","top":1162,"left":604.25,"height":14,"width":62,"children":[]},{"name":"box16","top":1162,"left":678.61669921875,"height":14,"width":41,"children":[]}]},{"name":"box17","top":1175.5,"left":461.48333740234375,"height":16.5,"width":0.0166667,"children":[]},{"name":"box18","top":1192,"left":76.01666259765625,"height":22,"width":770.95,"children":[{"name":"box19","top":1192,"left":417.7833251953125,"height":22,"width":144.283,"children":[]}]}]}]},{"name":"box","top":1133.5,"left":89.21665954589844,"height":93.8333,"width":920.55,"children":[{"name":"box2","top":1143.5,"left":89.21665954589844,"height":2,"width":920.55,"children":[{"name":"box3","top":1144.5,"left":90.21665954589844,"height":2,"width":918.55,"children":[]}]},{"name":"box4","top":1145.5,"left":89.21665954589844,"height":16.5,"width":0.0166667,"children":[]},{"name":"box5","top":1162,"left":89.21665954589844,"height":52,"width":920.55,"children":[{"name":"box6","top":1162,"left":291.3500061035156,"height":14,"width":516,"children":[{"name":"box7","top":1162,"left":291.3500061035156,"height":14,"width":55,"children":[]},{"name":"box8","top":1162,"left":359.16668701171875,"height":14,"width":22,"children":[]},{"name":"box9","top":1162,"left":393.33331298828125,"height":14,"width":43,"children":[]},{"name":"box10","top":1162,"left":448.23333740234375,"height":14,"width":18,"children":[]},{"name":"box11","top":1162,"left":478.7833251953125,"height":14,"width":44,"children":[]},{"name":"box12","top":1162,"left":535.066650390625,"height":14,"width":24,"children":[]},{"name":"box13","top":1162,"left":571.5833129882812,"height":14,"width":68,"children":[]},{"name":"box14","top":1162,"left":651.63330078125,"height":14,"width":28,"children":[]},{"name":"box15","top":1162,"left":692.25,"height":14,"width":62,"children":[]},{"name":"box16","top":1162,"left":766.61669921875,"height":14,"width":41,"children":[]}]},{"name":"box17","top":1175.5,"left":549.4833374023438,"height":16.5,"width":0.0166667,"children":[]},{"name":"box18","top":1192,"left":89.21665954589844,"height":22,"width":920.55,"children":[{"name":"box19","top":1192,"left":505.7833251953125,"height":22,"width":144.283,"children":[]}]}]}]},{"name":"box","top":1133.5,"left":84.56666564941406,"height":93.8333,"width":867.85,"children":[{"name":"box2","top":1143.5,"left":84.56666564941406,"height":2,"width":867.85,"children":[{"name":"box3","top":1144.5,"left":85.56666564941406,"height":2,"width":865.85,"children":[]}]},{"name":"box4","top":1145.5,"left":84.56666564941406,"height":16.5,"width":0.0166667,"children":[]},{"name":"box5","top":1162,"left":84.56666564941406,"height":52,"width":867.85,"children":[{"name":"box6","top":1162,"left":260.3500061035156,"height":14,"width":516,"children":[{"name":"box7","top":1162,"left":260.3500061035156,"height":14,"width":55,"children":[]},{"name":"box8","top":1162,"left":328.16668701171875,"height":14,"width":22,"children":[]},{"name":"box9","top":1162,"left":362.33331298828125,"height":14,"width":43,"children":[]},{"name":"box10","top":1162,"left":417.23333740234375,"height":14,"width":18,"children":[]},{"name":"box11","top":1162,"left":447.7833251953125,"height":14,"width":44,"children":[]},{"name":"box12","top":1162,"left":504.066650390625,"height":14,"width":24,"children":[]},{"name":"box13","top":1162,"left":540.5833129882812,"height":14,"width":68,"children":[]},{"name":"box14","top":1162,"left":620.63330078125,"height":14,"width":28,"children":[]},{"name":"box15","top":1162,"left":661.25,"height":14,"width":62,"children":[]},{"name":"box16","top":1162,"left":735.61669921875,"height":14,"width":41,"children":[]}]},{"name":"box17","top":1175.5,"left":518.4833374023438,"height":16.5,"width":0.0166667,"children":[]},{"name":"box18","top":1192,"left":84.56666564941406,"height":22,"width":867.85,"children":[{"name":"box19","top":1192,"left":474.7833251953125,"height":22,"width":144.283,"children":[]}]}]}]}],"test":[{"name":"box","top":1133.5,"left":78.41667175292969,"height":93.8333,"width":798.15,"children":[{"name":"box2","top":1143.5,"left":78.41667175292969,"height":2,"width":798.15,"children":[{"name":"box3","top":1144.5,"left":79.41667175292969,"height":2,"width":796.15,"children":[]}]},{"name":"box4","top":1145.5,"left":78.41667175292969,"height":16.5,"width":0.0166667,"children":[]},{"name":"box5","top":1162,"left":78.41667175292969,"height":52,"width":798.15,"children":[{"name":"box6","top":1162,"left":219.35000610351562,"height":14,"width":516,"children":[{"name":"box7","top":1162,"left":219.35000610351562,"height":14,"width":55,"children":[]},{"name":"box8","top":1162,"left":287.16668701171875,"height":14,"width":22,"children":[]},{"name":"box9","top":1162,"left":321.33331298828125,"height":14,"width":43,"children":[]},{"name":"box10","top":1162,"left":376.23333740234375,"height":14,"width":18,"children":[]},{"name":"box11","top":1162,"left":406.7833251953125,"height":14,"width":44,"children":[]},{"name":"box12","top":1162,"left":463.066650390625,"height":14,"width":24,"children":[]},{"name":"box13","top":1162,"left":499.58331298828125,"height":14,"width":68,"children":[]},{"name":"box14","top":1162,"left":579.63330078125,"height":14,"width":28,"children":[]},{"name":"box15","top":1162,"left":620.25,"height":14,"width":62,"children":[]},{"name":"box16","top":1162,"left":694.61669921875,"height":14,"width":41,"children":[]}]},{"name":"box17","top":1175.5,"left":477.48333740234375,"height":16.5,"width":0.0166667,"children":[]},{"name":"box18","top":1192,"left":78.41667175292969,"height":22,"width":798.15,"children":[{"name":"box19","top":1192,"left":433.7833251953125,"height":22,"width":144.283,"children":[]}]}]}]},{"name":"box","top":1133.5,"left":79.76666259765625,"height":93.8333,"width":813.45,"children":[{"name":"box2","top":1143.5,"left":79.76666259765625,"height":2,"width":813.45,"children":[{"name":"box3","top":1144.5,"left":80.76666259765625,"height":2,"width":811.45,"children":[]}]},{"name":"box4","top":1145.5,"left":79.76666259765625,"height":16.5,"width":0.0166667,"children":[]},{"name":"box5","top":1162,"left":79.76666259765625,"height":52,"width":813.45,"children":[{"name":"box6","top":1162,"left":228.35000610351562,"height":14,"width":516,"children":[{"name":"box7","top":1162,"left":228.35000610351562,"height":14,"width":55,"children":[]},{"name":"box8","top":1162,"left":296.16668701171875,"height":14,"width":22,"children":[]},{"name":"box9","top":1162,"left":330.33331298828125,"height":14,"width":43,"children":[]},{"name":"box10","top":1162,"left":385.23333740234375,"height":14,"width":18,"children":[]},{"name":"box11","top":1162,"left":415.7833251953125,"height":14,"width":44,"children":[]},{"name":"box12","top":1162,"left":472.066650390625,"height":14,"width":24,"children":[]},{"name":"box13","top":1162,"left":508.58331298828125,"height":14,"width":68,"children":[]},{"name":"box14","top":1162,"left":588.63330078125,"height":14,"width":28,"children":[]},{"name":"box15","top":1162,"left":629.25,"height":14,"width":62,"children":[]},{"name":"box16","top":1162,"left":703.61669921875,"height":14,"width":41,"children":[]}]},{"name":"box17","top":1175.5,"left":486.48333740234375,"height":16.5,"width":0.0166667,"children":[]},{"name":"box18","top":1192,"left":79.76666259765625,"height":22,"width":813.45,"children":[{"name":"box19","top":1192,"left":442.7833251953125,"height":22,"width":144.283,"children":[]}]}]}]},{"name":"box","top":1133.5,"left":80.75,"height":93.8333,"width":824.5,"children":[{"name":"box2","top":1143.5,"left":80.75,"height":2,"width":824.5,"children":[{"name":"box3","top":1144.5,"left":81.75,"height":2,"width":822.5,"children":[]}]},{"name":"box4","top":1145.5,"left":80.75,"height":16.5,"width":0.0166667,"children":[]},{"name":"box5","top":1162,"left":80.75,"height":52,"width":824.5,"children":[{"name":"box6","top":1162,"left":234.85000610351562,"height":14,"width":516,"children":[{"name":"box7","top":1162,"left":234.85000610351562,"height":14,"width":55,"children":[]},{"name":"box8","top":1162,"left":302.66668701171875,"height":14,"width":22,"children":[]},{"name":"box9","top":1162,"left":336.83331298828125,"height":14,"width":43,"children":[]},{"name":"box10","top":1162,"left":391.73333740234375,"height":14,"width":18,"children":[]},{"name":"box11","top":1162,"left":422.2833251953125,"height":14,"width":44,"children":[]},{"name":"box12","top":1162,"left":478.566650390625,"height":14,"width":24,"children":[]},{"name":"box13","top":1162,"left":515.0833129882812,"height":14,"width":68,"children":[]},{"name":"box14","top":1162,"left":595.13330078125,"height":14,"width":28,"children":[]},{"name":"box15","top":1162,"left":635.75,"height":14,"width":62,"children":[]},{"name":"box16","top":1162,"left":710.11669921875,"height":14,"width":41,"children":[]}]},{"name":"box17","top":1175.5,"left":492.98333740234375,"height":16.5,"width":0.0166667,"children":[]},{"name":"box18","top":1192,"left":80.75,"height":22,"width":824.5,"children":[{"name":"box19","top":1192,"left":449.2833251953125,"height":22,"width":144.283,"children":[]}]}]}]},{"name":"box","top":1133.5,"left":79.16667175292969,"height":93.8333,"width":806.65,"children":[{"name":"box2","top":1143.5,"left":79.16667175292969,"height":2,"width":806.65,"children":[{"name":"box3","top":1144.5,"left":80.16667175292969,"height":2,"width":804.65,"children":[]}]},{"name":"box4","top":1145.5,"left":79.16667175292969,"height":16.5,"width":0.0166667,"children":[]},{"name":"box5","top":1162,"left":79.16667175292969,"height":52,"width":806.65,"children":[{"name":"box6","top":1162,"left":224.35000610351562,"height":14,"width":516,"children":[{"name":"box7","top":1162,"left":224.35000610351562,"height":14,"width":55,"children":[]},{"name":"box8","top":1162,"left":292.16668701171875,"height":14,"width":22,"children":[]},{"name":"box9","top":1162,"left":326.33331298828125,"height":14,"width":43,"children":[]},{"name":"box10","top":1162,"left":381.23333740234375,"height":14,"width":18,"children":[]},{"name":"box11","top":1162,"left":411.7833251953125,"height":14,"width":44,"children":[]},{"name":"box12","top":1162,"left":468.066650390625,"height":14,"width":24,"children":[]},{"name":"box13","top":1162,"left":504.58331298828125,"height":14,"width":68,"children":[]},{"name":"box14","top":1162,"left":584.63330078125,"height":14,"width":28,"children":[]},{"name":"box15","top":1162,"left":625.25,"height":14,"width":62,"children":[]},{"name":"box16","top":1162,"left":699.61669921875,"height":14,"width":41,"children":[]}]},{"name":"box17","top":1175.5,"left":482.48333740234375,"height":16.5,"width":0.0166667,"children":[]},{"name":"box18","top":1192,"left":79.16667175292969,"height":22,"width":806.65,"children":[{"name":"box19","top":1192,"left":438.7833251953125,"height":22,"width":144.283,"children":[]}]}]}]},{"name":"box","top":1133.5,"left":93.5,"height":93.8333,"width":969,"children":[{"name":"box2","top":1143.5,"left":93.5,"height":2,"width":969,"children":[{"name":"box3","top":1144.5,"left":94.5,"height":2,"width":967,"children":[]}]},{"name":"box4","top":1145.5,"left":93.5,"height":16.5,"width":0.0166667,"children":[]},{"name":"box5","top":1162,"left":93.5,"height":52,"width":969,"children":[{"name":"box6","top":1162,"left":319.8500061035156,"height":14,"width":516,"children":[{"name":"box7","top":1162,"left":319.8500061035156,"height":14,"width":55,"children":[]},{"name":"box8","top":1162,"left":387.66668701171875,"height":14,"width":22,"children":[]},{"name":"box9","top":1162,"left":421.83331298828125,"height":14,"width":43,"children":[]},{"name":"box10","top":1162,"left":476.73333740234375,"height":14,"width":18,"children":[]},{"name":"box11","top":1162,"left":507.2833251953125,"height":14,"width":44,"children":[]},{"name":"box12","top":1162,"left":563.566650390625,"height":14,"width":24,"children":[]},{"name":"box13","top":1162,"left":600.0833129882812,"height":14,"width":68,"children":[]},{"name":"box14","top":1162,"left":680.13330078125,"height":14,"width":28,"children":[]},{"name":"box15","top":1162,"left":720.75,"height":14,"width":62,"children":[]},{"name":"box16","top":1162,"left":795.11669921875,"height":14,"width":41,"children":[]}]},{"name":"box17","top":1175.5,"left":577.9833374023438,"height":16.5,"width":0.0166667,"children":[]},{"name":"box18","top":1192,"left":93.5,"height":22,"width":969,"children":[{"name":"box19","top":1192,"left":534.2833251953125,"height":22,"width":144.283,"children":[]}]}]}]},{"name":"box","top":1133.5,"left":68,"height":93.8333,"width":680,"children":[{"name":"box2","top":1143.5,"left":68,"height":2,"width":680,"children":[{"name":"box3","top":1144.5,"left":69,"height":2,"width":678,"children":[]}]},{"name":"box4","top":1145.5,"left":68,"height":16.5,"width":0.0166667,"children":[]},{"name":"box5","top":1162,"left":68,"height":52,"width":680,"children":[{"name":"box6","top":1162,"left":149.85000610351562,"height":14,"width":516,"children":[{"name":"box7","top":1162,"left":149.85000610351562,"height":14,"width":55,"children":[]},{"name":"box8","top":1162,"left":217.6666717529297,"height":14,"width":22,"children":[]},{"name":"box9","top":1162,"left":251.8333282470703,"height":14,"width":43,"children":[]},{"name":"box10","top":1162,"left":306.73333740234375,"height":14,"width":18,"children":[]},{"name":"box11","top":1162,"left":337.2833251953125,"height":14,"width":44,"children":[]},{"name":"box12","top":1162,"left":393.566650390625,"height":14,"width":24,"children":[]},{"name":"box13","top":1162,"left":430.08331298828125,"height":14,"width":68,"children":[]},{"name":"box14","top":1162,"left":510.1333312988281,"height":14,"width":28,"children":[]},{"name":"box15","top":1162,"left":550.75,"height":14,"width":62,"children":[]},{"name":"box16","top":1162,"left":625.11669921875,"height":14,"width":41,"children":[]}]},{"name":"box17","top":1175.5,"left":407.98333740234375,"height":16.5,"width":0.0166667,"children":[]},{"name":"box18","top":1192,"left":68,"height":22,"width":680,"children":[{"name":"box19","top":1192,"left":364.2833251953125,"height":22,"width":144.283,"children":[]}]}]}]},{"name":"box","top":1133.5,"left":78.35000610351562,"height":93.8333,"width":797.3,"children":[{"name":"box2","top":1143.5,"left":78.35000610351562,"height":2,"width":797.3,"children":[{"name":"box3","top":1144.5,"left":79.35000610351562,"height":2,"width":795.3,"children":[]}]},{"name":"box4","top":1145.5,"left":78.35000610351562,"height":16.5,"width":0.0166667,"children":[]},{"name":"box5","top":1162,"left":78.35000610351562,"height":52,"width":797.3,"children":[{"name":"box6","top":1162,"left":218.85000610351562,"height":14,"width":516,"children":[{"name":"box7","top":1162,"left":218.85000610351562,"height":14,"width":55,"children":[]},{"name":"box8","top":1162,"left":286.66668701171875,"height":14,"width":22,"children":[]},{"name":"box9","top":1162,"left":320.83331298828125,"height":14,"width":43,"children":[]},{"name":"box10","top":1162,"left":375.73333740234375,"height":14,"width":18,"children":[]},{"name":"box11","top":1162,"left":406.2833251953125,"height":14,"width":44,"children":[]},{"name":"box12","top":1162,"left":462.566650390625,"height":14,"width":24,"children":[]},{"name":"box13","top":1162,"left":499.08331298828125,"height":14,"width":68,"children":[]},{"name":"box14","top":1162,"left":579.13330078125,"height":14,"width":28,"children":[]},{"name":"box15","top":1162,"left":619.75,"height":14,"width":62,"children":[]},{"name":"box16","top":1162,"left":694.11669921875,"height":14,"width":41,"children":[]}]},{"name":"box17","top":1175.5,"left":476.98333740234375,"height":16.5,"width":0.0166667,"children":[]},{"name":"box18","top":1192,"left":78.35000610351562,"height":22,"width":797.3,"children":[{"name":"box19","top":1192,"left":433.2833251953125,"height":22,"width":144.283,"children":[]}]}]}]},{"name":"box","top":1133.5,"left":67.85000610351562,"height":93.8333,"width":678.3,"children":[{"name":"box2","top":1143.5,"left":67.85000610351562,"height":2,"width":678.3,"children":[{"name":"box3","top":1144.5,"left":68.85000610351562,"height":2,"width":676.3,"children":[]}]},{"name":"box4","top":1145.5,"left":67.85000610351562,"height":16.5,"width":0.0166667,"children":[]},{"name":"box5","top":1162,"left":67.85000610351562,"height":52,"width":678.3,"children":[{"name":"box6","top":1162,"left":148.85000610351562,"height":14,"width":516,"children":[{"name":"box7","top":1162,"left":148.85000610351562,"height":14,"width":55,"children":[]},{"name":"box8","top":1162,"left":216.6666717529297,"height":14,"width":22,"children":[]},{"name":"box9","top":1162,"left":250.8333282470703,"height":14,"width":43,"children":[]},{"name":"box10","top":1162,"left":305.73333740234375,"height":14,"width":18,"children":[]},{"name":"box11","top":1162,"left":336.2833251953125,"height":14,"width":44,"children":[]},{"name":"box12","top":1162,"left":392.566650390625,"height":14,"width":24,"children":[]},{"name":"box13","top":1162,"left":429.08331298828125,"height":14,"width":68,"children":[]},{"name":"box14","top":1162,"left":509.1333312988281,"height":14,"width":28,"children":[]},{"name":"box15","top":1162,"left":549.75,"height":14,"width":62,"children":[]},{"name":"box16","top":1162,"left":624.11669921875,"height":14,"width":41,"children":[]}]},{"name":"box17","top":1175.5,"left":406.98333740234375,"height":16.5,"width":0.0166667,"children":[]},{"name":"box18","top":1192,"left":67.85000610351562,"height":22,"width":678.3,"children":[{"name":"box19","top":1192,"left":363.2833251953125,"height":22,"width":144.283,"children":[]}]}]}]},{"name":"box","top":1133.5,"left":67.85000610351562,"height":93.8333,"width":678.3,"children":[{"name":"box2","top":1143.5,"left":67.85000610351562,"height":2,"width":678.3,"children":[{"name":"box3","top":1144.5,"left":68.85000610351562,"height":2,"width":676.3,"children":[]}]},{"name":"box4","top":1145.5,"left":67.85000610351562,"height":16.5,"width":0.0166667,"children":[]},{"name":"box5","top":1162,"left":67.85000610351562,"height":52,"width":678.3,"children":[{"name":"box6","top":1162,"left":148.85000610351562,"height":14,"width":516,"children":[{"name":"box7","top":1162,"left":148.85000610351562,"height":14,"width":55,"children":[]},{"name":"box8","top":1162,"left":216.6666717529297,"height":14,"width":22,"children":[]},{"name":"box9","top":1162,"left":250.8333282470703,"height":14,"width":43,"children":[]},{"name":"box10","top":1162,"left":305.73333740234375,"height":14,"width":18,"children":[]},{"name":"box11","top":1162,"left":336.2833251953125,"height":14,"width":44,"children":[]},{"name":"box12","top":1162,"left":392.566650390625,"height":14,"width":24,"children":[]},{"name":"box13","top":1162,"left":429.08331298828125,"height":14,"width":68,"children":[]},{"name":"box14","top":1162,"left":509.1333312988281,"height":14,"width":28,"children":[]},{"name":"box15","top":1162,"left":549.75,"height":14,"width":62,"children":[]},{"name":"box16","top":1162,"left":624.11669921875,"height":14,"width":41,"children":[]}]},{"name":"box17","top":1175.5,"left":406.98333740234375,"height":16.5,"width":0.0166667,"children":[]},{"name":"box18","top":1192,"left":67.85000610351562,"height":22,"width":678.3,"children":[{"name":"box19","top":1192,"left":363.2833251953125,"height":22,"width":144.283,"children":[]}]}]}]},{"name":"box","top":1133.5,"left":79.91667175292969,"height":93.8333,"width":815.15,"children":[{"name":"box2","top":1143.5,"left":79.91667175292969,"height":2,"width":815.15,"children":[{"name":"box3","top":1144.5,"left":80.91667175292969,"height":2,"width":813.15,"children":[]}]},{"name":"box4","top":1145.5,"left":79.91667175292969,"height":16.5,"width":0.0166667,"children":[]},{"name":"box5","top":1162,"left":79.91667175292969,"height":52,"width":815.15,"children":[{"name":"box6","top":1162,"left":229.35000610351562,"height":14,"width":516,"children":[{"name":"box7","top":1162,"left":229.35000610351562,"height":14,"width":55,"children":[]},{"name":"box8","top":1162,"left":297.16668701171875,"height":14,"width":22,"children":[]},{"name":"box9","top":1162,"left":331.33331298828125,"height":14,"width":43,"children":[]},{"name":"box10","top":1162,"left":386.23333740234375,"height":14,"width":18,"children":[]},{"name":"box11","top":1162,"left":416.7833251953125,"height":14,"width":44,"children":[]},{"name":"box12","top":1162,"left":473.066650390625,"height":14,"width":24,"children":[]},{"name":"box13","top":1162,"left":509.58331298828125,"height":14,"width":68,"children":[]},{"name":"box14","top":1162,"left":589.63330078125,"height":14,"width":28,"children":[]},{"name":"box15","top":1162,"left":630.25,"height":14,"width":62,"children":[]},{"name":"box16","top":1162,"left":704.61669921875,"height":14,"width":41,"children":[]}]},{"name":"box17","top":1175.5,"left":487.48333740234375,"height":16.5,"width":0.0166667,"children":[]},{"name":"box18","top":1192,"left":79.91667175292969,"height":22,"width":815.15,"children":[{"name":"box19","top":1192,"left":443.7833251953125,"height":22,"width":144.283,"children":[]}]}]}]}]}