{"name":"hackernews-opaque-items","height":1300,"bench":{"lo":800,"hi":1200,"trainSeed":235775,"trainSize":10,"testSeed":17250987,"testSize":10},"train":[{"name":"23053981","top":42,"left":91.31666564941406,"height":19,"width":617.767,"children":[{"name":"box","top":42,"left":91.31666564941406,"height":19,"width":21.8167,"children":[{"name":"box0","top":42,"left":99.80000305175781,"height":17,"width":13,"children":[]}]},{"name":"box1","top":42,"left":113.13333129882812,"height":19,"width":14,"children":[{"name":"box2","top":45,"left":113.13333129882812,"height":10,"width":14,"children":[{"name":"box3","top":45,"left":115.13333129882812,"height":10,"width":10,"children":[]}]}]},{"name":"box4","top":42,"left":127.13333129882812,"height":19,"width":581.95,"children":[{"name":"box5","top":43.25,"left":127.13333129882812,"height":17,"width":256,"children":[]},{"name":"box6","top":45.75,"left":382.66668701171875,"height":14,"width":63,"children":[{"name":"box8","top":45.75,"left":391.26666259765625,"height":14,"width":49,"children":[]}]}]}]},{"name":"23053981","top":42,"left":79.76666259765625,"height":19,"width":617.767,"children":[{"name":"box","top":42,"left":79.76666259765625,"height":19,"width":21.8167,"children":[{"name":"box0","top":42,"left":88.25,"height":17,"width":13,"children":[]}]},{"name":"box1","top":42,"left":101.58332824707031,"height":19,"width":14,"children":[{"name":"box2","top":45,"left":101.58332824707031,"height":10,"width":14,"children":[{"name":"box3","top":45,"left":103.58332824707031,"height":10,"width":10,"children":[]}]}]},{"name":"box4","top":42,"left":115.58332824707031,"height":19,"width":581.95,"children":[{"name":"box5","top":43.25,"left":115.58332824707031,"height":17,"width":256,"children":[]},{"name":"box6","top":45.75,"left":371.1166687011719,"height":14,"width":63,"children":[{"name":"box8","top":45.75,"left":379.7166748046875,"height":14,"width":49,"children":[]}]}]}]},{"name":"23053981","top":42,"left":74.51666259765625,"height":19,"width":617.767,"children":[{"name":"box","top":42,"left":74.51666259765625,"height":19,"width":21.8167,"children":[{"name":"box0","top":42,"left":83,"height":17,"width":13,"children":[]}]},{"name":"box1","top":42,"left":96.33332824707031,"height":19,"width":14,"children":[{"name":"box2","top":45,"left":96.33332824707031,"height":10,"width":14,"children":[{"name":"box3","top":45,"left":98.33332824707031,"height":10,"width":10,"children":[]}]}]},{"name":"box4","top":42,"left":110.33332824707031,"height":19,"width":581.95,"children":[{"name":"box5","top":43.25,"left":110.33332824707031,"height":17,"width":256,"children":[]},{"name":"box6","top":45.75,"left":365.8666687011719,"height":14,"width":63,"children":[{"name":"box8","top":45.75,"left":374.4666748046875,"height":14,"width":49,"children":[]}]}]}]},{"name":"23053981","top":42,"left":83.06666564941406,"height":19,"width":617.767,"children":[{"name":"box","top":42,"left":83.06666564941406,"height":19,"width":21.8167,"children":[{"name":"box0","top":42,"left":91.55000305175781,"height":17,"width":13,"children":[]}]},{"name":"box1","top":42,"left":104.88333129882812,"height":19,"width":14,"children":[{"name":"box2","top":45,"left":104.88333129882812,"height":10,"width":14,"children":[{"name":"box3","top":45,"left":106.88333129882812,"height":10,"width":10,"children":[]}]}]},{"name":"box4","top":42,"left":118.88333129882812,"height":19,"width":581.95,"children":[{"name":"box5","top":43.25,"left":118.88333129882812,"height":17,"width":256,"children":[]},{"name":"box6","top":45.75,"left":374.41668701171875,"height":14,"width":63,"children":[{"name":"box8","top":45.75,"left":383.01666259765625,"height":14,"width":49,"children":[]}]}]}]},{"name":"23053981","top":42,"left":82.61666870117188,"height":19,"width":617.767,"children":[{"name":"box","top":42,"left":82.61666870117188,"height":19,"width":21.8167,"children":[{"name":"box0","top":42,"left":91.10000610351562,"height":17,"width":13,"children":[]}]},{"name":"box1","top":42,"left":104.43333435058594,"height":19,"width":14,"children":[{"name":"box2","top":45,"left":104.43333435058594,"height":10,"width":14,"children":[{"name":"box3","top":45,"left":106.43333435058594,"height":10,"width":10,"children":[]}]}]},{"name":"box4","top":42,"left":118.43333435058594,"height":19,"width":581.95,"children":[{"name":"box5","top":43.25,"left":118.43333435058594,"height":17,"width":256,"children":[]},{"name":"box6","top":45.75,"left":373.9666748046875,"height":14,"width":63,"children":[{"name":"box8","top":45.75,"left":382.566650390625,"height":14,"width":49,"children":[]}]}]}]},{"name":"23053981","top":42,"left":70.46665954589844,"height":19,"width":617.767,"children":[{"name":"box","top":42,"left":70.46665954589844,"height":19,"width":21.8167,"children":[{"name":"box0","top":42,"left":78.94999694824219,"height":17,"width":13,"children":[]}]},{"name":"box1","top":42,"left":92.28334045410156,"height":19,"width":14,"children":[{"name":"box2","top":45,"left":92.28334045410156,"height":10,"width":14,"children":[{"name":"box3","top":45,"left":94.28334045410156,"height":10,"width":10,"children":[]}]}]},{"name":"box4","top":42,"left":106.28334045410156,"height":19,"width":581.95,"children":[{"name":"box5","top":43.25,"left":106.28334045410156,"height":17,"width":256,"children":[]},{"name":"box6","top":45.75,"left":361.816650390625,"height":14,"width":63,"children":[{"name":"box8","top":45.75,"left":370.41668701171875,"height":14,"width":49,"children":[]}]}]}]},{"name":"23053981","top":42,"left":82.55000305175781,"height":19,"width":617.767,"children":[{"name":"box","top":42,"left":82.55000305175781,"height":19,"width":21.8167,"children":[{"name":"box0","top":42,"left":91.03334045410156,"height":17,"width":13,"children":[]}]},{"name":"box1","top":42,"left":104.36666870117188,"height":19,"width":14,"children":[{"name":"box2","top":45,"left":104.36666870117188,"height":10,"width":14,"children":[{"name":"box3","top":45,"left":106.36666870117188,"height":10,"width":10,"children":[]}]}]},{"name":"box4","top":42,"left":118.36666870117188,"height":19,"width":581.95,"children":[{"name":"box5","top":43.25,"left":118.36666870117188,"height":17,"width":256,"children":[]},{"name":"box6","top":45.75,"left":373.8999938964844,"height":14,"width":63,"children":[{"name":"box8","top":45.75,"left":382.5,"height":14,"width":49,"children":[]}]}]}]},{"name":"23053981","top":42,"left":76.01666259765625,"height":19,"width":617.767,"children":[{"name":"box","top":42,"left":76.01666259765625,"height":19,"width":21.8167,"children":[{"name":"box0","top":42,"left":84.5,"height":17,"width":13,"children":[]}]},{"name":"box1","top":42,"left":97.83332824707031,"height":19,"width":14,"children":[{"name":"box2","top":45,"left":97.83332824707031,"height":10,"width":14,"children":[{"name":"box3","top":45,"left":99.83332824707031,"height":10,"width":10,"children":[]}]}]},{"name":"box4","top":42,"left":111.83332824707031,"height":19,"width":581.95,"children":[{"name":"box5","top":43.25,"left":111.83332824707031,"height":17,"width":256,"children":[]},{"name":"box6","top":45.75,"left":367.3666687011719,"height":14,"width":63,"children":[{"name":"box8","top":45.75,"left":375.9666748046875,"height":14,"width":49,"children":[]}]}]}]},{"name":"23053981","top":42,"left":89.21665954589844,"height":19,"width":617.767,"children":[{"name":"box","top":42,"left":89.21665954589844,"height":19,"width":21.8167,"children":[{"name":"box0","top":42,"left":97.69999694824219,"height":17,"width":13,"children":[]}]},{"name":"box1","top":42,"left":111.03334045410156,"height":19,"width":14,"children":[{"name":"box2","top":45,"left":111.03334045410156,"height":10,"width":14,"children":[{"name":"box3","top":45,"left":113.03334045410156,"height":10,"width":10,"children":[]}]}]},{"name":"box4","top":42,"left":125.03334045410156,"height":19,"width":581.95,"children":[{"name":"box5","top":43.25,"left":125.03334045410156,"height":17,"width":256,"children":[]},{"name":"box6","top":45.75,"left":380.566650390625,"height":14,"width":63,"children":[{"name":"box8","top":45.75,"left":389.16668701171875,"height":14,"width":49,"children":[]}]}]}]},{"name":"23053981","top":42,"left":84.56666564941406,"height":19,"width":617.767,"children":[{"name":"box","top":42,"left":84.56666564941406,"height":19,"width":21.8167,"children":[{"name":"box0","top":42,"left":93.05000305175781,"height":17,"width":13,"children":[]}]},{"name":"box1","top":42,"left":106.38333129882812,"height":19,"width":14,"children":[{"name":"box2","top":45,"left":106.38333129882812,"height":10,"width":14,"children":[{"name":"box3","top":45,"left":108.38333129882812,"height":10,"width":10,"children":[]}]}]},{"name":"box4","top":42,"left":120.38333129882812,"height":19,"width":581.95,"children":[{"name":"box5","top":43.25,"left":120.38333129882812,"height":17,"width":256,"children":[]},{"name":"box6","top":45.75,"left":375.91668701171875,"height":14,"width":63,"children":[{"name":"box8","top":45.75,"left":384.51666259765625,"height":14,"width":49,"children":[]}]}]}]}],"test":[{"name":"23053981","top":42,"left":78.41667175292969,"height":19,"width":617.767,"children":[{"name":"box","top":42,"left":78.41667175292969,"height":19,"width":21.8167,"children":[{"name":"box0","top":42,"left":86.89999389648438,"height":17,"width":13,"children":[]}]},{"name":"box1","top":42,"left":100.23333740234375,"height":19,"width":14,"children":[{"name":"box2","top":45,"left":100.23333740234375,"height":10,"width":14,"children":[{"name":"box3","top":45,"left":102.23333740234375,"height":10,"width":10,"children":[]}]}]},{"name":"box4","top":42,"left":114.23333740234375,"height":19,"width":581.95,"children":[{"name":"box5","top":43.25,"left":114.23333740234375,"height":17,"width":256,"children":[]},{"name":"box6","top":45.75,"left":369.76666259765625,"height":14,"width":63,"children":[{"name":"box8","top":45.75,"left":378.3666687011719,"height":14,"width":49,"children":[]}]}]}]},{"name":"23053981","top":42,"left":79.76666259765625,"height":19,"width":617.767,"children":[{"name":"box","top":42,"left":79.76666259765625,"height":19,"width":21.8167,"children":[{"name":"box0","top":42,"left":88.25,"height":17,"width":13,"children":[]}]},{"name":"box1","top":42,"left":101.58332824707031,"height":19,"width":14,"children":[{"name":"box2","top":45,"left":101.58332824707031,"height":10,"width":14,"children":[{"name":"box3","top":45,"left":103.58332824707031,"height":10,"width":10,"children":[]}]}]},{"name":"box4","top":42,"left":115.58332824707031,"height":19,"width":581.95,"children":[{"name":"box5","top":43.25,"left":115.58332824707031,"height":17,"width":256,"children":[]},{"name":"box6","top":45.75,"left":371.1166687011719,"height":14,"width":63,"children":[{"name":"box8","top":45.75,"left":379.7166748046875,"height":14,"width":49,"children":[]}]}]}]},{"name":"23053981","top":42,"left":80.75,"height":19,"width":617.767,"children":[{"name":"box","top":42,"left":80.75,"height":19,"width":21.8167,"children":[{"name":"box0","top":42,"left":89.23333740234375,"height":17,"width":13,"children":[]}]},{"name":"box1","top":42,"left":102.56666564941406,"height":19,"width":14,"children":[{"name":"box2","top":45,"left":102.56666564941406,"height":10,"width":14,"children":[{"name":"box3","top":45,"left":104.56666564941406,"height":10,"width":10,"children":[]}]}]},{"name":"box4","top":42,"left":116.56666564941406,"height":19,"width":581.95,"children":[{"name":"box5","top":43.25,"left":116.56666564941406,"height":17,"width":256,"children":[]},{"name":"box6","top":45.75,"left":372.1000061035156,"height":14,"width":63,"children":[{"name":"box8","top":45.75,"left":380.70001220703125,"height":14,"width":49,"children":[]}]}]}]},{"name":"23053981","top":42,"left":79.16667175292969,"height":19,"width":617.767,"children":[{"name":"box","top":42,"left":79.16667175292969,"height":19,"width":21.8167,"children":[{"name":"box0","top":42,"left":87.64999389648438,"height":17,"width":13,"children":[]}]},{"name":"box1","top":42,"left":100.98333740234375,"height":19,"width":14,"children":[{"name":"box2","top":45,"left":100.98333740234375,"height":10,"width":14,"children":[{"name":"box3","top":45,"left":102.98333740234375,"height":10,"width":10,"children":[]}]}]},{"name":"box4","top":42,"left":114.98333740234375,"height":19,"width":581.95,"children":[{"name":"box5","top":43.25,"left":114.98333740234375,"height":17,"width":256,"children":[]},{"name":"box6","top":45.75,"left":370.51666259765625,"height":14,"width":63,"children":[{"name":"box8","top":45.75,"left":379.1166687011719,"height":14,"width":49,"children":[]}]}]}]},{"name":"23053981","top":42,"left":93.5,"height":19,"width":617.767,"children":[{"name":"box","top":42,"left":93.5,"height":19,"width":21.8167,"children":[{"name":"box0","top":42,"left":101.98333740234375,"height":17,"width":13,"children":[]}]},{"name":"box1","top":42,"left":115.31666564941406,"height":19,"width":14,"children":[{"name":"box2","top":45,"left":115.31666564941406,"height":10,"width":14,"children":[{"name":"box3","top":45,"left":117.31666564941406,"height":10,"width":10,"children":[]}]}]},{"name":"box4","top":42,"left":129.31666564941406,"height":19,"width":581.95,"children":[{"name":"box5","top":43.25,"left":129.31666564941406,"height":17,"width":256,"children":[]},{"name":"box6","top":45.75,"left":384.8500061035156,"height":14,"width":63,"children":[{"name":"box8","top":45.75,"left":393.45001220703125,"height":14,"width":49,"children":[]}]}]}]},{"name":"23053981","top":42,"left":68,"height":19,"width":617.767,"children":[{"name":"box","top":42,"left":68,"height":19,"width":21.8167,"children":[{"name":"box0","top":42,"left":76.48333740234375,"height":17,"width":13,"children":[]}]},{"name":"box1","top":42,"left":89.81666564941406,"height":19,"width":14,"children":[{"name":"box2","top":45,"left":89.81666564941406,"height":10,"width":14,"children":[{"name":"box3","top":45,"left":91.81666564941406,"height":10,"width":10,"children":[]}]}]},{"name":"box4","top":42,"left":103.81666564941406,"height":19,"width":581.95,"children":[{"name":"box5","top":43.25,"left":103.81666564941406,"height":17,"width":256,"children":[]},{"name":"box6","top":45.75,"left":359.3500061035156,"height":14,"width":63,"children":[{"name":"box8","top":45.75,"left":367.95001220703125,"height":14,"width":49,"children":[]}]}]}]},{"name":"23053981","top":42,"left":78.35000610351562,"height":19,"width":617.767,"children":[{"name":"box","top":42,"left":78.35000610351562,"height":19,"width":21.8167,"children":[{"name":"box0","top":42,"left":86.83332824707031,"height":17,"width":13,"children":[]}]},{"name":"box1","top":42,"left":100.16667175292969,"height":19,"width":14,"children":[{"name":"box2","top":45,"left":100.16667175292969,"height":10,"width":14,"children":[{"name":"box3","top":45,"left":102.16667175292969,"height":10,"width":10,"children":[]}]}]},{"name":"box4","top":42,"left":114.16667175292969,"height":19,"width":581.95,"children":[{"name":"box5","top":43.25,"left":114.16667175292969,"height":17,"width":256,"children":[]},{"name":"box6","top":45.75,"left":369.70001220703125,"height":14,"width":63,"children":[{"name":"box8","top":45.75,"left":378.29998779296875,"height":14,"width":49,"children":[]}]}]}]},{"name":"23053981","top":42,"left":67.85000610351562,"height":19,"width":617.767,"children":[{"name":"box","top":42,"left":67.85000610351562,"height":19,"width":21.8167,"children":[{"name":"box0","top":42,"left":76.33332824707031,"height":17,"width":13,"children":[]}]},{"name":"box1","top":42,"left":89.66667175292969,"height":19,"width":14,"children":[{"name":"box2","top":45,"left":89.66667175292969,"height":10,"width":14,"children":[{"name":"box3","top":45,"left":91.66667175292969,"height":10,"width":10,"children":[]}]}]},{"name":"box4","top":42,"left":103.66667175292969,"height":19,"width":581.95,"children":[{"name":"box5","top":43.25,"left":103.66667175292969,"height":17,"width":256,"children":[]},{"name":"box6","top":45.75,"left":359.20001220703125,"height":14,"width":63,"children":[{"name":"box8","top":45.75,"left":367.79998779296875,"height":14,"width":49,"children":[]}]}]}]},{"name":"23053981","top":42,"left":67.85000610351562,"height":19,"width":617.767,"children":[{"name":"box","top":42,"left":67.85000610351562,"height":19,"width":21.8167,"children":[{"name":"box0","top":42,"left":76.33332824707031,"height":17,"width":13,"children":[]}]},{"name":"box1","top":42,"left":89.66667175292969,"height":19,"width":14,"children":[{"name":"box2","top":45,"left":89.66667175292969,"height":10,"width":14,"children":[{"name":"box3","top":45,"left":91.66667175292969,"height":10,"width":10,"children":[]}]}]},{"name":"box4","top":42,"left":103.66667175292969,"height":19,"width":581.95,"children":[{"name":"box5","top":43.25,"left":103.66667175292969,"height":17,"width":256,"children":[]},{"name":"box6","top":45.75,"left":359.20001220703125,"height":14,"width":63,"children":[{"name":"box8","top":45.75,"left":367.79998779296875,"height":14,"width":49,"children":[]}]}]}]},{"name":"23053981","top":42,"left":79.91667175292969,"height":19,"width":617.767,"children":[{"name":"box","top":42,"left":79.91667175292969,"height":19,"width":21.8167,"children":[{"name":"box0","top":42,"left":88.39999389648438,"height":17,"width":13,"children":[]}]},{"name":"box1","top":42,"left":101.73333740234375,"height":19,"width":14,"children":[{"name":"box2","top":45,"left":101.73333740234375,"height":10,"width":14,"children":[{"name":"box3","top":45,"left":103.73333740234375,"height":10,"width":10,"children":[]}]}]},{"name":"box4","top":42,"left":115.73333740234375,"height":19,"width":581.95,"children":[{"name":"box5","top":43.25,"left":115.73333740234375,"height":17,"width":256,"children":[]},{"name":"box6","top":45.75,"left":371.26666259765625,"height":14,"width":63,"children":[{"name":"box8","top":45.75,"left":379.8666687011719,"height":14,"width":49,"children":[]}]}]}]}]}