{"name":"half-child","height":800,"bench":{"lo":450,"hi":1000,"trainSeed":235775,"trainSize":10,"testSeed":17250987,"testSize":10},"train":[{"name":"main","top":8,"left":8,"height":500,"width":811,"children":[{"name":"left","top":8,"left":8,"height":50,"width":385.5,"children":[]}]},{"name":"main","top":8,"left":8,"height":500,"width":657,"children":[{"name":"left","top":8,"left":8,"height":50,"width":308.5,"children":[]}]},{"name":"main","top":8,"left":8,"height":500,"width":687,"children":[{"name":"left","top":8,"left":8,"height":50,"width":323.5,"children":[]}]},{"name":"main","top":8,"left":8,"height":500,"width":851,"children":[{"name":"left","top":8,"left":8,"height":50,"width":405.5,"children":[]}]},{"name":"main","top":8,"left":8,"height":500,"width":895,"children":[{"name":"left","top":8,"left":8,"height":50,"width":427.5,"children":[]}]},{"name":"main","top":8,"left":8,"height":500,"width":483,"children":[{"name":"left","top":8,"left":8,"height":50,"width":221.5,"children":[]}]},{"name":"main","top":8,"left":8,"height":500,"width":794,"children":[{"name":"left","top":8,"left":8,"height":50,"width":377,"children":[]}]},{"name":"main","top":8,"left":8,"height":500,"width":857,"children":[{"name":"left","top":8,"left":8,"height":50,"width":408.5,"children":[]}]},{"name":"main","top":8,"left":8,"height":500,"width":633,"children":[{"name":"left","top":8,"left":8,"height":50,"width":296.5,"children":[]}]},{"name":"main","top":8,"left":8,"height":500,"width":671,"children":[{"name":"left","top":8,"left":8,"height":50,"width":315.5,"children":[]}]}],"test":[{"name":"main","top":8,"left":8,"height":500,"width":489,"children":[{"name":"left","top":8,"left":8,"height":50,"width":224.5,"children":[]}]},{"name":"main","top":8,"left":8,"height":500,"width":857,"children":[{"name":"left","top":8,"left":8,"height":50,"width":408.5,"children":[]}]},{"name":"main","top":8,"left":8,"height":500,"width":470,"children":[{"name":"left","top":8,"left":8,"height":50,"width":215,"children":[]}]},{"name":"main","top":8,"left":8,"height":500,"width":899,"children":[{"name":"left","top":8,"left":8,"height":50,"width":429.5,"children":[]}]},{"name":"main","top":8,"left":8,"height":500,"width":590,"children":[{"name":"left","top":8,"left":8,"height":50,"width":275,"children":[]}]},{"name":"main","top":8,"left":8,"height":500,"width":800,"children":[{"name":"left","top":8,"left":8,"height":50,"width":380,"children":[]}]},{"name":"main","top":8,"left":8,"height":500,"width":888,"children":[{"name":"left","top":8,"left":8,"height":50,"width":424,"children":[]}]},{"name":"main","top":8,"left":8,"height":500,"width":948,"children":[{"name":"left","top":8,"left":8,"height":50,"width":454,"children":[]}]},{"name":"main","top":8,"left":8,"height":500,"width":548,"children":[{"name":"left","top":8,"left":8,"height":50,"width":254,"children":[]}]},{"name":"main","top":8,"left":8,"height":500,"width":959,"children":[{"name":"left","top":8,"left":8,"height":50,"width":459.5,"children":[]}]}]}