{"name":"john-website","height":1300,"bench":{"lo":825,"hi":925,"trainSeed":235775,"trainSize":10,"testSeed":17250987,"testSize":10},"train":[{"name":"box","top":15,"left":25,"height":1347.2,"width":802,"children":[{"name":"box0","top":0,"left":0,"height":61,"width":852,"children":[{"name":"box1","top":0,"left":51,"height":60,"width":750,"children":[{"name":"box2","top":0,"left":66,"height":60,"width":142.8,"children":[{"name":"box3","top":0,"left":51,"height":60,"width":157.8,"children":[]}]},{"name":"box4","top":0,"left":66,"height":60,"width":720,"children":[{"name":"box5","top":0,"left":208.8000030517578,"height":60,"width":305.033,"children":[{"name":"box7","top":0,"left":208.8000030517578,"height":60,"width":88.35,"children":[]},{"name":"box9","top":0,"left":297.1499938964844,"height":60,"width":49.45,"children":[]},{"name":"box11","top":0,"left":346.6000061035156,"height":60,"width":80.5667,"children":[]},{"name":"box13","top":0,"left":427.16668701171875,"height":60,"width":86.6667,"children":[{"name":"box14","top":28.100006103515625,"left":490.83331298828125,"height":4,"width":8,"children":[]}]}]}]}]}]},{"name":"box15","top":45,"left":55,"height":1287.2,"width":750,"children":[{"name":"box16","top":45,"left":70,"height":1,"width":720,"children":[]},{"name":"box17","top":61,"left":70,"height":1256.2,"width":662.4,"children":[{"name":"box18","top":61,"left":85,"height":134.4,"width":632.4,"children":[]},{"name":"box19","top":210.39999389648438,"left":85,"height":224,"width":632.4,"children":[]},{"name":"box20","top":449.3999938964844,"left":85,"height":44.8,"width":632.4,"children":[]},{"name":"box21","top":509.20001220703125,"left":85,"height":22.4,"width":632.4,"children":[]},{"name":"box22","top":546.5999755859375,"left":85,"height":44.8,"width":632.4,"children":[]},{"name":"box23","top":606.4000244140625,"left":85,"height":44.8,"width":632.4,"children":[]},{"name":"preprintsin-submission","top":671.2000122070312,"left":85,"height":27.4,"width":632.4,"children":[]},{"name":"targeted-synthesis-for-programming-with-data-invariants","top":718.5999755859375,"left":85,"height":19.8,"width":632.4,"children":[]},{"name":"box24","top":748.4000244140625,"left":85,"height":22.4,"width":632.4,"children":[]},{"name":"conference-publications","top":790.7999877929688,"left":85,"height":27.4,"width":632.4,"children":[]},{"name":"user-guided-synthesis-of-interactive-diagrams","top":838.2000122070312,"left":85,"height":19.8,"width":632.4,"children":[]},{"name":"box25","top":868,"left":85,"height":44.8,"width":632.4,"children":[]},{"name":"interactive-parser-synthesis-by-example","top":932.7999877929688,"left":85,"height":19.8,"width":632.4,"children":[]},{"name":"box26","top":962.5999755859375,"left":85,"height":22.4,"width":632.4,"children":[]},{"name":"jsai-a-static-analysis-platform-for-javascript","top":1005,"left":85,"height":19.8,"width":632.4,"children":[]},{"name":"box27","top":1034.800048828125,"left":85,"height":44.8,"width":632.4,"children":[]},{"name":"box28","top":1100.5999755859375,"left":85,"height":4,"width":632.4,"children":[]},{"name":"workshop-publications","top":1125.5999755859375,"left":85,"height":27.4,"width":632.4,"children":[]},{"name":"chihuahua-a-concurrent-moving-garbage-collector-using-transactional-memory","top":1173,"left":85,"height":39.6,"width":632.4,"children":[]},{"name":"box29","top":1222.5999755859375,"left":85,"height":22.4,"width":632.4,"children":[]},{"name":"type-refinement-for-static-analysis-of-javascript","top":1265,"left":85,"height":19.8,"width":632.4,"children":[]},{"name":"box30","top":1294.800048828125,"left":85,"height":22.4,"width":632.4,"children":[]}]}]}]},{"name":"box","top":15,"left":25,"height":1347.2,"width":848,"children":[{"name":"box0","top":0,"left":0,"height":61,"width":898,"children":[{"name":"box1","top":0,"left":74,"height":60,"width":750,"children":[{"name":"box2","top":0,"left":89,"height":60,"width":142.8,"children":[{"name":"box3","top":0,"left":74,"height":60,"width":157.8,"children":[]}]},{"name":"box4","top":0,"left":89,"height":60,"width":720,"children":[{"name":"box5","top":0,"left":231.8000030517578,"height":60,"width":305.033,"children":[{"name":"box7","top":0,"left":231.8000030517578,"height":60,"width":88.35,"children":[]},{"name":"box9","top":0,"left":320.1499938964844,"height":60,"width":49.45,"children":[]},{"name":"box11","top":0,"left":369.6000061035156,"height":60,"width":80.5667,"children":[]},{"name":"box13","top":0,"left":450.16668701171875,"height":60,"width":86.6667,"children":[{"name":"box14","top":28.100006103515625,"left":513.8333129882812,"height":4,"width":8,"children":[]}]}]}]}]}]},{"name":"box15","top":45,"left":74,"height":1287.2,"width":750,"children":[{"name":"box16","top":45,"left":89,"height":1,"width":720,"children":[]},{"name":"box17","top":61,"left":89,"height":1256.2,"width":662.4,"children":[{"name":"box18","top":61,"left":104,"height":134.4,"width":632.4,"children":[]},{"name":"box19","top":210.39999389648438,"left":104,"height":224,"width":632.4,"children":[]},{"name":"box20","top":449.3999938964844,"left":104,"height":44.8,"width":632.4,"children":[]},{"name":"box21","top":509.20001220703125,"left":104,"height":22.4,"width":632.4,"children":[]},{"name":"box22","top":546.5999755859375,"left":104,"height":44.8,"width":632.4,"children":[]},{"name":"box23","top":606.4000244140625,"left":104,"height":44.8,"width":632.4,"children":[]},{"name":"preprintsin-submission","top":671.2000122070312,"left":104,"height":27.4,"width":632.4,"children":[]},{"name":"targeted-synthesis-for-programming-with-data-invariants","top":718.5999755859375,"left":104,"height":19.8,"width":632.4,"children":[]},{"name":"box24","top":748.4000244140625,"left":104,"height":22.4,"width":632.4,"children":[]},{"name":"conference-publications","top":790.7999877929688,"left":104,"height":27.4,"width":632.4,"children":[]},{"name":"user-guided-synthesis-of-interactive-diagrams","top":838.2000122070312,"left":104,"height":19.8,"width":632.4,"children":[]},{"name":"box25","top":868,"left":104,"height":44.8,"width":632.4,"children":[]},{"name":"interactive-parser-synthesis-by-example","top":932.7999877929688,"left":104,"height":19.8,"width":632.4,"children":[]},{"name":"box26","top":962.5999755859375,"left":104,"height":22.4,"width":632.4,"children":[]},{"name":"jsai-a-static-analysis-platform-for-javascript","top":1005,"left":104,"height":19.8,"width":632.4,"children":[]},{"name":"box27","top":1034.800048828125,"left":104,"height":44.8,"width":632.4,"children":[]},{"name":"box28","top":1100.5999755859375,"left":104,"height":4,"width":632.4,"children":[]},{"name":"workshop-publications","top":1125.5999755859375,"left":104,"height":27.4,"width":632.4,"children":[]},{"name":"chihuahua-a-concurrent-moving-garbage-collector-using-transactional-memory","top":1173,"left":104,"height":39.6,"width":632.4,"children":[]},{"name":"box29","top":1222.5999755859375,"left":104,"height":22.4,"width":632.4,"children":[]},{"name":"type-refinement-for-static-analysis-of-javascript","top":1265,"left":104,"height":19.8,"width":632.4,"children":[]},{"name":"box30","top":1294.800048828125,"left":104,"height":22.4,"width":632.4,"children":[]}]}]}]},{"name":"box","top":15,"left":25,"height":1347.2,"width":778,"children":[{"name":"box0","top":0,"left":0,"height":61,"width":828,"children":[{"name":"box1","top":0,"left":39,"height":60,"width":750,"children":[{"name":"box2","top":0,"left":54,"height":60,"width":142.8,"children":[{"name":"box3","top":0,"left":39,"height":60,"width":157.8,"children":[]}]},{"name":"box4","top":0,"left":54,"height":60,"width":720,"children":[{"name":"box5","top":0,"left":196.8000030517578,"height":60,"width":305.033,"children":[{"name":"box7","top":0,"left":196.8000030517578,"height":60,"width":88.35,"children":[]},{"name":"box9","top":0,"left":285.1499938964844,"height":60,"width":49.45,"children":[]},{"name":"box11","top":0,"left":334.6000061035156,"height":60,"width":80.5667,"children":[]},{"name":"box13","top":0,"left":415.16668701171875,"height":60,"width":86.6667,"children":[{"name":"box14","top":28.100006103515625,"left":478.83331298828125,"height":4,"width":8,"children":[]}]}]}]}]}]},{"name":"box15","top":45,"left":55,"height":1287.2,"width":750,"children":[{"name":"box16","top":45,"left":70,"height":1,"width":720,"children":[]},{"name":"box17","top":61,"left":70,"height":1256.2,"width":662.4,"children":[{"name":"box18","top":61,"left":85,"height":134.4,"width":632.4,"children":[]},{"name":"box19","top":210.39999389648438,"left":85,"height":224,"width":632.4,"children":[]},{"name":"box20","top":449.3999938964844,"left":85,"height":44.8,"width":632.4,"children":[]},{"name":"box21","top":509.20001220703125,"left":85,"height":22.4,"width":632.4,"children":[]},{"name":"box22","top":546.5999755859375,"left":85,"height":44.8,"width":632.4,"children":[]},{"name":"box23","top":606.4000244140625,"left":85,"height":44.8,"width":632.4,"children":[]},{"name":"preprintsin-submission","top":671.2000122070312,"left":85,"height":27.4,"width":632.4,"children":[]},{"name":"targeted-synthesis-for-programming-with-data-invariants","top":718.5999755859375,"left":85,"height":19.8,"width":632.4,"children":[]},{"name":"box24","top":748.4000244140625,"left":85,"height":22.4,"width":632.4,"children":[]},{"name":"conference-publications","top":790.7999877929688,"left":85,"height":27.4,"width":632.4,"children":[]},{"name":"user-guided-synthesis-of-interactive-diagrams","top":838.2000122070312,"left":85,"height":19.8,"width":632.4,"children":[]},{"name":"box25","top":868,"left":85,"height":44.8,"width":632.4,"children":[]},{"name":"interactive-parser-synthesis-by-example","top":932.7999877929688,"left":85,"height":19.8,"width":632.4,"children":[]},{"name":"box26","top":962.5999755859375,"left":85,"height":22.4,"width":632.4,"children":[]},{"name":"jsai-a-static-analysis-platform-for-javascript","top":1005,"left":85,"height":19.8,"width":632.4,"children":[]},{"name":"box27","top":1034.800048828125,"left":85,"height":44.8,"width":632.4,"children":[]},{"name":"box28","top":1100.5999755859375,"left":85,"height":4,"width":632.4,"children":[]},{"name":"workshop-publications","top":1125.5999755859375,"left":85,"height":27.4,"width":632.4,"children":[]},{"name":"chihuahua-a-concurrent-moving-garbage-collector-using-transactional-memory","top":1173,"left":85,"height":39.6,"width":632.4,"children":[]},{"name":"box29","top":1222.5999755859375,"left":85,"height":22.4,"width":632.4,"children":[]},{"name":"type-refinement-for-static-analysis-of-javascript","top":1265,"left":85,"height":19.8,"width":632.4,"children":[]},{"name":"box30","top":1294.800048828125,"left":85,"height":22.4,"width":632.4,"children":[]}]}]}]},{"name":"box","top":15,"left":25,"height":1347.2,"width":792,"children":[{"name":"box0","top":0,"left":0,"height":61,"width":842,"children":[{"name":"box1","top":0,"left":46,"height":60,"width":750,"children":[{"name":"box2","top":0,"left":61,"height":60,"width":142.8,"children":[{"name":"box3","top":0,"left":46,"height":60,"width":157.8,"children":[]}]},{"name":"box4","top":0,"left":61,"height":60,"width":720,"children":[{"name":"box5","top":0,"left":203.8000030517578,"height":60,"width":305.033,"children":[{"name":"box7","top":0,"left":203.8000030517578,"height":60,"width":88.35,"children":[]},{"name":"box9","top":0,"left":292.1499938964844,"height":60,"width":49.45,"children":[]},{"name":"box11","top":0,"left":341.6000061035156,"height":60,"width":80.5667,"children":[]},{"name":"box13","top":0,"left":422.16668701171875,"height":60,"width":86.6667,"children":[{"name":"box14","top":28.100006103515625,"left":485.83331298828125,"height":4,"width":8,"children":[]}]}]}]}]}]},{"name":"box15","top":45,"left":55,"height":1287.2,"width":750,"children":[{"name":"box16","top":45,"left":70,"height":1,"width":720,"children":[]},{"name":"box17","top":61,"left":70,"height":1256.2,"width":662.4,"children":[{"name":"box18","top":61,"left":85,"height":134.4,"width":632.4,"children":[]},{"name":"box19","top":210.39999389648438,"left":85,"height":224,"width":632.4,"children":[]},{"name":"box20","top":449.3999938964844,"left":85,"height":44.8,"width":632.4,"children":[]},{"name":"box21","top":509.20001220703125,"left":85,"height":22.4,"width":632.4,"children":[]},{"name":"box22","top":546.5999755859375,"left":85,"height":44.8,"width":632.4,"children":[]},{"name":"box23","top":606.4000244140625,"left":85,"height":44.8,"width":632.4,"children":[]},{"name":"preprintsin-submission","top":671.2000122070312,"left":85,"height":27.4,"width":632.4,"children":[]},{"name":"targeted-synthesis-for-programming-with-data-invariants","top":718.5999755859375,"left":85,"height":19.8,"width":632.4,"children":[]},{"name":"box24","top":748.4000244140625,"left":85,"height":22.4,"width":632.4,"children":[]},{"name":"conference-publications","top":790.7999877929688,"left":85,"height":27.4,"width":632.4,"children":[]},{"name":"user-guided-synthesis-of-interactive-diagrams","top":838.2000122070312,"left":85,"height":19.8,"width":632.4,"children":[]},{"name":"box25","top":868,"left":85,"height":44.8,"width":632.4,"children":[]},{"name":"interactive-parser-synthesis-by-example","top":932.7999877929688,"left":85,"height":19.8,"width":632.4,"children":[]},{"name":"box26","top":962.5999755859375,"left":85,"height":22.4,"width":632.4,"children":[]},{"name":"jsai-a-static-analysis-platform-for-javascript","top":1005,"left":85,"height":19.8,"width":632.4,"children":[]},{"name":"box27","top":1034.800048828125,"left":85,"height":44.8,"width":632.4,"children":[]},{"name":"box28","top":1100.5999755859375,"left":85,"height":4,"width":632.4,"children":[]},{"name":"workshop-publications","top":1125.5999755859375,"left":85,"height":27.4,"width":632.4,"children":[]},{"name":"chihuahua-a-concurrent-moving-garbage-collector-using-transactional-memory","top":1173,"left":85,"height":39.6,"width":632.4,"children":[]},{"name":"box29","top":1222.5999755859375,"left":85,"height":22.4,"width":632.4,"children":[]},{"name":"type-refinement-for-static-analysis-of-javascript","top":1265,"left":85,"height":19.8,"width":632.4,"children":[]},{"name":"box30","top":1294.800048828125,"left":85,"height":22.4,"width":632.4,"children":[]}]}]}]},{"name":"box","top":15,"left":25,"height":1347.2,"width":786,"children":[{"name":"box0","top":0,"left":0,"height":61,"width":836,"children":[{"name":"box1","top":0,"left":43,"height":60,"width":750,"children":[{"name":"box2","top":0,"left":58,"height":60,"width":142.8,"children":[{"name":"box3","top":0,"left":43,"height":60,"width":157.8,"children":[]}]},{"name":"box4","top":0,"left":58,"height":60,"width":720,"children":[{"name":"box5","top":0,"left":200.8000030517578,"height":60,"width":305.033,"children":[{"name":"box7","top":0,"left":200.8000030517578,"height":60,"width":88.35,"children":[]},{"name":"box9","top":0,"left":289.1499938964844,"height":60,"width":49.45,"children":[]},{"name":"box11","top":0,"left":338.6000061035156,"height":60,"width":80.5667,"children":[]},{"name":"box13","top":0,"left":419.16668701171875,"height":60,"width":86.6667,"children":[{"name":"box14","top":28.100006103515625,"left":482.83331298828125,"height":4,"width":8,"children":[]}]}]}]}]}]},{"name":"box15","top":45,"left":55,"height":1287.2,"width":750,"children":[{"name":"box16","top":45,"left":70,"height":1,"width":720,"children":[]},{"name":"box17","top":61,"left":70,"height":1256.2,"width":662.4,"children":[{"name":"box18","top":61,"left":85,"height":134.4,"width":632.4,"children":[]},{"name":"box19","top":210.39999389648438,"left":85,"height":224,"width":632.4,"children":[]},{"name":"box20","top":449.3999938964844,"left":85,"height":44.8,"width":632.4,"children":[]},{"name":"box21","top":509.20001220703125,"left":85,"height":22.4,"width":632.4,"children":[]},{"name":"box22","top":546.5999755859375,"left":85,"height":44.8,"width":632.4,"children":[]},{"name":"box23","top":606.4000244140625,"left":85,"height":44.8,"width":632.4,"children":[]},{"name":"preprintsin-submission","top":671.2000122070312,"left":85,"height":27.4,"width":632.4,"children":[]},{"name":"targeted-synthesis-for-programming-with-data-invariants","top":718.5999755859375,"left":85,"height":19.8,"width":632.4,"children":[]},{"name":"box24","top":748.4000244140625,"left":85,"height":22.4,"width":632.4,"children":[]},{"name":"conference-publications","top":790.7999877929688,"left":85,"height":27.4,"width":632.4,"children":[]},{"name":"user-guided-synthesis-of-interactive-diagrams","top":838.2000122070312,"left":85,"height":19.8,"width":632.4,"children":[]},{"name":"box25","top":868,"left":85,"height":44.8,"width":632.4,"children":[]},{"name":"interactive-parser-synthesis-by-example","top":932.7999877929688,"left":85,"height":19.8,"width":632.4,"children":[]},{"name":"box26","top":962.5999755859375,"left":85,"height":22.4,"width":632.4,"children":[]},{"name":"jsai-a-static-analysis-platform-for-javascript","top":1005,"left":85,"height":19.8,"width":632.4,"children":[]},{"name":"box27","top":1034.800048828125,"left":85,"height":44.8,"width":632.4,"children":[]},{"name":"box28","top":1100.5999755859375,"left":85,"height":4,"width":632.4,"children":[]},{"name":"workshop-publications","top":1125.5999755859375,"left":85,"height":27.4,"width":632.4,"children":[]},{"name":"chihuahua-a-concurrent-moving-garbage-collector-using-transactional-memory","top":1173,"left":85,"height":39.6,"width":632.4,"children":[]},{"name":"box29","top":1222.5999755859375,"left":85,"height":22.4,"width":632.4,"children":[]},{"name":"type-refinement-for-static-analysis-of-javascript","top":1265,"left":85,"height":19.8,"width":632.4,"children":[]},{"name":"box30","top":1294.800048828125,"left":85,"height":22.4,"width":632.4,"children":[]}]}]}]},{"name":"box","top":15,"left":25,"height":1347.2,"width":824,"children":[{"name":"box0","top":0,"left":0,"height":61,"width":874,"children":[{"name":"box1","top":0,"left":62,"height":60,"width":750,"children":[{"name":"box2","top":0,"left":77,"height":60,"width":142.8,"children":[{"name":"box3","top":0,"left":62,"height":60,"width":157.8,"children":[]}]},{"name":"box4","top":0,"left":77,"height":60,"width":720,"children":[{"name":"box5","top":0,"left":219.8000030517578,"height":60,"width":305.033,"children":[{"name":"box7","top":0,"left":219.8000030517578,"height":60,"width":88.35,"children":[]},{"name":"box9","top":0,"left":308.1499938964844,"height":60,"width":49.45,"children":[]},{"name":"box11","top":0,"left":357.6000061035156,"height":60,"width":80.5667,"children":[]},{"name":"box13","top":0,"left":438.16668701171875,"height":60,"width":86.6667,"children":[{"name":"box14","top":28.100006103515625,"left":501.83331298828125,"height":4,"width":8,"children":[]}]}]}]}]}]},{"name":"box15","top":45,"left":62,"height":1287.2,"width":750,"children":[{"name":"box16","top":45,"left":77,"height":1,"width":720,"children":[]},{"name":"box17","top":61,"left":77,"height":1256.2,"width":662.4,"children":[{"name":"box18","top":61,"left":92,"height":134.4,"width":632.4,"children":[]},{"name":"box19","top":210.39999389648438,"left":92,"height":224,"width":632.4,"children":[]},{"name":"box20","top":449.3999938964844,"left":92,"height":44.8,"width":632.4,"children":[]},{"name":"box21","top":509.20001220703125,"left":92,"height":22.4,"width":632.4,"children":[]},{"name":"box22","top":546.5999755859375,"left":92,"height":44.8,"width":632.4,"children":[]},{"name":"box23","top":606.4000244140625,"left":92,"height":44.8,"width":632.4,"children":[]},{"name":"preprintsin-submission","top":671.2000122070312,"left":92,"height":27.4,"width":632.4,"children":[]},{"name":"targeted-synthesis-for-programming-with-data-invariants","top":718.5999755859375,"left":92,"height":19.8,"width":632.4,"children":[]},{"name":"box24","top":748.4000244140625,"left":92,"height":22.4,"width":632.4,"children":[]},{"name":"conference-publications","top":790.7999877929688,"left":92,"height":27.4,"width":632.4,"children":[]},{"name":"user-guided-synthesis-of-interactive-diagrams","top":838.2000122070312,"left":92,"height":19.8,"width":632.4,"children":[]},{"name":"box25","top":868,"left":92,"height":44.8,"width":632.4,"children":[]},{"name":"interactive-parser-synthesis-by-example","top":932.7999877929688,"left":92,"height":19.8,"width":632.4,"children":[]},{"name":"box26","top":962.5999755859375,"left":92,"height":22.4,"width":632.4,"children":[]},{"name":"jsai-a-static-analysis-platform-for-javascript","top":1005,"left":92,"height":19.8,"width":632.4,"children":[]},{"name":"box27","top":1034.800048828125,"left":92,"height":44.8,"width":632.4,"children":[]},{"name":"box28","top":1100.5999755859375,"left":92,"height":4,"width":632.4,"children":[]},{"name":"workshop-publications","top":1125.5999755859375,"left":92,"height":27.4,"width":632.4,"children":[]},{"name":"chihuahua-a-concurrent-moving-garbage-collector-using-transactional-memory","top":1173,"left":92,"height":39.6,"width":632.4,"children":[]},{"name":"box29","top":1222.5999755859375,"left":92,"height":22.4,"width":632.4,"children":[]},{"name":"type-refinement-for-static-analysis-of-javascript","top":1265,"left":92,"height":19.8,"width":632.4,"children":[]},{"name":"box30","top":1294.800048828125,"left":92,"height":22.4,"width":632.4,"children":[]}]}]}]},{"name":"box","top":15,"left":25,"height":1347.2,"width":785,"children":[{"name":"box0","top":0,"left":0,"height":61,"width":835,"children":[{"name":"box1","top":0,"left":42.5,"height":60,"width":750,"children":[{"name":"box2","top":0,"left":57.5,"height":60,"width":142.8,"children":[{"name":"box3","top":0,"left":42.5,"height":60,"width":157.8,"children":[]}]},{"name":"box4","top":0,"left":57.5,"height":60,"width":720,"children":[{"name":"box5","top":0,"left":200.3000030517578,"height":60,"width":305.033,"children":[{"name":"box7","top":0,"left":200.3000030517578,"height":60,"width":88.35,"children":[]},{"name":"box9","top":0,"left":288.6499938964844,"height":60,"width":49.45,"children":[]},{"name":"box11","top":0,"left":338.1000061035156,"height":60,"width":80.5667,"children":[]},{"name":"box13","top":0,"left":418.66668701171875,"height":60,"width":86.6667,"children":[{"name":"box14","top":28.100006103515625,"left":482.33331298828125,"height":4,"width":8,"children":[]}]}]}]}]}]},{"name":"box15","top":45,"left":55,"height":1287.2,"width":750,"children":[{"name":"box16","top":45,"left":70,"height":1,"width":720,"children":[]},{"name":"box17","top":61,"left":70,"height":1256.2,"width":662.4,"children":[{"name":"box18","top":61,"left":85,"height":134.4,"width":632.4,"children":[]},{"name":"box19","top":210.39999389648438,"left":85,"height":224,"width":632.4,"children":[]},{"name":"box20","top":449.3999938964844,"left":85,"height":44.8,"width":632.4,"children":[]},{"name":"box21","top":509.20001220703125,"left":85,"height":22.4,"width":632.4,"children":[]},{"name":"box22","top":546.5999755859375,"left":85,"height":44.8,"width":632.4,"children":[]},{"name":"box23","top":606.4000244140625,"left":85,"height":44.8,"width":632.4,"children":[]},{"name":"preprintsin-submission","top":671.2000122070312,"left":85,"height":27.4,"width":632.4,"children":[]},{"name":"targeted-synthesis-for-programming-with-data-invariants","top":718.5999755859375,"left":85,"height":19.8,"width":632.4,"children":[]},{"name":"box24","top":748.4000244140625,"left":85,"height":22.4,"width":632.4,"children":[]},{"name":"conference-publications","top":790.7999877929688,"left":85,"height":27.4,"width":632.4,"children":[]},{"name":"user-guided-synthesis-of-interactive-diagrams","top":838.2000122070312,"left":85,"height":19.8,"width":632.4,"children":[]},{"name":"box25","top":868,"left":85,"height":44.8,"width":632.4,"children":[]},{"name":"interactive-parser-synthesis-by-example","top":932.7999877929688,"left":85,"height":19.8,"width":632.4,"children":[]},{"name":"box26","top":962.5999755859375,"left":85,"height":22.4,"width":632.4,"children":[]},{"name":"jsai-a-static-analysis-platform-for-javascript","top":1005,"left":85,"height":19.8,"width":632.4,"children":[]},{"name":"box27","top":1034.800048828125,"left":85,"height":44.8,"width":632.4,"children":[]},{"name":"box28","top":1100.5999755859375,"left":85,"height":4,"width":632.4,"children":[]},{"name":"workshop-publications","top":1125.5999755859375,"left":85,"height":27.4,"width":632.4,"children":[]},{"name":"chihuahua-a-concurrent-moving-garbage-collector-using-transactional-memory","top":1173,"left":85,"height":39.6,"width":632.4,"children":[]},{"name":"box29","top":1222.5999755859375,"left":85,"height":22.4,"width":632.4,"children":[]},{"name":"type-refinement-for-static-analysis-of-javascript","top":1265,"left":85,"height":19.8,"width":632.4,"children":[]},{"name":"box30","top":1294.800048828125,"left":85,"height":22.4,"width":632.4,"children":[]}]}]}]},{"name":"box","top":15,"left":25,"height":1347.2,"width":798,"children":[{"name":"box0","top":0,"left":0,"height":61,"width":848,"children":[{"name":"box1","top":0,"left":49,"height":60,"width":750,"children":[{"name":"box2","top":0,"left":64,"height":60,"width":142.8,"children":[{"name":"box3","top":0,"left":49,"height":60,"width":157.8,"children":[]}]},{"name":"box4","top":0,"left":64,"height":60,"width":720,"children":[{"name":"box5","top":0,"left":206.8000030517578,"height":60,"width":305.033,"children":[{"name":"box7","top":0,"left":206.8000030517578,"height":60,"width":88.35,"children":[]},{"name":"box9","top":0,"left":295.1499938964844,"height":60,"width":49.45,"children":[]},{"name":"box11","top":0,"left":344.6000061035156,"height":60,"width":80.5667,"children":[]},{"name":"box13","top":0,"left":425.16668701171875,"height":60,"width":86.6667,"children":[{"name":"box14","top":28.100006103515625,"left":488.83331298828125,"height":4,"width":8,"children":[]}]}]}]}]}]},{"name":"box15","top":45,"left":55,"height":1287.2,"width":750,"children":[{"name":"box16","top":45,"left":70,"height":1,"width":720,"children":[]},{"name":"box17","top":61,"left":70,"height":1256.2,"width":662.4,"children":[{"name":"box18","top":61,"left":85,"height":134.4,"width":632.4,"children":[]},{"name":"box19","top":210.39999389648438,"left":85,"height":224,"width":632.4,"children":[]},{"name":"box20","top":449.3999938964844,"left":85,"height":44.8,"width":632.4,"children":[]},{"name":"box21","top":509.20001220703125,"left":85,"height":22.4,"width":632.4,"children":[]},{"name":"box22","top":546.5999755859375,"left":85,"height":44.8,"width":632.4,"children":[]},{"name":"box23","top":606.4000244140625,"left":85,"height":44.8,"width":632.4,"children":[]},{"name":"preprintsin-submission","top":671.2000122070312,"left":85,"height":27.4,"width":632.4,"children":[]},{"name":"targeted-synthesis-for-programming-with-data-invariants","top":718.5999755859375,"left":85,"height":19.8,"width":632.4,"children":[]},{"name":"box24","top":748.4000244140625,"left":85,"height":22.4,"width":632.4,"children":[]},{"name":"conference-publications","top":790.7999877929688,"left":85,"height":27.4,"width":632.4,"children":[]},{"name":"user-guided-synthesis-of-interactive-diagrams","top":838.2000122070312,"left":85,"height":19.8,"width":632.4,"children":[]},{"name":"box25","top":868,"left":85,"height":44.8,"width":632.4,"children":[]},{"name":"interactive-parser-synthesis-by-example","top":932.7999877929688,"left":85,"height":19.8,"width":632.4,"children":[]},{"name":"box26","top":962.5999755859375,"left":85,"height":22.4,"width":632.4,"children":[]},{"name":"jsai-a-static-analysis-platform-for-javascript","top":1005,"left":85,"height":19.8,"width":632.4,"children":[]},{"name":"box27","top":1034.800048828125,"left":85,"height":44.8,"width":632.4,"children":[]},{"name":"box28","top":1100.5999755859375,"left":85,"height":4,"width":632.4,"children":[]},{"name":"workshop-publications","top":1125.5999755859375,"left":85,"height":27.4,"width":632.4,"children":[]},{"name":"chihuahua-a-concurrent-moving-garbage-collector-using-transactional-memory","top":1173,"left":85,"height":39.6,"width":632.4,"children":[]},{"name":"box29","top":1222.5999755859375,"left":85,"height":22.4,"width":632.4,"children":[]},{"name":"type-refinement-for-static-analysis-of-javascript","top":1265,"left":85,"height":19.8,"width":632.4,"children":[]},{"name":"box30","top":1294.800048828125,"left":85,"height":22.4,"width":632.4,"children":[]}]}]}]},{"name":"box","top":15,"left":25,"height":1347.2,"width":874,"children":[{"name":"box0","top":0,"left":0,"height":61,"width":924,"children":[{"name":"box1","top":0,"left":87,"height":60,"width":750,"children":[{"name":"box2","top":0,"left":102,"height":60,"width":142.8,"children":[{"name":"box3","top":0,"left":87,"height":60,"width":157.8,"children":[]}]},{"name":"box4","top":0,"left":102,"height":60,"width":720,"children":[{"name":"box5","top":0,"left":244.8000030517578,"height":60,"width":305.033,"children":[{"name":"box7","top":0,"left":244.8000030517578,"height":60,"width":88.35,"children":[]},{"name":"box9","top":0,"left":333.1499938964844,"height":60,"width":49.45,"children":[]},{"name":"box11","top":0,"left":382.6000061035156,"height":60,"width":80.5667,"children":[]},{"name":"box13","top":0,"left":463.16668701171875,"height":60,"width":86.6667,"children":[{"name":"box14","top":28.100006103515625,"left":526.8333129882812,"height":4,"width":8,"children":[]}]}]}]}]}]},{"name":"box15","top":45,"left":87,"height":1287.2,"width":750,"children":[{"name":"box16","top":45,"left":102,"height":1,"width":720,"children":[]},{"name":"box17","top":61,"left":102,"height":1256.2,"width":662.4,"children":[{"name":"box18","top":61,"left":117,"height":134.4,"width":632.4,"children":[]},{"name":"box19","top":210.39999389648438,"left":117,"height":224,"width":632.4,"children":[]},{"name":"box20","top":449.3999938964844,"left":117,"height":44.8,"width":632.4,"children":[]},{"name":"box21","top":509.20001220703125,"left":117,"height":22.4,"width":632.4,"children":[]},{"name":"box22","top":546.5999755859375,"left":117,"height":44.8,"width":632.4,"children":[]},{"name":"box23","top":606.4000244140625,"left":117,"height":44.8,"width":632.4,"children":[]},{"name":"preprintsin-submission","top":671.2000122070312,"left":117,"height":27.4,"width":632.4,"children":[]},{"name":"targeted-synthesis-for-programming-with-data-invariants","top":718.5999755859375,"left":117,"height":19.8,"width":632.4,"children":[]},{"name":"box24","top":748.4000244140625,"left":117,"height":22.4,"width":632.4,"children":[]},{"name":"conference-publications","top":790.7999877929688,"left":117,"height":27.4,"width":632.4,"children":[]},{"name":"user-guided-synthesis-of-interactive-diagrams","top":838.2000122070312,"left":117,"height":19.8,"width":632.4,"children":[]},{"name":"box25","top":868,"left":117,"height":44.8,"width":632.4,"children":[]},{"name":"interactive-parser-synthesis-by-example","top":932.7999877929688,"left":117,"height":19.8,"width":632.4,"children":[]},{"name":"box26","top":962.5999755859375,"left":117,"height":22.4,"width":632.4,"children":[]},{"name":"jsai-a-static-analysis-platform-for-javascript","top":1005,"left":117,"height":19.8,"width":632.4,"children":[]},{"name":"box27","top":1034.800048828125,"left":117,"height":44.8,"width":632.4,"children":[]},{"name":"box28","top":1100.5999755859375,"left":117,"height":4,"width":632.4,"children":[]},{"name":"workshop-publications","top":1125.5999755859375,"left":117,"height":27.4,"width":632.4,"children":[]},{"name":"chihuahua-a-concurrent-moving-garbage-collector-using-transactional-memory","top":1173,"left":117,"height":39.6,"width":632.4,"children":[]},{"name":"box29","top":1222.5999755859375,"left":117,"height":22.4,"width":632.4,"children":[]},{"name":"type-refinement-for-static-analysis-of-javascript","top":1265,"left":117,"height":19.8,"width":632.4,"children":[]},{"name":"box30","top":1294.800048828125,"left":117,"height":22.4,"width":632.4,"children":[]}]}]}]},{"name":"box","top":15,"left":25,"height":1347.2,"width":812,"children":[{"name":"box0","top":0,"left":0,"height":61,"width":862,"children":[{"name":"box1","top":0,"left":56,"height":60,"width":750,"children":[{"name":"box2","top":0,"left":71,"height":60,"width":142.8,"children":[{"name":"box3","top":0,"left":56,"height":60,"width":157.8,"children":[]}]},{"name":"box4","top":0,"left":71,"height":60,"width":720,"children":[{"name":"box5","top":0,"left":213.8000030517578,"height":60,"width":305.033,"children":[{"name":"box7","top":0,"left":213.8000030517578,"height":60,"width":88.35,"children":[]},{"name":"box9","top":0,"left":302.1499938964844,"height":60,"width":49.45,"children":[]},{"name":"box11","top":0,"left":351.6000061035156,"height":60,"width":80.5667,"children":[]},{"name":"box13","top":0,"left":432.16668701171875,"height":60,"width":86.6667,"children":[{"name":"box14","top":28.100006103515625,"left":495.83331298828125,"height":4,"width":8,"children":[]}]}]}]}]}]},{"name":"box15","top":45,"left":56,"height":1287.2,"width":750,"children":[{"name":"box16","top":45,"left":71,"height":1,"width":720,"children":[]},{"name":"box17","top":61,"left":71,"height":1256.2,"width":662.4,"children":[{"name":"box18","top":61,"left":86,"height":134.4,"width":632.4,"children":[]},{"name":"box19","top":210.39999389648438,"left":86,"height":224,"width":632.4,"children":[]},{"name":"box20","top":449.3999938964844,"left":86,"height":44.8,"width":632.4,"children":[]},{"name":"box21","top":509.20001220703125,"left":86,"height":22.4,"width":632.4,"children":[]},{"name":"box22","top":546.5999755859375,"left":86,"height":44.8,"width":632.4,"children":[]},{"name":"box23","top":606.4000244140625,"left":86,"height":44.8,"width":632.4,"children":[]},{"name":"preprintsin-submission","top":671.2000122070312,"left":86,"height":27.4,"width":632.4,"children":[]},{"name":"targeted-synthesis-for-programming-with-data-invariants","top":718.5999755859375,"left":86,"height":19.8,"width":632.4,"children":[]},{"name":"box24","top":748.4000244140625,"left":86,"height":22.4,"width":632.4,"children":[]},{"name":"conference-publications","top":790.7999877929688,"left":86,"height":27.4,"width":632.4,"children":[]},{"name":"user-guided-synthesis-of-interactive-diagrams","top":838.2000122070312,"left":86,"height":19.8,"width":632.4,"children":[]},{"name":"box25","top":868,"left":86,"height":44.8,"width":632.4,"children":[]},{"name":"interactive-parser-synthesis-by-example","top":932.7999877929688,"left":86,"height":19.8,"width":632.4,"children":[]},{"name":"box26","top":962.5999755859375,"left":86,"height":22.4,"width":632.4,"children":[]},{"name":"jsai-a-static-analysis-platform-for-javascript","top":1005,"left":86,"height":19.8,"width":632.4,"children":[]},{"name":"box27","top":1034.800048828125,"left":86,"height":44.8,"width":632.4,"children":[]},{"name":"box28","top":1100.5999755859375,"left":86,"height":4,"width":632.4,"children":[]},{"name":"workshop-publications","top":1125.5999755859375,"left":86,"height":27.4,"width":632.4,"children":[]},{"name":"chihuahua-a-concurrent-moving-garbage-collector-using-transactional-memory","top":1173,"left":86,"height":39.6,"width":632.4,"children":[]},{"name":"box29","top":1222.5999755859375,"left":86,"height":22.4,"width":632.4,"children":[]},{"name":"type-refinement-for-static-analysis-of-javascript","top":1265,"left":86,"height":19.8,"width":632.4,"children":[]},{"name":"box30","top":1294.800048828125,"left":86,"height":22.4,"width":632.4,"children":[]}]}]}]}],"test":[{"name":"box","top":15,"left":25,"height":1347.2,"width":830,"children":[{"name":"box0","top":0,"left":0,"height":61,"width":880,"children":[{"name":"box1","top":0,"left":65,"height":60,"width":750,"children":[{"name":"box2","top":0,"left":80,"height":60,"width":142.8,"children":[{"name":"box3","top":0,"left":65,"height":60,"width":157.8,"children":[]}]},{"name":"box4","top":0,"left":80,"height":60,"width":720,"children":[{"name":"box5","top":0,"left":222.8000030517578,"height":60,"width":305.033,"children":[{"name":"box7","top":0,"left":222.8000030517578,"height":60,"width":88.35,"children":[]},{"name":"box9","top":0,"left":311.1499938964844,"height":60,"width":49.45,"children":[]},{"name":"box11","top":0,"left":360.6000061035156,"height":60,"width":80.5667,"children":[]},{"name":"box13","top":0,"left":441.16668701171875,"height":60,"width":86.6667,"children":[{"name":"box14","top":28.100006103515625,"left":504.83331298828125,"height":4,"width":8,"children":[]}]}]}]}]}]},{"name":"box15","top":45,"left":65,"height":1287.2,"width":750,"children":[{"name":"box16","top":45,"left":80,"height":1,"width":720,"children":[]},{"name":"box17","top":61,"left":80,"height":1256.2,"width":662.4,"children":[{"name":"box18","top":61,"left":95,"height":134.4,"width":632.4,"children":[]},{"name":"box19","top":210.39999389648438,"left":95,"height":224,"width":632.4,"children":[]},{"name":"box20","top":449.3999938964844,"left":95,"height":44.8,"width":632.4,"children":[]},{"name":"box21","top":509.20001220703125,"left":95,"height":22.4,"width":632.4,"children":[]},{"name":"box22","top":546.5999755859375,"left":95,"height":44.8,"width":632.4,"children":[]},{"name":"box23","top":606.4000244140625,"left":95,"height":44.8,"width":632.4,"children":[]},{"name":"preprintsin-submission","top":671.2000122070312,"left":95,"height":27.4,"width":632.4,"children":[]},{"name":"targeted-synthesis-for-programming-with-data-invariants","top":718.5999755859375,"left":95,"height":19.8,"width":632.4,"children":[]},{"name":"box24","top":748.4000244140625,"left":95,"height":22.4,"width":632.4,"children":[]},{"name":"conference-publications","top":790.7999877929688,"left":95,"height":27.4,"width":632.4,"children":[]},{"name":"user-guided-synthesis-of-interactive-diagrams","top":838.2000122070312,"left":95,"height":19.8,"width":632.4,"children":[]},{"name":"box25","top":868,"left":95,"height":44.8,"width":632.4,"children":[]},{"name":"interactive-parser-synthesis-by-example","top":932.7999877929688,"left":95,"height":19.8,"width":632.4,"children":[]},{"name":"box26","top":962.5999755859375,"left":95,"height":22.4,"width":632.4,"children":[]},{"name":"jsai-a-static-analysis-platform-for-javascript","top":1005,"left":95,"height":19.8,"width":632.4,"children":[]},{"name":"box27","top":1034.800048828125,"left":95,"height":44.8,"width":632.4,"children":[]},{"name":"box28","top":1100.5999755859375,"left":95,"height":4,"width":632.4,"children":[]},{"name":"workshop-publications","top":1125.5999755859375,"left":95,"height":27.4,"width":632.4,"children":[]},{"name":"chihuahua-a-concurrent-moving-garbage-collector-using-transactional-memory","top":1173,"left":95,"height":39.6,"width":632.4,"children":[]},{"name":"box29","top":1222.5999755859375,"left":95,"height":22.4,"width":632.4,"children":[]},{"name":"type-refinement-for-static-analysis-of-javascript","top":1265,"left":95,"height":19.8,"width":632.4,"children":[]},{"name":"box30","top":1294.800048828125,"left":95,"height":22.4,"width":632.4,"children":[]}]}]}]},{"name":"box","top":15,"left":25,"height":1347.2,"width":848,"children":[{"name":"box0","top":0,"left":0,"height":61,"width":898,"children":[{"name":"box1","top":0,"left":74,"height":60,"width":750,"children":[{"name":"box2","top":0,"left":89,"height":60,"width":142.8,"children":[{"name":"box3","top":0,"left":74,"height":60,"width":157.8,"children":[]}]},{"name":"box4","top":0,"left":89,"height":60,"width":720,"children":[{"name":"box5","top":0,"left":231.8000030517578,"height":60,"width":305.033,"children":[{"name":"box7","top":0,"left":231.8000030517578,"height":60,"width":88.35,"children":[]},{"name":"box9","top":0,"left":320.1499938964844,"height":60,"width":49.45,"children":[]},{"name":"box11","top":0,"left":369.6000061035156,"height":60,"width":80.5667,"children":[]},{"name":"box13","top":0,"left":450.16668701171875,"height":60,"width":86.6667,"children":[{"name":"box14","top":28.100006103515625,"left":513.8333129882812,"height":4,"width":8,"children":[]}]}]}]}]}]},{"name":"box15","top":45,"left":74,"height":1287.2,"width":750,"children":[{"name":"box16","top":45,"left":89,"height":1,"width":720,"children":[]},{"name":"box17","top":61,"left":89,"height":1256.2,"width":662.4,"children":[{"name":"box18","top":61,"left":104,"height":134.4,"width":632.4,"children":[]},{"name":"box19","top":210.39999389648438,"left":104,"height":224,"width":632.4,"children":[]},{"name":"box20","top":449.3999938964844,"left":104,"height":44.8,"width":632.4,"children":[]},{"name":"box21","top":509.20001220703125,"left":104,"height":22.4,"width":632.4,"children":[]},{"name":"box22","top":546.5999755859375,"left":104,"height":44.8,"width":632.4,"children":[]},{"name":"box23","top":606.4000244140625,"left":104,"height":44.8,"width":632.4,"children":[]},{"name":"preprintsin-submission","top":671.2000122070312,"left":104,"height":27.4,"width":632.4,"children":[]},{"name":"targeted-synthesis-for-programming-with-data-invariants","top":718.5999755859375,"left":104,"height":19.8,"width":632.4,"children":[]},{"name":"box24","top":748.4000244140625,"left":104,"height":22.4,"width":632.4,"children":[]},{"name":"conference-publications","top":790.7999877929688,"left":104,"height":27.4,"width":632.4,"children":[]},{"name":"user-guided-synthesis-of-interactive-diagrams","top":838.2000122070312,"left":104,"height":19.8,"width":632.4,"children":[]},{"name":"box25","top":868,"left":104,"height":44.8,"width":632.4,"children":[]},{"name":"interactive-parser-synthesis-by-example","top":932.7999877929688,"left":104,"height":19.8,"width":632.4,"children":[]},{"name":"box26","top":962.5999755859375,"left":104,"height":22.4,"width":632.4,"children":[]},{"name":"jsai-a-static-analysis-platform-for-javascript","top":1005,"left":104,"height":19.8,"width":632.4,"children":[]},{"name":"box27","top":1034.800048828125,"left":104,"height":44.8,"width":632.4,"children":[]},{"name":"box28","top":1100.5999755859375,"left":104,"height":4,"width":632.4,"children":[]},{"name":"workshop-publications","top":1125.5999755859375,"left":104,"height":27.4,"width":632.4,"children":[]},{"name":"chihuahua-a-concurrent-moving-garbage-collector-using-transactional-memory","top":1173,"left":104,"height":39.6,"width":632.4,"children":[]},{"name":"box29","top":1222.5999755859375,"left":104,"height":22.4,"width":632.4,"children":[]},{"name":"type-refinement-for-static-analysis-of-javascript","top":1265,"left":104,"height":19.8,"width":632.4,"children":[]},{"name":"box30","top":1294.800048828125,"left":104,"height":22.4,"width":632.4,"children":[]}]}]}]},{"name":"box","top":15,"left":25,"height":1347.2,"width":861,"children":[{"name":"box0","top":0,"left":0,"height":61,"width":911,"children":[{"name":"box1","top":0,"left":80.5,"height":60,"width":750,"children":[{"name":"box2","top":0,"left":95.5,"height":60,"width":142.8,"children":[{"name":"box3","top":0,"left":80.5,"height":60,"width":157.8,"children":[]}]},{"name":"box4","top":0,"left":95.5,"height":60,"width":720,"children":[{"name":"box5","top":0,"left":238.3000030517578,"height":60,"width":305.033,"children":[{"name":"box7","top":0,"left":238.3000030517578,"height":60,"width":88.35,"children":[]},{"name":"box9","top":0,"left":326.6499938964844,"height":60,"width":49.45,"children":[]},{"name":"box11","top":0,"left":376.1000061035156,"height":60,"width":80.5667,"children":[]},{"name":"box13","top":0,"left":456.66668701171875,"height":60,"width":86.6667,"children":[{"name":"box14","top":28.100006103515625,"left":520.3333129882812,"height":4,"width":8,"children":[]}]}]}]}]}]},{"name":"box15","top":45,"left":80.5,"height":1287.2,"width":750,"children":[{"name":"box16","top":45,"left":95.5,"height":1,"width":720,"children":[]},{"name":"box17","top":61,"left":95.5,"height":1256.2,"width":662.4,"children":[{"name":"box18","top":61,"left":110.5,"height":134.4,"width":632.4,"children":[]},{"name":"box19","top":210.39999389648438,"left":110.5,"height":224,"width":632.4,"children":[]},{"name":"box20","top":449.3999938964844,"left":110.5,"height":44.8,"width":632.4,"children":[]},{"name":"box21","top":509.20001220703125,"left":110.5,"height":22.4,"width":632.4,"children":[]},{"name":"box22","top":546.5999755859375,"left":110.5,"height":44.8,"width":632.4,"children":[]},{"name":"box23","top":606.4000244140625,"left":110.5,"height":44.8,"width":632.4,"children":[]},{"name":"preprintsin-submission","top":671.2000122070312,"left":110.5,"height":27.4,"width":632.4,"children":[]},{"name":"targeted-synthesis-for-programming-with-data-invariants","top":718.5999755859375,"left":110.5,"height":19.8,"width":632.4,"children":[]},{"name":"box24","top":748.4000244140625,"left":110.5,"height":22.4,"width":632.4,"children":[]},{"name":"conference-publications","top":790.7999877929688,"left":110.5,"height":27.4,"width":632.4,"children":[]},{"name":"user-guided-synthesis-of-interactive-diagrams","top":838.2000122070312,"left":110.5,"height":19.8,"width":632.4,"children":[]},{"name":"box25","top":868,"left":110.5,"height":44.8,"width":632.4,"children":[]},{"name":"interactive-parser-synthesis-by-example","top":932.7999877929688,"left":110.5,"height":19.8,"width":632.4,"children":[]},{"name":"box26","top":962.5999755859375,"left":110.5,"height":22.4,"width":632.4,"children":[]},{"name":"jsai-a-static-analysis-platform-for-javascript","top":1005,"left":110.5,"height":19.8,"width":632.4,"children":[]},{"name":"box27","top":1034.800048828125,"left":110.5,"height":44.8,"width":632.4,"children":[]},{"name":"box28","top":1100.5999755859375,"left":110.5,"height":4,"width":632.4,"children":[]},{"name":"workshop-publications","top":1125.5999755859375,"left":110.5,"height":27.4,"width":632.4,"children":[]},{"name":"chihuahua-a-concurrent-moving-garbage-collector-using-transactional-memory","top":1173,"left":110.5,"height":39.6,"width":632.4,"children":[]},{"name":"box29","top":1222.5999755859375,"left":110.5,"height":22.4,"width":632.4,"children":[]},{"name":"type-refinement-for-static-analysis-of-javascript","top":1265,"left":110.5,"height":19.8,"width":632.4,"children":[]},{"name":"box30","top":1294.800048828125,"left":110.5,"height":22.4,"width":632.4,"children":[]}]}]}]},{"name":"box","top":15,"left":25,"height":1347.2,"width":840,"children":[{"name":"box0","top":0,"left":0,"height":61,"width":890,"children":[{"name":"box1","top":0,"left":70,"height":60,"width":750,"children":[{"name":"box2","top":0,"left":85,"height":60,"width":142.8,"children":[{"name":"box3","top":0,"left":70,"height":60,"width":157.8,"children":[]}]},{"name":"box4","top":0,"left":85,"height":60,"width":720,"children":[{"name":"box5","top":0,"left":227.8000030517578,"height":60,"width":305.033,"children":[{"name":"box7","top":0,"left":227.8000030517578,"height":60,"width":88.35,"children":[]},{"name":"box9","top":0,"left":316.1499938964844,"height":60,"width":49.45,"children":[]},{"name":"box11","top":0,"left":365.6000061035156,"height":60,"width":80.5667,"children":[]},{"name":"box13","top":0,"left":446.16668701171875,"height":60,"width":86.6667,"children":[{"name":"box14","top":28.100006103515625,"left":509.83331298828125,"height":4,"width":8,"children":[]}]}]}]}]}]},{"name":"box15","top":45,"left":70,"height":1287.2,"width":750,"children":[{"name":"box16","top":45,"left":85,"height":1,"width":720,"children":[]},{"name":"box17","top":61,"left":85,"height":1256.2,"width":662.4,"children":[{"name":"box18","top":61,"left":100,"height":134.4,"width":632.4,"children":[]},{"name":"box19","top":210.39999389648438,"left":100,"height":224,"width":632.4,"children":[]},{"name":"box20","top":449.3999938964844,"left":100,"height":44.8,"width":632.4,"children":[]},{"name":"box21","top":509.20001220703125,"left":100,"height":22.4,"width":632.4,"children":[]},{"name":"box22","top":546.5999755859375,"left":100,"height":44.8,"width":632.4,"children":[]},{"name":"box23","top":606.4000244140625,"left":100,"height":44.8,"width":632.4,"children":[]},{"name":"preprintsin-submission","top":671.2000122070312,"left":100,"height":27.4,"width":632.4,"children":[]},{"name":"targeted-synthesis-for-programming-with-data-invariants","top":718.5999755859375,"left":100,"height":19.8,"width":632.4,"children":[]},{"name":"box24","top":748.4000244140625,"left":100,"height":22.4,"width":632.4,"children":[]},{"name":"conference-publications","top":790.7999877929688,"left":100,"height":27.4,"width":632.4,"children":[]},{"name":"user-guided-synthesis-of-interactive-diagrams","top":838.2000122070312,"left":100,"height":19.8,"width":632.4,"children":[]},{"name":"box25","top":868,"left":100,"height":44.8,"width":632.4,"children":[]},{"name":"interactive-parser-synthesis-by-example","top":932.7999877929688,"left":100,"height":19.8,"width":632.4,"children":[]},{"name":"box26","top":962.5999755859375,"left":100,"height":22.4,"width":632.4,"children":[]},{"name":"jsai-a-static-analysis-platform-for-javascript","top":1005,"left":100,"height":19.8,"width":632.4,"children":[]},{"name":"box27","top":1034.800048828125,"left":100,"height":44.8,"width":632.4,"children":[]},{"name":"box28","top":1100.5999755859375,"left":100,"height":4,"width":632.4,"children":[]},{"name":"workshop-publications","top":1125.5999755859375,"left":100,"height":27.4,"width":632.4,"children":[]},{"name":"chihuahua-a-concurrent-moving-garbage-collector-using-transactional-memory","top":1173,"left":100,"height":39.6,"width":632.4,"children":[]},{"name":"box29","top":1222.5999755859375,"left":100,"height":22.4,"width":632.4,"children":[]},{"name":"type-refinement-for-static-analysis-of-javascript","top":1265,"left":100,"height":19.8,"width":632.4,"children":[]},{"name":"box30","top":1294.800048828125,"left":100,"height":22.4,"width":632.4,"children":[]}]}]}]},{"name":"box","top":15,"left":25,"height":1347.2,"width":831,"children":[{"name":"box0","top":0,"left":0,"height":61,"width":881,"children":[{"name":"box1","top":0,"left":65.5,"height":60,"width":750,"children":[{"name":"box2","top":0,"left":80.5,"height":60,"width":142.8,"children":[{"name":"box3","top":0,"left":65.5,"height":60,"width":157.8,"children":[]}]},{"name":"box4","top":0,"left":80.5,"height":60,"width":720,"children":[{"name":"box5","top":0,"left":223.3000030517578,"height":60,"width":305.033,"children":[{"name":"box7","top":0,"left":223.3000030517578,"height":60,"width":88.35,"children":[]},{"name":"box9","top":0,"left":311.6499938964844,"height":60,"width":49.45,"children":[]},{"name":"box11","top":0,"left":361.1000061035156,"height":60,"width":80.5667,"children":[]},{"name":"box13","top":0,"left":441.66668701171875,"height":60,"width":86.6667,"children":[{"name":"box14","top":28.100006103515625,"left":505.33331298828125,"height":4,"width":8,"children":[]}]}]}]}]}]},{"name":"box15","top":45,"left":65.5,"height":1287.2,"width":750,"children":[{"name":"box16","top":45,"left":80.5,"height":1,"width":720,"children":[]},{"name":"box17","top":61,"left":80.5,"height":1256.2,"width":662.4,"children":[{"name":"box18","top":61,"left":95.5,"height":134.4,"width":632.4,"children":[]},{"name":"box19","top":210.39999389648438,"left":95.5,"height":224,"width":632.4,"children":[]},{"name":"box20","top":449.3999938964844,"left":95.5,"height":44.8,"width":632.4,"children":[]},{"name":"box21","top":509.20001220703125,"left":95.5,"height":22.4,"width":632.4,"children":[]},{"name":"box22","top":546.5999755859375,"left":95.5,"height":44.8,"width":632.4,"children":[]},{"name":"box23","top":606.4000244140625,"left":95.5,"height":44.8,"width":632.4,"children":[]},{"name":"preprintsin-submission","top":671.2000122070312,"left":95.5,"height":27.4,"width":632.4,"children":[]},{"name":"targeted-synthesis-for-programming-with-data-invariants","top":718.5999755859375,"left":95.5,"height":19.8,"width":632.4,"children":[]},{"name":"box24","top":748.4000244140625,"left":95.5,"height":22.4,"width":632.4,"children":[]},{"name":"conference-publications","top":790.7999877929688,"left":95.5,"height":27.4,"width":632.4,"children":[]},{"name":"user-guided-synthesis-of-interactive-diagrams","top":838.2000122070312,"left":95.5,"height":19.8,"width":632.4,"children":[]},{"name":"box25","top":868,"left":95.5,"height":44.8,"width":632.4,"children":[]},{"name":"interactive-parser-synthesis-by-example","top":932.7999877929688,"left":95.5,"height":19.8,"width":632.4,"children":[]},{"name":"box26","top":962.5999755859375,"left":95.5,"height":22.4,"width":632.4,"children":[]},{"name":"jsai-a-static-analysis-platform-for-javascript","top":1005,"left":95.5,"height":19.8,"width":632.4,"children":[]},{"name":"box27","top":1034.800048828125,"left":95.5,"height":44.8,"width":632.4,"children":[]},{"name":"box28","top":1100.5999755859375,"left":95.5,"height":4,"width":632.4,"children":[]},{"name":"workshop-publications","top":1125.5999755859375,"left":95.5,"height":27.4,"width":632.4,"children":[]},{"name":"chihuahua-a-concurrent-moving-garbage-collector-using-transactional-memory","top":1173,"left":95.5,"height":39.6,"width":632.4,"children":[]},{"name":"box29","top":1222.5999755859375,"left":95.5,"height":22.4,"width":632.4,"children":[]},{"name":"type-refinement-for-static-analysis-of-javascript","top":1265,"left":95.5,"height":19.8,"width":632.4,"children":[]},{"name":"box30","top":1294.800048828125,"left":95.5,"height":22.4,"width":632.4,"children":[]}]}]}]},{"name":"box","top":15,"left":25,"height":1347.2,"width":791,"children":[{"name":"box0","top":0,"left":0,"height":61,"width":841,"children":[{"name":"box1","top":0,"left":45.5,"height":60,"width":750,"children":[{"name":"box2","top":0,"left":60.5,"height":60,"width":142.8,"children":[{"name":"box3","top":0,"left":45.5,"height":60,"width":157.8,"children":[]}]},{"name":"box4","top":0,"left":60.5,"height":60,"width":720,"children":[{"name":"box5","top":0,"left":203.3000030517578,"height":60,"width":305.033,"children":[{"name":"box7","top":0,"left":203.3000030517578,"height":60,"width":88.35,"children":[]},{"name":"box9","top":0,"left":291.6499938964844,"height":60,"width":49.45,"children":[]},{"name":"box11","top":0,"left":341.1000061035156,"height":60,"width":80.5667,"children":[]},{"name":"box13","top":0,"left":421.66668701171875,"height":60,"width":86.6667,"children":[{"name":"box14","top":28.100006103515625,"left":485.33331298828125,"height":4,"width":8,"children":[]}]}]}]}]}]},{"name":"box15","top":45,"left":55,"height":1287.2,"width":750,"children":[{"name":"box16","top":45,"left":70,"height":1,"width":720,"children":[]},{"name":"box17","top":61,"left":70,"height":1256.2,"width":662.4,"children":[{"name":"box18","top":61,"left":85,"height":134.4,"width":632.4,"children":[]},{"name":"box19","top":210.39999389648438,"left":85,"height":224,"width":632.4,"children":[]},{"name":"box20","top":449.3999938964844,"left":85,"height":44.8,"width":632.4,"children":[]},{"name":"box21","top":509.20001220703125,"left":85,"height":22.4,"width":632.4,"children":[]},{"name":"box22","top":546.5999755859375,"left":85,"height":44.8,"width":632.4,"children":[]},{"name":"box23","top":606.4000244140625,"left":85,"height":44.8,"width":632.4,"children":[]},{"name":"preprintsin-submission","top":671.2000122070312,"left":85,"height":27.4,"width":632.4,"children":[]},{"name":"targeted-synthesis-for-programming-with-data-invariants","top":718.5999755859375,"left":85,"height":19.8,"width":632.4,"children":[]},{"name":"box24","top":748.4000244140625,"left":85,"height":22.4,"width":632.4,"children":[]},{"name":"conference-publications","top":790.7999877929688,"left":85,"height":27.4,"width":632.4,"children":[]},{"name":"user-guided-synthesis-of-interactive-diagrams","top":838.2000122070312,"left":85,"height":19.8,"width":632.4,"children":[]},{"name":"box25","top":868,"left":85,"height":44.8,"width":632.4,"children":[]},{"name":"interactive-parser-synthesis-by-example","top":932.7999877929688,"left":85,"height":19.8,"width":632.4,"children":[]},{"name":"box26","top":962.5999755859375,"left":85,"height":22.4,"width":632.4,"children":[]},{"name":"jsai-a-static-analysis-platform-for-javascript","top":1005,"left":85,"height":19.8,"width":632.4,"children":[]},{"name":"box27","top":1034.800048828125,"left":85,"height":44.8,"width":632.4,"children":[]},{"name":"box28","top":1100.5999755859375,"left":85,"height":4,"width":632.4,"children":[]},{"name":"workshop-publications","top":1125.5999755859375,"left":85,"height":27.4,"width":632.4,"children":[]},{"name":"chihuahua-a-concurrent-moving-garbage-collector-using-transactional-memory","top":1173,"left":85,"height":39.6,"width":632.4,"children":[]},{"name":"box29","top":1222.5999755859375,"left":85,"height":22.4,"width":632.4,"children":[]},{"name":"type-refinement-for-static-analysis-of-javascript","top":1265,"left":85,"height":19.8,"width":632.4,"children":[]},{"name":"box30","top":1294.800048828125,"left":85,"height":22.4,"width":632.4,"children":[]}]}]}]},{"name":"box","top":15,"left":25,"height":1347.2,"width":829,"children":[{"name":"box0","top":0,"left":0,"height":61,"width":879,"children":[{"name":"box1","top":0,"left":64.5,"height":60,"width":750,"children":[{"name":"box2","top":0,"left":79.5,"height":60,"width":142.8,"children":[{"name":"box3","top":0,"left":64.5,"height":60,"width":157.8,"children":[]}]},{"name":"box4","top":0,"left":79.5,"height":60,"width":720,"children":[{"name":"box5","top":0,"left":222.3000030517578,"height":60,"width":305.033,"children":[{"name":"box7","top":0,"left":222.3000030517578,"height":60,"width":88.35,"children":[]},{"name":"box9","top":0,"left":310.6499938964844,"height":60,"width":49.45,"children":[]},{"name":"box11","top":0,"left":360.1000061035156,"height":60,"width":80.5667,"children":[]},{"name":"box13","top":0,"left":440.66668701171875,"height":60,"width":86.6667,"children":[{"name":"box14","top":28.100006103515625,"left":504.33331298828125,"height":4,"width":8,"children":[]}]}]}]}]}]},{"name":"box15","top":45,"left":64.5,"height":1287.2,"width":750,"children":[{"name":"box16","top":45,"left":79.5,"height":1,"width":720,"children":[]},{"name":"box17","top":61,"left":79.5,"height":1256.2,"width":662.4,"children":[{"name":"box18","top":61,"left":94.5,"height":134.4,"width":632.4,"children":[]},{"name":"box19","top":210.39999389648438,"left":94.5,"height":224,"width":632.4,"children":[]},{"name":"box20","top":449.3999938964844,"left":94.5,"height":44.8,"width":632.4,"children":[]},{"name":"box21","top":509.20001220703125,"left":94.5,"height":22.4,"width":632.4,"children":[]},{"name":"box22","top":546.5999755859375,"left":94.5,"height":44.8,"width":632.4,"children":[]},{"name":"box23","top":606.4000244140625,"left":94.5,"height":44.8,"width":632.4,"children":[]},{"name":"preprintsin-submission","top":671.2000122070312,"left":94.5,"height":27.4,"width":632.4,"children":[]},{"name":"targeted-synthesis-for-programming-with-data-invariants","top":718.5999755859375,"left":94.5,"height":19.8,"width":632.4,"children":[]},{"name":"box24","top":748.4000244140625,"left":94.5,"height":22.4,"width":632.4,"children":[]},{"name":"conference-publications","top":790.7999877929688,"left":94.5,"height":27.4,"width":632.4,"children":[]},{"name":"user-guided-synthesis-of-interactive-diagrams","top":838.2000122070312,"left":94.5,"height":19.8,"width":632.4,"children":[]},{"name":"box25","top":868,"left":94.5,"height":44.8,"width":632.4,"children":[]},{"name":"interactive-parser-synthesis-by-example","top":932.7999877929688,"left":94.5,"height":19.8,"width":632.4,"children":[]},{"name":"box26","top":962.5999755859375,"left":94.5,"height":22.4,"width":632.4,"children":[]},{"name":"jsai-a-static-analysis-platform-for-javascript","top":1005,"left":94.5,"height":19.8,"width":632.4,"children":[]},{"name":"box27","top":1034.800048828125,"left":94.5,"height":44.8,"width":632.4,"children":[]},{"name":"box28","top":1100.5999755859375,"left":94.5,"height":4,"width":632.4,"children":[]},{"name":"workshop-publications","top":1125.5999755859375,"left":94.5,"height":27.4,"width":632.4,"children":[]},{"name":"chihuahua-a-concurrent-moving-garbage-collector-using-transactional-memory","top":1173,"left":94.5,"height":39.6,"width":632.4,"children":[]},{"name":"box29","top":1222.5999755859375,"left":94.5,"height":22.4,"width":632.4,"children":[]},{"name":"type-refinement-for-static-analysis-of-javascript","top":1265,"left":94.5,"height":19.8,"width":632.4,"children":[]},{"name":"box30","top":1294.800048828125,"left":94.5,"height":22.4,"width":632.4,"children":[]}]}]}]},{"name":"box","top":15,"left":25,"height":1347.2,"width":789,"children":[{"name":"box0","top":0,"left":0,"height":61,"width":839,"children":[{"name":"box1","top":0,"left":44.5,"height":60,"width":750,"children":[{"name":"box2","top":0,"left":59.5,"height":60,"width":142.8,"children":[{"name":"box3","top":0,"left":44.5,"height":60,"width":157.8,"children":[]}]},{"name":"box4","top":0,"left":59.5,"height":60,"width":720,"children":[{"name":"box5","top":0,"left":202.3000030517578,"height":60,"width":305.033,"children":[{"name":"box7","top":0,"left":202.3000030517578,"height":60,"width":88.35,"children":[]},{"name":"box9","top":0,"left":290.6499938964844,"height":60,"width":49.45,"children":[]},{"name":"box11","top":0,"left":340.1000061035156,"height":60,"width":80.5667,"children":[]},{"name":"box13","top":0,"left":420.66668701171875,"height":60,"width":86.6667,"children":[{"name":"box14","top":28.100006103515625,"left":484.33331298828125,"height":4,"width":8,"children":[]}]}]}]}]}]},{"name":"box15","top":45,"left":55,"height":1287.2,"width":750,"children":[{"name":"box16","top":45,"left":70,"height":1,"width":720,"children":[]},{"name":"box17","top":61,"left":70,"height":1256.2,"width":662.4,"children":[{"name":"box18","top":61,"left":85,"height":134.4,"width":632.4,"children":[]},{"name":"box19","top":210.39999389648438,"left":85,"height":224,"width":632.4,"children":[]},{"name":"box20","top":449.3999938964844,"left":85,"height":44.8,"width":632.4,"children":[]},{"name":"box21","top":509.20001220703125,"left":85,"height":22.4,"width":632.4,"children":[]},{"name":"box22","top":546.5999755859375,"left":85,"height":44.8,"width":632.4,"children":[]},{"name":"box23","top":606.4000244140625,"left":85,"height":44.8,"width":632.4,"children":[]},{"name":"preprintsin-submission","top":671.2000122070312,"left":85,"height":27.4,"width":632.4,"children":[]},{"name":"targeted-synthesis-for-programming-with-data-invariants","top":718.5999755859375,"left":85,"height":19.8,"width":632.4,"children":[]},{"name":"box24","top":748.4000244140625,"left":85,"height":22.4,"width":632.4,"children":[]},{"name":"conference-publications","top":790.7999877929688,"left":85,"height":27.4,"width":632.4,"children":[]},{"name":"user-guided-synthesis-of-interactive-diagrams","top":838.2000122070312,"left":85,"height":19.8,"width":632.4,"children":[]},{"name":"box25","top":868,"left":85,"height":44.8,"width":632.4,"children":[]},{"name":"interactive-parser-synthesis-by-example","top":932.7999877929688,"left":85,"height":19.8,"width":632.4,"children":[]},{"name":"box26","top":962.5999755859375,"left":85,"height":22.4,"width":632.4,"children":[]},{"name":"jsai-a-static-analysis-platform-for-javascript","top":1005,"left":85,"height":19.8,"width":632.4,"children":[]},{"name":"box27","top":1034.800048828125,"left":85,"height":44.8,"width":632.4,"children":[]},{"name":"box28","top":1100.5999755859375,"left":85,"height":4,"width":632.4,"children":[]},{"name":"workshop-publications","top":1125.5999755859375,"left":85,"height":27.4,"width":632.4,"children":[]},{"name":"chihuahua-a-concurrent-moving-garbage-collector-using-transactional-memory","top":1173,"left":85,"height":39.6,"width":632.4,"children":[]},{"name":"box29","top":1222.5999755859375,"left":85,"height":22.4,"width":632.4,"children":[]},{"name":"type-refinement-for-static-analysis-of-javascript","top":1265,"left":85,"height":19.8,"width":632.4,"children":[]},{"name":"box30","top":1294.800048828125,"left":85,"height":22.4,"width":632.4,"children":[]}]}]}]},{"name":"box","top":15,"left":25,"height":1347.2,"width":789,"children":[{"name":"box0","top":0,"left":0,"height":61,"width":839,"children":[{"name":"box1","top":0,"left":44.5,"height":60,"width":750,"children":[{"name":"box2","top":0,"left":59.5,"height":60,"width":142.8,"children":[{"name":"box3","top":0,"left":44.5,"height":60,"width":157.8,"children":[]}]},{"name":"box4","top":0,"left":59.5,"height":60,"width":720,"children":[{"name":"box5","top":0,"left":202.3000030517578,"height":60,"width":305.033,"children":[{"name":"box7","top":0,"left":202.3000030517578,"height":60,"width":88.35,"children":[]},{"name":"box9","top":0,"left":290.6499938964844,"height":60,"width":49.45,"children":[]},{"name":"box11","top":0,"left":340.1000061035156,"height":60,"width":80.5667,"children":[]},{"name":"box13","top":0,"left":420.66668701171875,"height":60,"width":86.6667,"children":[{"name":"box14","top":28.100006103515625,"left":484.33331298828125,"height":4,"width":8,"children":[]}]}]}]}]}]},{"name":"box15","top":45,"left":55,"height":1287.2,"width":750,"children":[{"name":"box16","top":45,"left":70,"height":1,"width":720,"children":[]},{"name":"box17","top":61,"left":70,"height":1256.2,"width":662.4,"children":[{"name":"box18","top":61,"left":85,"height":134.4,"width":632.4,"children":[]},{"name":"box19","top":210.39999389648438,"left":85,"height":224,"width":632.4,"children":[]},{"name":"box20","top":449.3999938964844,"left":85,"height":44.8,"width":632.4,"children":[]},{"name":"box21","top":509.20001220703125,"left":85,"height":22.4,"width":632.4,"children":[]},{"name":"box22","top":546.5999755859375,"left":85,"height":44.8,"width":632.4,"children":[]},{"name":"box23","top":606.4000244140625,"left":85,"height":44.8,"width":632.4,"children":[]},{"name":"preprintsin-submission","top":671.2000122070312,"left":85,"height":27.4,"width":632.4,"children":[]},{"name":"targeted-synthesis-for-programming-with-data-invariants","top":718.5999755859375,"left":85,"height":19.8,"width":632.4,"children":[]},{"name":"box24","top":748.4000244140625,"left":85,"height":22.4,"width":632.4,"children":[]},{"name":"conference-publications","top":790.7999877929688,"left":85,"height":27.4,"width":632.4,"children":[]},{"name":"user-guided-synthesis-of-interactive-diagrams","top":838.2000122070312,"left":85,"height":19.8,"width":632.4,"children":[]},{"name":"box25","top":868,"left":85,"height":44.8,"width":632.4,"children":[]},{"name":"interactive-parser-synthesis-by-example","top":932.7999877929688,"left":85,"height":19.8,"width":632.4,"children":[]},{"name":"box26","top":962.5999755859375,"left":85,"height":22.4,"width":632.4,"children":[]},{"name":"jsai-a-static-analysis-platform-for-javascript","top":1005,"left":85,"height":19.8,"width":632.4,"children":[]},{"name":"box27","top":1034.800048828125,"left":85,"height":44.8,"width":632.4,"children":[]},{"name":"box28","top":1100.5999755859375,"left":85,"height":4,"width":632.4,"children":[]},{"name":"workshop-publications","top":1125.5999755859375,"left":85,"height":27.4,"width":632.4,"children":[]},{"name":"chihuahua-a-concurrent-moving-garbage-collector-using-transactional-memory","top":1173,"left":85,"height":39.6,"width":632.4,"children":[]},{"name":"box29","top":1222.5999755859375,"left":85,"height":22.4,"width":632.4,"children":[]},{"name":"type-refinement-for-static-analysis-of-javascript","top":1265,"left":85,"height":19.8,"width":632.4,"children":[]},{"name":"box30","top":1294.800048828125,"left":85,"height":22.4,"width":632.4,"children":[]}]}]}]},{"name":"box","top":15,"left":25,"height":1347.2,"width":850,"children":[{"name":"box0","top":0,"left":0,"height":61,"width":900,"children":[{"name":"box1","top":0,"left":75,"height":60,"width":750,"children":[{"name":"box2","top":0,"left":90,"height":60,"width":142.8,"children":[{"name":"box3","top":0,"left":75,"height":60,"width":157.8,"children":[]}]},{"name":"box4","top":0,"left":90,"height":60,"width":720,"children":[{"name":"box5","top":0,"left":232.8000030517578,"height":60,"width":305.033,"children":[{"name":"box7","top":0,"left":232.8000030517578,"height":60,"width":88.35,"children":[]},{"name":"box9","top":0,"left":321.1499938964844,"height":60,"width":49.45,"children":[]},{"name":"box11","top":0,"left":370.6000061035156,"height":60,"width":80.5667,"children":[]},{"name":"box13","top":0,"left":451.16668701171875,"height":60,"width":86.6667,"children":[{"name":"box14","top":28.100006103515625,"left":514.8333129882812,"height":4,"width":8,"children":[]}]}]}]}]}]},{"name":"box15","top":45,"left":75,"height":1287.2,"width":750,"children":[{"name":"box16","top":45,"left":90,"height":1,"width":720,"children":[]},{"name":"box17","top":61,"left":90,"height":1256.2,"width":662.4,"children":[{"name":"box18","top":61,"left":105,"height":134.4,"width":632.4,"children":[]},{"name":"box19","top":210.39999389648438,"left":105,"height":224,"width":632.4,"children":[]},{"name":"box20","top":449.3999938964844,"left":105,"height":44.8,"width":632.4,"children":[]},{"name":"box21","top":509.20001220703125,"left":105,"height":22.4,"width":632.4,"children":[]},{"name":"box22","top":546.5999755859375,"left":105,"height":44.8,"width":632.4,"children":[]},{"name":"box23","top":606.4000244140625,"left":105,"height":44.8,"width":632.4,"children":[]},{"name":"preprintsin-submission","top":671.2000122070312,"left":105,"height":27.4,"width":632.4,"children":[]},{"name":"targeted-synthesis-for-programming-with-data-invariants","top":718.5999755859375,"left":105,"height":19.8,"width":632.4,"children":[]},{"name":"box24","top":748.4000244140625,"left":105,"height":22.4,"width":632.4,"children":[]},{"name":"conference-publications","top":790.7999877929688,"left":105,"height":27.4,"width":632.4,"children":[]},{"name":"user-guided-synthesis-of-interactive-diagrams","top":838.2000122070312,"left":105,"height":19.8,"width":632.4,"children":[]},{"name":"box25","top":868,"left":105,"height":44.8,"width":632.4,"children":[]},{"name":"interactive-parser-synthesis-by-example","top":932.7999877929688,"left":105,"height":19.8,"width":632.4,"children":[]},{"name":"box26","top":962.5999755859375,"left":105,"height":22.4,"width":632.4,"children":[]},{"name":"jsai-a-static-analysis-platform-for-javascript","top":1005,"left":105,"height":19.8,"width":632.4,"children":[]},{"name":"box27","top":1034.800048828125,"left":105,"height":44.8,"width":632.4,"children":[]},{"name":"box28","top":1100.5999755859375,"left":105,"height":4,"width":632.4,"children":[]},{"name":"workshop-publications","top":1125.5999755859375,"left":105,"height":27.4,"width":632.4,"children":[]},{"name":"chihuahua-a-concurrent-moving-garbage-collector-using-transactional-memory","top":1173,"left":105,"height":39.6,"width":632.4,"children":[]},{"name":"box29","top":1222.5999755859375,"left":105,"height":22.4,"width":632.4,"children":[]},{"name":"type-refinement-for-static-analysis-of-javascript","top":1265,"left":105,"height":19.8,"width":632.4,"children":[]},{"name":"box30","top":1294.800048828125,"left":105,"height":22.4,"width":632.4,"children":[]}]}]}]}]}