{"name":"example","height":600,"bench":{"lo":400,"hi":900,"trainSeed":235775,"trainSize":10,"testSeed":17250987,"testSize":10},"train":[{"name":"main","top":8,"left":8,"height":500,"width":811,"children":[{"name":"left","top":8,"left":8,"height":50,"width":50,"children":[]},{"name":"right","top":8,"left":108,"height":50,"width":661,"children":[]}]},{"name":"main","top":8,"left":8,"height":500,"width":457,"children":[{"name":"left","top":8,"left":8,"height":50,"width":50,"children":[]},{"name":"right","top":8,"left":108,"height":50,"width":307,"children":[]}]},{"name":"main","top":8,"left":8,"height":500,"width":587,"children":[{"name":"left","top":8,"left":8,"height":50,"width":50,"children":[]},{"name":"right","top":8,"left":108,"height":50,"width":437,"children":[]}]},{"name":"main","top":8,"left":8,"height":500,"width":401,"children":[{"name":"left","top":8,"left":8,"height":50,"width":50,"children":[]},{"name":"right","top":8,"left":108,"height":50,"width":251,"children":[]}]},{"name":"main","top":8,"left":8,"height":500,"width":495,"children":[{"name":"left","top":8,"left":8,"height":50,"width":50,"children":[]},{"name":"right","top":8,"left":108,"height":50,"width":345,"children":[]}]},{"name":"main","top":8,"left":8,"height":500,"width":433,"children":[{"name":"left","top":8,"left":8,"height":50,"width":50,"children":[]},{"name":"right","top":8,"left":108,"height":50,"width":283,"children":[]}]},{"name":"main","top":8,"left":8,"height":500,"width":394,"children":[{"name":"left","top":8,"left":8,"height":50,"width":50,"children":[]},{"name":"right","top":8,"left":108,"height":50,"width":244,"children":[]}]},{"name":"main","top":8,"left":8,"height":500,"width":507,"children":[{"name":"left","top":8,"left":8,"height":50,"width":50,"children":[]},{"name":"right","top":8,"left":108,"height":50,"width":357,"children":[]}]},{"name":"main","top":8,"left":8,"height":500,"width":883,"children":[{"name":"left","top":8,"left":8,"height":50,"width":50,"children":[]},{"name":"right","top":8,"left":108,"height":50,"width":733,"children":[]}]},{"name":"main","top":8,"left":8,"height":500,"width":521,"children":[{"name":"left","top":8,"left":8,"height":50,"width":50,"children":[]},{"name":"right","top":8,"left":108,"height":50,"width":371,"children":[]}]}],"test":[{"name":"main","top":8,"left":8,"height":500,"width":739,"children":[{"name":"left","top":8,"left":8,"height":50,"width":50,"children":[]},{"name":"right","top":8,"left":108,"height":50,"width":589,"children":[]}]},{"name":"main","top":8,"left":8,"height":500,"width":557,"children":[{"name":"left","top":8,"left":8,"height":50,"width":50,"children":[]},{"name":"right","top":8,"left":108,"height":50,"width":407,"children":[]}]},{"name":"main","top":8,"left":8,"height":500,"width":870,"children":[{"name":"left","top":8,"left":8,"height":50,"width":50,"children":[]},{"name":"right","top":8,"left":108,"height":50,"width":720,"children":[]}]},{"name":"main","top":8,"left":8,"height":500,"width":849,"children":[{"name":"left","top":8,"left":8,"height":50,"width":50,"children":[]},{"name":"right","top":8,"left":108,"height":50,"width":699,"children":[]}]},{"name":"main","top":8,"left":8,"height":500,"width":440,"children":[{"name":"left","top":8,"left":8,"height":50,"width":50,"children":[]},{"name":"right","top":8,"left":108,"height":50,"width":290,"children":[]}]},{"name":"main","top":8,"left":8,"height":500,"width":400,"children":[{"name":"left","top":8,"left":8,"height":50,"width":50,"children":[]},{"name":"right","top":8,"left":108,"height":50,"width":250,"children":[]}]},{"name":"main","top":8,"left":8,"height":500,"width":438,"children":[{"name":"left","top":8,"left":8,"height":50,"width":50,"children":[]},{"name":"right","top":8,"left":108,"height":50,"width":288,"children":[]}]},{"name":"main","top":8,"left":8,"height":500,"width":798,"children":[{"name":"left","top":8,"left":8,"height":50,"width":50,"children":[]},{"name":"right","top":8,"left":108,"height":50,"width":648,"children":[]}]},{"name":"main","top":8,"left":8,"height":500,"width":398,"children":[{"name":"left","top":8,"left":8,"height":50,"width":50,"children":[]},{"name":"right","top":8,"left":108,"height":50,"width":248,"children":[]}]},{"name":"main","top":8,"left":8,"height":500,"width":559,"children":[{"name":"left","top":8,"left":8,"height":50,"width":50,"children":[]},{"name":"right","top":8,"left":108,"height":50,"width":409,"children":[]}]}]}