{
  "personal": {
    "john-sidebar": {
      "items": [
        "box11",
        "box13",
        "box16",
        "box18",
        "box20"
      ]
    }
  },
  "icse": {
    "icse-navigation": {
      "items": [
        "box7",
        "box10",
        "box13",
        "box15",
        "box18",
        "box21",
        "box24"
      ]
    },
    "icse-dates": {
      "items": [
        "box111",
        "box120",
        "box129",
        "box136",
        "box145",
        "box152",
        "box159",
        "box166"
      ]
    },
    "icse-news": {
      "items": [
        "box111",
        "box120",
        "box129",
        "box136",
        "box145",
        "box152",
        "box159",
        "box166"
      ]
    }
  },
  "hackernews": {
    "hn-posts-ten": {
      "items": [
        "row1",
        "row2",
        "row3",
        "row4",
        "row5",
        "row6",
        "row7",
        "row8",
        "row9",
        "row10"
      ]
    },
    "hn-footer": {
      "items": ["box606", "box607", "box608", "box609", "box610", "box611", "box612", "box613", "box614", "box615"]
    }
  },
  "ace": {
    "ace-options-focus": {
      "items": ["ace-option-doc", "ace-option-split", "ace-option-mode", "ace-option-theme", "ace-option-keyboardHandler", "ace-option-fontSize", "ace-option-wrap", "ace-option-cursorStyle", "ace-option-foldStyle", "ace-option-undefined", "ace-option-scrollPastEnd"]
    }
  },
  "ddg": {
    "ddg-minipages": {
      "items": [
        "box34",
        "box39",
        "box44"
      ]
    }
  },
  "ieee": {
    "ieee-authors": {
      "items": [
        "box69",
        "box85",
        "box101"
      ]
    },
    "ieee-articles": {
      "items": [
        "box123",
        "box133",
        "box143"
      ]
    },
    "ieee-conferences": {
      "items": [
        "box196",
        "box216",
        "box236"
      ]
    }
  }
}
