{
  "john-sidebar": [
    "box11",
    "box13",
    "box16",
    "box18",
    "box20"
  ],
  "icse-navigation": [
    "box7",
    "box10",
    "box13",
    "box15",
    "box18",
    "box21",
    "box24"
  ],
  "icse-dates": [
    "box111",
    "box120",
    "box129",
    "box136",
    "box145",
    "box152",
    "box159",
    "box166"
  ],
  "icse-news": [
    "box111",
    "box120",
    "box129",
    "box136",
    "box145",
    "box152",
    "box159",
    "box166"
  ],
  "hn-posts-ten": [
    "row1",
    "row2",
    "row3",
    "row4",
    "row5",
    "row6",
    "row7", 
    "row8",
    "row9",
    "row10"
  ],
  "hn-footer": ["box606", "box607", "box608", "box609", "box610", "box611", "box612", "box613", "box614", "box615"],
  "ace-options-focus": ["ace-option-doc", "ace-option-split", "ace-option-mode", "ace-option-theme", "ace-option-keyboardHandler", "ace-option-fontSize", "ace-option-wrap", "ace-option-cursorStyle", "ace-option-foldStyle", "ace-option-undefined", "ace-option-scrollPastEnd", "box59", "box146"],
  "ddg-minipages": [
    "box34",
    "box39",
    "box44"
  ],
  "ieee-authors": [
    "box69",
    "box85",
    "box101"
  ],
  "ieee-articles": [
    "box123",
    "box133",
    "box143"
  ],
  "ieee-conferences": [
    "box196",
    "box216",
    "box236"
  ]
}
