{"name": "ace-sidebar-footer", "bench": {"height": {"low": 70, "high": 70}, "width": {"low": 220, "high": 220}, "trainSeed": 235775, "testSeed": 17250987, "testSize": 10, "trainSize": 10}, "train": [{"name": "box148", "top": 1052.199951171875, "left": 0, "height": 70, "width": 220, "children": [{"name": "box149", "top": 1052.199951171875, "left": 0, "height": 17.5, "width": 220, "children": [{"name": "box150", "top": 1052.199951171875, "left": 120.85000610351562, "height": 17.5, "width": 99.15, "children": []}]}, {"name": "box151", "top": 1069.699951171875, "left": 0, "height": 17.5, "width": 220, "children": [{"name": "box152", "top": 1069.699951171875, "left": 92.98333740234375, "height": 17.5, "width": 127.017, "children": []}]}, {"name": "box153", "top": 1087.199951171875, "left": 0, "height": 35, "width": 220, "children": [{"name": "box154", "top": 1087.199951171875, "left": 60.08332824707031, "height": 17.5, "width": 38.5333, "children": []}, {"name": "box155", "top": 1087.199951171875, "left": 98.61666870117188, "height": 17.5, "width": 67.05, "children": []}, {"name": "box156", "top": 1087.199951171875, "left": 165.6666717529297, "height": 17.5, "width": 54.3333, "children": []}, {"name": "box157", "top": 1104.699951171875, "left": 130.71665954589844, "height": 17.5, "width": 51.7667, "children": []}, {"name": "box158", "top": 1104.699951171875, "left": 182.48333740234375, "height": 17.5, "width": 37.5167, "children": []}]}]}, {"name": "box148", "top": 1052.199951171875, "left": 0, "height": 70, "width": 220, "children": [{"name": "box149", "top": 1052.199951171875, "left": 0, "height": 17.5, "width": 220, "children": [{"name": "box150", "top": 1052.199951171875, "left": 120.85000610351562, "height": 17.5, "width": 99.15, "children": []}]}, {"name": "box151", "top": 1069.699951171875, "left": 0, "height": 17.5, "width": 220, "children": [{"name": "box152", "top": 1069.699951171875, "left": 92.98333740234375, "height": 17.5, "width": 127.017, "children": []}]}, {"name": "box153", "top": 1087.199951171875, "left": 0, "height": 35, "width": 220, "children": [{"name": "box154", "top": 1087.199951171875, "left": 60.08332824707031, "height": 17.5, "width": 38.5333, "children": []}, {"name": "box155", "top": 1087.199951171875, "left": 98.61666870117188, "height": 17.5, "width": 67.05, "children": []}, {"name": "box156", "top": 1087.199951171875, "left": 165.6666717529297, "height": 17.5, "width": 54.3333, "children": []}, {"name": "box157", "top": 1104.699951171875, "left": 130.71665954589844, "height": 17.5, "width": 51.7667, "children": []}, {"name": "box158", "top": 1104.699951171875, "left": 182.48333740234375, "height": 17.5, "width": 37.5167, "children": []}]}]}, {"name": "box148", "top": 1052.199951171875, "left": 0, "height": 70, "width": 220, "children": [{"name": "box149", "top": 1052.199951171875, "left": 0, "height": 17.5, "width": 220, "children": [{"name": "box150", "top": 1052.199951171875, "left": 120.85000610351562, "height": 17.5, "width": 99.15, "children": []}]}, {"name": "box151", "top": 1069.699951171875, "left": 0, "height": 17.5, "width": 220, "children": [{"name": "box152", "top": 1069.699951171875, "left": 92.98333740234375, "height": 17.5, "width": 127.017, "children": []}]}, {"name": "box153", "top": 1087.199951171875, "left": 0, "height": 35, "width": 220, "children": [{"name": "box154", "top": 1087.199951171875, "left": 60.08332824707031, "height": 17.5, "width": 38.5333, "children": []}, {"name": "box155", "top": 1087.199951171875, "left": 98.61666870117188, "height": 17.5, "width": 67.05, "children": []}, {"name": "box156", "top": 1087.199951171875, "left": 165.6666717529297, "height": 17.5, "width": 54.3333, "children": []}, {"name": "box157", "top": 1104.699951171875, "left": 130.71665954589844, "height": 17.5, "width": 51.7667, "children": []}, {"name": "box158", "top": 1104.699951171875, "left": 182.48333740234375, "height": 17.5, "width": 37.5167, "children": []}]}]}, {"name": "box148", "top": 1052.199951171875, "left": 0, "height": 70, "width": 220, "children": [{"name": "box149", "top": 1052.199951171875, "left": 0, "height": 17.5, "width": 220, "children": [{"name": "box150", "top": 1052.199951171875, "left": 120.85000610351562, "height": 17.5, "width": 99.15, "children": []}]}, {"name": "box151", "top": 1069.699951171875, "left": 0, "height": 17.5, "width": 220, "children": [{"name": "box152", "top": 1069.699951171875, "left": 92.98333740234375, "height": 17.5, "width": 127.017, "children": []}]}, {"name": "box153", "top": 1087.199951171875, "left": 0, "height": 35, "width": 220, "children": [{"name": "box154", "top": 1087.199951171875, "left": 60.08332824707031, "height": 17.5, "width": 38.5333, "children": []}, {"name": "box155", "top": 1087.199951171875, "left": 98.61666870117188, "height": 17.5, "width": 67.05, "children": []}, {"name": "box156", "top": 1087.199951171875, "left": 165.6666717529297, "height": 17.5, "width": 54.3333, "children": []}, {"name": "box157", "top": 1104.699951171875, "left": 130.71665954589844, "height": 17.5, "width": 51.7667, "children": []}, {"name": "box158", "top": 1104.699951171875, "left": 182.48333740234375, "height": 17.5, "width": 37.5167, "children": []}]}]}, {"name": "box148", "top": 1052.199951171875, "left": 0, "height": 70, "width": 220, "children": [{"name": "box149", "top": 1052.199951171875, "left": 0, "height": 17.5, "width": 220, "children": [{"name": "box150", "top": 1052.199951171875, "left": 120.85000610351562, "height": 17.5, "width": 99.15, "children": []}]}, {"name": "box151", "top": 1069.699951171875, "left": 0, "height": 17.5, "width": 220, "children": [{"name": "box152", "top": 1069.699951171875, "left": 92.98333740234375, "height": 17.5, "width": 127.017, "children": []}]}, {"name": "box153", "top": 1087.199951171875, "left": 0, "height": 35, "width": 220, "children": [{"name": "box154", "top": 1087.199951171875, "left": 60.08332824707031, "height": 17.5, "width": 38.5333, "children": []}, {"name": "box155", "top": 1087.199951171875, "left": 98.61666870117188, "height": 17.5, "width": 67.05, "children": []}, {"name": "box156", "top": 1087.199951171875, "left": 165.6666717529297, "height": 17.5, "width": 54.3333, "children": []}, {"name": "box157", "top": 1104.699951171875, "left": 130.71665954589844, "height": 17.5, "width": 51.7667, "children": []}, {"name": "box158", "top": 1104.699951171875, "left": 182.48333740234375, "height": 17.5, "width": 37.5167, "children": []}]}]}, {"name": "box148", "top": 1052.199951171875, "left": 0, "height": 70, "width": 220, "children": [{"name": "box149", "top": 1052.199951171875, "left": 0, "height": 17.5, "width": 220, "children": [{"name": "box150", "top": 1052.199951171875, "left": 120.85000610351562, "height": 17.5, "width": 99.15, "children": []}]}, {"name": "box151", "top": 1069.699951171875, "left": 0, "height": 17.5, "width": 220, "children": [{"name": "box152", "top": 1069.699951171875, "left": 92.98333740234375, "height": 17.5, "width": 127.017, "children": []}]}, {"name": "box153", "top": 1087.199951171875, "left": 0, "height": 35, "width": 220, "children": [{"name": "box154", "top": 1087.199951171875, "left": 60.08332824707031, "height": 17.5, "width": 38.5333, "children": []}, {"name": "box155", "top": 1087.199951171875, "left": 98.61666870117188, "height": 17.5, "width": 67.05, "children": []}, {"name": "box156", "top": 1087.199951171875, "left": 165.6666717529297, "height": 17.5, "width": 54.3333, "children": []}, {"name": "box157", "top": 1104.699951171875, "left": 130.71665954589844, "height": 17.5, "width": 51.7667, "children": []}, {"name": "box158", "top": 1104.699951171875, "left": 182.48333740234375, "height": 17.5, "width": 37.5167, "children": []}]}]}, {"name": "box148", "top": 1052.199951171875, "left": 0, "height": 70, "width": 220, "children": [{"name": "box149", "top": 1052.199951171875, "left": 0, "height": 17.5, "width": 220, "children": [{"name": "box150", "top": 1052.199951171875, "left": 120.85000610351562, "height": 17.5, "width": 99.15, "children": []}]}, {"name": "box151", "top": 1069.699951171875, "left": 0, "height": 17.5, "width": 220, "children": [{"name": "box152", "top": 1069.699951171875, "left": 92.98333740234375, "height": 17.5, "width": 127.017, "children": []}]}, {"name": "box153", "top": 1087.199951171875, "left": 0, "height": 35, "width": 220, "children": [{"name": "box154", "top": 1087.199951171875, "left": 60.08332824707031, "height": 17.5, "width": 38.5333, "children": []}, {"name": "box155", "top": 1087.199951171875, "left": 98.61666870117188, "height": 17.5, "width": 67.05, "children": []}, {"name": "box156", "top": 1087.199951171875, "left": 165.6666717529297, "height": 17.5, "width": 54.3333, "children": []}, {"name": "box157", "top": 1104.699951171875, "left": 130.71665954589844, "height": 17.5, "width": 51.7667, "children": []}, {"name": "box158", "top": 1104.699951171875, "left": 182.48333740234375, "height": 17.5, "width": 37.5167, "children": []}]}]}, {"name": "box148", "top": 1052.199951171875, "left": 0, "height": 70, "width": 220, "children": [{"name": "box149", "top": 1052.199951171875, "left": 0, "height": 17.5, "width": 220, "children": [{"name": "box150", "top": 1052.199951171875, "left": 120.85000610351562, "height": 17.5, "width": 99.15, "children": []}]}, {"name": "box151", "top": 1069.699951171875, "left": 0, "height": 17.5, "width": 220, "children": [{"name": "box152", "top": 1069.699951171875, "left": 92.98333740234375, "height": 17.5, "width": 127.017, "children": []}]}, {"name": "box153", "top": 1087.199951171875, "left": 0, "height": 35, "width": 220, "children": [{"name": "box154", "top": 1087.199951171875, "left": 60.08332824707031, "height": 17.5, "width": 38.5333, "children": []}, {"name": "box155", "top": 1087.199951171875, "left": 98.61666870117188, "height": 17.5, "width": 67.05, "children": []}, {"name": "box156", "top": 1087.199951171875, "left": 165.6666717529297, "height": 17.5, "width": 54.3333, "children": []}, {"name": "box157", "top": 1104.699951171875, "left": 130.71665954589844, "height": 17.5, "width": 51.7667, "children": []}, {"name": "box158", "top": 1104.699951171875, "left": 182.48333740234375, "height": 17.5, "width": 37.5167, "children": []}]}]}, {"name": "box148", "top": 1052.199951171875, "left": 0, "height": 70, "width": 220, "children": [{"name": "box149", "top": 1052.199951171875, "left": 0, "height": 17.5, "width": 220, "children": [{"name": "box150", "top": 1052.199951171875, "left": 120.85000610351562, "height": 17.5, "width": 99.15, "children": []}]}, {"name": "box151", "top": 1069.699951171875, "left": 0, "height": 17.5, "width": 220, "children": [{"name": "box152", "top": 1069.699951171875, "left": 92.98333740234375, "height": 17.5, "width": 127.017, "children": []}]}, {"name": "box153", "top": 1087.199951171875, "left": 0, "height": 35, "width": 220, "children": [{"name": "box154", "top": 1087.199951171875, "left": 60.08332824707031, "height": 17.5, "width": 38.5333, "children": []}, {"name": "box155", "top": 1087.199951171875, "left": 98.61666870117188, "height": 17.5, "width": 67.05, "children": []}, {"name": "box156", "top": 1087.199951171875, "left": 165.6666717529297, "height": 17.5, "width": 54.3333, "children": []}, {"name": "box157", "top": 1104.699951171875, "left": 130.71665954589844, "height": 17.5, "width": 51.7667, "children": []}, {"name": "box158", "top": 1104.699951171875, "left": 182.48333740234375, "height": 17.5, "width": 37.5167, "children": []}]}]}, {"name": "box148", "top": 1052.199951171875, "left": 0, "height": 70, "width": 220, "children": [{"name": "box149", "top": 1052.199951171875, "left": 0, "height": 17.5, "width": 220, "children": [{"name": "box150", "top": 1052.199951171875, "left": 120.85000610351562, "height": 17.5, "width": 99.15, "children": []}]}, {"name": "box151", "top": 1069.699951171875, "left": 0, "height": 17.5, "width": 220, "children": [{"name": "box152", "top": 1069.699951171875, "left": 92.98333740234375, "height": 17.5, "width": 127.017, "children": []}]}, {"name": "box153", "top": 1087.199951171875, "left": 0, "height": 35, "width": 220, "children": [{"name": "box154", "top": 1087.199951171875, "left": 60.08332824707031, "height": 17.5, "width": 38.5333, "children": []}, {"name": "box155", "top": 1087.199951171875, "left": 98.61666870117188, "height": 17.5, "width": 67.05, "children": []}, {"name": "box156", "top": 1087.199951171875, "left": 165.6666717529297, "height": 17.5, "width": 54.3333, "children": []}, {"name": "box157", "top": 1104.699951171875, "left": 130.71665954589844, "height": 17.5, "width": 51.7667, "children": []}, {"name": "box158", "top": 1104.699951171875, "left": 182.48333740234375, "height": 17.5, "width": 37.5167, "children": []}]}]}], "test": [{"name": "box148", "top": 1052.199951171875, "left": 0, "height": 70, "width": 220, "children": [{"name": "box149", "top": 1052.199951171875, "left": 0, "height": 17.5, "width": 220, "children": [{"name": "box150", "top": 1052.199951171875, "left": 120.85000610351562, "height": 17.5, "width": 99.15, "children": []}]}, {"name": "box151", "top": 1069.699951171875, "left": 0, "height": 17.5, "width": 220, "children": [{"name": "box152", "top": 1069.699951171875, "left": 92.98333740234375, "height": 17.5, "width": 127.017, "children": []}]}, {"name": "box153", "top": 1087.199951171875, "left": 0, "height": 35, "width": 220, "children": [{"name": "box154", "top": 1087.199951171875, "left": 60.08332824707031, "height": 17.5, "width": 38.5333, "children": []}, {"name": "box155", "top": 1087.199951171875, "left": 98.61666870117188, "height": 17.5, "width": 67.05, "children": []}, {"name": "box156", "top": 1087.199951171875, "left": 165.6666717529297, "height": 17.5, "width": 54.3333, "children": []}, {"name": "box157", "top": 1104.699951171875, "left": 130.71665954589844, "height": 17.5, "width": 51.7667, "children": []}, {"name": "box158", "top": 1104.699951171875, "left": 182.48333740234375, "height": 17.5, "width": 37.5167, "children": []}]}]}, {"name": "box148", "top": 1052.199951171875, "left": 0, "height": 70, "width": 220, "children": [{"name": "box149", "top": 1052.199951171875, "left": 0, "height": 17.5, "width": 220, "children": [{"name": "box150", "top": 1052.199951171875, "left": 120.85000610351562, "height": 17.5, "width": 99.15, "children": []}]}, {"name": "box151", "top": 1069.699951171875, "left": 0, "height": 17.5, "width": 220, "children": [{"name": "box152", "top": 1069.699951171875, "left": 92.98333740234375, "height": 17.5, "width": 127.017, "children": []}]}, {"name": "box153", "top": 1087.199951171875, "left": 0, "height": 35, "width": 220, "children": [{"name": "box154", "top": 1087.199951171875, "left": 60.08332824707031, "height": 17.5, "width": 38.5333, "children": []}, {"name": "box155", "top": 1087.199951171875, "left": 98.61666870117188, "height": 17.5, "width": 67.05, "children": []}, {"name": "box156", "top": 1087.199951171875, "left": 165.6666717529297, "height": 17.5, "width": 54.3333, "children": []}, {"name": "box157", "top": 1104.699951171875, "left": 130.71665954589844, "height": 17.5, "width": 51.7667, "children": []}, {"name": "box158", "top": 1104.699951171875, "left": 182.48333740234375, "height": 17.5, "width": 37.5167, "children": []}]}]}, {"name": "box148", "top": 1052.199951171875, "left": 0, "height": 70, "width": 220, "children": [{"name": "box149", "top": 1052.199951171875, "left": 0, "height": 17.5, "width": 220, "children": [{"name": "box150", "top": 1052.199951171875, "left": 120.85000610351562, "height": 17.5, "width": 99.15, "children": []}]}, {"name": "box151", "top": 1069.699951171875, "left": 0, "height": 17.5, "width": 220, "children": [{"name": "box152", "top": 1069.699951171875, "left": 92.98333740234375, "height": 17.5, "width": 127.017, "children": []}]}, {"name": "box153", "top": 1087.199951171875, "left": 0, "height": 35, "width": 220, "children": [{"name": "box154", "top": 1087.199951171875, "left": 60.08332824707031, "height": 17.5, "width": 38.5333, "children": []}, {"name": "box155", "top": 1087.199951171875, "left": 98.61666870117188, "height": 17.5, "width": 67.05, "children": []}, {"name": "box156", "top": 1087.199951171875, "left": 165.6666717529297, "height": 17.5, "width": 54.3333, "children": []}, {"name": "box157", "top": 1104.699951171875, "left": 130.71665954589844, "height": 17.5, "width": 51.7667, "children": []}, {"name": "box158", "top": 1104.699951171875, "left": 182.48333740234375, "height": 17.5, "width": 37.5167, "children": []}]}]}, {"name": "box148", "top": 1052.199951171875, "left": 0, "height": 70, "width": 220, "children": [{"name": "box149", "top": 1052.199951171875, "left": 0, "height": 17.5, "width": 220, "children": [{"name": "box150", "top": 1052.199951171875, "left": 120.85000610351562, "height": 17.5, "width": 99.15, "children": []}]}, {"name": "box151", "top": 1069.699951171875, "left": 0, "height": 17.5, "width": 220, "children": [{"name": "box152", "top": 1069.699951171875, "left": 92.98333740234375, "height": 17.5, "width": 127.017, "children": []}]}, {"name": "box153", "top": 1087.199951171875, "left": 0, "height": 35, "width": 220, "children": [{"name": "box154", "top": 1087.199951171875, "left": 60.08332824707031, "height": 17.5, "width": 38.5333, "children": []}, {"name": "box155", "top": 1087.199951171875, "left": 98.61666870117188, "height": 17.5, "width": 67.05, "children": []}, {"name": "box156", "top": 1087.199951171875, "left": 165.6666717529297, "height": 17.5, "width": 54.3333, "children": []}, {"name": "box157", "top": 1104.699951171875, "left": 130.71665954589844, "height": 17.5, "width": 51.7667, "children": []}, {"name": "box158", "top": 1104.699951171875, "left": 182.48333740234375, "height": 17.5, "width": 37.5167, "children": []}]}]}, {"name": "box148", "top": 1052.199951171875, "left": 0, "height": 70, "width": 220, "children": [{"name": "box149", "top": 1052.199951171875, "left": 0, "height": 17.5, "width": 220, "children": [{"name": "box150", "top": 1052.199951171875, "left": 120.85000610351562, "height": 17.5, "width": 99.15, "children": []}]}, {"name": "box151", "top": 1069.699951171875, "left": 0, "height": 17.5, "width": 220, "children": [{"name": "box152", "top": 1069.699951171875, "left": 92.98333740234375, "height": 17.5, "width": 127.017, "children": []}]}, {"name": "box153", "top": 1087.199951171875, "left": 0, "height": 35, "width": 220, "children": [{"name": "box154", "top": 1087.199951171875, "left": 60.08332824707031, "height": 17.5, "width": 38.5333, "children": []}, {"name": "box155", "top": 1087.199951171875, "left": 98.61666870117188, "height": 17.5, "width": 67.05, "children": []}, {"name": "box156", "top": 1087.199951171875, "left": 165.6666717529297, "height": 17.5, "width": 54.3333, "children": []}, {"name": "box157", "top": 1104.699951171875, "left": 130.71665954589844, "height": 17.5, "width": 51.7667, "children": []}, {"name": "box158", "top": 1104.699951171875, "left": 182.48333740234375, "height": 17.5, "width": 37.5167, "children": []}]}]}, {"name": "box148", "top": 1052.199951171875, "left": 0, "height": 70, "width": 220, "children": [{"name": "box149", "top": 1052.199951171875, "left": 0, "height": 17.5, "width": 220, "children": [{"name": "box150", "top": 1052.199951171875, "left": 120.85000610351562, "height": 17.5, "width": 99.15, "children": []}]}, {"name": "box151", "top": 1069.699951171875, "left": 0, "height": 17.5, "width": 220, "children": [{"name": "box152", "top": 1069.699951171875, "left": 92.98333740234375, "height": 17.5, "width": 127.017, "children": []}]}, {"name": "box153", "top": 1087.199951171875, "left": 0, "height": 35, "width": 220, "children": [{"name": "box154", "top": 1087.199951171875, "left": 60.08332824707031, "height": 17.5, "width": 38.5333, "children": []}, {"name": "box155", "top": 1087.199951171875, "left": 98.61666870117188, "height": 17.5, "width": 67.05, "children": []}, {"name": "box156", "top": 1087.199951171875, "left": 165.6666717529297, "height": 17.5, "width": 54.3333, "children": []}, {"name": "box157", "top": 1104.699951171875, "left": 130.71665954589844, "height": 17.5, "width": 51.7667, "children": []}, {"name": "box158", "top": 1104.699951171875, "left": 182.48333740234375, "height": 17.5, "width": 37.5167, "children": []}]}]}, {"name": "box148", "top": 1052.199951171875, "left": 0, "height": 70, "width": 220, "children": [{"name": "box149", "top": 1052.199951171875, "left": 0, "height": 17.5, "width": 220, "children": [{"name": "box150", "top": 1052.199951171875, "left": 120.85000610351562, "height": 17.5, "width": 99.15, "children": []}]}, {"name": "box151", "top": 1069.699951171875, "left": 0, "height": 17.5, "width": 220, "children": [{"name": "box152", "top": 1069.699951171875, "left": 92.98333740234375, "height": 17.5, "width": 127.017, "children": []}]}, {"name": "box153", "top": 1087.199951171875, "left": 0, "height": 35, "width": 220, "children": [{"name": "box154", "top": 1087.199951171875, "left": 60.08332824707031, "height": 17.5, "width": 38.5333, "children": []}, {"name": "box155", "top": 1087.199951171875, "left": 98.61666870117188, "height": 17.5, "width": 67.05, "children": []}, {"name": "box156", "top": 1087.199951171875, "left": 165.6666717529297, "height": 17.5, "width": 54.3333, "children": []}, {"name": "box157", "top": 1104.699951171875, "left": 130.71665954589844, "height": 17.5, "width": 51.7667, "children": []}, {"name": "box158", "top": 1104.699951171875, "left": 182.48333740234375, "height": 17.5, "width": 37.5167, "children": []}]}]}, {"name": "box148", "top": 1052.199951171875, "left": 0, "height": 70, "width": 220, "children": [{"name": "box149", "top": 1052.199951171875, "left": 0, "height": 17.5, "width": 220, "children": [{"name": "box150", "top": 1052.199951171875, "left": 120.85000610351562, "height": 17.5, "width": 99.15, "children": []}]}, {"name": "box151", "top": 1069.699951171875, "left": 0, "height": 17.5, "width": 220, "children": [{"name": "box152", "top": 1069.699951171875, "left": 92.98333740234375, "height": 17.5, "width": 127.017, "children": []}]}, {"name": "box153", "top": 1087.199951171875, "left": 0, "height": 35, "width": 220, "children": [{"name": "box154", "top": 1087.199951171875, "left": 60.08332824707031, "height": 17.5, "width": 38.5333, "children": []}, {"name": "box155", "top": 1087.199951171875, "left": 98.61666870117188, "height": 17.5, "width": 67.05, "children": []}, {"name": "box156", "top": 1087.199951171875, "left": 165.6666717529297, "height": 17.5, "width": 54.3333, "children": []}, {"name": "box157", "top": 1104.699951171875, "left": 130.71665954589844, "height": 17.5, "width": 51.7667, "children": []}, {"name": "box158", "top": 1104.699951171875, "left": 182.48333740234375, "height": 17.5, "width": 37.5167, "children": []}]}]}, {"name": "box148", "top": 1052.199951171875, "left": 0, "height": 70, "width": 220, "children": [{"name": "box149", "top": 1052.199951171875, "left": 0, "height": 17.5, "width": 220, "children": [{"name": "box150", "top": 1052.199951171875, "left": 120.85000610351562, "height": 17.5, "width": 99.15, "children": []}]}, {"name": "box151", "top": 1069.699951171875, "left": 0, "height": 17.5, "width": 220, "children": [{"name": "box152", "top": 1069.699951171875, "left": 92.98333740234375, "height": 17.5, "width": 127.017, "children": []}]}, {"name": "box153", "top": 1087.199951171875, "left": 0, "height": 35, "width": 220, "children": [{"name": "box154", "top": 1087.199951171875, "left": 60.08332824707031, "height": 17.5, "width": 38.5333, "children": []}, {"name": "box155", "top": 1087.199951171875, "left": 98.61666870117188, "height": 17.5, "width": 67.05, "children": []}, {"name": "box156", "top": 1087.199951171875, "left": 165.6666717529297, "height": 17.5, "width": 54.3333, "children": []}, {"name": "box157", "top": 1104.699951171875, "left": 130.71665954589844, "height": 17.5, "width": 51.7667, "children": []}, {"name": "box158", "top": 1104.699951171875, "left": 182.48333740234375, "height": 17.5, "width": 37.5167, "children": []}]}]}, {"name": "box148", "top": 1052.199951171875, "left": 0, "height": 70, "width": 220, "children": [{"name": "box149", "top": 1052.199951171875, "left": 0, "height": 17.5, "width": 220, "children": [{"name": "box150", "top": 1052.199951171875, "left": 120.85000610351562, "height": 17.5, "width": 99.15, "children": []}]}, {"name": "box151", "top": 1069.699951171875, "left": 0, "height": 17.5, "width": 220, "children": [{"name": "box152", "top": 1069.699951171875, "left": 92.98333740234375, "height": 17.5, "width": 127.017, "children": []}]}, {"name": "box153", "top": 1087.199951171875, "left": 0, "height": 35, "width": 220, "children": [{"name": "box154", "top": 1087.199951171875, "left": 60.08332824707031, "height": 17.5, "width": 38.5333, "children": []}, {"name": "box155", "top": 1087.199951171875, "left": 98.61666870117188, "height": 17.5, "width": 67.05, "children": []}, {"name": "box156", "top": 1087.199951171875, "left": 165.6666717529297, "height": 17.5, "width": 54.3333, "children": []}, {"name": "box157", "top": 1104.699951171875, "left": 130.71665954589844, "height": 17.5, "width": 51.7667, "children": []}, {"name": "box158", "top": 1104.699951171875, "left": 182.48333740234375, "height": 17.5, "width": 37.5167, "children": []}]}]}]}