{"name": "ace-prompt", "bench": {"height": {"low": 16, "high": 16}, "width": {"low": 334, "high": 895}, "trainSeed": 235775, "testSeed": 17250987, "testSize": 10, "trainSize": 10}, "train": [{"name": "box172", "top": 637, "left": 280, "height": 16, "width": 493, "children": [{"name": "box173", "top": 653, "left": 285, "height": 1, "width": 1, "children": []}, {"name": "box174", "top": 638, "left": 281, "height": 16, "width": 493, "children": []}, {"name": "box175", "top": 638, "left": 751.4000244140625, "height": 16, "width": 21.6, "children": []}]}, {"name": "box172", "top": 637, "left": 280, "height": 16, "width": 737, "children": [{"name": "box173", "top": 653, "left": 285, "height": 1, "width": 1, "children": []}, {"name": "box174", "top": 638, "left": 281, "height": 16, "width": 737, "children": []}, {"name": "box175", "top": 638, "left": 995.4000244140625, "height": 16, "width": 21.6, "children": []}]}, {"name": "box172", "top": 192, "left": 280, "height": 16, "width": 769, "children": [{"name": "box173", "top": 208, "left": 285, "height": 1, "width": 1, "children": []}, {"name": "box174", "top": 193, "left": 281, "height": 16, "width": 769, "children": []}, {"name": "box175", "top": 193, "left": 1027.4000244140625, "height": 16, "width": 21.6, "children": []}]}, {"name": "box172", "top": 637, "left": 280, "height": 16, "width": 443, "children": [{"name": "box173", "top": 653, "left": 285, "height": 1, "width": 1, "children": []}, {"name": "box174", "top": 638, "left": 281, "height": 16, "width": 443, "children": []}, {"name": "box175", "top": 638, "left": 701.4000244140625, "height": 16, "width": 21.6, "children": []}]}, {"name": "box172", "top": 637, "left": 280, "height": 16, "width": 557, "children": [{"name": "box173", "top": 653, "left": 285, "height": 1, "width": 1, "children": []}, {"name": "box174", "top": 638, "left": 281, "height": 16, "width": 557, "children": []}, {"name": "box175", "top": 638, "left": 815.4000244140625, "height": 16, "width": 21.6, "children": []}]}, {"name": "box172", "top": 637, "left": 280, "height": 16, "width": 472, "children": [{"name": "box173", "top": 653, "left": 285, "height": 1, "width": 1, "children": []}, {"name": "box174", "top": 638, "left": 281, "height": 16, "width": 472, "children": []}, {"name": "box175", "top": 638, "left": 730.4000244140625, "height": 16, "width": 21.6, "children": []}]}, {"name": "box172", "top": 637, "left": 280, "height": 16, "width": 443, "children": [{"name": "box173", "top": 653, "left": 285, "height": 1, "width": 1, "children": []}, {"name": "box174", "top": 638, "left": 281, "height": 16, "width": 443, "children": []}, {"name": "box175", "top": 638, "left": 701.4000244140625, "height": 16, "width": 21.6, "children": []}]}, {"name": "box172", "top": 637, "left": 280, "height": 16, "width": 432, "children": [{"name": "box173", "top": 653, "left": 285, "height": 1, "width": 1, "children": []}, {"name": "box174", "top": 638, "left": 281, "height": 16, "width": 432, "children": []}, {"name": "box175", "top": 638, "left": 690.4000244140625, "height": 16, "width": 21.6, "children": []}]}, {"name": "box172", "top": 637, "left": 280, "height": 16, "width": 797, "children": [{"name": "box173", "top": 653, "left": 285, "height": 1, "width": 1, "children": []}, {"name": "box174", "top": 638, "left": 281, "height": 16, "width": 797, "children": []}, {"name": "box175", "top": 638, "left": 1055.4000244140625, "height": 16, "width": 21.6, "children": []}]}, {"name": "box172", "top": 637, "left": 280, "height": 16, "width": 616, "children": [{"name": "box173", "top": 653, "left": 285, "height": 1, "width": 1, "children": []}, {"name": "box174", "top": 638, "left": 281, "height": 16, "width": 616, "children": []}, {"name": "box175", "top": 638, "left": 874.4000244140625, "height": 16, "width": 21.6, "children": []}]}], "test": [{"name": "box172", "top": 336, "left": 280, "height": 16, "width": 693, "children": [{"name": "box173", "top": 352, "left": 285, "height": 1, "width": 1, "children": []}, {"name": "box174", "top": 337, "left": 281, "height": 16, "width": 693, "children": []}, {"name": "box175", "top": 337, "left": 951.4000244140625, "height": 16, "width": 21.6, "children": []}]}, {"name": "box172", "top": 367, "left": 280, "height": 16, "width": 485, "children": [{"name": "box173", "top": 383, "left": 285, "height": 1, "width": 1, "children": []}, {"name": "box174", "top": 368, "left": 281, "height": 16, "width": 485, "children": []}, {"name": "box175", "top": 368, "left": 743.4000244140625, "height": 16, "width": 21.6, "children": []}]}, {"name": "box172", "top": 337, "left": 280, "height": 16, "width": 336, "children": [{"name": "box173", "top": 353, "left": 285, "height": 1, "width": 1, "children": []}, {"name": "box174", "top": 338, "left": 281, "height": 16, "width": 336, "children": []}, {"name": "box175", "top": 338, "left": 594.4000244140625, "height": 16, "width": 21.6, "children": []}]}, {"name": "box172", "top": 535, "left": 280, "height": 16, "width": 334, "children": [{"name": "box173", "top": 551, "left": 285, "height": 1, "width": 1, "children": []}, {"name": "box174", "top": 536, "left": 281, "height": 16, "width": 334, "children": []}, {"name": "box175", "top": 536, "left": 592.4000244140625, "height": 16, "width": 21.6, "children": []}]}, {"name": "box172", "top": 595, "left": 280, "height": 16, "width": 895, "children": [{"name": "box173", "top": 611, "left": 285, "height": 1, "width": 1, "children": []}, {"name": "box174", "top": 596, "left": 281, "height": 16, "width": 895, "children": []}, {"name": "box175", "top": 596, "left": 1153.4000244140625, "height": 16, "width": 21.6, "children": []}]}, {"name": "box172", "top": 637, "left": 280, "height": 16, "width": 581, "children": [{"name": "box173", "top": 653, "left": 285, "height": 1, "width": 1, "children": []}, {"name": "box174", "top": 638, "left": 281, "height": 16, "width": 581, "children": []}, {"name": "box175", "top": 638, "left": 839.4000244140625, "height": 16, "width": 21.6, "children": []}]}, {"name": "box172", "top": 637, "left": 280, "height": 16, "width": 608, "children": [{"name": "box173", "top": 653, "left": 285, "height": 1, "width": 1, "children": []}, {"name": "box174", "top": 638, "left": 281, "height": 16, "width": 608, "children": []}, {"name": "box175", "top": 638, "left": 866.4000244140625, "height": 16, "width": 21.6, "children": []}]}, {"name": "box172", "top": 215, "left": 280, "height": 16, "width": 842, "children": [{"name": "box173", "top": 231, "left": 285, "height": 1, "width": 1, "children": []}, {"name": "box174", "top": 216, "left": 281, "height": 16, "width": 842, "children": []}, {"name": "box175", "top": 216, "left": 1100.4000244140625, "height": 16, "width": 21.6, "children": []}]}, {"name": "box172", "top": 637, "left": 280, "height": 16, "width": 464, "children": [{"name": "box173", "top": 653, "left": 285, "height": 1, "width": 1, "children": []}, {"name": "box174", "top": 638, "left": 281, "height": 16, "width": 464, "children": []}, {"name": "box175", "top": 638, "left": 722.4000244140625, "height": 16, "width": 21.6, "children": []}]}, {"name": "box172", "top": 637, "left": 280, "height": 16, "width": 715, "children": [{"name": "box173", "top": 653, "left": 285, "height": 1, "width": 1, "children": []}, {"name": "box174", "top": 638, "left": 281, "height": 16, "width": 715, "children": []}, {"name": "box175", "top": 638, "left": 973.4000244140625, "height": 16, "width": 21.6, "children": []}]}]}