{"name": "ace-sidebar-toggle", "bench": {"height": {"low": 17.85, "high": 17.85}, "width": {"low": 266, "high": 266}, "trainSeed": 235775, "testSeed": 17250987, "testSize": 10, "trainSize": 10}, "train": [{"name": "ace-option-split", "top": 130.25, "left": 7, "height": 17.85, "width": 266, "children": [{"name": "box6", "top": 131.25, "left": 8, "height": 15.85, "width": 61.9833, "children": [{"name": "box7", "top": 132.1666717529297, "left": 46.649993896484375, "height": 14, "width": 23, "children": []}]}, {"name": "box9", "top": 131.25, "left": 73.98333740234375, "height": 15.85, "width": 198.017, "children": [{"name": "box10", "top": 131.60000610351562, "left": 73.98333740234375, "height": 15.5, "width": 45.5667, "children": []}, {"name": "box11", "top": 131.60000610351562, "left": 119.55000305175781, "height": 15.5, "width": 49.3333, "children": []}, {"name": "box12", "top": 131.60000610351562, "left": 168.88333129882812, "height": 15.5, "width": 53.3, "children": []}]}]}, {"name": "ace-option-split", "top": 130.25, "left": 7, "height": 17.85, "width": 266, "children": [{"name": "box6", "top": 131.25, "left": 8, "height": 15.85, "width": 61.9833, "children": [{"name": "box7", "top": 132.1666717529297, "left": 46.649993896484375, "height": 14, "width": 23, "children": []}]}, {"name": "box9", "top": 131.25, "left": 73.98333740234375, "height": 15.85, "width": 198.017, "children": [{"name": "box10", "top": 131.60000610351562, "left": 73.98333740234375, "height": 15.5, "width": 45.5667, "children": []}, {"name": "box11", "top": 131.60000610351562, "left": 119.55000305175781, "height": 15.5, "width": 49.3333, "children": []}, {"name": "box12", "top": 131.60000610351562, "left": 168.88333129882812, "height": 15.5, "width": 53.3, "children": []}]}]}, {"name": "ace-option-split", "top": 130.25, "left": 7, "height": 17.85, "width": 266, "children": [{"name": "box6", "top": 131.25, "left": 8, "height": 15.85, "width": 61.9833, "children": [{"name": "box7", "top": 132.1666717529297, "left": 46.649993896484375, "height": 14, "width": 23, "children": []}]}, {"name": "box9", "top": 131.25, "left": 73.98333740234375, "height": 15.85, "width": 198.017, "children": [{"name": "box10", "top": 131.60000610351562, "left": 73.98333740234375, "height": 15.5, "width": 45.5667, "children": []}, {"name": "box11", "top": 131.60000610351562, "left": 119.55000305175781, "height": 15.5, "width": 49.3333, "children": []}, {"name": "box12", "top": 131.60000610351562, "left": 168.88333129882812, "height": 15.5, "width": 53.3, "children": []}]}]}, {"name": "ace-option-split", "top": 130.25, "left": 7, "height": 17.85, "width": 266, "children": [{"name": "box6", "top": 131.25, "left": 8, "height": 15.85, "width": 61.9833, "children": [{"name": "box7", "top": 132.1666717529297, "left": 46.649993896484375, "height": 14, "width": 23, "children": []}]}, {"name": "box9", "top": 131.25, "left": 73.98333740234375, "height": 15.85, "width": 198.017, "children": [{"name": "box10", "top": 131.60000610351562, "left": 73.98333740234375, "height": 15.5, "width": 45.5667, "children": []}, {"name": "box11", "top": 131.60000610351562, "left": 119.55000305175781, "height": 15.5, "width": 49.3333, "children": []}, {"name": "box12", "top": 131.60000610351562, "left": 168.88333129882812, "height": 15.5, "width": 53.3, "children": []}]}]}, {"name": "ace-option-split", "top": 130.25, "left": 7, "height": 17.85, "width": 266, "children": [{"name": "box6", "top": 131.25, "left": 8, "height": 15.85, "width": 61.9833, "children": [{"name": "box7", "top": 132.1666717529297, "left": 46.649993896484375, "height": 14, "width": 23, "children": []}]}, {"name": "box9", "top": 131.25, "left": 73.98333740234375, "height": 15.85, "width": 198.017, "children": [{"name": "box10", "top": 131.60000610351562, "left": 73.98333740234375, "height": 15.5, "width": 45.5667, "children": []}, {"name": "box11", "top": 131.60000610351562, "left": 119.55000305175781, "height": 15.5, "width": 49.3333, "children": []}, {"name": "box12", "top": 131.60000610351562, "left": 168.88333129882812, "height": 15.5, "width": 53.3, "children": []}]}]}, {"name": "ace-option-split", "top": 130.25, "left": 7, "height": 17.85, "width": 266, "children": [{"name": "box6", "top": 131.25, "left": 8, "height": 15.85, "width": 61.9833, "children": [{"name": "box7", "top": 132.1666717529297, "left": 46.649993896484375, "height": 14, "width": 23, "children": []}]}, {"name": "box9", "top": 131.25, "left": 73.98333740234375, "height": 15.85, "width": 198.017, "children": [{"name": "box10", "top": 131.60000610351562, "left": 73.98333740234375, "height": 15.5, "width": 45.5667, "children": []}, {"name": "box11", "top": 131.60000610351562, "left": 119.55000305175781, "height": 15.5, "width": 49.3333, "children": []}, {"name": "box12", "top": 131.60000610351562, "left": 168.88333129882812, "height": 15.5, "width": 53.3, "children": []}]}]}, {"name": "ace-option-split", "top": 130.25, "left": 7, "height": 17.85, "width": 266, "children": [{"name": "box6", "top": 131.25, "left": 8, "height": 15.85, "width": 61.9833, "children": [{"name": "box7", "top": 132.1666717529297, "left": 46.649993896484375, "height": 14, "width": 23, "children": []}]}, {"name": "box9", "top": 131.25, "left": 73.98333740234375, "height": 15.85, "width": 198.017, "children": [{"name": "box10", "top": 131.60000610351562, "left": 73.98333740234375, "height": 15.5, "width": 45.5667, "children": []}, {"name": "box11", "top": 131.60000610351562, "left": 119.55000305175781, "height": 15.5, "width": 49.3333, "children": []}, {"name": "box12", "top": 131.60000610351562, "left": 168.88333129882812, "height": 15.5, "width": 53.3, "children": []}]}]}, {"name": "ace-option-split", "top": 130.25, "left": 7, "height": 17.85, "width": 266, "children": [{"name": "box6", "top": 131.25, "left": 8, "height": 15.85, "width": 61.9833, "children": [{"name": "box7", "top": 132.1666717529297, "left": 46.649993896484375, "height": 14, "width": 23, "children": []}]}, {"name": "box9", "top": 131.25, "left": 73.98333740234375, "height": 15.85, "width": 198.017, "children": [{"name": "box10", "top": 131.60000610351562, "left": 73.98333740234375, "height": 15.5, "width": 45.5667, "children": []}, {"name": "box11", "top": 131.60000610351562, "left": 119.55000305175781, "height": 15.5, "width": 49.3333, "children": []}, {"name": "box12", "top": 131.60000610351562, "left": 168.88333129882812, "height": 15.5, "width": 53.3, "children": []}]}]}, {"name": "ace-option-split", "top": 130.25, "left": 7, "height": 17.85, "width": 266, "children": [{"name": "box6", "top": 131.25, "left": 8, "height": 15.85, "width": 61.9833, "children": [{"name": "box7", "top": 132.1666717529297, "left": 46.649993896484375, "height": 14, "width": 23, "children": []}]}, {"name": "box9", "top": 131.25, "left": 73.98333740234375, "height": 15.85, "width": 198.017, "children": [{"name": "box10", "top": 131.60000610351562, "left": 73.98333740234375, "height": 15.5, "width": 45.5667, "children": []}, {"name": "box11", "top": 131.60000610351562, "left": 119.55000305175781, "height": 15.5, "width": 49.3333, "children": []}, {"name": "box12", "top": 131.60000610351562, "left": 168.88333129882812, "height": 15.5, "width": 53.3, "children": []}]}]}, {"name": "ace-option-split", "top": 130.25, "left": 7, "height": 17.85, "width": 266, "children": [{"name": "box6", "top": 131.25, "left": 8, "height": 15.85, "width": 61.9833, "children": [{"name": "box7", "top": 132.1666717529297, "left": 46.649993896484375, "height": 14, "width": 23, "children": []}]}, {"name": "box9", "top": 131.25, "left": 73.98333740234375, "height": 15.85, "width": 198.017, "children": [{"name": "box10", "top": 131.60000610351562, "left": 73.98333740234375, "height": 15.5, "width": 45.5667, "children": []}, {"name": "box11", "top": 131.60000610351562, "left": 119.55000305175781, "height": 15.5, "width": 49.3333, "children": []}, {"name": "box12", "top": 131.60000610351562, "left": 168.88333129882812, "height": 15.5, "width": 53.3, "children": []}]}]}], "test": [{"name": "ace-option-split", "top": 130.25, "left": 7, "height": 17.85, "width": 266, "children": [{"name": "box6", "top": 131.25, "left": 8, "height": 15.85, "width": 61.9833, "children": [{"name": "box7", "top": 132.1666717529297, "left": 46.649993896484375, "height": 14, "width": 23, "children": []}]}, {"name": "box9", "top": 131.25, "left": 73.98333740234375, "height": 15.85, "width": 198.017, "children": [{"name": "box10", "top": 131.60000610351562, "left": 73.98333740234375, "height": 15.5, "width": 45.5667, "children": []}, {"name": "box11", "top": 131.60000610351562, "left": 119.55000305175781, "height": 15.5, "width": 49.3333, "children": []}, {"name": "box12", "top": 131.60000610351562, "left": 168.88333129882812, "height": 15.5, "width": 53.3, "children": []}]}]}, {"name": "ace-option-split", "top": 130.25, "left": 7, "height": 17.85, "width": 266, "children": [{"name": "box6", "top": 131.25, "left": 8, "height": 15.85, "width": 61.9833, "children": [{"name": "box7", "top": 132.1666717529297, "left": 46.649993896484375, "height": 14, "width": 23, "children": []}]}, {"name": "box9", "top": 131.25, "left": 73.98333740234375, "height": 15.85, "width": 198.017, "children": [{"name": "box10", "top": 131.60000610351562, "left": 73.98333740234375, "height": 15.5, "width": 45.5667, "children": []}, {"name": "box11", "top": 131.60000610351562, "left": 119.55000305175781, "height": 15.5, "width": 49.3333, "children": []}, {"name": "box12", "top": 131.60000610351562, "left": 168.88333129882812, "height": 15.5, "width": 53.3, "children": []}]}]}, {"name": "ace-option-split", "top": 130.25, "left": 7, "height": 17.85, "width": 266, "children": [{"name": "box6", "top": 131.25, "left": 8, "height": 15.85, "width": 61.9833, "children": [{"name": "box7", "top": 132.1666717529297, "left": 46.649993896484375, "height": 14, "width": 23, "children": []}]}, {"name": "box9", "top": 131.25, "left": 73.98333740234375, "height": 15.85, "width": 198.017, "children": [{"name": "box10", "top": 131.60000610351562, "left": 73.98333740234375, "height": 15.5, "width": 45.5667, "children": []}, {"name": "box11", "top": 131.60000610351562, "left": 119.55000305175781, "height": 15.5, "width": 49.3333, "children": []}, {"name": "box12", "top": 131.60000610351562, "left": 168.88333129882812, "height": 15.5, "width": 53.3, "children": []}]}]}, {"name": "ace-option-split", "top": 130.25, "left": 7, "height": 17.85, "width": 266, "children": [{"name": "box6", "top": 131.25, "left": 8, "height": 15.85, "width": 61.9833, "children": [{"name": "box7", "top": 132.1666717529297, "left": 46.649993896484375, "height": 14, "width": 23, "children": []}]}, {"name": "box9", "top": 131.25, "left": 73.98333740234375, "height": 15.85, "width": 198.017, "children": [{"name": "box10", "top": 131.60000610351562, "left": 73.98333740234375, "height": 15.5, "width": 45.5667, "children": []}, {"name": "box11", "top": 131.60000610351562, "left": 119.55000305175781, "height": 15.5, "width": 49.3333, "children": []}, {"name": "box12", "top": 131.60000610351562, "left": 168.88333129882812, "height": 15.5, "width": 53.3, "children": []}]}]}, {"name": "ace-option-split", "top": 130.25, "left": 7, "height": 17.85, "width": 266, "children": [{"name": "box6", "top": 131.25, "left": 8, "height": 15.85, "width": 61.9833, "children": [{"name": "box7", "top": 132.1666717529297, "left": 46.649993896484375, "height": 14, "width": 23, "children": []}]}, {"name": "box9", "top": 131.25, "left": 73.98333740234375, "height": 15.85, "width": 198.017, "children": [{"name": "box10", "top": 131.60000610351562, "left": 73.98333740234375, "height": 15.5, "width": 45.5667, "children": []}, {"name": "box11", "top": 131.60000610351562, "left": 119.55000305175781, "height": 15.5, "width": 49.3333, "children": []}, {"name": "box12", "top": 131.60000610351562, "left": 168.88333129882812, "height": 15.5, "width": 53.3, "children": []}]}]}, {"name": "ace-option-split", "top": 130.25, "left": 7, "height": 17.85, "width": 266, "children": [{"name": "box6", "top": 131.25, "left": 8, "height": 15.85, "width": 61.9833, "children": [{"name": "box7", "top": 132.1666717529297, "left": 46.649993896484375, "height": 14, "width": 23, "children": []}]}, {"name": "box9", "top": 131.25, "left": 73.98333740234375, "height": 15.85, "width": 198.017, "children": [{"name": "box10", "top": 131.60000610351562, "left": 73.98333740234375, "height": 15.5, "width": 45.5667, "children": []}, {"name": "box11", "top": 131.60000610351562, "left": 119.55000305175781, "height": 15.5, "width": 49.3333, "children": []}, {"name": "box12", "top": 131.60000610351562, "left": 168.88333129882812, "height": 15.5, "width": 53.3, "children": []}]}]}, {"name": "ace-option-split", "top": 130.25, "left": 7, "height": 17.85, "width": 266, "children": [{"name": "box6", "top": 131.25, "left": 8, "height": 15.85, "width": 61.9833, "children": [{"name": "box7", "top": 132.1666717529297, "left": 46.649993896484375, "height": 14, "width": 23, "children": []}]}, {"name": "box9", "top": 131.25, "left": 73.98333740234375, "height": 15.85, "width": 198.017, "children": [{"name": "box10", "top": 131.60000610351562, "left": 73.98333740234375, "height": 15.5, "width": 45.5667, "children": []}, {"name": "box11", "top": 131.60000610351562, "left": 119.55000305175781, "height": 15.5, "width": 49.3333, "children": []}, {"name": "box12", "top": 131.60000610351562, "left": 168.88333129882812, "height": 15.5, "width": 53.3, "children": []}]}]}, {"name": "ace-option-split", "top": 130.25, "left": 7, "height": 17.85, "width": 266, "children": [{"name": "box6", "top": 131.25, "left": 8, "height": 15.85, "width": 61.9833, "children": [{"name": "box7", "top": 132.1666717529297, "left": 46.649993896484375, "height": 14, "width": 23, "children": []}]}, {"name": "box9", "top": 131.25, "left": 73.98333740234375, "height": 15.85, "width": 198.017, "children": [{"name": "box10", "top": 131.60000610351562, "left": 73.98333740234375, "height": 15.5, "width": 45.5667, "children": []}, {"name": "box11", "top": 131.60000610351562, "left": 119.55000305175781, "height": 15.5, "width": 49.3333, "children": []}, {"name": "box12", "top": 131.60000610351562, "left": 168.88333129882812, "height": 15.5, "width": 53.3, "children": []}]}]}, {"name": "ace-option-split", "top": 130.25, "left": 7, "height": 17.85, "width": 266, "children": [{"name": "box6", "top": 131.25, "left": 8, "height": 15.85, "width": 61.9833, "children": [{"name": "box7", "top": 132.1666717529297, "left": 46.649993896484375, "height": 14, "width": 23, "children": []}]}, {"name": "box9", "top": 131.25, "left": 73.98333740234375, "height": 15.85, "width": 198.017, "children": [{"name": "box10", "top": 131.60000610351562, "left": 73.98333740234375, "height": 15.5, "width": 45.5667, "children": []}, {"name": "box11", "top": 131.60000610351562, "left": 119.55000305175781, "height": 15.5, "width": 49.3333, "children": []}, {"name": "box12", "top": 131.60000610351562, "left": 168.88333129882812, "height": 15.5, "width": 53.3, "children": []}]}]}, {"name": "ace-option-split", "top": 130.25, "left": 7, "height": 17.85, "width": 266, "children": [{"name": "box6", "top": 131.25, "left": 8, "height": 15.85, "width": 61.9833, "children": [{"name": "box7", "top": 132.1666717529297, "left": 46.649993896484375, "height": 14, "width": 23, "children": []}]}, {"name": "box9", "top": 131.25, "left": 73.98333740234375, "height": 15.85, "width": 198.017, "children": [{"name": "box10", "top": 131.60000610351562, "left": 73.98333740234375, "height": 15.5, "width": 45.5667, "children": []}, {"name": "box11", "top": 131.60000610351562, "left": 119.55000305175781, "height": 15.5, "width": 49.3333, "children": []}, {"name": "box12", "top": 131.60000610351562, "left": 168.88333129882812, "height": 15.5, "width": 53.3, "children": []}]}]}]}