{"name": "ace-sidebar-dropdown", "bench": {"height": {"low": 20.5, "high": 20.5}, "width": {"low": 266, "high": 266}, "trainSeed": 235775, "testSeed": 17250987, "testSize": 10, "trainSize": 10}, "train": [{"name": "ace-option-doc", "top": 107.75, "left": 7, "height": 20.5, "width": 266, "children": [{"name": "box3", "top": 108.75, "left": 8, "height": 18.5, "width": 61.9833, "children": [{"name": "box4", "top": 111, "left": 15.316665649414062, "height": 14, "width": 55, "children": []}]}, {"name": "box5", "top": 108.75, "left": 73.98333740234375, "height": 18.5, "width": 198.017, "children": [{"name": "-doc", "top": 108.75, "left": 73.98333740234375, "height": 18.5, "width": 161.283, "children": []}]}]}, {"name": "ace-option-doc", "top": 107.75, "left": 7, "height": 20.5, "width": 266, "children": [{"name": "box3", "top": 108.75, "left": 8, "height": 18.5, "width": 61.9833, "children": [{"name": "box4", "top": 111, "left": 15.316665649414062, "height": 14, "width": 55, "children": []}]}, {"name": "box5", "top": 108.75, "left": 73.98333740234375, "height": 18.5, "width": 198.017, "children": [{"name": "-doc", "top": 108.75, "left": 73.98333740234375, "height": 18.5, "width": 161.283, "children": []}]}]}, {"name": "ace-option-doc", "top": 107.75, "left": 7, "height": 20.5, "width": 266, "children": [{"name": "box3", "top": 108.75, "left": 8, "height": 18.5, "width": 61.9833, "children": [{"name": "box4", "top": 111, "left": 15.316665649414062, "height": 14, "width": 55, "children": []}]}, {"name": "box5", "top": 108.75, "left": 73.98333740234375, "height": 18.5, "width": 198.017, "children": [{"name": "-doc", "top": 108.75, "left": 73.98333740234375, "height": 18.5, "width": 161.283, "children": []}]}]}, {"name": "ace-option-doc", "top": 107.75, "left": 7, "height": 20.5, "width": 266, "children": [{"name": "box3", "top": 108.75, "left": 8, "height": 18.5, "width": 61.9833, "children": [{"name": "box4", "top": 111, "left": 15.316665649414062, "height": 14, "width": 55, "children": []}]}, {"name": "box5", "top": 108.75, "left": 73.98333740234375, "height": 18.5, "width": 198.017, "children": [{"name": "-doc", "top": 108.75, "left": 73.98333740234375, "height": 18.5, "width": 161.283, "children": []}]}]}, {"name": "ace-option-doc", "top": 107.75, "left": 7, "height": 20.5, "width": 266, "children": [{"name": "box3", "top": 108.75, "left": 8, "height": 18.5, "width": 61.9833, "children": [{"name": "box4", "top": 111, "left": 15.316665649414062, "height": 14, "width": 55, "children": []}]}, {"name": "box5", "top": 108.75, "left": 73.98333740234375, "height": 18.5, "width": 198.017, "children": [{"name": "-doc", "top": 108.75, "left": 73.98333740234375, "height": 18.5, "width": 161.283, "children": []}]}]}, {"name": "ace-option-doc", "top": 107.75, "left": 7, "height": 20.5, "width": 266, "children": [{"name": "box3", "top": 108.75, "left": 8, "height": 18.5, "width": 61.9833, "children": [{"name": "box4", "top": 111, "left": 15.316665649414062, "height": 14, "width": 55, "children": []}]}, {"name": "box5", "top": 108.75, "left": 73.98333740234375, "height": 18.5, "width": 198.017, "children": [{"name": "-doc", "top": 108.75, "left": 73.98333740234375, "height": 18.5, "width": 161.283, "children": []}]}]}, {"name": "ace-option-doc", "top": 107.75, "left": 7, "height": 20.5, "width": 266, "children": [{"name": "box3", "top": 108.75, "left": 8, "height": 18.5, "width": 61.9833, "children": [{"name": "box4", "top": 111, "left": 15.316665649414062, "height": 14, "width": 55, "children": []}]}, {"name": "box5", "top": 108.75, "left": 73.98333740234375, "height": 18.5, "width": 198.017, "children": [{"name": "-doc", "top": 108.75, "left": 73.98333740234375, "height": 18.5, "width": 161.283, "children": []}]}]}, {"name": "ace-option-doc", "top": 107.75, "left": 7, "height": 20.5, "width": 266, "children": [{"name": "box3", "top": 108.75, "left": 8, "height": 18.5, "width": 61.9833, "children": [{"name": "box4", "top": 111, "left": 15.316665649414062, "height": 14, "width": 55, "children": []}]}, {"name": "box5", "top": 108.75, "left": 73.98333740234375, "height": 18.5, "width": 198.017, "children": [{"name": "-doc", "top": 108.75, "left": 73.98333740234375, "height": 18.5, "width": 161.283, "children": []}]}]}, {"name": "ace-option-doc", "top": 107.75, "left": 7, "height": 20.5, "width": 266, "children": [{"name": "box3", "top": 108.75, "left": 8, "height": 18.5, "width": 61.9833, "children": [{"name": "box4", "top": 111, "left": 15.316665649414062, "height": 14, "width": 55, "children": []}]}, {"name": "box5", "top": 108.75, "left": 73.98333740234375, "height": 18.5, "width": 198.017, "children": [{"name": "-doc", "top": 108.75, "left": 73.98333740234375, "height": 18.5, "width": 161.283, "children": []}]}]}, {"name": "ace-option-doc", "top": 107.75, "left": 7, "height": 20.5, "width": 266, "children": [{"name": "box3", "top": 108.75, "left": 8, "height": 18.5, "width": 61.9833, "children": [{"name": "box4", "top": 111, "left": 15.316665649414062, "height": 14, "width": 55, "children": []}]}, {"name": "box5", "top": 108.75, "left": 73.98333740234375, "height": 18.5, "width": 198.017, "children": [{"name": "-doc", "top": 108.75, "left": 73.98333740234375, "height": 18.5, "width": 161.283, "children": []}]}]}], "test": [{"name": "ace-option-doc", "top": 107.75, "left": 7, "height": 20.5, "width": 266, "children": [{"name": "box3", "top": 108.75, "left": 8, "height": 18.5, "width": 61.9833, "children": [{"name": "box4", "top": 111, "left": 15.316665649414062, "height": 14, "width": 55, "children": []}]}, {"name": "box5", "top": 108.75, "left": 73.98333740234375, "height": 18.5, "width": 198.017, "children": [{"name": "-doc", "top": 108.75, "left": 73.98333740234375, "height": 18.5, "width": 161.283, "children": []}]}]}, {"name": "ace-option-doc", "top": 107.75, "left": 7, "height": 20.5, "width": 266, "children": [{"name": "box3", "top": 108.75, "left": 8, "height": 18.5, "width": 61.9833, "children": [{"name": "box4", "top": 111, "left": 15.316665649414062, "height": 14, "width": 55, "children": []}]}, {"name": "box5", "top": 108.75, "left": 73.98333740234375, "height": 18.5, "width": 198.017, "children": [{"name": "-doc", "top": 108.75, "left": 73.98333740234375, "height": 18.5, "width": 161.283, "children": []}]}]}, {"name": "ace-option-doc", "top": 107.75, "left": 7, "height": 20.5, "width": 266, "children": [{"name": "box3", "top": 108.75, "left": 8, "height": 18.5, "width": 61.9833, "children": [{"name": "box4", "top": 111, "left": 15.316665649414062, "height": 14, "width": 55, "children": []}]}, {"name": "box5", "top": 108.75, "left": 73.98333740234375, "height": 18.5, "width": 198.017, "children": [{"name": "-doc", "top": 108.75, "left": 73.98333740234375, "height": 18.5, "width": 161.283, "children": []}]}]}, {"name": "ace-option-doc", "top": 107.75, "left": 7, "height": 20.5, "width": 266, "children": [{"name": "box3", "top": 108.75, "left": 8, "height": 18.5, "width": 61.9833, "children": [{"name": "box4", "top": 111, "left": 15.316665649414062, "height": 14, "width": 55, "children": []}]}, {"name": "box5", "top": 108.75, "left": 73.98333740234375, "height": 18.5, "width": 198.017, "children": [{"name": "-doc", "top": 108.75, "left": 73.98333740234375, "height": 18.5, "width": 161.283, "children": []}]}]}, {"name": "ace-option-doc", "top": 107.75, "left": 7, "height": 20.5, "width": 266, "children": [{"name": "box3", "top": 108.75, "left": 8, "height": 18.5, "width": 61.9833, "children": [{"name": "box4", "top": 111, "left": 15.316665649414062, "height": 14, "width": 55, "children": []}]}, {"name": "box5", "top": 108.75, "left": 73.98333740234375, "height": 18.5, "width": 198.017, "children": [{"name": "-doc", "top": 108.75, "left": 73.98333740234375, "height": 18.5, "width": 161.283, "children": []}]}]}, {"name": "ace-option-doc", "top": 107.75, "left": 7, "height": 20.5, "width": 266, "children": [{"name": "box3", "top": 108.75, "left": 8, "height": 18.5, "width": 61.9833, "children": [{"name": "box4", "top": 111, "left": 15.316665649414062, "height": 14, "width": 55, "children": []}]}, {"name": "box5", "top": 108.75, "left": 73.98333740234375, "height": 18.5, "width": 198.017, "children": [{"name": "-doc", "top": 108.75, "left": 73.98333740234375, "height": 18.5, "width": 161.283, "children": []}]}]}, {"name": "ace-option-doc", "top": 107.75, "left": 7, "height": 20.5, "width": 266, "children": [{"name": "box3", "top": 108.75, "left": 8, "height": 18.5, "width": 61.9833, "children": [{"name": "box4", "top": 111, "left": 15.316665649414062, "height": 14, "width": 55, "children": []}]}, {"name": "box5", "top": 108.75, "left": 73.98333740234375, "height": 18.5, "width": 198.017, "children": [{"name": "-doc", "top": 108.75, "left": 73.98333740234375, "height": 18.5, "width": 161.283, "children": []}]}]}, {"name": "ace-option-doc", "top": 107.75, "left": 7, "height": 20.5, "width": 266, "children": [{"name": "box3", "top": 108.75, "left": 8, "height": 18.5, "width": 61.9833, "children": [{"name": "box4", "top": 111, "left": 15.316665649414062, "height": 14, "width": 55, "children": []}]}, {"name": "box5", "top": 108.75, "left": 73.98333740234375, "height": 18.5, "width": 198.017, "children": [{"name": "-doc", "top": 108.75, "left": 73.98333740234375, "height": 18.5, "width": 161.283, "children": []}]}]}, {"name": "ace-option-doc", "top": 107.75, "left": 7, "height": 20.5, "width": 266, "children": [{"name": "box3", "top": 108.75, "left": 8, "height": 18.5, "width": 61.9833, "children": [{"name": "box4", "top": 111, "left": 15.316665649414062, "height": 14, "width": 55, "children": []}]}, {"name": "box5", "top": 108.75, "left": 73.98333740234375, "height": 18.5, "width": 198.017, "children": [{"name": "-doc", "top": 108.75, "left": 73.98333740234375, "height": 18.5, "width": 161.283, "children": []}]}]}, {"name": "ace-option-doc", "top": 107.75, "left": 7, "height": 20.5, "width": 266, "children": [{"name": "box3", "top": 108.75, "left": 8, "height": 18.5, "width": 61.9833, "children": [{"name": "box4", "top": 111, "left": 15.316665649414062, "height": 14, "width": 55, "children": []}]}, {"name": "box5", "top": 108.75, "left": 73.98333740234375, "height": 18.5, "width": 198.017, "children": [{"name": "-doc", "top": 108.75, "left": 73.98333740234375, "height": 18.5, "width": 161.283, "children": []}]}]}]}