{"name":"centered","bench":{"height":{"low":400,"high":1200},"width":{"low":700,"high":1200},"trainSeed":235775,"trainSize":10,"testSeed":17250987,"testSize":10},"train":[{"name":"main","top":100,"left":8,"height":500,"width":757,"children":[{"name":"inner","top":100,"left":83.69999694824219,"height":200,"width":605.6,"children":[]}]},{"name":"main","top":100,"left":8,"height":500,"width":701,"children":[{"name":"inner","top":100,"left":78.10000610351562,"height":200,"width":560.8,"children":[]}]},{"name":"main","top":100,"left":8,"height":500,"width":733,"children":[{"name":"inner","top":100,"left":81.30000305175781,"height":200,"width":586.4,"children":[]}]},{"name":"main","top":100,"left":8,"height":500,"width":807,"children":[{"name":"inner","top":100,"left":88.69999694824219,"height":200,"width":645.6,"children":[]}]},{"name":"main","top":100,"left":8,"height":500,"width":821,"children":[{"name":"inner","top":100,"left":90.10000610351562,"height":200,"width":656.8,"children":[]}]},{"name":"main","top":100,"left":8,"height":500,"width":836,"children":[{"name":"inner","top":100,"left":91.60000610351562,"height":200,"width":668.8,"children":[]}]},{"name":"main","top":100,"left":8,"height":500,"width":707,"children":[{"name":"inner","top":100,"left":78.69999694824219,"height":200,"width":565.6,"children":[]}]},{"name":"main","top":100,"left":8,"height":500,"width":696,"children":[{"name":"inner","top":100,"left":77.60000610351562,"height":200,"width":556.8,"children":[]}]},{"name":"main","top":100,"left":8,"height":500,"width":761,"children":[{"name":"inner","top":100,"left":84.10000610351562,"height":200,"width":608.8,"children":[]}]},{"name":"main","top":100,"left":8,"height":500,"width":780,"children":[{"name":"inner","top":100,"left":86,"height":200,"width":624,"children":[]}]}],"test":[{"name":"main","top":100,"left":8,"height":500,"width":857,"children":[{"name":"inner","top":100,"left":93.69999694824219,"height":200,"width":685.6,"children":[]}]},{"name":"main","top":100,"left":8,"height":500,"width":1149,"children":[{"name":"inner","top":100,"left":122.89999389648438,"height":200,"width":919.2,"children":[]}]},{"name":"main","top":100,"left":8,"height":500,"width":700,"children":[{"name":"inner","top":100,"left":78,"height":200,"width":560,"children":[]}]},{"name":"main","top":100,"left":8,"height":500,"width":1098,"children":[{"name":"inner","top":100,"left":117.80000305175781,"height":200,"width":878.4,"children":[]}]},{"name":"main","top":100,"left":8,"height":500,"width":859,"children":[{"name":"inner","top":100,"left":93.89999389648438,"height":200,"width":687.2,"children":[]}]},{"name":"main","top":100,"left":8,"height":500,"width":745,"children":[{"name":"inner","top":100,"left":82.5,"height":200,"width":596,"children":[]}]},{"name":"main","top":100,"left":8,"height":500,"width":1172,"children":[{"name":"inner","top":100,"left":125.19999694824219,"height":200,"width":937.6,"children":[]}]},{"name":"main","top":100,"left":8,"height":500,"width":1006,"children":[{"name":"inner","top":100,"left":108.60000610351562,"height":200,"width":804.8,"children":[]}]},{"name":"main","top":100,"left":8,"height":500,"width":1128,"children":[{"name":"inner","top":100,"left":120.80000305175781,"height":200,"width":902.4,"children":[]}]},{"name":"main","top":100,"left":8,"height":500,"width":879,"children":[{"name":"inner","top":100,"left":95.89999389648438,"height":200,"width":703.2,"children":[]}]}]}