{"name": "icse-tracks", "bench": {"height": {"low": 595.85, "high": 595.85}, "width": {"low": 220, "high": 220}, "trainSeed": 235775, "testSeed": 17250987, "testSize": 10, "trainSize": 10}, "train": [{"name": "box79", "top": 659, "left": 551.5, "height": 595.85, "width": 220, "children": [{"name": "box80", "top": 660, "left": 552.5, "height": 43.85, "width": 218, "children": [{"name": "box81", "top": 670, "left": 567.5, "height": 22.85, "width": 188, "children": [{"name": "box82", "top": 676.4166870117188, "left": 567.5, "height": 16, "width": 13, "children": []}]}]}, {"name": "box83", "top": 703.8499755859375, "left": 552.5, "height": 550, "width": 218, "children": [{"name": "box84", "top": 718.8499755859375, "left": 567.5, "height": 520, "width": 188, "children": [{"name": "box85", "top": 718.8499755859375, "left": 567.5, "height": 20, "width": 95.9333, "children": []}, {"name": "box86", "top": 738.8499755859375, "left": 567.5, "height": 20, "width": 127.033, "children": []}, {"name": "box87", "top": 758.8499755859375, "left": 567.5, "height": 40, "width": 188, "children": []}, {"name": "box88", "top": 818.8499755859375, "left": 567.5, "height": 60, "width": 188, "children": []}, {"name": "box89", "top": 898.8499755859375, "left": 567.5, "height": 40, "width": 188, "children": []}, {"name": "box90", "top": 958.8499755859375, "left": 567.5, "height": 40, "width": 188, "children": []}, {"name": "box91", "top": 998.8499755859375, "left": 574.5, "height": 20, "width": 99.0667, "children": []}, {"name": "box92", "top": 1018.8499755859375, "left": 567.5, "height": 40, "width": 188, "children": []}, {"name": "box93", "top": 1058.8499755859375, "left": 574.5, "height": 20, "width": 113.55, "children": []}, {"name": "box94", "top": 1058.8499755859375, "left": 698.9500122070312, "height": 20, "width": 47.7, "children": []}, {"name": "box95", "top": 1078.8499755859375, "left": 567.5, "height": 20, "width": 70.25, "children": []}, {"name": "box96", "top": 1098.8499755859375, "left": 567.5, "height": 20, "width": 131.217, "children": []}, {"name": "box97", "top": 1118.8499755859375, "left": 567.5, "height": 20, "width": 155.583, "children": []}, {"name": "box98", "top": 1138.8499755859375, "left": 567.5, "height": 20, "width": 118.783, "children": []}, {"name": "box99", "top": 1158.8499755859375, "left": 567.5, "height": 20, "width": 117.15, "children": []}, {"name": "box100", "top": 1178.8499755859375, "left": 567.5, "height": 20, "width": 187, "children": []}, {"name": "box101", "top": 1198.8499755859375, "left": 574.5, "height": 20, "width": 140.483, "children": []}, {"name": "box102", "top": 1198.8499755859375, "left": 714.9833374023438, "height": 20, "width": 0.0166667, "children": []}, {"name": "box103", "top": 1221.3499755859375, "left": 567.5, "height": 17, "width": 81.0833, "children": []}]}]}]}, {"name": "box79", "top": 659, "left": 598.5, "height": 595.85, "width": 220, "children": [{"name": "box80", "top": 660, "left": 599.5, "height": 43.85, "width": 218, "children": [{"name": "box81", "top": 670, "left": 614.5, "height": 22.85, "width": 188, "children": [{"name": "box82", "top": 676.4166870117188, "left": 614.5, "height": 16, "width": 13, "children": []}]}]}, {"name": "box83", "top": 703.8499755859375, "left": 599.5, "height": 550, "width": 218, "children": [{"name": "box84", "top": 718.8499755859375, "left": 614.5, "height": 520, "width": 188, "children": [{"name": "box85", "top": 718.8499755859375, "left": 614.5, "height": 20, "width": 95.9333, "children": []}, {"name": "box86", "top": 738.8499755859375, "left": 614.5, "height": 20, "width": 127.033, "children": []}, {"name": "box87", "top": 758.8499755859375, "left": 614.5, "height": 40, "width": 188, "children": []}, {"name": "box88", "top": 818.8499755859375, "left": 614.5, "height": 60, "width": 188, "children": []}, {"name": "box89", "top": 898.8499755859375, "left": 614.5, "height": 40, "width": 188, "children": []}, {"name": "box90", "top": 958.8499755859375, "left": 614.5, "height": 40, "width": 188, "children": []}, {"name": "box91", "top": 998.8499755859375, "left": 621.5, "height": 20, "width": 99.0667, "children": []}, {"name": "box92", "top": 1018.8499755859375, "left": 614.5, "height": 40, "width": 188, "children": []}, {"name": "box93", "top": 1058.8499755859375, "left": 621.5, "height": 20, "width": 113.55, "children": []}, {"name": "box94", "top": 1058.8499755859375, "left": 745.9500122070312, "height": 20, "width": 47.7, "children": []}, {"name": "box95", "top": 1078.8499755859375, "left": 614.5, "height": 20, "width": 70.25, "children": []}, {"name": "box96", "top": 1098.8499755859375, "left": 614.5, "height": 20, "width": 131.217, "children": []}, {"name": "box97", "top": 1118.8499755859375, "left": 614.5, "height": 20, "width": 155.583, "children": []}, {"name": "box98", "top": 1138.8499755859375, "left": 614.5, "height": 20, "width": 118.783, "children": []}, {"name": "box99", "top": 1158.8499755859375, "left": 614.5, "height": 20, "width": 117.15, "children": []}, {"name": "box100", "top": 1178.8499755859375, "left": 614.5, "height": 20, "width": 187, "children": []}, {"name": "box101", "top": 1198.8499755859375, "left": 621.5, "height": 20, "width": 140.483, "children": []}, {"name": "box102", "top": 1198.8499755859375, "left": 761.9833374023438, "height": 20, "width": 0.0166667, "children": []}, {"name": "box103", "top": 1221.3499755859375, "left": 614.5, "height": 17, "width": 81.0833, "children": []}]}]}]}, {"name": "box79", "top": 659, "left": 614.5, "height": 595.85, "width": 220, "children": [{"name": "box80", "top": 660, "left": 615.5, "height": 43.85, "width": 218, "children": [{"name": "box81", "top": 670, "left": 630.5, "height": 22.85, "width": 188, "children": [{"name": "box82", "top": 676.4166870117188, "left": 630.5, "height": 16, "width": 13, "children": []}]}]}, {"name": "box83", "top": 703.8499755859375, "left": 615.5, "height": 550, "width": 218, "children": [{"name": "box84", "top": 718.8499755859375, "left": 630.5, "height": 520, "width": 188, "children": [{"name": "box85", "top": 718.8499755859375, "left": 630.5, "height": 20, "width": 95.9333, "children": []}, {"name": "box86", "top": 738.8499755859375, "left": 630.5, "height": 20, "width": 127.033, "children": []}, {"name": "box87", "top": 758.8499755859375, "left": 630.5, "height": 40, "width": 188, "children": []}, {"name": "box88", "top": 818.8499755859375, "left": 630.5, "height": 60, "width": 188, "children": []}, {"name": "box89", "top": 898.8499755859375, "left": 630.5, "height": 40, "width": 188, "children": []}, {"name": "box90", "top": 958.8499755859375, "left": 630.5, "height": 40, "width": 188, "children": []}, {"name": "box91", "top": 998.8499755859375, "left": 637.5, "height": 20, "width": 99.0667, "children": []}, {"name": "box92", "top": 1018.8499755859375, "left": 630.5, "height": 40, "width": 188, "children": []}, {"name": "box93", "top": 1058.8499755859375, "left": 637.5, "height": 20, "width": 113.55, "children": []}, {"name": "box94", "top": 1058.8499755859375, "left": 761.9500122070312, "height": 20, "width": 47.7, "children": []}, {"name": "box95", "top": 1078.8499755859375, "left": 630.5, "height": 20, "width": 70.25, "children": []}, {"name": "box96", "top": 1098.8499755859375, "left": 630.5, "height": 20, "width": 131.217, "children": []}, {"name": "box97", "top": 1118.8499755859375, "left": 630.5, "height": 20, "width": 155.583, "children": []}, {"name": "box98", "top": 1138.8499755859375, "left": 630.5, "height": 20, "width": 118.783, "children": []}, {"name": "box99", "top": 1158.8499755859375, "left": 630.5, "height": 20, "width": 117.15, "children": []}, {"name": "box100", "top": 1178.8499755859375, "left": 630.5, "height": 20, "width": 187, "children": []}, {"name": "box101", "top": 1198.8499755859375, "left": 637.5, "height": 20, "width": 140.483, "children": []}, {"name": "box102", "top": 1198.8499755859375, "left": 777.9833374023438, "height": 20, "width": 0.0166667, "children": []}, {"name": "box103", "top": 1221.3499755859375, "left": 630.5, "height": 17, "width": 81.0833, "children": []}]}]}]}, {"name": "box79", "top": 659, "left": 601.5, "height": 595.85, "width": 220, "children": [{"name": "box80", "top": 660, "left": 602.5, "height": 43.85, "width": 218, "children": [{"name": "box81", "top": 670, "left": 617.5, "height": 22.85, "width": 188, "children": [{"name": "box82", "top": 676.4166870117188, "left": 617.5, "height": 16, "width": 13, "children": []}]}]}, {"name": "box83", "top": 703.8499755859375, "left": 602.5, "height": 550, "width": 218, "children": [{"name": "box84", "top": 718.8499755859375, "left": 617.5, "height": 520, "width": 188, "children": [{"name": "box85", "top": 718.8499755859375, "left": 617.5, "height": 20, "width": 95.9333, "children": []}, {"name": "box86", "top": 738.8499755859375, "left": 617.5, "height": 20, "width": 127.033, "children": []}, {"name": "box87", "top": 758.8499755859375, "left": 617.5, "height": 40, "width": 188, "children": []}, {"name": "box88", "top": 818.8499755859375, "left": 617.5, "height": 60, "width": 188, "children": []}, {"name": "box89", "top": 898.8499755859375, "left": 617.5, "height": 40, "width": 188, "children": []}, {"name": "box90", "top": 958.8499755859375, "left": 617.5, "height": 40, "width": 188, "children": []}, {"name": "box91", "top": 998.8499755859375, "left": 624.5, "height": 20, "width": 99.0667, "children": []}, {"name": "box92", "top": 1018.8499755859375, "left": 617.5, "height": 40, "width": 188, "children": []}, {"name": "box93", "top": 1058.8499755859375, "left": 624.5, "height": 20, "width": 113.55, "children": []}, {"name": "box94", "top": 1058.8499755859375, "left": 748.9500122070312, "height": 20, "width": 47.7, "children": []}, {"name": "box95", "top": 1078.8499755859375, "left": 617.5, "height": 20, "width": 70.25, "children": []}, {"name": "box96", "top": 1098.8499755859375, "left": 617.5, "height": 20, "width": 131.217, "children": []}, {"name": "box97", "top": 1118.8499755859375, "left": 617.5, "height": 20, "width": 155.583, "children": []}, {"name": "box98", "top": 1138.8499755859375, "left": 617.5, "height": 20, "width": 118.783, "children": []}, {"name": "box99", "top": 1158.8499755859375, "left": 617.5, "height": 20, "width": 117.15, "children": []}, {"name": "box100", "top": 1178.8499755859375, "left": 617.5, "height": 20, "width": 187, "children": []}, {"name": "box101", "top": 1198.8499755859375, "left": 624.5, "height": 20, "width": 140.483, "children": []}, {"name": "box102", "top": 1198.8499755859375, "left": 764.9833374023438, "height": 20, "width": 0.0166667, "children": []}, {"name": "box103", "top": 1221.3499755859375, "left": 617.5, "height": 17, "width": 81.0833, "children": []}]}]}]}, {"name": "box79", "top": 659, "left": 583.5, "height": 595.85, "width": 220, "children": [{"name": "box80", "top": 660, "left": 584.5, "height": 43.85, "width": 218, "children": [{"name": "box81", "top": 670, "left": 599.5, "height": 22.85, "width": 188, "children": [{"name": "box82", "top": 676.4166870117188, "left": 599.5, "height": 16, "width": 13, "children": []}]}]}, {"name": "box83", "top": 703.8499755859375, "left": 584.5, "height": 550, "width": 218, "children": [{"name": "box84", "top": 718.8499755859375, "left": 599.5, "height": 520, "width": 188, "children": [{"name": "box85", "top": 718.8499755859375, "left": 599.5, "height": 20, "width": 95.9333, "children": []}, {"name": "box86", "top": 738.8499755859375, "left": 599.5, "height": 20, "width": 127.033, "children": []}, {"name": "box87", "top": 758.8499755859375, "left": 599.5, "height": 40, "width": 188, "children": []}, {"name": "box88", "top": 818.8499755859375, "left": 599.5, "height": 60, "width": 188, "children": []}, {"name": "box89", "top": 898.8499755859375, "left": 599.5, "height": 40, "width": 188, "children": []}, {"name": "box90", "top": 958.8499755859375, "left": 599.5, "height": 40, "width": 188, "children": []}, {"name": "box91", "top": 998.8499755859375, "left": 606.5, "height": 20, "width": 99.0667, "children": []}, {"name": "box92", "top": 1018.8499755859375, "left": 599.5, "height": 40, "width": 188, "children": []}, {"name": "box93", "top": 1058.8499755859375, "left": 606.5, "height": 20, "width": 113.55, "children": []}, {"name": "box94", "top": 1058.8499755859375, "left": 730.9500122070312, "height": 20, "width": 47.7, "children": []}, {"name": "box95", "top": 1078.8499755859375, "left": 599.5, "height": 20, "width": 70.25, "children": []}, {"name": "box96", "top": 1098.8499755859375, "left": 599.5, "height": 20, "width": 131.217, "children": []}, {"name": "box97", "top": 1118.8499755859375, "left": 599.5, "height": 20, "width": 155.583, "children": []}, {"name": "box98", "top": 1138.8499755859375, "left": 599.5, "height": 20, "width": 118.783, "children": []}, {"name": "box99", "top": 1158.8499755859375, "left": 599.5, "height": 20, "width": 117.15, "children": []}, {"name": "box100", "top": 1178.8499755859375, "left": 599.5, "height": 20, "width": 187, "children": []}, {"name": "box101", "top": 1198.8499755859375, "left": 606.5, "height": 20, "width": 140.483, "children": []}, {"name": "box102", "top": 1198.8499755859375, "left": 746.9833374023438, "height": 20, "width": 0.0166667, "children": []}, {"name": "box103", "top": 1221.3499755859375, "left": 599.5, "height": 17, "width": 81.0833, "children": []}]}]}]}, {"name": "box79", "top": 659, "left": 541, "height": 595.85, "width": 220, "children": [{"name": "box80", "top": 660, "left": 542, "height": 43.85, "width": 218, "children": [{"name": "box81", "top": 670, "left": 557, "height": 22.85, "width": 188, "children": [{"name": "box82", "top": 676.4166870117188, "left": 557, "height": 16, "width": 13, "children": []}]}]}, {"name": "box83", "top": 703.8499755859375, "left": 542, "height": 550, "width": 218, "children": [{"name": "box84", "top": 718.8499755859375, "left": 557, "height": 520, "width": 188, "children": [{"name": "box85", "top": 718.8499755859375, "left": 557, "height": 20, "width": 95.9333, "children": []}, {"name": "box86", "top": 738.8499755859375, "left": 557, "height": 20, "width": 127.033, "children": []}, {"name": "box87", "top": 758.8499755859375, "left": 557, "height": 40, "width": 188, "children": []}, {"name": "box88", "top": 818.8499755859375, "left": 557, "height": 60, "width": 188, "children": []}, {"name": "box89", "top": 898.8499755859375, "left": 557, "height": 40, "width": 188, "children": []}, {"name": "box90", "top": 958.8499755859375, "left": 557, "height": 40, "width": 188, "children": []}, {"name": "box91", "top": 998.8499755859375, "left": 564, "height": 20, "width": 99.0667, "children": []}, {"name": "box92", "top": 1018.8499755859375, "left": 557, "height": 40, "width": 188, "children": []}, {"name": "box93", "top": 1058.8499755859375, "left": 564, "height": 20, "width": 113.55, "children": []}, {"name": "box94", "top": 1058.8499755859375, "left": 688.4500122070312, "height": 20, "width": 47.7, "children": []}, {"name": "box95", "top": 1078.8499755859375, "left": 557, "height": 20, "width": 70.25, "children": []}, {"name": "box96", "top": 1098.8499755859375, "left": 557, "height": 20, "width": 131.217, "children": []}, {"name": "box97", "top": 1118.8499755859375, "left": 557, "height": 20, "width": 155.583, "children": []}, {"name": "box98", "top": 1138.8499755859375, "left": 557, "height": 20, "width": 118.783, "children": []}, {"name": "box99", "top": 1158.8499755859375, "left": 557, "height": 20, "width": 117.15, "children": []}, {"name": "box100", "top": 1178.8499755859375, "left": 557, "height": 20, "width": 187, "children": []}, {"name": "box101", "top": 1198.8499755859375, "left": 564, "height": 20, "width": 140.483, "children": []}, {"name": "box102", "top": 1198.8499755859375, "left": 704.4833374023438, "height": 20, "width": 0.0166667, "children": []}, {"name": "box103", "top": 1221.3499755859375, "left": 557, "height": 17, "width": 81.0833, "children": []}]}]}]}, {"name": "box79", "top": 659, "left": 601.5, "height": 595.85, "width": 220, "children": [{"name": "box80", "top": 660, "left": 602.5, "height": 43.85, "width": 218, "children": [{"name": "box81", "top": 670, "left": 617.5, "height": 22.85, "width": 188, "children": [{"name": "box82", "top": 676.4166870117188, "left": 617.5, "height": 16, "width": 13, "children": []}]}]}, {"name": "box83", "top": 703.8499755859375, "left": 602.5, "height": 550, "width": 218, "children": [{"name": "box84", "top": 718.8499755859375, "left": 617.5, "height": 520, "width": 188, "children": [{"name": "box85", "top": 718.8499755859375, "left": 617.5, "height": 20, "width": 95.9333, "children": []}, {"name": "box86", "top": 738.8499755859375, "left": 617.5, "height": 20, "width": 127.033, "children": []}, {"name": "box87", "top": 758.8499755859375, "left": 617.5, "height": 40, "width": 188, "children": []}, {"name": "box88", "top": 818.8499755859375, "left": 617.5, "height": 60, "width": 188, "children": []}, {"name": "box89", "top": 898.8499755859375, "left": 617.5, "height": 40, "width": 188, "children": []}, {"name": "box90", "top": 958.8499755859375, "left": 617.5, "height": 40, "width": 188, "children": []}, {"name": "box91", "top": 998.8499755859375, "left": 624.5, "height": 20, "width": 99.0667, "children": []}, {"name": "box92", "top": 1018.8499755859375, "left": 617.5, "height": 40, "width": 188, "children": []}, {"name": "box93", "top": 1058.8499755859375, "left": 624.5, "height": 20, "width": 113.55, "children": []}, {"name": "box94", "top": 1058.8499755859375, "left": 748.9500122070312, "height": 20, "width": 47.7, "children": []}, {"name": "box95", "top": 1078.8499755859375, "left": 617.5, "height": 20, "width": 70.25, "children": []}, {"name": "box96", "top": 1098.8499755859375, "left": 617.5, "height": 20, "width": 131.217, "children": []}, {"name": "box97", "top": 1118.8499755859375, "left": 617.5, "height": 20, "width": 155.583, "children": []}, {"name": "box98", "top": 1138.8499755859375, "left": 617.5, "height": 20, "width": 118.783, "children": []}, {"name": "box99", "top": 1158.8499755859375, "left": 617.5, "height": 20, "width": 117.15, "children": []}, {"name": "box100", "top": 1178.8499755859375, "left": 617.5, "height": 20, "width": 187, "children": []}, {"name": "box101", "top": 1198.8499755859375, "left": 624.5, "height": 20, "width": 140.483, "children": []}, {"name": "box102", "top": 1198.8499755859375, "left": 764.9833374023438, "height": 20, "width": 0.0166667, "children": []}, {"name": "box103", "top": 1221.3499755859375, "left": 617.5, "height": 17, "width": 81.0833, "children": []}]}]}]}, {"name": "box79", "top": 659, "left": 596, "height": 595.85, "width": 220, "children": [{"name": "box80", "top": 660, "left": 597, "height": 43.85, "width": 218, "children": [{"name": "box81", "top": 670, "left": 612, "height": 22.85, "width": 188, "children": [{"name": "box82", "top": 676.4166870117188, "left": 612, "height": 16, "width": 13, "children": []}]}]}, {"name": "box83", "top": 703.8499755859375, "left": 597, "height": 550, "width": 218, "children": [{"name": "box84", "top": 718.8499755859375, "left": 612, "height": 520, "width": 188, "children": [{"name": "box85", "top": 718.8499755859375, "left": 612, "height": 20, "width": 95.9333, "children": []}, {"name": "box86", "top": 738.8499755859375, "left": 612, "height": 20, "width": 127.033, "children": []}, {"name": "box87", "top": 758.8499755859375, "left": 612, "height": 40, "width": 188, "children": []}, {"name": "box88", "top": 818.8499755859375, "left": 612, "height": 60, "width": 188, "children": []}, {"name": "box89", "top": 898.8499755859375, "left": 612, "height": 40, "width": 188, "children": []}, {"name": "box90", "top": 958.8499755859375, "left": 612, "height": 40, "width": 188, "children": []}, {"name": "box91", "top": 998.8499755859375, "left": 619, "height": 20, "width": 99.0667, "children": []}, {"name": "box92", "top": 1018.8499755859375, "left": 612, "height": 40, "width": 188, "children": []}, {"name": "box93", "top": 1058.8499755859375, "left": 619, "height": 20, "width": 113.55, "children": []}, {"name": "box94", "top": 1058.8499755859375, "left": 743.4500122070312, "height": 20, "width": 47.7, "children": []}, {"name": "box95", "top": 1078.8499755859375, "left": 612, "height": 20, "width": 70.25, "children": []}, {"name": "box96", "top": 1098.8499755859375, "left": 612, "height": 20, "width": 131.217, "children": []}, {"name": "box97", "top": 1118.8499755859375, "left": 612, "height": 20, "width": 155.583, "children": []}, {"name": "box98", "top": 1138.8499755859375, "left": 612, "height": 20, "width": 118.783, "children": []}, {"name": "box99", "top": 1158.8499755859375, "left": 612, "height": 20, "width": 117.15, "children": []}, {"name": "box100", "top": 1178.8499755859375, "left": 612, "height": 20, "width": 187, "children": []}, {"name": "box101", "top": 1198.8499755859375, "left": 619, "height": 20, "width": 140.483, "children": []}, {"name": "box102", "top": 1198.8499755859375, "left": 759.4833374023438, "height": 20, "width": 0.0166667, "children": []}, {"name": "box103", "top": 1221.3499755859375, "left": 612, "height": 17, "width": 81.0833, "children": []}]}]}]}, {"name": "box79", "top": 659, "left": 553.5, "height": 595.85, "width": 220, "children": [{"name": "box80", "top": 660, "left": 554.5, "height": 43.85, "width": 218, "children": [{"name": "box81", "top": 670, "left": 569.5, "height": 22.85, "width": 188, "children": [{"name": "box82", "top": 676.4166870117188, "left": 569.5, "height": 16, "width": 13, "children": []}]}]}, {"name": "box83", "top": 703.8499755859375, "left": 554.5, "height": 550, "width": 218, "children": [{"name": "box84", "top": 718.8499755859375, "left": 569.5, "height": 520, "width": 188, "children": [{"name": "box85", "top": 718.8499755859375, "left": 569.5, "height": 20, "width": 95.9333, "children": []}, {"name": "box86", "top": 738.8499755859375, "left": 569.5, "height": 20, "width": 127.033, "children": []}, {"name": "box87", "top": 758.8499755859375, "left": 569.5, "height": 40, "width": 188, "children": []}, {"name": "box88", "top": 818.8499755859375, "left": 569.5, "height": 60, "width": 188, "children": []}, {"name": "box89", "top": 898.8499755859375, "left": 569.5, "height": 40, "width": 188, "children": []}, {"name": "box90", "top": 958.8499755859375, "left": 569.5, "height": 40, "width": 188, "children": []}, {"name": "box91", "top": 998.8499755859375, "left": 576.5, "height": 20, "width": 99.0667, "children": []}, {"name": "box92", "top": 1018.8499755859375, "left": 569.5, "height": 40, "width": 188, "children": []}, {"name": "box93", "top": 1058.8499755859375, "left": 576.5, "height": 20, "width": 113.55, "children": []}, {"name": "box94", "top": 1058.8499755859375, "left": 700.9500122070312, "height": 20, "width": 47.7, "children": []}, {"name": "box95", "top": 1078.8499755859375, "left": 569.5, "height": 20, "width": 70.25, "children": []}, {"name": "box96", "top": 1098.8499755859375, "left": 569.5, "height": 20, "width": 131.217, "children": []}, {"name": "box97", "top": 1118.8499755859375, "left": 569.5, "height": 20, "width": 155.583, "children": []}, {"name": "box98", "top": 1138.8499755859375, "left": 569.5, "height": 20, "width": 118.783, "children": []}, {"name": "box99", "top": 1158.8499755859375, "left": 569.5, "height": 20, "width": 117.15, "children": []}, {"name": "box100", "top": 1178.8499755859375, "left": 569.5, "height": 20, "width": 187, "children": []}, {"name": "box101", "top": 1198.8499755859375, "left": 576.5, "height": 20, "width": 140.483, "children": []}, {"name": "box102", "top": 1198.8499755859375, "left": 716.9833374023438, "height": 20, "width": 0.0166667, "children": []}, {"name": "box103", "top": 1221.3499755859375, "left": 569.5, "height": 17, "width": 81.0833, "children": []}]}]}]}, {"name": "box79", "top": 659, "left": 613, "height": 595.85, "width": 220, "children": [{"name": "box80", "top": 660, "left": 614, "height": 43.85, "width": 218, "children": [{"name": "box81", "top": 670, "left": 629, "height": 22.85, "width": 188, "children": [{"name": "box82", "top": 676.4166870117188, "left": 629, "height": 16, "width": 13, "children": []}]}]}, {"name": "box83", "top": 703.8499755859375, "left": 614, "height": 550, "width": 218, "children": [{"name": "box84", "top": 718.8499755859375, "left": 629, "height": 520, "width": 188, "children": [{"name": "box85", "top": 718.8499755859375, "left": 629, "height": 20, "width": 95.9333, "children": []}, {"name": "box86", "top": 738.8499755859375, "left": 629, "height": 20, "width": 127.033, "children": []}, {"name": "box87", "top": 758.8499755859375, "left": 629, "height": 40, "width": 188, "children": []}, {"name": "box88", "top": 818.8499755859375, "left": 629, "height": 60, "width": 188, "children": []}, {"name": "box89", "top": 898.8499755859375, "left": 629, "height": 40, "width": 188, "children": []}, {"name": "box90", "top": 958.8499755859375, "left": 629, "height": 40, "width": 188, "children": []}, {"name": "box91", "top": 998.8499755859375, "left": 636, "height": 20, "width": 99.0667, "children": []}, {"name": "box92", "top": 1018.8499755859375, "left": 629, "height": 40, "width": 188, "children": []}, {"name": "box93", "top": 1058.8499755859375, "left": 636, "height": 20, "width": 113.55, "children": []}, {"name": "box94", "top": 1058.8499755859375, "left": 760.4500122070312, "height": 20, "width": 47.7, "children": []}, {"name": "box95", "top": 1078.8499755859375, "left": 629, "height": 20, "width": 70.25, "children": []}, {"name": "box96", "top": 1098.8499755859375, "left": 629, "height": 20, "width": 131.217, "children": []}, {"name": "box97", "top": 1118.8499755859375, "left": 629, "height": 20, "width": 155.583, "children": []}, {"name": "box98", "top": 1138.8499755859375, "left": 629, "height": 20, "width": 118.783, "children": []}, {"name": "box99", "top": 1158.8499755859375, "left": 629, "height": 20, "width": 117.15, "children": []}, {"name": "box100", "top": 1178.8499755859375, "left": 629, "height": 20, "width": 187, "children": []}, {"name": "box101", "top": 1198.8499755859375, "left": 636, "height": 20, "width": 140.483, "children": []}, {"name": "box102", "top": 1198.8499755859375, "left": 776.4833374023438, "height": 20, "width": 0.0166667, "children": []}, {"name": "box103", "top": 1221.3499755859375, "left": 629, "height": 17, "width": 81.0833, "children": []}]}]}]}], "test": [{"name": "box79", "top": 659, "left": 576.5, "height": 595.85, "width": 220, "children": [{"name": "box80", "top": 660, "left": 577.5, "height": 43.85, "width": 218, "children": [{"name": "box81", "top": 670, "left": 592.5, "height": 22.85, "width": 188, "children": [{"name": "box82", "top": 676.4166870117188, "left": 592.5, "height": 16, "width": 13, "children": []}]}]}, {"name": "box83", "top": 703.8499755859375, "left": 577.5, "height": 550, "width": 218, "children": [{"name": "box84", "top": 718.8499755859375, "left": 592.5, "height": 520, "width": 188, "children": [{"name": "box85", "top": 718.8499755859375, "left": 592.5, "height": 20, "width": 95.9333, "children": []}, {"name": "box86", "top": 738.8499755859375, "left": 592.5, "height": 20, "width": 127.033, "children": []}, {"name": "box87", "top": 758.8499755859375, "left": 592.5, "height": 40, "width": 188, "children": []}, {"name": "box88", "top": 818.8499755859375, "left": 592.5, "height": 60, "width": 188, "children": []}, {"name": "box89", "top": 898.8499755859375, "left": 592.5, "height": 40, "width": 188, "children": []}, {"name": "box90", "top": 958.8499755859375, "left": 592.5, "height": 40, "width": 188, "children": []}, {"name": "box91", "top": 998.8499755859375, "left": 599.5, "height": 20, "width": 99.0667, "children": []}, {"name": "box92", "top": 1018.8499755859375, "left": 592.5, "height": 40, "width": 188, "children": []}, {"name": "box93", "top": 1058.8499755859375, "left": 599.5, "height": 20, "width": 113.55, "children": []}, {"name": "box94", "top": 1058.8499755859375, "left": 723.9500122070312, "height": 20, "width": 47.7, "children": []}, {"name": "box95", "top": 1078.8499755859375, "left": 592.5, "height": 20, "width": 70.25, "children": []}, {"name": "box96", "top": 1098.8499755859375, "left": 592.5, "height": 20, "width": 131.217, "children": []}, {"name": "box97", "top": 1118.8499755859375, "left": 592.5, "height": 20, "width": 155.583, "children": []}, {"name": "box98", "top": 1138.8499755859375, "left": 592.5, "height": 20, "width": 118.783, "children": []}, {"name": "box99", "top": 1158.8499755859375, "left": 592.5, "height": 20, "width": 117.15, "children": []}, {"name": "box100", "top": 1178.8499755859375, "left": 592.5, "height": 20, "width": 187, "children": []}, {"name": "box101", "top": 1198.8499755859375, "left": 599.5, "height": 20, "width": 140.483, "children": []}, {"name": "box102", "top": 1198.8499755859375, "left": 739.9833374023438, "height": 20, "width": 0.0166667, "children": []}, {"name": "box103", "top": 1221.3499755859375, "left": 592.5, "height": 17, "width": 81.0833, "children": []}]}]}]}, {"name": "box79", "top": 659, "left": 547.5, "height": 595.85, "width": 220, "children": [{"name": "box80", "top": 660, "left": 548.5, "height": 43.85, "width": 218, "children": [{"name": "box81", "top": 670, "left": 563.5, "height": 22.85, "width": 188, "children": [{"name": "box82", "top": 676.4166870117188, "left": 563.5, "height": 16, "width": 13, "children": []}]}]}, {"name": "box83", "top": 703.8499755859375, "left": 548.5, "height": 550, "width": 218, "children": [{"name": "box84", "top": 718.8499755859375, "left": 563.5, "height": 520, "width": 188, "children": [{"name": "box85", "top": 718.8499755859375, "left": 563.5, "height": 20, "width": 95.9333, "children": []}, {"name": "box86", "top": 738.8499755859375, "left": 563.5, "height": 20, "width": 127.033, "children": []}, {"name": "box87", "top": 758.8499755859375, "left": 563.5, "height": 40, "width": 188, "children": []}, {"name": "box88", "top": 818.8499755859375, "left": 563.5, "height": 60, "width": 188, "children": []}, {"name": "box89", "top": 898.8499755859375, "left": 563.5, "height": 40, "width": 188, "children": []}, {"name": "box90", "top": 958.8499755859375, "left": 563.5, "height": 40, "width": 188, "children": []}, {"name": "box91", "top": 998.8499755859375, "left": 570.5, "height": 20, "width": 99.0667, "children": []}, {"name": "box92", "top": 1018.8499755859375, "left": 563.5, "height": 40, "width": 188, "children": []}, {"name": "box93", "top": 1058.8499755859375, "left": 570.5, "height": 20, "width": 113.55, "children": []}, {"name": "box94", "top": 1058.8499755859375, "left": 694.9500122070312, "height": 20, "width": 47.7, "children": []}, {"name": "box95", "top": 1078.8499755859375, "left": 563.5, "height": 20, "width": 70.25, "children": []}, {"name": "box96", "top": 1098.8499755859375, "left": 563.5, "height": 20, "width": 131.217, "children": []}, {"name": "box97", "top": 1118.8499755859375, "left": 563.5, "height": 20, "width": 155.583, "children": []}, {"name": "box98", "top": 1138.8499755859375, "left": 563.5, "height": 20, "width": 118.783, "children": []}, {"name": "box99", "top": 1158.8499755859375, "left": 563.5, "height": 20, "width": 117.15, "children": []}, {"name": "box100", "top": 1178.8499755859375, "left": 563.5, "height": 20, "width": 187, "children": []}, {"name": "box101", "top": 1198.8499755859375, "left": 570.5, "height": 20, "width": 140.483, "children": []}, {"name": "box102", "top": 1198.8499755859375, "left": 710.9833374023438, "height": 20, "width": 0.0166667, "children": []}, {"name": "box103", "top": 1221.3499755859375, "left": 563.5, "height": 17, "width": 81.0833, "children": []}]}]}]}, {"name": "box79", "top": 659, "left": 548, "height": 595.85, "width": 220, "children": [{"name": "box80", "top": 660, "left": 549, "height": 43.85, "width": 218, "children": [{"name": "box81", "top": 670, "left": 564, "height": 22.85, "width": 188, "children": [{"name": "box82", "top": 676.4166870117188, "left": 564, "height": 16, "width": 13, "children": []}]}]}, {"name": "box83", "top": 703.8499755859375, "left": 549, "height": 550, "width": 218, "children": [{"name": "box84", "top": 718.8499755859375, "left": 564, "height": 520, "width": 188, "children": [{"name": "box85", "top": 718.8499755859375, "left": 564, "height": 20, "width": 95.9333, "children": []}, {"name": "box86", "top": 738.8499755859375, "left": 564, "height": 20, "width": 127.033, "children": []}, {"name": "box87", "top": 758.8499755859375, "left": 564, "height": 40, "width": 188, "children": []}, {"name": "box88", "top": 818.8499755859375, "left": 564, "height": 60, "width": 188, "children": []}, {"name": "box89", "top": 898.8499755859375, "left": 564, "height": 40, "width": 188, "children": []}, {"name": "box90", "top": 958.8499755859375, "left": 564, "height": 40, "width": 188, "children": []}, {"name": "box91", "top": 998.8499755859375, "left": 571, "height": 20, "width": 99.0667, "children": []}, {"name": "box92", "top": 1018.8499755859375, "left": 564, "height": 40, "width": 188, "children": []}, {"name": "box93", "top": 1058.8499755859375, "left": 571, "height": 20, "width": 113.55, "children": []}, {"name": "box94", "top": 1058.8499755859375, "left": 695.4500122070312, "height": 20, "width": 47.7, "children": []}, {"name": "box95", "top": 1078.8499755859375, "left": 564, "height": 20, "width": 70.25, "children": []}, {"name": "box96", "top": 1098.8499755859375, "left": 564, "height": 20, "width": 131.217, "children": []}, {"name": "box97", "top": 1118.8499755859375, "left": 564, "height": 20, "width": 155.583, "children": []}, {"name": "box98", "top": 1138.8499755859375, "left": 564, "height": 20, "width": 118.783, "children": []}, {"name": "box99", "top": 1158.8499755859375, "left": 564, "height": 20, "width": 117.15, "children": []}, {"name": "box100", "top": 1178.8499755859375, "left": 564, "height": 20, "width": 187, "children": []}, {"name": "box101", "top": 1198.8499755859375, "left": 571, "height": 20, "width": 140.483, "children": []}, {"name": "box102", "top": 1198.8499755859375, "left": 711.4833374023438, "height": 20, "width": 0.0166667, "children": []}, {"name": "box103", "top": 1221.3499755859375, "left": 564, "height": 17, "width": 81.0833, "children": []}]}]}]}, {"name": "box79", "top": 659, "left": 547, "height": 595.85, "width": 220, "children": [{"name": "box80", "top": 660, "left": 548, "height": 43.85, "width": 218, "children": [{"name": "box81", "top": 670, "left": 563, "height": 22.85, "width": 188, "children": [{"name": "box82", "top": 676.4166870117188, "left": 563, "height": 16, "width": 13, "children": []}]}]}, {"name": "box83", "top": 703.8499755859375, "left": 548, "height": 550, "width": 218, "children": [{"name": "box84", "top": 718.8499755859375, "left": 563, "height": 520, "width": 188, "children": [{"name": "box85", "top": 718.8499755859375, "left": 563, "height": 20, "width": 95.9333, "children": []}, {"name": "box86", "top": 738.8499755859375, "left": 563, "height": 20, "width": 127.033, "children": []}, {"name": "box87", "top": 758.8499755859375, "left": 563, "height": 40, "width": 188, "children": []}, {"name": "box88", "top": 818.8499755859375, "left": 563, "height": 60, "width": 188, "children": []}, {"name": "box89", "top": 898.8499755859375, "left": 563, "height": 40, "width": 188, "children": []}, {"name": "box90", "top": 958.8499755859375, "left": 563, "height": 40, "width": 188, "children": []}, {"name": "box91", "top": 998.8499755859375, "left": 570, "height": 20, "width": 99.0667, "children": []}, {"name": "box92", "top": 1018.8499755859375, "left": 563, "height": 40, "width": 188, "children": []}, {"name": "box93", "top": 1058.8499755859375, "left": 570, "height": 20, "width": 113.55, "children": []}, {"name": "box94", "top": 1058.8499755859375, "left": 694.4500122070312, "height": 20, "width": 47.7, "children": []}, {"name": "box95", "top": 1078.8499755859375, "left": 563, "height": 20, "width": 70.25, "children": []}, {"name": "box96", "top": 1098.8499755859375, "left": 563, "height": 20, "width": 131.217, "children": []}, {"name": "box97", "top": 1118.8499755859375, "left": 563, "height": 20, "width": 155.583, "children": []}, {"name": "box98", "top": 1138.8499755859375, "left": 563, "height": 20, "width": 118.783, "children": []}, {"name": "box99", "top": 1158.8499755859375, "left": 563, "height": 20, "width": 117.15, "children": []}, {"name": "box100", "top": 1178.8499755859375, "left": 563, "height": 20, "width": 187, "children": []}, {"name": "box101", "top": 1198.8499755859375, "left": 570, "height": 20, "width": 140.483, "children": []}, {"name": "box102", "top": 1198.8499755859375, "left": 710.4833374023438, "height": 20, "width": 0.0166667, "children": []}, {"name": "box103", "top": 1221.3499755859375, "left": 563, "height": 17, "width": 81.0833, "children": []}]}]}]}, {"name": "box79", "top": 659, "left": 602.5, "height": 595.85, "width": 220, "children": [{"name": "box80", "top": 660, "left": 603.5, "height": 43.85, "width": 218, "children": [{"name": "box81", "top": 670, "left": 618.5, "height": 22.85, "width": 188, "children": [{"name": "box82", "top": 676.4166870117188, "left": 618.5, "height": 16, "width": 13, "children": []}]}]}, {"name": "box83", "top": 703.8499755859375, "left": 603.5, "height": 550, "width": 218, "children": [{"name": "box84", "top": 718.8499755859375, "left": 618.5, "height": 520, "width": 188, "children": [{"name": "box85", "top": 718.8499755859375, "left": 618.5, "height": 20, "width": 95.9333, "children": []}, {"name": "box86", "top": 738.8499755859375, "left": 618.5, "height": 20, "width": 127.033, "children": []}, {"name": "box87", "top": 758.8499755859375, "left": 618.5, "height": 40, "width": 188, "children": []}, {"name": "box88", "top": 818.8499755859375, "left": 618.5, "height": 60, "width": 188, "children": []}, {"name": "box89", "top": 898.8499755859375, "left": 618.5, "height": 40, "width": 188, "children": []}, {"name": "box90", "top": 958.8499755859375, "left": 618.5, "height": 40, "width": 188, "children": []}, {"name": "box91", "top": 998.8499755859375, "left": 625.5, "height": 20, "width": 99.0667, "children": []}, {"name": "box92", "top": 1018.8499755859375, "left": 618.5, "height": 40, "width": 188, "children": []}, {"name": "box93", "top": 1058.8499755859375, "left": 625.5, "height": 20, "width": 113.55, "children": []}, {"name": "box94", "top": 1058.8499755859375, "left": 749.9500122070312, "height": 20, "width": 47.7, "children": []}, {"name": "box95", "top": 1078.8499755859375, "left": 618.5, "height": 20, "width": 70.25, "children": []}, {"name": "box96", "top": 1098.8499755859375, "left": 618.5, "height": 20, "width": 131.217, "children": []}, {"name": "box97", "top": 1118.8499755859375, "left": 618.5, "height": 20, "width": 155.583, "children": []}, {"name": "box98", "top": 1138.8499755859375, "left": 618.5, "height": 20, "width": 118.783, "children": []}, {"name": "box99", "top": 1158.8499755859375, "left": 618.5, "height": 20, "width": 117.15, "children": []}, {"name": "box100", "top": 1178.8499755859375, "left": 618.5, "height": 20, "width": 187, "children": []}, {"name": "box101", "top": 1198.8499755859375, "left": 625.5, "height": 20, "width": 140.483, "children": []}, {"name": "box102", "top": 1198.8499755859375, "left": 765.9833374023438, "height": 20, "width": 0.0166667, "children": []}, {"name": "box103", "top": 1221.3499755859375, "left": 618.5, "height": 17, "width": 81.0833, "children": []}]}]}]}, {"name": "box79", "top": 659, "left": 595.5, "height": 595.85, "width": 220, "children": [{"name": "box80", "top": 660, "left": 596.5, "height": 43.85, "width": 218, "children": [{"name": "box81", "top": 670, "left": 611.5, "height": 22.85, "width": 188, "children": [{"name": "box82", "top": 676.4166870117188, "left": 611.5, "height": 16, "width": 13, "children": []}]}]}, {"name": "box83", "top": 703.8499755859375, "left": 596.5, "height": 550, "width": 218, "children": [{"name": "box84", "top": 718.8499755859375, "left": 611.5, "height": 520, "width": 188, "children": [{"name": "box85", "top": 718.8499755859375, "left": 611.5, "height": 20, "width": 95.9333, "children": []}, {"name": "box86", "top": 738.8499755859375, "left": 611.5, "height": 20, "width": 127.033, "children": []}, {"name": "box87", "top": 758.8499755859375, "left": 611.5, "height": 40, "width": 188, "children": []}, {"name": "box88", "top": 818.8499755859375, "left": 611.5, "height": 60, "width": 188, "children": []}, {"name": "box89", "top": 898.8499755859375, "left": 611.5, "height": 40, "width": 188, "children": []}, {"name": "box90", "top": 958.8499755859375, "left": 611.5, "height": 40, "width": 188, "children": []}, {"name": "box91", "top": 998.8499755859375, "left": 618.5, "height": 20, "width": 99.0667, "children": []}, {"name": "box92", "top": 1018.8499755859375, "left": 611.5, "height": 40, "width": 188, "children": []}, {"name": "box93", "top": 1058.8499755859375, "left": 618.5, "height": 20, "width": 113.55, "children": []}, {"name": "box94", "top": 1058.8499755859375, "left": 742.9500122070312, "height": 20, "width": 47.7, "children": []}, {"name": "box95", "top": 1078.8499755859375, "left": 611.5, "height": 20, "width": 70.25, "children": []}, {"name": "box96", "top": 1098.8499755859375, "left": 611.5, "height": 20, "width": 131.217, "children": []}, {"name": "box97", "top": 1118.8499755859375, "left": 611.5, "height": 20, "width": 155.583, "children": []}, {"name": "box98", "top": 1138.8499755859375, "left": 611.5, "height": 20, "width": 118.783, "children": []}, {"name": "box99", "top": 1158.8499755859375, "left": 611.5, "height": 20, "width": 117.15, "children": []}, {"name": "box100", "top": 1178.8499755859375, "left": 611.5, "height": 20, "width": 187, "children": []}, {"name": "box101", "top": 1198.8499755859375, "left": 618.5, "height": 20, "width": 140.483, "children": []}, {"name": "box102", "top": 1198.8499755859375, "left": 758.9833374023438, "height": 20, "width": 0.0166667, "children": []}, {"name": "box103", "top": 1221.3499755859375, "left": 611.5, "height": 17, "width": 81.0833, "children": []}]}]}]}, {"name": "box79", "top": 659, "left": 609, "height": 595.85, "width": 220, "children": [{"name": "box80", "top": 660, "left": 610, "height": 43.85, "width": 218, "children": [{"name": "box81", "top": 670, "left": 625, "height": 22.85, "width": 188, "children": [{"name": "box82", "top": 676.4166870117188, "left": 625, "height": 16, "width": 13, "children": []}]}]}, {"name": "box83", "top": 703.8499755859375, "left": 610, "height": 550, "width": 218, "children": [{"name": "box84", "top": 718.8499755859375, "left": 625, "height": 520, "width": 188, "children": [{"name": "box85", "top": 718.8499755859375, "left": 625, "height": 20, "width": 95.9333, "children": []}, {"name": "box86", "top": 738.8499755859375, "left": 625, "height": 20, "width": 127.033, "children": []}, {"name": "box87", "top": 758.8499755859375, "left": 625, "height": 40, "width": 188, "children": []}, {"name": "box88", "top": 818.8499755859375, "left": 625, "height": 60, "width": 188, "children": []}, {"name": "box89", "top": 898.8499755859375, "left": 625, "height": 40, "width": 188, "children": []}, {"name": "box90", "top": 958.8499755859375, "left": 625, "height": 40, "width": 188, "children": []}, {"name": "box91", "top": 998.8499755859375, "left": 632, "height": 20, "width": 99.0667, "children": []}, {"name": "box92", "top": 1018.8499755859375, "left": 625, "height": 40, "width": 188, "children": []}, {"name": "box93", "top": 1058.8499755859375, "left": 632, "height": 20, "width": 113.55, "children": []}, {"name": "box94", "top": 1058.8499755859375, "left": 756.4500122070312, "height": 20, "width": 47.7, "children": []}, {"name": "box95", "top": 1078.8499755859375, "left": 625, "height": 20, "width": 70.25, "children": []}, {"name": "box96", "top": 1098.8499755859375, "left": 625, "height": 20, "width": 131.217, "children": []}, {"name": "box97", "top": 1118.8499755859375, "left": 625, "height": 20, "width": 155.583, "children": []}, {"name": "box98", "top": 1138.8499755859375, "left": 625, "height": 20, "width": 118.783, "children": []}, {"name": "box99", "top": 1158.8499755859375, "left": 625, "height": 20, "width": 117.15, "children": []}, {"name": "box100", "top": 1178.8499755859375, "left": 625, "height": 20, "width": 187, "children": []}, {"name": "box101", "top": 1198.8499755859375, "left": 632, "height": 20, "width": 140.483, "children": []}, {"name": "box102", "top": 1198.8499755859375, "left": 772.4833374023438, "height": 20, "width": 0.0166667, "children": []}, {"name": "box103", "top": 1221.3499755859375, "left": 625, "height": 17, "width": 81.0833, "children": []}]}]}]}, {"name": "box79", "top": 659, "left": 576, "height": 595.85, "width": 220, "children": [{"name": "box80", "top": 660, "left": 577, "height": 43.85, "width": 218, "children": [{"name": "box81", "top": 670, "left": 592, "height": 22.85, "width": 188, "children": [{"name": "box82", "top": 676.4166870117188, "left": 592, "height": 16, "width": 13, "children": []}]}]}, {"name": "box83", "top": 703.8499755859375, "left": 577, "height": 550, "width": 218, "children": [{"name": "box84", "top": 718.8499755859375, "left": 592, "height": 520, "width": 188, "children": [{"name": "box85", "top": 718.8499755859375, "left": 592, "height": 20, "width": 95.9333, "children": []}, {"name": "box86", "top": 738.8499755859375, "left": 592, "height": 20, "width": 127.033, "children": []}, {"name": "box87", "top": 758.8499755859375, "left": 592, "height": 40, "width": 188, "children": []}, {"name": "box88", "top": 818.8499755859375, "left": 592, "height": 60, "width": 188, "children": []}, {"name": "box89", "top": 898.8499755859375, "left": 592, "height": 40, "width": 188, "children": []}, {"name": "box90", "top": 958.8499755859375, "left": 592, "height": 40, "width": 188, "children": []}, {"name": "box91", "top": 998.8499755859375, "left": 599, "height": 20, "width": 99.0667, "children": []}, {"name": "box92", "top": 1018.8499755859375, "left": 592, "height": 40, "width": 188, "children": []}, {"name": "box93", "top": 1058.8499755859375, "left": 599, "height": 20, "width": 113.55, "children": []}, {"name": "box94", "top": 1058.8499755859375, "left": 723.4500122070312, "height": 20, "width": 47.7, "children": []}, {"name": "box95", "top": 1078.8499755859375, "left": 592, "height": 20, "width": 70.25, "children": []}, {"name": "box96", "top": 1098.8499755859375, "left": 592, "height": 20, "width": 131.217, "children": []}, {"name": "box97", "top": 1118.8499755859375, "left": 592, "height": 20, "width": 155.583, "children": []}, {"name": "box98", "top": 1138.8499755859375, "left": 592, "height": 20, "width": 118.783, "children": []}, {"name": "box99", "top": 1158.8499755859375, "left": 592, "height": 20, "width": 117.15, "children": []}, {"name": "box100", "top": 1178.8499755859375, "left": 592, "height": 20, "width": 187, "children": []}, {"name": "box101", "top": 1198.8499755859375, "left": 599, "height": 20, "width": 140.483, "children": []}, {"name": "box102", "top": 1198.8499755859375, "left": 739.4833374023438, "height": 20, "width": 0.0166667, "children": []}, {"name": "box103", "top": 1221.3499755859375, "left": 592, "height": 17, "width": 81.0833, "children": []}]}]}]}, {"name": "box79", "top": 659, "left": 612, "height": 595.85, "width": 220, "children": [{"name": "box80", "top": 660, "left": 613, "height": 43.85, "width": 218, "children": [{"name": "box81", "top": 670, "left": 628, "height": 22.85, "width": 188, "children": [{"name": "box82", "top": 676.4166870117188, "left": 628, "height": 16, "width": 13, "children": []}]}]}, {"name": "box83", "top": 703.8499755859375, "left": 613, "height": 550, "width": 218, "children": [{"name": "box84", "top": 718.8499755859375, "left": 628, "height": 520, "width": 188, "children": [{"name": "box85", "top": 718.8499755859375, "left": 628, "height": 20, "width": 95.9333, "children": []}, {"name": "box86", "top": 738.8499755859375, "left": 628, "height": 20, "width": 127.033, "children": []}, {"name": "box87", "top": 758.8499755859375, "left": 628, "height": 40, "width": 188, "children": []}, {"name": "box88", "top": 818.8499755859375, "left": 628, "height": 60, "width": 188, "children": []}, {"name": "box89", "top": 898.8499755859375, "left": 628, "height": 40, "width": 188, "children": []}, {"name": "box90", "top": 958.8499755859375, "left": 628, "height": 40, "width": 188, "children": []}, {"name": "box91", "top": 998.8499755859375, "left": 635, "height": 20, "width": 99.0667, "children": []}, {"name": "box92", "top": 1018.8499755859375, "left": 628, "height": 40, "width": 188, "children": []}, {"name": "box93", "top": 1058.8499755859375, "left": 635, "height": 20, "width": 113.55, "children": []}, {"name": "box94", "top": 1058.8499755859375, "left": 759.4500122070312, "height": 20, "width": 47.7, "children": []}, {"name": "box95", "top": 1078.8499755859375, "left": 628, "height": 20, "width": 70.25, "children": []}, {"name": "box96", "top": 1098.8499755859375, "left": 628, "height": 20, "width": 131.217, "children": []}, {"name": "box97", "top": 1118.8499755859375, "left": 628, "height": 20, "width": 155.583, "children": []}, {"name": "box98", "top": 1138.8499755859375, "left": 628, "height": 20, "width": 118.783, "children": []}, {"name": "box99", "top": 1158.8499755859375, "left": 628, "height": 20, "width": 117.15, "children": []}, {"name": "box100", "top": 1178.8499755859375, "left": 628, "height": 20, "width": 187, "children": []}, {"name": "box101", "top": 1198.8499755859375, "left": 635, "height": 20, "width": 140.483, "children": []}, {"name": "box102", "top": 1198.8499755859375, "left": 775.4833374023438, "height": 20, "width": 0.0166667, "children": []}, {"name": "box103", "top": 1221.3499755859375, "left": 628, "height": 17, "width": 81.0833, "children": []}]}]}]}, {"name": "box79", "top": 659, "left": 587.5, "height": 595.85, "width": 220, "children": [{"name": "box80", "top": 660, "left": 588.5, "height": 43.85, "width": 218, "children": [{"name": "box81", "top": 670, "left": 603.5, "height": 22.85, "width": 188, "children": [{"name": "box82", "top": 676.4166870117188, "left": 603.5, "height": 16, "width": 13, "children": []}]}]}, {"name": "box83", "top": 703.8499755859375, "left": 588.5, "height": 550, "width": 218, "children": [{"name": "box84", "top": 718.8499755859375, "left": 603.5, "height": 520, "width": 188, "children": [{"name": "box85", "top": 718.8499755859375, "left": 603.5, "height": 20, "width": 95.9333, "children": []}, {"name": "box86", "top": 738.8499755859375, "left": 603.5, "height": 20, "width": 127.033, "children": []}, {"name": "box87", "top": 758.8499755859375, "left": 603.5, "height": 40, "width": 188, "children": []}, {"name": "box88", "top": 818.8499755859375, "left": 603.5, "height": 60, "width": 188, "children": []}, {"name": "box89", "top": 898.8499755859375, "left": 603.5, "height": 40, "width": 188, "children": []}, {"name": "box90", "top": 958.8499755859375, "left": 603.5, "height": 40, "width": 188, "children": []}, {"name": "box91", "top": 998.8499755859375, "left": 610.5, "height": 20, "width": 99.0667, "children": []}, {"name": "box92", "top": 1018.8499755859375, "left": 603.5, "height": 40, "width": 188, "children": []}, {"name": "box93", "top": 1058.8499755859375, "left": 610.5, "height": 20, "width": 113.55, "children": []}, {"name": "box94", "top": 1058.8499755859375, "left": 734.9500122070312, "height": 20, "width": 47.7, "children": []}, {"name": "box95", "top": 1078.8499755859375, "left": 603.5, "height": 20, "width": 70.25, "children": []}, {"name": "box96", "top": 1098.8499755859375, "left": 603.5, "height": 20, "width": 131.217, "children": []}, {"name": "box97", "top": 1118.8499755859375, "left": 603.5, "height": 20, "width": 155.583, "children": []}, {"name": "box98", "top": 1138.8499755859375, "left": 603.5, "height": 20, "width": 118.783, "children": []}, {"name": "box99", "top": 1158.8499755859375, "left": 603.5, "height": 20, "width": 117.15, "children": []}, {"name": "box100", "top": 1178.8499755859375, "left": 603.5, "height": 20, "width": 187, "children": []}, {"name": "box101", "top": 1198.8499755859375, "left": 610.5, "height": 20, "width": 140.483, "children": []}, {"name": "box102", "top": 1198.8499755859375, "left": 750.9833374023438, "height": 20, "width": 0.0166667, "children": []}, {"name": "box103", "top": 1221.3499755859375, "left": 603.5, "height": 17, "width": 81.0833, "children": []}]}]}]}]}