{"name": "icse-photos", "bench": {"height": {"low": 360, "high": 360}, "width": {"low": 802, "high": 949}, "trainSeed": 235775, "testSeed": 17250987, "testSize": 10, "trainSize": 10}, "train": [{"name": "carousel-cd9f6a8d-8730-4994-b71f-6f9e2b8f613e", "top": 239, "left": 0, "height": 360, "width": 823, "children": [{"name": "box33", "top": 549, "left": 164.5833282470703, "height": 20, "width": 493.8, "children": [{"name": "box34", "top": 552.25, "left": 369.48333740234375, "height": 12, "width": 12, "children": []}, {"name": "box35", "top": 553.25, "left": 382.48333740234375, "height": 10, "width": 10, "children": []}, {"name": "box36", "top": 553.25, "left": 394.48333740234375, "height": 10, "width": 10, "children": []}, {"name": "box37", "top": 553.25, "left": 406.48333740234375, "height": 10, "width": 10, "children": []}, {"name": "box38", "top": 553.25, "left": 418.48333740234375, "height": 10, "width": 10, "children": []}, {"name": "box39", "top": 553.25, "left": 430.48333740234375, "height": 10, "width": 10, "children": []}, {"name": "box40", "top": 553.25, "left": 442.48333740234375, "height": 10, "width": 10, "children": []}]}, {"name": "box42", "top": 239, "left": 0, "height": 360, "width": 823, "children": [{"name": "box43", "top": 239, "left": 0, "height": 360, "width": 823, "children": []}, {"name": "box44", "top": 574.4000244140625, "left": 546.3333129882812, "height": 21.6, "width": 273.667, "children": [{"name": "box45", "top": 578.7000122070312, "left": 596.4166870117188, "height": 13, "width": 221, "children": []}]}, {"name": "box46", "top": 447.20001220703125, "left": 164.60000610351562, "height": 131.8, "width": 493.8, "children": [{"name": "box47", "top": 487.20001220703125, "left": 164.60000610351562, "height": 26.4, "width": 493.8, "children": []}, {"name": "box48", "top": 523.5999755859375, "left": 164.60000610351562, "height": 15.4, "width": 493.8, "children": []}]}]}, {"name": "box49", "top": 239, "left": 0, "height": 360, "width": 123.45, "children": [{"name": "box50", "top": 404, "left": 46.71665954589844, "height": 30, "width": 30, "children": []}]}, {"name": "box51", "top": 239, "left": 699.5499877929688, "height": 335, "width": 123.45, "children": [{"name": "box52", "top": 391.5, "left": 746.2833251953125, "height": 30, "width": 30, "children": []}]}]}, {"name": "carousel-cd9f6a8d-8730-4994-b71f-6f9e2b8f613e", "top": 239, "left": 0, "height": 360, "width": 917, "children": [{"name": "box33", "top": 549, "left": 183.39999389648438, "height": 20, "width": 550.2, "children": [{"name": "box34", "top": 552.25, "left": 416.5, "height": 12, "width": 12, "children": []}, {"name": "box35", "top": 553.25, "left": 429.5, "height": 10, "width": 10, "children": []}, {"name": "box36", "top": 553.25, "left": 441.5, "height": 10, "width": 10, "children": []}, {"name": "box37", "top": 553.25, "left": 453.5, "height": 10, "width": 10, "children": []}, {"name": "box38", "top": 553.25, "left": 465.5, "height": 10, "width": 10, "children": []}, {"name": "box39", "top": 553.25, "left": 477.5, "height": 10, "width": 10, "children": []}, {"name": "box40", "top": 553.25, "left": 489.5, "height": 10, "width": 10, "children": []}]}, {"name": "box42", "top": 239, "left": 0, "height": 360, "width": 917, "children": [{"name": "box43", "top": 239, "left": 0, "height": 360, "width": 917, "children": []}, {"name": "box44", "top": 574.4000244140625, "left": 640.3333129882812, "height": 21.6, "width": 273.667, "children": [{"name": "box45", "top": 578.7000122070312, "left": 690.4166870117188, "height": 13, "width": 221, "children": []}]}, {"name": "box46", "top": 447.20001220703125, "left": 183.39999389648438, "height": 131.8, "width": 550.2, "children": [{"name": "box47", "top": 487.20001220703125, "left": 183.39999389648438, "height": 26.4, "width": 550.2, "children": []}, {"name": "box48", "top": 523.5999755859375, "left": 183.39999389648438, "height": 15.4, "width": 550.2, "children": []}]}]}, {"name": "box49", "top": 239, "left": 0, "height": 360, "width": 137.55, "children": [{"name": "box50", "top": 404, "left": 53.76666259765625, "height": 30, "width": 30, "children": []}]}, {"name": "box51", "top": 239, "left": 779.4500122070312, "height": 335, "width": 137.55, "children": [{"name": "box52", "top": 391.5, "left": 833.2333374023438, "height": 30, "width": 30, "children": []}]}]}, {"name": "carousel-cd9f6a8d-8730-4994-b71f-6f9e2b8f613e", "top": 239, "left": 0, "height": 360, "width": 949, "children": [{"name": "box33", "top": 549, "left": 189.8000030517578, "height": 20, "width": 569.4, "children": [{"name": "box34", "top": 552.25, "left": 432.5, "height": 12, "width": 12, "children": []}, {"name": "box35", "top": 553.25, "left": 445.5, "height": 10, "width": 10, "children": []}, {"name": "box36", "top": 553.25, "left": 457.5, "height": 10, "width": 10, "children": []}, {"name": "box37", "top": 553.25, "left": 469.5, "height": 10, "width": 10, "children": []}, {"name": "box38", "top": 553.25, "left": 481.5, "height": 10, "width": 10, "children": []}, {"name": "box39", "top": 553.25, "left": 493.5, "height": 10, "width": 10, "children": []}, {"name": "box40", "top": 553.25, "left": 505.5, "height": 10, "width": 10, "children": []}]}, {"name": "box42", "top": 239, "left": 0, "height": 360, "width": 949, "children": [{"name": "box43", "top": 239, "left": 0, "height": 360, "width": 949, "children": []}, {"name": "box44", "top": 574.4000244140625, "left": 672.3333129882812, "height": 21.6, "width": 273.667, "children": [{"name": "box45", "top": 578.7000122070312, "left": 722.4166870117188, "height": 13, "width": 221, "children": []}]}, {"name": "box46", "top": 447.20001220703125, "left": 189.8000030517578, "height": 131.8, "width": 569.4, "children": [{"name": "box47", "top": 487.20001220703125, "left": 189.8000030517578, "height": 26.4, "width": 569.4, "children": []}, {"name": "box48", "top": 523.5999755859375, "left": 189.8000030517578, "height": 15.4, "width": 569.4, "children": []}]}]}, {"name": "box49", "top": 239, "left": 0, "height": 360, "width": 142.35, "children": [{"name": "box50", "top": 404, "left": 56.16667175292969, "height": 30, "width": 30, "children": []}]}, {"name": "box51", "top": 239, "left": 806.6500244140625, "height": 335, "width": 142.35, "children": [{"name": "box52", "top": 391.5, "left": 862.8333129882812, "height": 30, "width": 30, "children": []}]}]}, {"name": "carousel-cd9f6a8d-8730-4994-b71f-6f9e2b8f613e", "top": 239, "left": 0, "height": 360, "width": 923, "children": [{"name": "box33", "top": 549, "left": 184.60000610351562, "height": 20, "width": 553.8, "children": [{"name": "box34", "top": 552.25, "left": 419.5, "height": 12, "width": 12, "children": []}, {"name": "box35", "top": 553.25, "left": 432.5, "height": 10, "width": 10, "children": []}, {"name": "box36", "top": 553.25, "left": 444.5, "height": 10, "width": 10, "children": []}, {"name": "box37", "top": 553.25, "left": 456.5, "height": 10, "width": 10, "children": []}, {"name": "box38", "top": 553.25, "left": 468.5, "height": 10, "width": 10, "children": []}, {"name": "box39", "top": 553.25, "left": 480.5, "height": 10, "width": 10, "children": []}, {"name": "box40", "top": 553.25, "left": 492.5, "height": 10, "width": 10, "children": []}]}, {"name": "box42", "top": 239, "left": 0, "height": 360, "width": 923, "children": [{"name": "box43", "top": 239, "left": 0, "height": 360, "width": 923, "children": []}, {"name": "box44", "top": 574.4000244140625, "left": 646.3333129882812, "height": 21.6, "width": 273.667, "children": [{"name": "box45", "top": 578.7000122070312, "left": 696.4166870117188, "height": 13, "width": 221, "children": []}]}, {"name": "box46", "top": 447.20001220703125, "left": 184.60000610351562, "height": 131.8, "width": 553.8, "children": [{"name": "box47", "top": 487.20001220703125, "left": 184.60000610351562, "height": 26.4, "width": 553.8, "children": []}, {"name": "box48", "top": 523.5999755859375, "left": 184.60000610351562, "height": 15.4, "width": 553.8, "children": []}]}]}, {"name": "box49", "top": 239, "left": 0, "height": 360, "width": 138.45, "children": [{"name": "box50", "top": 404, "left": 54.21665954589844, "height": 30, "width": 30, "children": []}]}, {"name": "box51", "top": 239, "left": 784.5499877929688, "height": 335, "width": 138.45, "children": [{"name": "box52", "top": 391.5, "left": 838.7833251953125, "height": 30, "width": 30, "children": []}]}]}, {"name": "carousel-cd9f6a8d-8730-4994-b71f-6f9e2b8f613e", "top": 239, "left": 0, "height": 360, "width": 887, "children": [{"name": "box33", "top": 549, "left": 177.38333129882812, "height": 20, "width": 532.2, "children": [{"name": "box34", "top": 552.25, "left": 401.48333740234375, "height": 12, "width": 12, "children": []}, {"name": "box35", "top": 553.25, "left": 414.48333740234375, "height": 10, "width": 10, "children": []}, {"name": "box36", "top": 553.25, "left": 426.48333740234375, "height": 10, "width": 10, "children": []}, {"name": "box37", "top": 553.25, "left": 438.48333740234375, "height": 10, "width": 10, "children": []}, {"name": "box38", "top": 553.25, "left": 450.48333740234375, "height": 10, "width": 10, "children": []}, {"name": "box39", "top": 553.25, "left": 462.48333740234375, "height": 10, "width": 10, "children": []}, {"name": "box40", "top": 553.25, "left": 474.48333740234375, "height": 10, "width": 10, "children": []}]}, {"name": "box42", "top": 239, "left": 0, "height": 360, "width": 887, "children": [{"name": "box43", "top": 239, "left": 0, "height": 360, "width": 887, "children": []}, {"name": "box44", "top": 574.4000244140625, "left": 610.3333129882812, "height": 21.6, "width": 273.667, "children": [{"name": "box45", "top": 578.7000122070312, "left": 660.4166870117188, "height": 13, "width": 221, "children": []}]}, {"name": "box46", "top": 447.20001220703125, "left": 177.39999389648438, "height": 131.8, "width": 532.2, "children": [{"name": "box47", "top": 487.20001220703125, "left": 177.39999389648438, "height": 26.4, "width": 532.2, "children": []}, {"name": "box48", "top": 523.5999755859375, "left": 177.39999389648438, "height": 15.4, "width": 532.2, "children": []}]}]}, {"name": "box49", "top": 239, "left": 0, "height": 360, "width": 133.05, "children": [{"name": "box50", "top": 404, "left": 51.51666259765625, "height": 30, "width": 30, "children": []}]}, {"name": "box51", "top": 239, "left": 753.9500122070312, "height": 335, "width": 133.05, "children": [{"name": "box52", "top": 391.5, "left": 805.4833374023438, "height": 30, "width": 30, "children": []}]}]}, {"name": "carousel-cd9f6a8d-8730-4994-b71f-6f9e2b8f613e", "top": 239, "left": 0, "height": 360, "width": 802, "children": [{"name": "box33", "top": 549, "left": 160.38333129882812, "height": 20, "width": 481.2, "children": [{"name": "box34", "top": 552.25, "left": 358.98333740234375, "height": 12, "width": 12, "children": []}, {"name": "box35", "top": 553.25, "left": 371.98333740234375, "height": 10, "width": 10, "children": []}, {"name": "box36", "top": 553.25, "left": 383.98333740234375, "height": 10, "width": 10, "children": []}, {"name": "box37", "top": 553.25, "left": 395.98333740234375, "height": 10, "width": 10, "children": []}, {"name": "box38", "top": 553.25, "left": 407.98333740234375, "height": 10, "width": 10, "children": []}, {"name": "box39", "top": 553.25, "left": 419.98333740234375, "height": 10, "width": 10, "children": []}, {"name": "box40", "top": 553.25, "left": 431.98333740234375, "height": 10, "width": 10, "children": []}]}, {"name": "box42", "top": 239, "left": 0, "height": 360, "width": 802, "children": [{"name": "box43", "top": 239, "left": 0, "height": 360, "width": 802, "children": []}, {"name": "box44", "top": 574.4000244140625, "left": 525.3333129882812, "height": 21.6, "width": 273.667, "children": [{"name": "box45", "top": 578.7000122070312, "left": 575.4166870117188, "height": 13, "width": 221, "children": []}]}, {"name": "box46", "top": 447.20001220703125, "left": 160.39999389648438, "height": 131.8, "width": 481.2, "children": [{"name": "box47", "top": 487.20001220703125, "left": 160.39999389648438, "height": 26.4, "width": 481.2, "children": []}, {"name": "box48", "top": 523.5999755859375, "left": 160.39999389648438, "height": 15.4, "width": 481.2, "children": []}]}]}, {"name": "box49", "top": 239, "left": 0, "height": 360, "width": 120.3, "children": [{"name": "box50", "top": 404, "left": 45.149993896484375, "height": 30, "width": 30, "children": []}]}, {"name": "box51", "top": 239, "left": 681.7000122070312, "height": 335, "width": 120.3, "children": [{"name": "box52", "top": 391.5, "left": 726.8499755859375, "height": 30, "width": 30, "children": []}]}]}, {"name": "carousel-cd9f6a8d-8730-4994-b71f-6f9e2b8f613e", "top": 239, "left": 0, "height": 360, "width": 923, "children": [{"name": "box33", "top": 549, "left": 184.60000610351562, "height": 20, "width": 553.8, "children": [{"name": "box34", "top": 552.25, "left": 419.5, "height": 12, "width": 12, "children": []}, {"name": "box35", "top": 553.25, "left": 432.5, "height": 10, "width": 10, "children": []}, {"name": "box36", "top": 553.25, "left": 444.5, "height": 10, "width": 10, "children": []}, {"name": "box37", "top": 553.25, "left": 456.5, "height": 10, "width": 10, "children": []}, {"name": "box38", "top": 553.25, "left": 468.5, "height": 10, "width": 10, "children": []}, {"name": "box39", "top": 553.25, "left": 480.5, "height": 10, "width": 10, "children": []}, {"name": "box40", "top": 553.25, "left": 492.5, "height": 10, "width": 10, "children": []}]}, {"name": "box42", "top": 239, "left": 0, "height": 360, "width": 923, "children": [{"name": "box43", "top": 239, "left": 0, "height": 360, "width": 923, "children": []}, {"name": "box44", "top": 574.4000244140625, "left": 646.3333129882812, "height": 21.6, "width": 273.667, "children": [{"name": "box45", "top": 578.7000122070312, "left": 696.4166870117188, "height": 13, "width": 221, "children": []}]}, {"name": "box46", "top": 447.20001220703125, "left": 184.60000610351562, "height": 131.8, "width": 553.8, "children": [{"name": "box47", "top": 487.20001220703125, "left": 184.60000610351562, "height": 26.4, "width": 553.8, "children": []}, {"name": "box48", "top": 523.5999755859375, "left": 184.60000610351562, "height": 15.4, "width": 553.8, "children": []}]}]}, {"name": "box49", "top": 239, "left": 0, "height": 360, "width": 138.45, "children": [{"name": "box50", "top": 404, "left": 54.21665954589844, "height": 30, "width": 30, "children": []}]}, {"name": "box51", "top": 239, "left": 784.5499877929688, "height": 335, "width": 138.45, "children": [{"name": "box52", "top": 391.5, "left": 838.7833251953125, "height": 30, "width": 30, "children": []}]}]}, {"name": "carousel-cd9f6a8d-8730-4994-b71f-6f9e2b8f613e", "top": 239, "left": 0, "height": 360, "width": 912, "children": [{"name": "box33", "top": 549, "left": 182.39999389648438, "height": 20, "width": 547.2, "children": [{"name": "box34", "top": 552.25, "left": 414, "height": 12, "width": 12, "children": []}, {"name": "box35", "top": 553.25, "left": 427, "height": 10, "width": 10, "children": []}, {"name": "box36", "top": 553.25, "left": 439, "height": 10, "width": 10, "children": []}, {"name": "box37", "top": 553.25, "left": 451, "height": 10, "width": 10, "children": []}, {"name": "box38", "top": 553.25, "left": 463, "height": 10, "width": 10, "children": []}, {"name": "box39", "top": 553.25, "left": 475, "height": 10, "width": 10, "children": []}, {"name": "box40", "top": 553.25, "left": 487, "height": 10, "width": 10, "children": []}]}, {"name": "box42", "top": 239, "left": 0, "height": 360, "width": 912, "children": [{"name": "box43", "top": 239, "left": 0, "height": 360, "width": 912, "children": []}, {"name": "box44", "top": 574.4000244140625, "left": 635.3333129882812, "height": 21.6, "width": 273.667, "children": [{"name": "box45", "top": 578.7000122070312, "left": 685.4166870117188, "height": 13, "width": 221, "children": []}]}, {"name": "box46", "top": 447.20001220703125, "left": 182.39999389648438, "height": 131.8, "width": 547.2, "children": [{"name": "box47", "top": 487.20001220703125, "left": 182.39999389648438, "height": 26.4, "width": 547.2, "children": []}, {"name": "box48", "top": 523.5999755859375, "left": 182.39999389648438, "height": 15.4, "width": 547.2, "children": []}]}]}, {"name": "box49", "top": 239, "left": 0, "height": 360, "width": 136.8, "children": [{"name": "box50", "top": 404, "left": 53.399993896484375, "height": 30, "width": 30, "children": []}]}, {"name": "box51", "top": 239, "left": 775.2000122070312, "height": 335, "width": 136.8, "children": [{"name": "box52", "top": 391.5, "left": 828.5999755859375, "height": 30, "width": 30, "children": []}]}]}, {"name": "carousel-cd9f6a8d-8730-4994-b71f-6f9e2b8f613e", "top": 239, "left": 0, "height": 360, "width": 827, "children": [{"name": "box33", "top": 549, "left": 165.38333129882812, "height": 20, "width": 496.2, "children": [{"name": "box34", "top": 552.25, "left": 371.48333740234375, "height": 12, "width": 12, "children": []}, {"name": "box35", "top": 553.25, "left": 384.48333740234375, "height": 10, "width": 10, "children": []}, {"name": "box36", "top": 553.25, "left": 396.48333740234375, "height": 10, "width": 10, "children": []}, {"name": "box37", "top": 553.25, "left": 408.48333740234375, "height": 10, "width": 10, "children": []}, {"name": "box38", "top": 553.25, "left": 420.48333740234375, "height": 10, "width": 10, "children": []}, {"name": "box39", "top": 553.25, "left": 432.48333740234375, "height": 10, "width": 10, "children": []}, {"name": "box40", "top": 553.25, "left": 444.48333740234375, "height": 10, "width": 10, "children": []}]}, {"name": "box42", "top": 239, "left": 0, "height": 360, "width": 827, "children": [{"name": "box43", "top": 239, "left": 0, "height": 360, "width": 827, "children": []}, {"name": "box44", "top": 574.4000244140625, "left": 550.3333129882812, "height": 21.6, "width": 273.667, "children": [{"name": "box45", "top": 578.7000122070312, "left": 600.4166870117188, "height": 13, "width": 221, "children": []}]}, {"name": "box46", "top": 447.20001220703125, "left": 165.39999389648438, "height": 131.8, "width": 496.2, "children": [{"name": "box47", "top": 487.20001220703125, "left": 165.39999389648438, "height": 26.4, "width": 496.2, "children": []}, {"name": "box48", "top": 523.5999755859375, "left": 165.39999389648438, "height": 15.4, "width": 496.2, "children": []}]}]}, {"name": "box49", "top": 239, "left": 0, "height": 360, "width": 124.05, "children": [{"name": "box50", "top": 404, "left": 47.01666259765625, "height": 30, "width": 30, "children": []}]}, {"name": "box51", "top": 239, "left": 702.9500122070312, "height": 335, "width": 124.05, "children": [{"name": "box52", "top": 391.5, "left": 749.9833374023438, "height": 30, "width": 30, "children": []}]}]}, {"name": "carousel-cd9f6a8d-8730-4994-b71f-6f9e2b8f613e", "top": 239, "left": 0, "height": 360, "width": 946, "children": [{"name": "box33", "top": 549, "left": 189.1999969482422, "height": 20, "width": 567.6, "children": [{"name": "box34", "top": 552.25, "left": 431, "height": 12, "width": 12, "children": []}, {"name": "box35", "top": 553.25, "left": 444, "height": 10, "width": 10, "children": []}, {"name": "box36", "top": 553.25, "left": 456, "height": 10, "width": 10, "children": []}, {"name": "box37", "top": 553.25, "left": 468, "height": 10, "width": 10, "children": []}, {"name": "box38", "top": 553.25, "left": 480, "height": 10, "width": 10, "children": []}, {"name": "box39", "top": 553.25, "left": 492, "height": 10, "width": 10, "children": []}, {"name": "box40", "top": 553.25, "left": 504, "height": 10, "width": 10, "children": []}]}, {"name": "box42", "top": 239, "left": 0, "height": 360, "width": 946, "children": [{"name": "box43", "top": 239, "left": 0, "height": 360, "width": 946, "children": []}, {"name": "box44", "top": 574.4000244140625, "left": 669.3333129882812, "height": 21.6, "width": 273.667, "children": [{"name": "box45", "top": 578.7000122070312, "left": 719.4166870117188, "height": 13, "width": 221, "children": []}]}, {"name": "box46", "top": 447.20001220703125, "left": 189.1999969482422, "height": 131.8, "width": 567.6, "children": [{"name": "box47", "top": 487.20001220703125, "left": 189.1999969482422, "height": 26.4, "width": 567.6, "children": []}, {"name": "box48", "top": 523.5999755859375, "left": 189.1999969482422, "height": 15.4, "width": 567.6, "children": []}]}]}, {"name": "box49", "top": 239, "left": 0, "height": 360, "width": 141.9, "children": [{"name": "box50", "top": 404, "left": 55.94999694824219, "height": 30, "width": 30, "children": []}]}, {"name": "box51", "top": 239, "left": 804.0999755859375, "height": 335, "width": 141.9, "children": [{"name": "box52", "top": 391.5, "left": 860.0499877929688, "height": 30, "width": 30, "children": []}]}]}], "test": [{"name": "carousel-cd9f6a8d-8730-4994-b71f-6f9e2b8f613e", "top": 239, "left": 0, "height": 360, "width": 873, "children": [{"name": "box33", "top": 549, "left": 174.5833282470703, "height": 20, "width": 523.8, "children": [{"name": "box34", "top": 552.25, "left": 394.48333740234375, "height": 12, "width": 12, "children": []}, {"name": "box35", "top": 553.25, "left": 407.48333740234375, "height": 10, "width": 10, "children": []}, {"name": "box36", "top": 553.25, "left": 419.48333740234375, "height": 10, "width": 10, "children": []}, {"name": "box37", "top": 553.25, "left": 431.48333740234375, "height": 10, "width": 10, "children": []}, {"name": "box38", "top": 553.25, "left": 443.48333740234375, "height": 10, "width": 10, "children": []}, {"name": "box39", "top": 553.25, "left": 455.48333740234375, "height": 10, "width": 10, "children": []}, {"name": "box40", "top": 553.25, "left": 467.48333740234375, "height": 10, "width": 10, "children": []}]}, {"name": "box42", "top": 239, "left": 0, "height": 360, "width": 873, "children": [{"name": "box43", "top": 239, "left": 0, "height": 360, "width": 873, "children": []}, {"name": "box44", "top": 574.4000244140625, "left": 596.3333129882812, "height": 21.6, "width": 273.667, "children": [{"name": "box45", "top": 578.7000122070312, "left": 646.4166870117188, "height": 13, "width": 221, "children": []}]}, {"name": "box46", "top": 447.20001220703125, "left": 174.60000610351562, "height": 131.8, "width": 523.8, "children": [{"name": "box47", "top": 487.20001220703125, "left": 174.60000610351562, "height": 26.4, "width": 523.8, "children": []}, {"name": "box48", "top": 523.5999755859375, "left": 174.60000610351562, "height": 15.4, "width": 523.8, "children": []}]}]}, {"name": "box49", "top": 239, "left": 0, "height": 360, "width": 130.95, "children": [{"name": "box50", "top": 404, "left": 50.46665954589844, "height": 30, "width": 30, "children": []}]}, {"name": "box51", "top": 239, "left": 742.0499877929688, "height": 335, "width": 130.95, "children": [{"name": "box52", "top": 391.5, "left": 792.5333251953125, "height": 30, "width": 30, "children": []}]}]}, {"name": "carousel-cd9f6a8d-8730-4994-b71f-6f9e2b8f613e", "top": 239, "left": 0, "height": 360, "width": 815, "children": [{"name": "box33", "top": 549, "left": 162.98333740234375, "height": 20, "width": 489, "children": [{"name": "box34", "top": 552.25, "left": 365.48333740234375, "height": 12, "width": 12, "children": []}, {"name": "box35", "top": 553.25, "left": 378.48333740234375, "height": 10, "width": 10, "children": []}, {"name": "box36", "top": 553.25, "left": 390.48333740234375, "height": 10, "width": 10, "children": []}, {"name": "box37", "top": 553.25, "left": 402.48333740234375, "height": 10, "width": 10, "children": []}, {"name": "box38", "top": 553.25, "left": 414.48333740234375, "height": 10, "width": 10, "children": []}, {"name": "box39", "top": 553.25, "left": 426.48333740234375, "height": 10, "width": 10, "children": []}, {"name": "box40", "top": 553.25, "left": 438.48333740234375, "height": 10, "width": 10, "children": []}]}, {"name": "box42", "top": 239, "left": 0, "height": 360, "width": 815, "children": [{"name": "box43", "top": 239, "left": 0, "height": 360, "width": 815, "children": []}, {"name": "box44", "top": 574.4000244140625, "left": 538.3333129882812, "height": 21.6, "width": 273.667, "children": [{"name": "box45", "top": 578.7000122070312, "left": 588.4166870117188, "height": 13, "width": 221, "children": []}]}, {"name": "box46", "top": 447.20001220703125, "left": 163, "height": 131.8, "width": 489, "children": [{"name": "box47", "top": 487.20001220703125, "left": 163, "height": 26.4, "width": 489, "children": []}, {"name": "box48", "top": 523.5999755859375, "left": 163, "height": 15.4, "width": 489, "children": []}]}]}, {"name": "box49", "top": 239, "left": 0, "height": 360, "width": 122.25, "children": [{"name": "box50", "top": 404, "left": 46.116668701171875, "height": 30, "width": 30, "children": []}]}, {"name": "box51", "top": 239, "left": 692.75, "height": 335, "width": 122.25, "children": [{"name": "box52", "top": 391.5, "left": 738.88330078125, "height": 30, "width": 30, "children": []}]}]}, {"name": "carousel-cd9f6a8d-8730-4994-b71f-6f9e2b8f613e", "top": 239, "left": 0, "height": 360, "width": 816, "children": [{"name": "box33", "top": 549, "left": 163.18333435058594, "height": 20, "width": 489.6, "children": [{"name": "box34", "top": 552.25, "left": 365.98333740234375, "height": 12, "width": 12, "children": []}, {"name": "box35", "top": 553.25, "left": 378.98333740234375, "height": 10, "width": 10, "children": []}, {"name": "box36", "top": 553.25, "left": 390.98333740234375, "height": 10, "width": 10, "children": []}, {"name": "box37", "top": 553.25, "left": 402.98333740234375, "height": 10, "width": 10, "children": []}, {"name": "box38", "top": 553.25, "left": 414.98333740234375, "height": 10, "width": 10, "children": []}, {"name": "box39", "top": 553.25, "left": 426.98333740234375, "height": 10, "width": 10, "children": []}, {"name": "box40", "top": 553.25, "left": 438.98333740234375, "height": 10, "width": 10, "children": []}]}, {"name": "box42", "top": 239, "left": 0, "height": 360, "width": 816, "children": [{"name": "box43", "top": 239, "left": 0, "height": 360, "width": 816, "children": []}, {"name": "box44", "top": 574.4000244140625, "left": 539.3333129882812, "height": 21.6, "width": 273.667, "children": [{"name": "box45", "top": 578.7000122070312, "left": 589.4166870117188, "height": 13, "width": 221, "children": []}]}, {"name": "box46", "top": 447.20001220703125, "left": 163.1999969482422, "height": 131.8, "width": 489.6, "children": [{"name": "box47", "top": 487.20001220703125, "left": 163.1999969482422, "height": 26.4, "width": 489.6, "children": []}, {"name": "box48", "top": 523.5999755859375, "left": 163.1999969482422, "height": 15.4, "width": 489.6, "children": []}]}]}, {"name": "box49", "top": 239, "left": 0, "height": 360, "width": 122.4, "children": [{"name": "box50", "top": 404, "left": 46.19999694824219, "height": 30, "width": 30, "children": []}]}, {"name": "box51", "top": 239, "left": 693.5999755859375, "height": 335, "width": 122.4, "children": [{"name": "box52", "top": 391.5, "left": 739.7999877929688, "height": 30, "width": 30, "children": []}]}]}, {"name": "carousel-cd9f6a8d-8730-4994-b71f-6f9e2b8f613e", "top": 239, "left": 0, "height": 360, "width": 814, "children": [{"name": "box33", "top": 549, "left": 162.78334045410156, "height": 20, "width": 488.4, "children": [{"name": "box34", "top": 552.25, "left": 364.98333740234375, "height": 12, "width": 12, "children": []}, {"name": "box35", "top": 553.25, "left": 377.98333740234375, "height": 10, "width": 10, "children": []}, {"name": "box36", "top": 553.25, "left": 389.98333740234375, "height": 10, "width": 10, "children": []}, {"name": "box37", "top": 553.25, "left": 401.98333740234375, "height": 10, "width": 10, "children": []}, {"name": "box38", "top": 553.25, "left": 413.98333740234375, "height": 10, "width": 10, "children": []}, {"name": "box39", "top": 553.25, "left": 425.98333740234375, "height": 10, "width": 10, "children": []}, {"name": "box40", "top": 553.25, "left": 437.98333740234375, "height": 10, "width": 10, "children": []}]}, {"name": "box42", "top": 239, "left": 0, "height": 360, "width": 814, "children": [{"name": "box43", "top": 239, "left": 0, "height": 360, "width": 814, "children": []}, {"name": "box44", "top": 574.4000244140625, "left": 537.3333129882812, "height": 21.6, "width": 273.667, "children": [{"name": "box45", "top": 578.7000122070312, "left": 587.4166870117188, "height": 13, "width": 221, "children": []}]}, {"name": "box46", "top": 447.20001220703125, "left": 162.8000030517578, "height": 131.8, "width": 488.4, "children": [{"name": "box47", "top": 487.20001220703125, "left": 162.8000030517578, "height": 26.4, "width": 488.4, "children": []}, {"name": "box48", "top": 523.5999755859375, "left": 162.8000030517578, "height": 15.4, "width": 488.4, "children": []}]}]}, {"name": "box49", "top": 239, "left": 0, "height": 360, "width": 122.1, "children": [{"name": "box50", "top": 404, "left": 46.05000305175781, "height": 30, "width": 30, "children": []}]}, {"name": "box51", "top": 239, "left": 691.9000244140625, "height": 335, "width": 122.1, "children": [{"name": "box52", "top": 391.5, "left": 737.9500122070312, "height": 30, "width": 30, "children": []}]}]}, {"name": "carousel-cd9f6a8d-8730-4994-b71f-6f9e2b8f613e", "top": 239, "left": 0, "height": 360, "width": 925, "children": [{"name": "box33", "top": 549, "left": 185, "height": 20, "width": 555, "children": [{"name": "box34", "top": 552.25, "left": 420.5, "height": 12, "width": 12, "children": []}, {"name": "box35", "top": 553.25, "left": 433.5, "height": 10, "width": 10, "children": []}, {"name": "box36", "top": 553.25, "left": 445.5, "height": 10, "width": 10, "children": []}, {"name": "box37", "top": 553.25, "left": 457.5, "height": 10, "width": 10, "children": []}, {"name": "box38", "top": 553.25, "left": 469.5, "height": 10, "width": 10, "children": []}, {"name": "box39", "top": 553.25, "left": 481.5, "height": 10, "width": 10, "children": []}, {"name": "box40", "top": 553.25, "left": 493.5, "height": 10, "width": 10, "children": []}]}, {"name": "box42", "top": 239, "left": 0, "height": 360, "width": 925, "children": [{"name": "box43", "top": 239, "left": 0, "height": 360, "width": 925, "children": []}, {"name": "box44", "top": 574.4000244140625, "left": 648.3333129882812, "height": 21.6, "width": 273.667, "children": [{"name": "box45", "top": 578.7000122070312, "left": 698.4166870117188, "height": 13, "width": 221, "children": []}]}, {"name": "box46", "top": 447.20001220703125, "left": 185, "height": 131.8, "width": 555, "children": [{"name": "box47", "top": 487.20001220703125, "left": 185, "height": 26.4, "width": 555, "children": []}, {"name": "box48", "top": 523.5999755859375, "left": 185, "height": 15.4, "width": 555, "children": []}]}]}, {"name": "box49", "top": 239, "left": 0, "height": 360, "width": 138.75, "children": [{"name": "box50", "top": 404, "left": 54.366668701171875, "height": 30, "width": 30, "children": []}]}, {"name": "box51", "top": 239, "left": 786.25, "height": 335, "width": 138.75, "children": [{"name": "box52", "top": 391.5, "left": 840.63330078125, "height": 30, "width": 30, "children": []}]}]}, {"name": "carousel-cd9f6a8d-8730-4994-b71f-6f9e2b8f613e", "top": 239, "left": 0, "height": 360, "width": 911, "children": [{"name": "box33", "top": 549, "left": 182.1999969482422, "height": 20, "width": 546.6, "children": [{"name": "box34", "top": 552.25, "left": 413.5, "height": 12, "width": 12, "children": []}, {"name": "box35", "top": 553.25, "left": 426.5, "height": 10, "width": 10, "children": []}, {"name": "box36", "top": 553.25, "left": 438.5, "height": 10, "width": 10, "children": []}, {"name": "box37", "top": 553.25, "left": 450.5, "height": 10, "width": 10, "children": []}, {"name": "box38", "top": 553.25, "left": 462.5, "height": 10, "width": 10, "children": []}, {"name": "box39", "top": 553.25, "left": 474.5, "height": 10, "width": 10, "children": []}, {"name": "box40", "top": 553.25, "left": 486.5, "height": 10, "width": 10, "children": []}]}, {"name": "box42", "top": 239, "left": 0, "height": 360, "width": 911, "children": [{"name": "box43", "top": 239, "left": 0, "height": 360, "width": 911, "children": []}, {"name": "box44", "top": 574.4000244140625, "left": 634.3333129882812, "height": 21.6, "width": 273.667, "children": [{"name": "box45", "top": 578.7000122070312, "left": 684.4166870117188, "height": 13, "width": 221, "children": []}]}, {"name": "box46", "top": 447.20001220703125, "left": 182.1999969482422, "height": 131.8, "width": 546.6, "children": [{"name": "box47", "top": 487.20001220703125, "left": 182.1999969482422, "height": 26.4, "width": 546.6, "children": []}, {"name": "box48", "top": 523.5999755859375, "left": 182.1999969482422, "height": 15.4, "width": 546.6, "children": []}]}]}, {"name": "box49", "top": 239, "left": 0, "height": 360, "width": 136.65, "children": [{"name": "box50", "top": 404, "left": 53.31666564941406, "height": 30, "width": 30, "children": []}]}, {"name": "box51", "top": 239, "left": 774.3499755859375, "height": 335, "width": 136.65, "children": [{"name": "box52", "top": 391.5, "left": 827.683349609375, "height": 30, "width": 30, "children": []}]}]}, {"name": "carousel-cd9f6a8d-8730-4994-b71f-6f9e2b8f613e", "top": 239, "left": 0, "height": 360, "width": 938, "children": [{"name": "box33", "top": 549, "left": 187.60000610351562, "height": 20, "width": 562.8, "children": [{"name": "box34", "top": 552.25, "left": 427, "height": 12, "width": 12, "children": []}, {"name": "box35", "top": 553.25, "left": 440, "height": 10, "width": 10, "children": []}, {"name": "box36", "top": 553.25, "left": 452, "height": 10, "width": 10, "children": []}, {"name": "box37", "top": 553.25, "left": 464, "height": 10, "width": 10, "children": []}, {"name": "box38", "top": 553.25, "left": 476, "height": 10, "width": 10, "children": []}, {"name": "box39", "top": 553.25, "left": 488, "height": 10, "width": 10, "children": []}, {"name": "box40", "top": 553.25, "left": 500, "height": 10, "width": 10, "children": []}]}, {"name": "box42", "top": 239, "left": 0, "height": 360, "width": 938, "children": [{"name": "box43", "top": 239, "left": 0, "height": 360, "width": 938, "children": []}, {"name": "box44", "top": 574.4000244140625, "left": 661.3333129882812, "height": 21.6, "width": 273.667, "children": [{"name": "box45", "top": 578.7000122070312, "left": 711.4166870117188, "height": 13, "width": 221, "children": []}]}, {"name": "box46", "top": 447.20001220703125, "left": 187.60000610351562, "height": 131.8, "width": 562.8, "children": [{"name": "box47", "top": 487.20001220703125, "left": 187.60000610351562, "height": 26.4, "width": 562.8, "children": []}, {"name": "box48", "top": 523.5999755859375, "left": 187.60000610351562, "height": 15.4, "width": 562.8, "children": []}]}]}, {"name": "box49", "top": 239, "left": 0, "height": 360, "width": 140.7, "children": [{"name": "box50", "top": 404, "left": 55.350006103515625, "height": 30, "width": 30, "children": []}]}, {"name": "box51", "top": 239, "left": 797.2999877929688, "height": 335, "width": 140.7, "children": [{"name": "box52", "top": 391.5, "left": 852.6500244140625, "height": 30, "width": 30, "children": []}]}]}, {"name": "carousel-cd9f6a8d-8730-4994-b71f-6f9e2b8f613e", "top": 239, "left": 0, "height": 360, "width": 872, "children": [{"name": "box33", "top": 549, "left": 174.38333129882812, "height": 20, "width": 523.2, "children": [{"name": "box34", "top": 552.25, "left": 393.98333740234375, "height": 12, "width": 12, "children": []}, {"name": "box35", "top": 553.25, "left": 406.98333740234375, "height": 10, "width": 10, "children": []}, {"name": "box36", "top": 553.25, "left": 418.98333740234375, "height": 10, "width": 10, "children": []}, {"name": "box37", "top": 553.25, "left": 430.98333740234375, "height": 10, "width": 10, "children": []}, {"name": "box38", "top": 553.25, "left": 442.98333740234375, "height": 10, "width": 10, "children": []}, {"name": "box39", "top": 553.25, "left": 454.98333740234375, "height": 10, "width": 10, "children": []}, {"name": "box40", "top": 553.25, "left": 466.98333740234375, "height": 10, "width": 10, "children": []}]}, {"name": "box42", "top": 239, "left": 0, "height": 360, "width": 872, "children": [{"name": "box43", "top": 239, "left": 0, "height": 360, "width": 872, "children": []}, {"name": "box44", "top": 574.4000244140625, "left": 595.3333129882812, "height": 21.6, "width": 273.667, "children": [{"name": "box45", "top": 578.7000122070312, "left": 645.4166870117188, "height": 13, "width": 221, "children": []}]}, {"name": "box46", "top": 447.20001220703125, "left": 174.39999389648438, "height": 131.8, "width": 523.2, "children": [{"name": "box47", "top": 487.20001220703125, "left": 174.39999389648438, "height": 26.4, "width": 523.2, "children": []}, {"name": "box48", "top": 523.5999755859375, "left": 174.39999389648438, "height": 15.4, "width": 523.2, "children": []}]}]}, {"name": "box49", "top": 239, "left": 0, "height": 360, "width": 130.8, "children": [{"name": "box50", "top": 404, "left": 50.399993896484375, "height": 30, "width": 30, "children": []}]}, {"name": "box51", "top": 239, "left": 741.2000122070312, "height": 335, "width": 130.8, "children": [{"name": "box52", "top": 391.5, "left": 791.5999755859375, "height": 30, "width": 30, "children": []}]}]}, {"name": "carousel-cd9f6a8d-8730-4994-b71f-6f9e2b8f613e", "top": 239, "left": 0, "height": 360, "width": 944, "children": [{"name": "box33", "top": 549, "left": 188.8000030517578, "height": 20, "width": 566.4, "children": [{"name": "box34", "top": 552.25, "left": 430, "height": 12, "width": 12, "children": []}, {"name": "box35", "top": 553.25, "left": 443, "height": 10, "width": 10, "children": []}, {"name": "box36", "top": 553.25, "left": 455, "height": 10, "width": 10, "children": []}, {"name": "box37", "top": 553.25, "left": 467, "height": 10, "width": 10, "children": []}, {"name": "box38", "top": 553.25, "left": 479, "height": 10, "width": 10, "children": []}, {"name": "box39", "top": 553.25, "left": 491, "height": 10, "width": 10, "children": []}, {"name": "box40", "top": 553.25, "left": 503, "height": 10, "width": 10, "children": []}]}, {"name": "box42", "top": 239, "left": 0, "height": 360, "width": 944, "children": [{"name": "box43", "top": 239, "left": 0, "height": 360, "width": 944, "children": []}, {"name": "box44", "top": 574.4000244140625, "left": 667.3333129882812, "height": 21.6, "width": 273.667, "children": [{"name": "box45", "top": 578.7000122070312, "left": 717.4166870117188, "height": 13, "width": 221, "children": []}]}, {"name": "box46", "top": 447.20001220703125, "left": 188.8000030517578, "height": 131.8, "width": 566.4, "children": [{"name": "box47", "top": 487.20001220703125, "left": 188.8000030517578, "height": 26.4, "width": 566.4, "children": []}, {"name": "box48", "top": 523.5999755859375, "left": 188.8000030517578, "height": 15.4, "width": 566.4, "children": []}]}]}, {"name": "box49", "top": 239, "left": 0, "height": 360, "width": 141.6, "children": [{"name": "box50", "top": 404, "left": 55.80000305175781, "height": 30, "width": 30, "children": []}]}, {"name": "box51", "top": 239, "left": 802.4000244140625, "height": 335, "width": 141.6, "children": [{"name": "box52", "top": 391.5, "left": 858.2000122070312, "height": 30, "width": 30, "children": []}]}]}, {"name": "carousel-cd9f6a8d-8730-4994-b71f-6f9e2b8f613e", "top": 239, "left": 0, "height": 360, "width": 895, "children": [{"name": "box33", "top": 549, "left": 178.98333740234375, "height": 20, "width": 537, "children": [{"name": "box34", "top": 552.25, "left": 405.48333740234375, "height": 12, "width": 12, "children": []}, {"name": "box35", "top": 553.25, "left": 418.48333740234375, "height": 10, "width": 10, "children": []}, {"name": "box36", "top": 553.25, "left": 430.48333740234375, "height": 10, "width": 10, "children": []}, {"name": "box37", "top": 553.25, "left": 442.48333740234375, "height": 10, "width": 10, "children": []}, {"name": "box38", "top": 553.25, "left": 454.48333740234375, "height": 10, "width": 10, "children": []}, {"name": "box39", "top": 553.25, "left": 466.48333740234375, "height": 10, "width": 10, "children": []}, {"name": "box40", "top": 553.25, "left": 478.48333740234375, "height": 10, "width": 10, "children": []}]}, {"name": "box42", "top": 239, "left": 0, "height": 360, "width": 895, "children": [{"name": "box43", "top": 239, "left": 0, "height": 360, "width": 895, "children": []}, {"name": "box44", "top": 574.4000244140625, "left": 618.3333129882812, "height": 21.6, "width": 273.667, "children": [{"name": "box45", "top": 578.7000122070312, "left": 668.4166870117188, "height": 13, "width": 221, "children": []}]}, {"name": "box46", "top": 447.20001220703125, "left": 179, "height": 131.8, "width": 537, "children": [{"name": "box47", "top": 487.20001220703125, "left": 179, "height": 26.4, "width": 537, "children": []}, {"name": "box48", "top": 523.5999755859375, "left": 179, "height": 15.4, "width": 537, "children": []}]}]}, {"name": "box49", "top": 239, "left": 0, "height": 360, "width": 134.25, "children": [{"name": "box50", "top": 404, "left": 52.116668701171875, "height": 30, "width": 30, "children": []}]}, {"name": "box51", "top": 239, "left": 760.75, "height": 335, "width": 134.25, "children": [{"name": "box52", "top": 391.5, "left": 812.88330078125, "height": 30, "width": 30, "children": []}]}]}]}