{"name": "duckduckgo-header", "bench": {"height": {"low": 57.5333, "high": 57.5333}, "width": {"low": 722, "high": 862.6}, "trainSeed": 235775, "testSeed": 17250987, "testSize": 10, "trainSize": 10}, "train": [{"name": "box0", "top": 0, "left": 0, "height": 57.5333, "width": 732.133, "children": [{"name": "box1", "top": 23, "left": 23, "height": 34.5333, "width": 686.133, "children": [{"name": "box2", "top": 31, "left": 692.13330078125, "height": 18.5333, "width": 17, "children": []}, {"name": "box4", "top": 24.816665649414062, "left": 619.7333374023438, "height": 30.8833, "width": 44.4, "children": [{"name": "box5", "top": 24.816665649414062, "left": 619.7333374023438, "height": 30.8833, "width": 25, "children": [{"name": "box6", "top": 25.933334350585938, "left": 619.7333374023438, "height": 25, "width": 25, "children": []}]}, {"name": "box7", "top": 31.383331298828125, "left": 649.7333374023438, "height": 17.75, "width": 14.4, "children": [{"name": "box8", "top": 32.03334045410156, "left": 649.7333374023438, "height": 15, "width": 14, "children": []}]}]}]}]}, {"name": "box0", "top": 0, "left": 0, "height": 57.5333, "width": 858.8, "children": [{"name": "box1", "top": 23, "left": 23, "height": 34.5333, "width": 812.8, "children": [{"name": "box2", "top": 31, "left": 818.7999877929688, "height": 18.5333, "width": 17, "children": []}, {"name": "box4", "top": 24.816665649414062, "left": 746.4000244140625, "height": 30.8833, "width": 44.4, "children": [{"name": "box5", "top": 24.816665649414062, "left": 746.4000244140625, "height": 30.8833, "width": 25, "children": [{"name": "box6", "top": 25.933334350585938, "left": 746.4000244140625, "height": 25, "width": 25, "children": []}]}, {"name": "box7", "top": 31.383331298828125, "left": 776.4000244140625, "height": 17.75, "width": 14.4, "children": [{"name": "box8", "top": 32.03334045410156, "left": 776.4000244140625, "height": 15, "width": 14, "children": []}]}]}]}]}, {"name": "box0", "top": 0, "left": 0, "height": 57.5333, "width": 768.867, "children": [{"name": "box1", "top": 23, "left": 23, "height": 34.5333, "width": 722.867, "children": [{"name": "box2", "top": 31, "left": 728.86669921875, "height": 18.5333, "width": 17, "children": []}, {"name": "box4", "top": 24.816665649414062, "left": 656.4666748046875, "height": 30.8833, "width": 44.4, "children": [{"name": "box5", "top": 24.816665649414062, "left": 656.4666748046875, "height": 30.8833, "width": 25, "children": [{"name": "box6", "top": 25.933334350585938, "left": 656.4666748046875, "height": 25, "width": 25, "children": []}]}, {"name": "box7", "top": 31.383331298828125, "left": 686.4666748046875, "height": 17.75, "width": 14.4, "children": [{"name": "box8", "top": 32.03334045410156, "left": 686.4666748046875, "height": 15, "width": 14, "children": []}]}]}]}]}, {"name": "box0", "top": 0, "left": 0, "height": 57.5333, "width": 843.6, "children": [{"name": "box1", "top": 23, "left": 23, "height": 34.5333, "width": 797.6, "children": [{"name": "box2", "top": 31, "left": 803.5999755859375, "height": 18.5333, "width": 17, "children": []}, {"name": "box4", "top": 24.816665649414062, "left": 731.2000122070312, "height": 30.8833, "width": 44.4, "children": [{"name": "box5", "top": 24.816665649414062, "left": 731.2000122070312, "height": 30.8833, "width": 25, "children": [{"name": "box6", "top": 25.933334350585938, "left": 731.2000122070312, "height": 25, "width": 25, "children": []}]}, {"name": "box7", "top": 31.383331298828125, "left": 761.2000122070312, "height": 17.75, "width": 14.4, "children": [{"name": "box8", "top": 32.03334045410156, "left": 761.2000122070312, "height": 15, "width": 14, "children": []}]}]}]}]}, {"name": "box0", "top": 0, "left": 0, "height": 57.5333, "width": 798, "children": [{"name": "box1", "top": 23, "left": 23, "height": 34.5333, "width": 752, "children": [{"name": "box2", "top": 31, "left": 758, "height": 18.5333, "width": 17, "children": []}, {"name": "box4", "top": 24.816665649414062, "left": 685.5999755859375, "height": 30.8833, "width": 44.4, "children": [{"name": "box5", "top": 24.816665649414062, "left": 685.5999755859375, "height": 30.8833, "width": 25, "children": [{"name": "box6", "top": 25.933334350585938, "left": 685.5999755859375, "height": 25, "width": 25, "children": []}]}, {"name": "box7", "top": 31.383331298828125, "left": 715.5999755859375, "height": 17.75, "width": 14.4, "children": [{"name": "box8", "top": 32.03334045410156, "left": 715.5999755859375, "height": 15, "width": 14, "children": []}]}]}]}]}, {"name": "box0", "top": 0, "left": 0, "height": 57.5333, "width": 752.4, "children": [{"name": "box1", "top": 23, "left": 23, "height": 34.5333, "width": 706.4, "children": [{"name": "box2", "top": 31, "left": 712.4000244140625, "height": 18.5333, "width": 17, "children": []}, {"name": "box4", "top": 24.816665649414062, "left": 640, "height": 30.8833, "width": 44.4, "children": [{"name": "box5", "top": 24.816665649414062, "left": 640, "height": 30.8833, "width": 25, "children": [{"name": "box6", "top": 25.933334350585938, "left": 640, "height": 25, "width": 25, "children": []}]}, {"name": "box7", "top": 31.383331298828125, "left": 670, "height": 17.75, "width": 14.4, "children": [{"name": "box8", "top": 32.03334045410156, "left": 670, "height": 15, "width": 14, "children": []}]}]}]}]}, {"name": "box0", "top": 0, "left": 0, "height": 57.5333, "width": 722, "children": [{"name": "box1", "top": 23, "left": 23, "height": 34.5333, "width": 676, "children": [{"name": "box2", "top": 31, "left": 682, "height": 18.5333, "width": 17, "children": []}, {"name": "box4", "top": 24.816665649414062, "left": 609.5999755859375, "height": 30.8833, "width": 44.4, "children": [{"name": "box5", "top": 24.816665649414062, "left": 609.5999755859375, "height": 30.8833, "width": 25, "children": [{"name": "box6", "top": 25.933334350585938, "left": 609.5999755859375, "height": 25, "width": 25, "children": []}]}, {"name": "box7", "top": 31.383331298828125, "left": 639.5999755859375, "height": 17.75, "width": 14.4, "children": [{"name": "box8", "top": 32.03334045410156, "left": 639.5999755859375, "height": 15, "width": 14, "children": []}]}]}]}]}, {"name": "box0", "top": 0, "left": 0, "height": 57.5333, "width": 833.467, "children": [{"name": "box1", "top": 23, "left": 23, "height": 34.5333, "width": 787.467, "children": [{"name": "box2", "top": 31, "left": 793.4666748046875, "height": 18.5333, "width": 17, "children": []}, {"name": "box4", "top": 24.816665649414062, "left": 721.066650390625, "height": 30.8833, "width": 44.4, "children": [{"name": "box5", "top": 24.816665649414062, "left": 721.066650390625, "height": 30.8833, "width": 25, "children": [{"name": "box6", "top": 25.933334350585938, "left": 721.066650390625, "height": 25, "width": 25, "children": []}]}, {"name": "box7", "top": 31.383331298828125, "left": 751.066650390625, "height": 17.75, "width": 14.4, "children": [{"name": "box8", "top": 32.03334045410156, "left": 751.066650390625, "height": 15, "width": 14, "children": []}]}]}]}]}, {"name": "box0", "top": 0, "left": 0, "height": 57.5333, "width": 757.467, "children": [{"name": "box1", "top": 23, "left": 23, "height": 34.5333, "width": 711.467, "children": [{"name": "box2", "top": 31, "left": 717.4666748046875, "height": 18.5333, "width": 17, "children": []}, {"name": "box4", "top": 24.816665649414062, "left": 645.066650390625, "height": 30.8833, "width": 44.4, "children": [{"name": "box5", "top": 24.816665649414062, "left": 645.066650390625, "height": 30.8833, "width": 25, "children": [{"name": "box6", "top": 25.933334350585938, "left": 645.066650390625, "height": 25, "width": 25, "children": []}]}, {"name": "box7", "top": 31.383331298828125, "left": 675.066650390625, "height": 17.75, "width": 14.4, "children": [{"name": "box8", "top": 32.03334045410156, "left": 675.066650390625, "height": 15, "width": 14, "children": []}]}]}]}]}, {"name": "box0", "top": 0, "left": 0, "height": 57.5333, "width": 735.933, "children": [{"name": "box1", "top": 23, "left": 23, "height": 34.5333, "width": 689.933, "children": [{"name": "box2", "top": 31, "left": 695.933349609375, "height": 18.5333, "width": 17, "children": []}, {"name": "box4", "top": 24.816665649414062, "left": 623.5333251953125, "height": 30.8833, "width": 44.4, "children": [{"name": "box5", "top": 24.816665649414062, "left": 623.5333251953125, "height": 30.8833, "width": 25, "children": [{"name": "box6", "top": 25.933334350585938, "left": 623.5333251953125, "height": 25, "width": 25, "children": []}]}, {"name": "box7", "top": 31.383331298828125, "left": 653.5333251953125, "height": 17.75, "width": 14.4, "children": [{"name": "box8", "top": 32.03334045410156, "left": 653.5333251953125, "height": 15, "width": 14, "children": []}]}]}]}]}], "test": [{"name": "box0", "top": 0, "left": 0, "height": 57.5333, "width": 813.2, "children": [{"name": "box1", "top": 23, "left": 23, "height": 34.5333, "width": 767.2, "children": [{"name": "box2", "top": 31, "left": 773.2000122070312, "height": 18.5333, "width": 17, "children": []}, {"name": "box4", "top": 24.816665649414062, "left": 700.7999877929688, "height": 30.8833, "width": 44.4, "children": [{"name": "box5", "top": 24.816665649414062, "left": 700.7999877929688, "height": 30.8833, "width": 25, "children": [{"name": "box6", "top": 25.933334350585938, "left": 700.7999877929688, "height": 25, "width": 25, "children": []}]}, {"name": "box7", "top": 31.383331298828125, "left": 730.7999877929688, "height": 17.75, "width": 14.4, "children": [{"name": "box8", "top": 32.03334045410156, "left": 730.7999877929688, "height": 15, "width": 14, "children": []}]}]}]}]}, {"name": "box0", "top": 0, "left": 0, "height": 57.5333, "width": 724.533, "children": [{"name": "box1", "top": 23, "left": 23, "height": 34.5333, "width": 678.533, "children": [{"name": "box2", "top": 31, "left": 684.5333251953125, "height": 18.5333, "width": 17, "children": []}, {"name": "box4", "top": 24.816665649414062, "left": 612.13330078125, "height": 30.8833, "width": 44.4, "children": [{"name": "box5", "top": 24.816665649414062, "left": 612.13330078125, "height": 30.8833, "width": 25, "children": [{"name": "box6", "top": 25.933334350585938, "left": 612.13330078125, "height": 25, "width": 25, "children": []}]}, {"name": "box7", "top": 31.383331298828125, "left": 642.13330078125, "height": 17.75, "width": 14.4, "children": [{"name": "box8", "top": 32.03334045410156, "left": 642.13330078125, "height": 15, "width": 14, "children": []}]}]}]}]}, {"name": "box0", "top": 0, "left": 0, "height": 57.5333, "width": 817, "children": [{"name": "box1", "top": 23, "left": 23, "height": 34.5333, "width": 771, "children": [{"name": "box2", "top": 31, "left": 777, "height": 18.5333, "width": 17, "children": []}, {"name": "box4", "top": 24.816665649414062, "left": 704.5999755859375, "height": 30.8833, "width": 44.4, "children": [{"name": "box5", "top": 24.816665649414062, "left": 704.5999755859375, "height": 30.8833, "width": 25, "children": [{"name": "box6", "top": 25.933334350585938, "left": 704.5999755859375, "height": 25, "width": 25, "children": []}]}, {"name": "box7", "top": 31.383331298828125, "left": 734.5999755859375, "height": 17.75, "width": 14.4, "children": [{"name": "box8", "top": 32.03334045410156, "left": 734.5999755859375, "height": 15, "width": 14, "children": []}]}]}]}]}, {"name": "box0", "top": 0, "left": 0, "height": 57.5333, "width": 733.4, "children": [{"name": "box1", "top": 23, "left": 23, "height": 34.5333, "width": 687.4, "children": [{"name": "box2", "top": 31, "left": 693.4000244140625, "height": 18.5333, "width": 17, "children": []}, {"name": "box4", "top": 24.816665649414062, "left": 621, "height": 30.8833, "width": 44.4, "children": [{"name": "box5", "top": 24.816665649414062, "left": 621, "height": 30.8833, "width": 25, "children": [{"name": "box6", "top": 25.933334350585938, "left": 621, "height": 25, "width": 25, "children": []}]}, {"name": "box7", "top": 31.383331298828125, "left": 651, "height": 17.75, "width": 14.4, "children": [{"name": "box8", "top": 32.03334045410156, "left": 651, "height": 15, "width": 14, "children": []}]}]}]}]}, {"name": "box0", "top": 0, "left": 0, "height": 57.5333, "width": 815.733, "children": [{"name": "box1", "top": 23, "left": 23, "height": 34.5333, "width": 769.733, "children": [{"name": "box2", "top": 31, "left": 775.7333374023438, "height": 18.5333, "width": 17, "children": []}, {"name": "box4", "top": 24.816665649414062, "left": 703.3333129882812, "height": 30.8833, "width": 44.4, "children": [{"name": "box5", "top": 24.816665649414062, "left": 703.3333129882812, "height": 30.8833, "width": 25, "children": [{"name": "box6", "top": 25.933334350585938, "left": 703.3333129882812, "height": 25, "width": 25, "children": []}]}, {"name": "box7", "top": 31.383331298828125, "left": 733.3333129882812, "height": 17.75, "width": 14.4, "children": [{"name": "box8", "top": 32.03334045410156, "left": 733.3333129882812, "height": 15, "width": 14, "children": []}]}]}]}]}, {"name": "box0", "top": 0, "left": 0, "height": 57.5333, "width": 862.6, "children": [{"name": "box1", "top": 23, "left": 23, "height": 34.5333, "width": 816.6, "children": [{"name": "box2", "top": 31, "left": 822.5999755859375, "height": 18.5333, "width": 17, "children": []}, {"name": "box4", "top": 24.816665649414062, "left": 750.2000122070312, "height": 30.8833, "width": 44.4, "children": [{"name": "box5", "top": 24.816665649414062, "left": 750.2000122070312, "height": 30.8833, "width": 25, "children": [{"name": "box6", "top": 25.933334350585938, "left": 750.2000122070312, "height": 25, "width": 25, "children": []}]}, {"name": "box7", "top": 31.383331298828125, "left": 780.2000122070312, "height": 17.75, "width": 14.4, "children": [{"name": "box8", "top": 32.03334045410156, "left": 780.2000122070312, "height": 15, "width": 14, "children": []}]}]}]}]}, {"name": "box0", "top": 0, "left": 0, "height": 57.5333, "width": 727.067, "children": [{"name": "box1", "top": 23, "left": 23, "height": 34.5333, "width": 681.067, "children": [{"name": "box2", "top": 31, "left": 687.066650390625, "height": 18.5333, "width": 17, "children": []}, {"name": "box4", "top": 24.816665649414062, "left": 614.6666870117188, "height": 30.8833, "width": 44.4, "children": [{"name": "box5", "top": 24.816665649414062, "left": 614.6666870117188, "height": 30.8833, "width": 25, "children": [{"name": "box6", "top": 25.933334350585938, "left": 614.6666870117188, "height": 25, "width": 25, "children": []}]}, {"name": "box7", "top": 31.383331298828125, "left": 644.6666870117188, "height": 17.75, "width": 14.4, "children": [{"name": "box8", "top": 32.03334045410156, "left": 644.6666870117188, "height": 15, "width": 14, "children": []}]}]}]}]}, {"name": "box0", "top": 0, "left": 0, "height": 57.5333, "width": 803.067, "children": [{"name": "box1", "top": 23, "left": 23, "height": 34.5333, "width": 757.067, "children": [{"name": "box2", "top": 31, "left": 763.066650390625, "height": 18.5333, "width": 17, "children": []}, {"name": "box4", "top": 24.816665649414062, "left": 690.6666870117188, "height": 30.8833, "width": 44.4, "children": [{"name": "box5", "top": 24.816665649414062, "left": 690.6666870117188, "height": 30.8833, "width": 25, "children": [{"name": "box6", "top": 25.933334350585938, "left": 690.6666870117188, "height": 25, "width": 25, "children": []}]}, {"name": "box7", "top": 31.383331298828125, "left": 720.6666870117188, "height": 17.75, "width": 14.4, "children": [{"name": "box8", "top": 32.03334045410156, "left": 720.6666870117188, "height": 15, "width": 14, "children": []}]}]}]}]}, {"name": "box0", "top": 0, "left": 0, "height": 57.5333, "width": 824.6, "children": [{"name": "box1", "top": 23, "left": 23, "height": 34.5333, "width": 778.6, "children": [{"name": "box2", "top": 31, "left": 784.5999755859375, "height": 18.5333, "width": 17, "children": []}, {"name": "box4", "top": 24.816665649414062, "left": 712.2000122070312, "height": 30.8833, "width": 44.4, "children": [{"name": "box5", "top": 24.816665649414062, "left": 712.2000122070312, "height": 30.8833, "width": 25, "children": [{"name": "box6", "top": 25.933334350585938, "left": 712.2000122070312, "height": 25, "width": 25, "children": []}]}, {"name": "box7", "top": 31.383331298828125, "left": 742.2000122070312, "height": 17.75, "width": 14.4, "children": [{"name": "box8", "top": 32.03334045410156, "left": 742.2000122070312, "height": 15, "width": 14, "children": []}]}]}]}]}, {"name": "box0", "top": 0, "left": 0, "height": 57.5333, "width": 795.467, "children": [{"name": "box1", "top": 23, "left": 23, "height": 34.5333, "width": 749.467, "children": [{"name": "box2", "top": 31, "left": 755.4666748046875, "height": 18.5333, "width": 17, "children": []}, {"name": "box4", "top": 24.816665649414062, "left": 683.066650390625, "height": 30.8833, "width": 44.4, "children": [{"name": "box5", "top": 24.816665649414062, "left": 683.066650390625, "height": 30.8833, "width": 25, "children": [{"name": "box6", "top": 25.933334350585938, "left": 683.066650390625, "height": 25, "width": 25, "children": []}]}, {"name": "box7", "top": 31.383331298828125, "left": 713.066650390625, "height": 17.75, "width": 14.4, "children": [{"name": "box8", "top": 32.03334045410156, "left": 713.066650390625, "height": 15, "width": 14, "children": []}]}]}]}]}]}