{"name": "duckduckgo-large-blurb", "bench": {"height": {"low": 244, "high": 244}, "width": {"low": 577.6, "high": 690.067}, "trainSeed": 235775, "testSeed": 17250987, "testSize": 10, "trainSize": 10}, "train": [{"name": "box51", "top": 1890.88330078125, "left": 73.21665954589844, "height": 244, "width": 585.7, "children": [{"name": "box52", "top": 1890.88330078125, "left": 73.21665954589844, "height": 96, "width": 585.7, "children": []}, {"name": "box53", "top": 2006.88330078125, "left": 73.21665954589844, "height": 56, "width": 585.7, "children": []}, {"name": "box54", "top": 2067.88330078125, "left": 73.21665954589844, "height": 67, "width": 585.7, "children": [{"name": "box55", "top": 2104.88330078125, "left": 254.11666870117188, "height": 18, "width": 223.9, "children": []}]}]}, {"name": "box51", "top": 1890.88330078125, "left": 85.88333129882812, "height": 244, "width": 687.033, "children": [{"name": "box52", "top": 1890.88330078125, "left": 85.88333129882812, "height": 96, "width": 687.033, "children": []}, {"name": "box53", "top": 2006.88330078125, "left": 85.88333129882812, "height": 56, "width": 687.033, "children": []}, {"name": "box54", "top": 2067.88330078125, "left": 85.88333129882812, "height": 67, "width": 687.033, "children": [{"name": "box55", "top": 2104.88330078125, "left": 317.45001220703125, "height": 18, "width": 223.9, "children": []}]}]}, {"name": "box51", "top": 1890.88330078125, "left": 76.88333129882812, "height": 244, "width": 615.083, "children": [{"name": "box52", "top": 1890.88330078125, "left": 76.88333129882812, "height": 96, "width": 615.083, "children": []}, {"name": "box53", "top": 2006.88330078125, "left": 76.88333129882812, "height": 56, "width": 615.083, "children": []}, {"name": "box54", "top": 2067.88330078125, "left": 76.88333129882812, "height": 67, "width": 615.083, "children": [{"name": "box55", "top": 2104.88330078125, "left": 272.4666748046875, "height": 18, "width": 223.9, "children": []}]}]}, {"name": "box51", "top": 1890.88330078125, "left": 84.36666870117188, "height": 244, "width": 674.867, "children": [{"name": "box52", "top": 1890.88330078125, "left": 84.36666870117188, "height": 96, "width": 674.867, "children": []}, {"name": "box53", "top": 2006.88330078125, "left": 84.36666870117188, "height": 56, "width": 674.867, "children": []}, {"name": "box54", "top": 2067.88330078125, "left": 84.36666870117188, "height": 67, "width": 674.867, "children": [{"name": "box55", "top": 2104.88330078125, "left": 309.8500061035156, "height": 18, "width": 223.9, "children": []}]}]}, {"name": "box51", "top": 1890.88330078125, "left": 79.80000305175781, "height": 244, "width": 638.4, "children": [{"name": "box52", "top": 1890.88330078125, "left": 79.80000305175781, "height": 96, "width": 638.4, "children": []}, {"name": "box53", "top": 2006.88330078125, "left": 79.80000305175781, "height": 56, "width": 638.4, "children": []}, {"name": "box54", "top": 2067.88330078125, "left": 79.80000305175781, "height": 67, "width": 638.4, "children": [{"name": "box55", "top": 2104.88330078125, "left": 287.04998779296875, "height": 18, "width": 223.9, "children": []}]}]}, {"name": "box51", "top": 1890.88330078125, "left": 75.23333740234375, "height": 244, "width": 601.917, "children": [{"name": "box52", "top": 1890.88330078125, "left": 75.23333740234375, "height": 96, "width": 601.917, "children": []}, {"name": "box53", "top": 2006.88330078125, "left": 75.23333740234375, "height": 56, "width": 601.917, "children": []}, {"name": "box54", "top": 2067.88330078125, "left": 75.23333740234375, "height": 67, "width": 601.917, "children": [{"name": "box55", "top": 2104.88330078125, "left": 264.23333740234375, "height": 18, "width": 223.9, "children": []}]}]}, {"name": "box51", "top": 1890.88330078125, "left": 72.19999694824219, "height": 244, "width": 577.6, "children": [{"name": "box52", "top": 1890.88330078125, "left": 72.19999694824219, "height": 96, "width": 577.6, "children": []}, {"name": "box53", "top": 2006.88330078125, "left": 72.19999694824219, "height": 56, "width": 577.6, "children": []}, {"name": "box54", "top": 2067.88330078125, "left": 72.19999694824219, "height": 67, "width": 577.6, "children": [{"name": "box55", "top": 2104.88330078125, "left": 249.0500030517578, "height": 18, "width": 223.9, "children": []}]}]}, {"name": "box51", "top": 1890.88330078125, "left": 83.35000610351562, "height": 244, "width": 666.767, "children": [{"name": "box52", "top": 1890.88330078125, "left": 83.35000610351562, "height": 96, "width": 666.767, "children": []}, {"name": "box53", "top": 2006.88330078125, "left": 83.35000610351562, "height": 56, "width": 666.767, "children": []}, {"name": "box54", "top": 2067.88330078125, "left": 83.35000610351562, "height": 67, "width": 666.767, "children": [{"name": "box55", "top": 2104.88330078125, "left": 304.7833251953125, "height": 18, "width": 223.9, "children": []}]}]}, {"name": "box51", "top": 1890.88330078125, "left": 75.75, "height": 244, "width": 605.967, "children": [{"name": "box52", "top": 1890.88330078125, "left": 75.75, "height": 96, "width": 605.967, "children": []}, {"name": "box53", "top": 2006.88330078125, "left": 75.75, "height": 56, "width": 605.967, "children": []}, {"name": "box54", "top": 2067.88330078125, "left": 75.75, "height": 67, "width": 605.967, "children": [{"name": "box55", "top": 2104.88330078125, "left": 266.78334045410156, "height": 18, "width": 223.9, "children": []}]}]}, {"name": "box51", "top": 1890.88330078125, "left": 73.60000610351562, "height": 244, "width": 588.733, "children": [{"name": "box52", "top": 1890.88330078125, "left": 73.60000610351562, "height": 96, "width": 588.733, "children": []}, {"name": "box53", "top": 2006.88330078125, "left": 73.60000610351562, "height": 56, "width": 588.733, "children": []}, {"name": "box54", "top": 2067.88330078125, "left": 73.60000610351562, "height": 67, "width": 588.733, "children": [{"name": "box55", "top": 2104.88330078125, "left": 256.01666259765625, "height": 18, "width": 223.9, "children": []}]}]}], "test": [{"name": "box51", "top": 1890.88330078125, "left": 81.31666564941406, "height": 244, "width": 650.55, "children": [{"name": "box52", "top": 1890.88330078125, "left": 81.31666564941406, "height": 96, "width": 650.55, "children": []}, {"name": "box53", "top": 2006.88330078125, "left": 81.31666564941406, "height": 56, "width": 650.55, "children": []}, {"name": "box54", "top": 2067.88330078125, "left": 81.31666564941406, "height": 67, "width": 650.55, "children": [{"name": "box55", "top": 2104.88330078125, "left": 294.6333312988281, "height": 18, "width": 223.9, "children": []}]}]}, {"name": "box51", "top": 1890.88330078125, "left": 72.44999694824219, "height": 244, "width": 579.617, "children": [{"name": "box52", "top": 1890.88330078125, "left": 72.44999694824219, "height": 96, "width": 579.617, "children": []}, {"name": "box53", "top": 2006.88330078125, "left": 72.44999694824219, "height": 56, "width": 579.617, "children": []}, {"name": "box54", "top": 2067.88330078125, "left": 72.44999694824219, "height": 67, "width": 579.617, "children": [{"name": "box55", "top": 2104.88330078125, "left": 250.3000030517578, "height": 18, "width": 223.9, "children": []}]}]}, {"name": "box51", "top": 1890.88330078125, "left": 81.69999694824219, "height": 244, "width": 653.6, "children": [{"name": "box52", "top": 1890.88330078125, "left": 81.69999694824219, "height": 96, "width": 653.6, "children": []}, {"name": "box53", "top": 2006.88330078125, "left": 81.69999694824219, "height": 56, "width": 653.6, "children": []}, {"name": "box54", "top": 2067.88330078125, "left": 81.69999694824219, "height": 67, "width": 653.6, "children": [{"name": "box55", "top": 2104.88330078125, "left": 296.54998779296875, "height": 18, "width": 223.9, "children": []}]}]}, {"name": "box51", "top": 1890.88330078125, "left": 73.33332824707031, "height": 244, "width": 586.717, "children": [{"name": "box52", "top": 1890.88330078125, "left": 73.33332824707031, "height": 96, "width": 586.717, "children": []}, {"name": "box53", "top": 2006.88330078125, "left": 73.33332824707031, "height": 56, "width": 586.717, "children": []}, {"name": "box54", "top": 2067.88330078125, "left": 73.33332824707031, "height": 67, "width": 586.717, "children": [{"name": "box55", "top": 2104.88330078125, "left": 254.73333740234375, "height": 18, "width": 223.9, "children": []}]}]}, {"name": "box51", "top": 1890.88330078125, "left": 81.56666564941406, "height": 244, "width": 652.583, "children": [{"name": "box52", "top": 1890.88330078125, "left": 81.56666564941406, "height": 96, "width": 652.583, "children": []}, {"name": "box53", "top": 2006.88330078125, "left": 81.56666564941406, "height": 56, "width": 652.583, "children": []}, {"name": "box54", "top": 2067.88330078125, "left": 81.56666564941406, "height": 67, "width": 652.583, "children": [{"name": "box55", "top": 2104.88330078125, "left": 295.8999938964844, "height": 18, "width": 223.9, "children": []}]}]}, {"name": "box51", "top": 1890.88330078125, "left": 86.26666259765625, "height": 244, "width": 690.067, "children": [{"name": "box52", "top": 1890.88330078125, "left": 86.26666259765625, "height": 96, "width": 690.067, "children": []}, {"name": "box53", "top": 2006.88330078125, "left": 86.26666259765625, "height": 56, "width": 690.067, "children": []}, {"name": "box54", "top": 2067.88330078125, "left": 86.26666259765625, "height": 67, "width": 690.067, "children": [{"name": "box55", "top": 2104.88330078125, "left": 319.3500061035156, "height": 18, "width": 223.9, "children": []}]}]}, {"name": "box51", "top": 1890.88330078125, "left": 72.69999694824219, "height": 244, "width": 581.65, "children": [{"name": "box52", "top": 1890.88330078125, "left": 72.69999694824219, "height": 96, "width": 581.65, "children": []}, {"name": "box53", "top": 2006.88330078125, "left": 72.69999694824219, "height": 56, "width": 581.65, "children": []}, {"name": "box54", "top": 2067.88330078125, "left": 72.69999694824219, "height": 67, "width": 581.65, "children": [{"name": "box55", "top": 2104.88330078125, "left": 251.56666564941406, "height": 18, "width": 223.9, "children": []}]}]}, {"name": "box51", "top": 1890.88330078125, "left": 80.30000305175781, "height": 244, "width": 642.45, "children": [{"name": "box52", "top": 1890.88330078125, "left": 80.30000305175781, "height": 96, "width": 642.45, "children": []}, {"name": "box53", "top": 2006.88330078125, "left": 80.30000305175781, "height": 56, "width": 642.45, "children": []}, {"name": "box54", "top": 2067.88330078125, "left": 80.30000305175781, "height": 67, "width": 642.45, "children": [{"name": "box55", "top": 2104.88330078125, "left": 289.566650390625, "height": 18, "width": 223.9, "children": []}]}]}, {"name": "box51", "top": 1890.88330078125, "left": 82.46665954589844, "height": 244, "width": 659.667, "children": [{"name": "box52", "top": 1890.88330078125, "left": 82.46665954589844, "height": 96, "width": 659.667, "children": []}, {"name": "box53", "top": 2006.88330078125, "left": 82.46665954589844, "height": 56, "width": 659.667, "children": []}, {"name": "box54", "top": 2067.88330078125, "left": 82.46665954589844, "height": 67, "width": 659.667, "children": [{"name": "box55", "top": 2104.88330078125, "left": 300.3500061035156, "height": 18, "width": 223.9, "children": []}]}]}, {"name": "box51", "top": 1890.88330078125, "left": 79.55000305175781, "height": 244, "width": 636.367, "children": [{"name": "box52", "top": 1890.88330078125, "left": 79.55000305175781, "height": 96, "width": 636.367, "children": []}, {"name": "box53", "top": 2006.88330078125, "left": 79.55000305175781, "height": 56, "width": 636.367, "children": []}, {"name": "box54", "top": 2067.88330078125, "left": 79.55000305175781, "height": 67, "width": 636.367, "children": [{"name": "box55", "top": 2104.88330078125, "left": 285.7833251953125, "height": 18, "width": 223.9, "children": []}]}]}]}