{"name": "duckduckgo-minipages", "bench": {"height": {"low": 1106, "high": 1106}, "width": {"low": 642, "high": 782.6}, "trainSeed": 235775, "testSeed": 17250987, "testSize": 10, "trainSize": 10}, "train": [{"name": "box33", "top": 655.7000122070312, "left": 40, "height": 1106, "width": 652.133, "children": [{"name": "box34", "top": 655.7000122070312, "left": 221.06666564941406, "height": 322, "width": 290, "children": [{"name": "box35", "top": 689.7000122070312, "left": 314.9666748046875, "height": 72, "width": 102.2, "children": []}, {"name": "box36", "top": 791.7000122070312, "left": 278.1166687011719, "height": 27, "width": 175.883, "children": []}, {"name": "box37", "top": 824.7000122070312, "left": 245.06666564941406, "height": 120, "width": 242, "children": [{"name": "box38", "top": 922.88330078125, "left": 302.83331298828125, "height": 20, "width": 123, "children": []}]}]}, {"name": "box39", "top": 997.7000122070312, "left": 221.06666564941406, "height": 322, "width": 290, "children": [{"name": "box40", "top": 1031.699951171875, "left": 323.25, "height": 72, "width": 85.6167, "children": []}, {"name": "box41", "top": 1133.699951171875, "left": 259.73333740234375, "height": 27, "width": 212.667, "children": []}, {"name": "box42", "top": 1166.699951171875, "left": 245.06666564941406, "height": 96, "width": 242, "children": [{"name": "box43", "top": 1240.88330078125, "left": 339.51666259765625, "height": 20, "width": 122, "children": []}]}]}, {"name": "box44", "top": 1339.699951171875, "left": 221.06666564941406, "height": 322, "width": 290, "children": [{"name": "box45", "top": 1373.699951171875, "left": 320.183349609375, "height": 72, "width": 91.7667, "children": []}, {"name": "box46", "top": 1475.699951171875, "left": 265.3500061035156, "height": 27, "width": 201.417, "children": []}, {"name": "box47", "top": 1508.699951171875, "left": 245.06666564941406, "height": 120, "width": 242, "children": [{"name": "box48", "top": 1606.88330078125, "left": 324.7166748046875, "height": 20, "width": 101, "children": []}]}]}]}, {"name": "box33", "top": 655.7000122070312, "left": 40, "height": 1106, "width": 778.8, "children": [{"name": "box34", "top": 655.7000122070312, "left": 284.3999938964844, "height": 322, "width": 290, "children": [{"name": "box35", "top": 689.7000122070312, "left": 378.29998779296875, "height": 72, "width": 102.2, "children": []}, {"name": "box36", "top": 791.7000122070312, "left": 341.45001220703125, "height": 27, "width": 175.883, "children": []}, {"name": "box37", "top": 824.7000122070312, "left": 308.3999938964844, "height": 120, "width": 242, "children": [{"name": "box38", "top": 922.88330078125, "left": 366.16668701171875, "height": 20, "width": 123, "children": []}]}]}, {"name": "box39", "top": 997.7000122070312, "left": 284.3999938964844, "height": 322, "width": 290, "children": [{"name": "box40", "top": 1031.699951171875, "left": 386.58331298828125, "height": 72, "width": 85.6167, "children": []}, {"name": "box41", "top": 1133.699951171875, "left": 323.066650390625, "height": 27, "width": 212.667, "children": []}, {"name": "box42", "top": 1166.699951171875, "left": 308.3999938964844, "height": 96, "width": 242, "children": [{"name": "box43", "top": 1240.88330078125, "left": 402.8500061035156, "height": 20, "width": 122, "children": []}]}]}, {"name": "box44", "top": 1339.699951171875, "left": 284.3999938964844, "height": 322, "width": 290, "children": [{"name": "box45", "top": 1373.699951171875, "left": 383.51666259765625, "height": 72, "width": 91.7667, "children": []}, {"name": "box46", "top": 1475.699951171875, "left": 328.683349609375, "height": 27, "width": 201.417, "children": []}, {"name": "box47", "top": 1508.699951171875, "left": 308.3999938964844, "height": 120, "width": 242, "children": [{"name": "box48", "top": 1606.88330078125, "left": 388.04998779296875, "height": 20, "width": 101, "children": []}]}]}]}, {"name": "box33", "top": 655.7000122070312, "left": 40, "height": 1106, "width": 688.867, "children": [{"name": "box34", "top": 655.7000122070312, "left": 239.43333435058594, "height": 322, "width": 290, "children": [{"name": "box35", "top": 689.7000122070312, "left": 333.33331298828125, "height": 72, "width": 102.2, "children": []}, {"name": "box36", "top": 791.7000122070312, "left": 296.48333740234375, "height": 27, "width": 175.883, "children": []}, {"name": "box37", "top": 824.7000122070312, "left": 263.433349609375, "height": 120, "width": 242, "children": [{"name": "box38", "top": 922.88330078125, "left": 321.20001220703125, "height": 20, "width": 123, "children": []}]}]}, {"name": "box39", "top": 997.7000122070312, "left": 239.43333435058594, "height": 322, "width": 290, "children": [{"name": "box40", "top": 1031.699951171875, "left": 341.6166687011719, "height": 72, "width": 85.6167, "children": []}, {"name": "box41", "top": 1133.699951171875, "left": 278.1000061035156, "height": 27, "width": 212.667, "children": []}, {"name": "box42", "top": 1166.699951171875, "left": 263.433349609375, "height": 96, "width": 242, "children": [{"name": "box43", "top": 1240.88330078125, "left": 357.8833312988281, "height": 20, "width": 122, "children": []}]}]}, {"name": "box44", "top": 1339.699951171875, "left": 239.43333435058594, "height": 322, "width": 290, "children": [{"name": "box45", "top": 1373.699951171875, "left": 338.54998779296875, "height": 72, "width": 91.7667, "children": []}, {"name": "box46", "top": 1475.699951171875, "left": 283.7166748046875, "height": 27, "width": 201.417, "children": []}, {"name": "box47", "top": 1508.699951171875, "left": 263.433349609375, "height": 120, "width": 242, "children": [{"name": "box48", "top": 1606.88330078125, "left": 343.08331298828125, "height": 20, "width": 101, "children": []}]}]}]}, {"name": "box33", "top": 655.7000122070312, "left": 40, "height": 1106, "width": 763.6, "children": [{"name": "box34", "top": 655.7000122070312, "left": 276.79998779296875, "height": 322, "width": 290, "children": [{"name": "box35", "top": 689.7000122070312, "left": 370.70001220703125, "height": 72, "width": 102.2, "children": []}, {"name": "box36", "top": 791.7000122070312, "left": 333.8500061035156, "height": 27, "width": 175.883, "children": []}, {"name": "box37", "top": 824.7000122070312, "left": 300.79998779296875, "height": 120, "width": 242, "children": [{"name": "box38", "top": 922.88330078125, "left": 358.566650390625, "height": 20, "width": 123, "children": []}]}]}, {"name": "box39", "top": 997.7000122070312, "left": 276.79998779296875, "height": 322, "width": 290, "children": [{"name": "box40", "top": 1031.699951171875, "left": 378.98333740234375, "height": 72, "width": 85.6167, "children": []}, {"name": "box41", "top": 1133.699951171875, "left": 315.4666748046875, "height": 27, "width": 212.667, "children": []}, {"name": "box42", "top": 1166.699951171875, "left": 300.79998779296875, "height": 96, "width": 242, "children": [{"name": "box43", "top": 1240.88330078125, "left": 395.25, "height": 20, "width": 122, "children": []}]}]}, {"name": "box44", "top": 1339.699951171875, "left": 276.79998779296875, "height": 322, "width": 290, "children": [{"name": "box45", "top": 1373.699951171875, "left": 375.91668701171875, "height": 72, "width": 91.7667, "children": []}, {"name": "box46", "top": 1475.699951171875, "left": 321.08331298828125, "height": 27, "width": 201.417, "children": []}, {"name": "box47", "top": 1508.699951171875, "left": 300.79998779296875, "height": 120, "width": 242, "children": [{"name": "box48", "top": 1606.88330078125, "left": 380.45001220703125, "height": 20, "width": 101, "children": []}]}]}]}, {"name": "box33", "top": 655.7000122070312, "left": 40, "height": 1106, "width": 718, "children": [{"name": "box34", "top": 655.7000122070312, "left": 254, "height": 322, "width": 290, "children": [{"name": "box35", "top": 689.7000122070312, "left": 347.8999938964844, "height": 72, "width": 102.2, "children": []}, {"name": "box36", "top": 791.7000122070312, "left": 311.04998779296875, "height": 27, "width": 175.883, "children": []}, {"name": "box37", "top": 824.7000122070312, "left": 278, "height": 120, "width": 242, "children": [{"name": "box38", "top": 922.88330078125, "left": 335.76666259765625, "height": 20, "width": 123, "children": []}]}]}, {"name": "box39", "top": 997.7000122070312, "left": 254, "height": 322, "width": 290, "children": [{"name": "box40", "top": 1031.699951171875, "left": 356.183349609375, "height": 72, "width": 85.6167, "children": []}, {"name": "box41", "top": 1133.699951171875, "left": 292.66668701171875, "height": 27, "width": 212.667, "children": []}, {"name": "box42", "top": 1166.699951171875, "left": 278, "height": 96, "width": 242, "children": [{"name": "box43", "top": 1240.88330078125, "left": 372.45001220703125, "height": 20, "width": 122, "children": []}]}]}, {"name": "box44", "top": 1339.699951171875, "left": 254, "height": 322, "width": 290, "children": [{"name": "box45", "top": 1373.699951171875, "left": 353.1166687011719, "height": 72, "width": 91.7667, "children": []}, {"name": "box46", "top": 1475.699951171875, "left": 298.2833251953125, "height": 27, "width": 201.417, "children": []}, {"name": "box47", "top": 1508.699951171875, "left": 278, "height": 120, "width": 242, "children": [{"name": "box48", "top": 1606.88330078125, "left": 357.6499938964844, "height": 20, "width": 101, "children": []}]}]}]}, {"name": "box33", "top": 655.7000122070312, "left": 40, "height": 1106, "width": 672.4, "children": [{"name": "box34", "top": 655.7000122070312, "left": 231.1999969482422, "height": 322, "width": 290, "children": [{"name": "box35", "top": 689.7000122070312, "left": 325.1000061035156, "height": 72, "width": 102.2, "children": []}, {"name": "box36", "top": 791.7000122070312, "left": 288.25, "height": 27, "width": 175.883, "children": []}, {"name": "box37", "top": 824.7000122070312, "left": 255.1999969482422, "height": 120, "width": 242, "children": [{"name": "box38", "top": 922.88330078125, "left": 312.9666748046875, "height": 20, "width": 123, "children": []}]}]}, {"name": "box39", "top": 997.7000122070312, "left": 231.1999969482422, "height": 322, "width": 290, "children": [{"name": "box40", "top": 1031.699951171875, "left": 333.3833312988281, "height": 72, "width": 85.6167, "children": []}, {"name": "box41", "top": 1133.699951171875, "left": 269.8666687011719, "height": 27, "width": 212.667, "children": []}, {"name": "box42", "top": 1166.699951171875, "left": 255.1999969482422, "height": 96, "width": 242, "children": [{"name": "box43", "top": 1240.88330078125, "left": 349.6499938964844, "height": 20, "width": 122, "children": []}]}]}, {"name": "box44", "top": 1339.699951171875, "left": 231.1999969482422, "height": 322, "width": 290, "children": [{"name": "box45", "top": 1373.699951171875, "left": 330.316650390625, "height": 72, "width": 91.7667, "children": []}, {"name": "box46", "top": 1475.699951171875, "left": 275.48333740234375, "height": 27, "width": 201.417, "children": []}, {"name": "box47", "top": 1508.699951171875, "left": 255.1999969482422, "height": 120, "width": 242, "children": [{"name": "box48", "top": 1606.88330078125, "left": 334.8500061035156, "height": 20, "width": 101, "children": []}]}]}]}, {"name": "box33", "top": 655.7000122070312, "left": 40, "height": 1106, "width": 642, "children": [{"name": "box34", "top": 655.7000122070312, "left": 216, "height": 322, "width": 290, "children": [{"name": "box35", "top": 689.7000122070312, "left": 309.8999938964844, "height": 72, "width": 102.2, "children": []}, {"name": "box36", "top": 791.7000122070312, "left": 273.04998779296875, "height": 27, "width": 175.883, "children": []}, {"name": "box37", "top": 824.7000122070312, "left": 240, "height": 120, "width": 242, "children": [{"name": "box38", "top": 922.88330078125, "left": 297.76666259765625, "height": 20, "width": 123, "children": []}]}]}, {"name": "box39", "top": 997.7000122070312, "left": 216, "height": 322, "width": 290, "children": [{"name": "box40", "top": 1031.699951171875, "left": 318.183349609375, "height": 72, "width": 85.6167, "children": []}, {"name": "box41", "top": 1133.699951171875, "left": 254.6666717529297, "height": 27, "width": 212.667, "children": []}, {"name": "box42", "top": 1166.699951171875, "left": 240, "height": 96, "width": 242, "children": [{"name": "box43", "top": 1240.88330078125, "left": 334.45001220703125, "height": 20, "width": 122, "children": []}]}]}, {"name": "box44", "top": 1339.699951171875, "left": 216, "height": 322, "width": 290, "children": [{"name": "box45", "top": 1373.699951171875, "left": 315.1166687011719, "height": 72, "width": 91.7667, "children": []}, {"name": "box46", "top": 1475.699951171875, "left": 260.2833251953125, "height": 27, "width": 201.417, "children": []}, {"name": "box47", "top": 1508.699951171875, "left": 240, "height": 120, "width": 242, "children": [{"name": "box48", "top": 1606.88330078125, "left": 319.6499938964844, "height": 20, "width": 101, "children": []}]}]}]}, {"name": "box33", "top": 655.7000122070312, "left": 40, "height": 1106, "width": 753.467, "children": [{"name": "box34", "top": 655.7000122070312, "left": 271.73333740234375, "height": 322, "width": 290, "children": [{"name": "box35", "top": 689.7000122070312, "left": 365.6333312988281, "height": 72, "width": 102.2, "children": []}, {"name": "box36", "top": 791.7000122070312, "left": 328.7833251953125, "height": 27, "width": 175.883, "children": []}, {"name": "box37", "top": 824.7000122070312, "left": 295.73333740234375, "height": 120, "width": 242, "children": [{"name": "box38", "top": 922.88330078125, "left": 353.5, "height": 20, "width": 123, "children": []}]}]}, {"name": "box39", "top": 997.7000122070312, "left": 271.73333740234375, "height": 322, "width": 290, "children": [{"name": "box40", "top": 1031.699951171875, "left": 373.91668701171875, "height": 72, "width": 85.6167, "children": []}, {"name": "box41", "top": 1133.699951171875, "left": 310.3999938964844, "height": 27, "width": 212.667, "children": []}, {"name": "box42", "top": 1166.699951171875, "left": 295.73333740234375, "height": 96, "width": 242, "children": [{"name": "box43", "top": 1240.88330078125, "left": 390.183349609375, "height": 20, "width": 122, "children": []}]}]}, {"name": "box44", "top": 1339.699951171875, "left": 271.73333740234375, "height": 322, "width": 290, "children": [{"name": "box45", "top": 1373.699951171875, "left": 370.8500061035156, "height": 72, "width": 91.7667, "children": []}, {"name": "box46", "top": 1475.699951171875, "left": 316.01666259765625, "height": 27, "width": 201.417, "children": []}, {"name": "box47", "top": 1508.699951171875, "left": 295.73333740234375, "height": 120, "width": 242, "children": [{"name": "box48", "top": 1606.88330078125, "left": 375.3833312988281, "height": 20, "width": 101, "children": []}]}]}]}, {"name": "box33", "top": 655.7000122070312, "left": 40, "height": 1106, "width": 677.467, "children": [{"name": "box34", "top": 655.7000122070312, "left": 233.73333740234375, "height": 322, "width": 290, "children": [{"name": "box35", "top": 689.7000122070312, "left": 327.6333312988281, "height": 72, "width": 102.2, "children": []}, {"name": "box36", "top": 791.7000122070312, "left": 290.7833251953125, "height": 27, "width": 175.883, "children": []}, {"name": "box37", "top": 824.7000122070312, "left": 257.73333740234375, "height": 120, "width": 242, "children": [{"name": "box38", "top": 922.88330078125, "left": 315.5, "height": 20, "width": 123, "children": []}]}]}, {"name": "box39", "top": 997.7000122070312, "left": 233.73333740234375, "height": 322, "width": 290, "children": [{"name": "box40", "top": 1031.699951171875, "left": 335.91668701171875, "height": 72, "width": 85.6167, "children": []}, {"name": "box41", "top": 1133.699951171875, "left": 272.3999938964844, "height": 27, "width": 212.667, "children": []}, {"name": "box42", "top": 1166.699951171875, "left": 257.73333740234375, "height": 96, "width": 242, "children": [{"name": "box43", "top": 1240.88330078125, "left": 352.183349609375, "height": 20, "width": 122, "children": []}]}]}, {"name": "box44", "top": 1339.699951171875, "left": 233.73333740234375, "height": 322, "width": 290, "children": [{"name": "box45", "top": 1373.699951171875, "left": 332.8500061035156, "height": 72, "width": 91.7667, "children": []}, {"name": "box46", "top": 1475.699951171875, "left": 278.01666259765625, "height": 27, "width": 201.417, "children": []}, {"name": "box47", "top": 1508.699951171875, "left": 257.73333740234375, "height": 120, "width": 242, "children": [{"name": "box48", "top": 1606.88330078125, "left": 337.3833312988281, "height": 20, "width": 101, "children": []}]}]}]}, {"name": "box33", "top": 655.7000122070312, "left": 40, "height": 1106, "width": 655.933, "children": [{"name": "box34", "top": 655.7000122070312, "left": 222.96665954589844, "height": 322, "width": 290, "children": [{"name": "box35", "top": 689.7000122070312, "left": 316.8666687011719, "height": 72, "width": 102.2, "children": []}, {"name": "box36", "top": 791.7000122070312, "left": 280.01666259765625, "height": 27, "width": 175.883, "children": []}, {"name": "box37", "top": 824.7000122070312, "left": 246.96665954589844, "height": 120, "width": 242, "children": [{"name": "box38", "top": 922.88330078125, "left": 304.73333740234375, "height": 20, "width": 123, "children": []}]}]}, {"name": "box39", "top": 997.7000122070312, "left": 222.96665954589844, "height": 322, "width": 290, "children": [{"name": "box40", "top": 1031.699951171875, "left": 325.1499938964844, "height": 72, "width": 85.6167, "children": []}, {"name": "box41", "top": 1133.699951171875, "left": 261.6333312988281, "height": 27, "width": 212.667, "children": []}, {"name": "box42", "top": 1166.699951171875, "left": 246.96665954589844, "height": 96, "width": 242, "children": [{"name": "box43", "top": 1240.88330078125, "left": 341.41668701171875, "height": 20, "width": 122, "children": []}]}]}, {"name": "box44", "top": 1339.699951171875, "left": 222.96665954589844, "height": 322, "width": 290, "children": [{"name": "box45", "top": 1373.699951171875, "left": 322.08331298828125, "height": 72, "width": 91.7667, "children": []}, {"name": "box46", "top": 1475.699951171875, "left": 267.25, "height": 27, "width": 201.417, "children": []}, {"name": "box47", "top": 1508.699951171875, "left": 246.96665954589844, "height": 120, "width": 242, "children": [{"name": "box48", "top": 1606.88330078125, "left": 326.6166687011719, "height": 20, "width": 101, "children": []}]}]}]}], "test": [{"name": "box33", "top": 655.7000122070312, "left": 40, "height": 1106, "width": 733.2, "children": [{"name": "box34", "top": 655.7000122070312, "left": 261.6000061035156, "height": 322, "width": 290, "children": [{"name": "box35", "top": 689.7000122070312, "left": 355.5, "height": 72, "width": 102.2, "children": []}, {"name": "box36", "top": 791.7000122070312, "left": 318.6499938964844, "height": 27, "width": 175.883, "children": []}, {"name": "box37", "top": 824.7000122070312, "left": 285.6000061035156, "height": 120, "width": 242, "children": [{"name": "box38", "top": 922.88330078125, "left": 343.3666687011719, "height": 20, "width": 123, "children": []}]}]}, {"name": "box39", "top": 997.7000122070312, "left": 261.6000061035156, "height": 322, "width": 290, "children": [{"name": "box40", "top": 1031.699951171875, "left": 363.7833251953125, "height": 72, "width": 85.6167, "children": []}, {"name": "box41", "top": 1133.699951171875, "left": 300.26666259765625, "height": 27, "width": 212.667, "children": []}, {"name": "box42", "top": 1166.699951171875, "left": 285.6000061035156, "height": 96, "width": 242, "children": [{"name": "box43", "top": 1240.88330078125, "left": 380.04998779296875, "height": 20, "width": 122, "children": []}]}]}, {"name": "box44", "top": 1339.699951171875, "left": 261.6000061035156, "height": 322, "width": 290, "children": [{"name": "box45", "top": 1373.699951171875, "left": 360.7166748046875, "height": 72, "width": 91.7667, "children": []}, {"name": "box46", "top": 1475.699951171875, "left": 305.8833312988281, "height": 27, "width": 201.417, "children": []}, {"name": "box47", "top": 1508.699951171875, "left": 285.6000061035156, "height": 120, "width": 242, "children": [{"name": "box48", "top": 1606.88330078125, "left": 365.25, "height": 20, "width": 101, "children": []}]}]}]}, {"name": "box33", "top": 655.7000122070312, "left": 40, "height": 1106, "width": 644.533, "children": [{"name": "box34", "top": 655.7000122070312, "left": 217.26666259765625, "height": 322, "width": 290, "children": [{"name": "box35", "top": 689.7000122070312, "left": 311.16668701171875, "height": 72, "width": 102.2, "children": []}, {"name": "box36", "top": 791.7000122070312, "left": 274.316650390625, "height": 27, "width": 175.883, "children": []}, {"name": "box37", "top": 824.7000122070312, "left": 241.26666259765625, "height": 120, "width": 242, "children": [{"name": "box38", "top": 922.88330078125, "left": 299.0333251953125, "height": 20, "width": 123, "children": []}]}]}, {"name": "box39", "top": 997.7000122070312, "left": 217.26666259765625, "height": 322, "width": 290, "children": [{"name": "box40", "top": 1031.699951171875, "left": 319.45001220703125, "height": 72, "width": 85.6167, "children": []}, {"name": "box41", "top": 1133.699951171875, "left": 255.93333435058594, "height": 27, "width": 212.667, "children": []}, {"name": "box42", "top": 1166.699951171875, "left": 241.26666259765625, "height": 96, "width": 242, "children": [{"name": "box43", "top": 1240.88330078125, "left": 335.7166748046875, "height": 20, "width": 122, "children": []}]}]}, {"name": "box44", "top": 1339.699951171875, "left": 217.26666259765625, "height": 322, "width": 290, "children": [{"name": "box45", "top": 1373.699951171875, "left": 316.3833312988281, "height": 72, "width": 91.7667, "children": []}, {"name": "box46", "top": 1475.699951171875, "left": 261.54998779296875, "height": 27, "width": 201.417, "children": []}, {"name": "box47", "top": 1508.699951171875, "left": 241.26666259765625, "height": 120, "width": 242, "children": [{"name": "box48", "top": 1606.88330078125, "left": 320.91668701171875, "height": 20, "width": 101, "children": []}]}]}]}, {"name": "box33", "top": 655.7000122070312, "left": 40, "height": 1106, "width": 737, "children": [{"name": "box34", "top": 655.7000122070312, "left": 263.5, "height": 322, "width": 290, "children": [{"name": "box35", "top": 689.7000122070312, "left": 357.3999938964844, "height": 72, "width": 102.2, "children": []}, {"name": "box36", "top": 791.7000122070312, "left": 320.54998779296875, "height": 27, "width": 175.883, "children": []}, {"name": "box37", "top": 824.7000122070312, "left": 287.5, "height": 120, "width": 242, "children": [{"name": "box38", "top": 922.88330078125, "left": 345.26666259765625, "height": 20, "width": 123, "children": []}]}]}, {"name": "box39", "top": 997.7000122070312, "left": 263.5, "height": 322, "width": 290, "children": [{"name": "box40", "top": 1031.699951171875, "left": 365.683349609375, "height": 72, "width": 85.6167, "children": []}, {"name": "box41", "top": 1133.699951171875, "left": 302.16668701171875, "height": 27, "width": 212.667, "children": []}, {"name": "box42", "top": 1166.699951171875, "left": 287.5, "height": 96, "width": 242, "children": [{"name": "box43", "top": 1240.88330078125, "left": 381.95001220703125, "height": 20, "width": 122, "children": []}]}]}, {"name": "box44", "top": 1339.699951171875, "left": 263.5, "height": 322, "width": 290, "children": [{"name": "box45", "top": 1373.699951171875, "left": 362.6166687011719, "height": 72, "width": 91.7667, "children": []}, {"name": "box46", "top": 1475.699951171875, "left": 307.7833251953125, "height": 27, "width": 201.417, "children": []}, {"name": "box47", "top": 1508.699951171875, "left": 287.5, "height": 120, "width": 242, "children": [{"name": "box48", "top": 1606.88330078125, "left": 367.1499938964844, "height": 20, "width": 101, "children": []}]}]}]}, {"name": "box33", "top": 655.7000122070312, "left": 40, "height": 1106, "width": 653.4, "children": [{"name": "box34", "top": 655.7000122070312, "left": 221.6999969482422, "height": 322, "width": 290, "children": [{"name": "box35", "top": 689.7000122070312, "left": 315.6000061035156, "height": 72, "width": 102.2, "children": []}, {"name": "box36", "top": 791.7000122070312, "left": 278.75, "height": 27, "width": 175.883, "children": []}, {"name": "box37", "top": 824.7000122070312, "left": 245.6999969482422, "height": 120, "width": 242, "children": [{"name": "box38", "top": 922.88330078125, "left": 303.4666748046875, "height": 20, "width": 123, "children": []}]}]}, {"name": "box39", "top": 997.7000122070312, "left": 221.6999969482422, "height": 322, "width": 290, "children": [{"name": "box40", "top": 1031.699951171875, "left": 323.8833312988281, "height": 72, "width": 85.6167, "children": []}, {"name": "box41", "top": 1133.699951171875, "left": 260.3666687011719, "height": 27, "width": 212.667, "children": []}, {"name": "box42", "top": 1166.699951171875, "left": 245.6999969482422, "height": 96, "width": 242, "children": [{"name": "box43", "top": 1240.88330078125, "left": 340.1499938964844, "height": 20, "width": 122, "children": []}]}]}, {"name": "box44", "top": 1339.699951171875, "left": 221.6999969482422, "height": 322, "width": 290, "children": [{"name": "box45", "top": 1373.699951171875, "left": 320.816650390625, "height": 72, "width": 91.7667, "children": []}, {"name": "box46", "top": 1475.699951171875, "left": 265.98333740234375, "height": 27, "width": 201.417, "children": []}, {"name": "box47", "top": 1508.699951171875, "left": 245.6999969482422, "height": 120, "width": 242, "children": [{"name": "box48", "top": 1606.88330078125, "left": 325.3500061035156, "height": 20, "width": 101, "children": []}]}]}]}, {"name": "box33", "top": 655.7000122070312, "left": 40, "height": 1106, "width": 735.733, "children": [{"name": "box34", "top": 655.7000122070312, "left": 262.8666687011719, "height": 322, "width": 290, "children": [{"name": "box35", "top": 689.7000122070312, "left": 356.76666259765625, "height": 72, "width": 102.2, "children": []}, {"name": "box36", "top": 791.7000122070312, "left": 319.91668701171875, "height": 27, "width": 175.883, "children": []}, {"name": "box37", "top": 824.7000122070312, "left": 286.8666687011719, "height": 120, "width": 242, "children": [{"name": "box38", "top": 922.88330078125, "left": 344.6333312988281, "height": 20, "width": 123, "children": []}]}]}, {"name": "box39", "top": 997.7000122070312, "left": 262.8666687011719, "height": 322, "width": 290, "children": [{"name": "box40", "top": 1031.699951171875, "left": 365.04998779296875, "height": 72, "width": 85.6167, "children": []}, {"name": "box41", "top": 1133.699951171875, "left": 301.5333251953125, "height": 27, "width": 212.667, "children": []}, {"name": "box42", "top": 1166.699951171875, "left": 286.8666687011719, "height": 96, "width": 242, "children": [{"name": "box43", "top": 1240.88330078125, "left": 381.316650390625, "height": 20, "width": 122, "children": []}]}]}, {"name": "box44", "top": 1339.699951171875, "left": 262.8666687011719, "height": 322, "width": 290, "children": [{"name": "box45", "top": 1373.699951171875, "left": 361.98333740234375, "height": 72, "width": 91.7667, "children": []}, {"name": "box46", "top": 1475.699951171875, "left": 307.1499938964844, "height": 27, "width": 201.417, "children": []}, {"name": "box47", "top": 1508.699951171875, "left": 286.8666687011719, "height": 120, "width": 242, "children": [{"name": "box48", "top": 1606.88330078125, "left": 366.51666259765625, "height": 20, "width": 101, "children": []}]}]}]}, {"name": "box33", "top": 655.7000122070312, "left": 40, "height": 1106, "width": 782.6, "children": [{"name": "box34", "top": 655.7000122070312, "left": 286.29998779296875, "height": 322, "width": 290, "children": [{"name": "box35", "top": 689.7000122070312, "left": 380.20001220703125, "height": 72, "width": 102.2, "children": []}, {"name": "box36", "top": 791.7000122070312, "left": 343.3500061035156, "height": 27, "width": 175.883, "children": []}, {"name": "box37", "top": 824.7000122070312, "left": 310.29998779296875, "height": 120, "width": 242, "children": [{"name": "box38", "top": 922.88330078125, "left": 368.066650390625, "height": 20, "width": 123, "children": []}]}]}, {"name": "box39", "top": 997.7000122070312, "left": 286.29998779296875, "height": 322, "width": 290, "children": [{"name": "box40", "top": 1031.699951171875, "left": 388.48333740234375, "height": 72, "width": 85.6167, "children": []}, {"name": "box41", "top": 1133.699951171875, "left": 324.9666748046875, "height": 27, "width": 212.667, "children": []}, {"name": "box42", "top": 1166.699951171875, "left": 310.29998779296875, "height": 96, "width": 242, "children": [{"name": "box43", "top": 1240.88330078125, "left": 404.75, "height": 20, "width": 122, "children": []}]}]}, {"name": "box44", "top": 1339.699951171875, "left": 286.29998779296875, "height": 322, "width": 290, "children": [{"name": "box45", "top": 1373.699951171875, "left": 385.41668701171875, "height": 72, "width": 91.7667, "children": []}, {"name": "box46", "top": 1475.699951171875, "left": 330.58331298828125, "height": 27, "width": 201.417, "children": []}, {"name": "box47", "top": 1508.699951171875, "left": 310.29998779296875, "height": 120, "width": 242, "children": [{"name": "box48", "top": 1606.88330078125, "left": 389.95001220703125, "height": 20, "width": 101, "children": []}]}]}]}, {"name": "box33", "top": 655.7000122070312, "left": 40, "height": 1106, "width": 647.067, "children": [{"name": "box34", "top": 655.7000122070312, "left": 218.53334045410156, "height": 322, "width": 290, "children": [{"name": "box35", "top": 689.7000122070312, "left": 312.433349609375, "height": 72, "width": 102.2, "children": []}, {"name": "box36", "top": 791.7000122070312, "left": 275.58331298828125, "height": 27, "width": 175.883, "children": []}, {"name": "box37", "top": 824.7000122070312, "left": 242.53334045410156, "height": 120, "width": 242, "children": [{"name": "box38", "top": 922.88330078125, "left": 300.29998779296875, "height": 20, "width": 123, "children": []}]}]}, {"name": "box39", "top": 997.7000122070312, "left": 218.53334045410156, "height": 322, "width": 290, "children": [{"name": "box40", "top": 1031.699951171875, "left": 320.7166748046875, "height": 72, "width": 85.6167, "children": []}, {"name": "box41", "top": 1133.699951171875, "left": 257.20001220703125, "height": 27, "width": 212.667, "children": []}, {"name": "box42", "top": 1166.699951171875, "left": 242.53334045410156, "height": 96, "width": 242, "children": [{"name": "box43", "top": 1240.88330078125, "left": 336.98333740234375, "height": 20, "width": 122, "children": []}]}]}, {"name": "box44", "top": 1339.699951171875, "left": 218.53334045410156, "height": 322, "width": 290, "children": [{"name": "box45", "top": 1373.699951171875, "left": 317.6499938964844, "height": 72, "width": 91.7667, "children": []}, {"name": "box46", "top": 1475.699951171875, "left": 262.816650390625, "height": 27, "width": 201.417, "children": []}, {"name": "box47", "top": 1508.699951171875, "left": 242.53334045410156, "height": 120, "width": 242, "children": [{"name": "box48", "top": 1606.88330078125, "left": 322.183349609375, "height": 20, "width": 101, "children": []}]}]}]}, {"name": "box33", "top": 655.7000122070312, "left": 40, "height": 1106, "width": 723.067, "children": [{"name": "box34", "top": 655.7000122070312, "left": 256.5333251953125, "height": 322, "width": 290, "children": [{"name": "box35", "top": 689.7000122070312, "left": 350.433349609375, "height": 72, "width": 102.2, "children": []}, {"name": "box36", "top": 791.7000122070312, "left": 313.58331298828125, "height": 27, "width": 175.883, "children": []}, {"name": "box37", "top": 824.7000122070312, "left": 280.5333251953125, "height": 120, "width": 242, "children": [{"name": "box38", "top": 922.88330078125, "left": 338.29998779296875, "height": 20, "width": 123, "children": []}]}]}, {"name": "box39", "top": 997.7000122070312, "left": 256.5333251953125, "height": 322, "width": 290, "children": [{"name": "box40", "top": 1031.699951171875, "left": 358.7166748046875, "height": 72, "width": 85.6167, "children": []}, {"name": "box41", "top": 1133.699951171875, "left": 295.20001220703125, "height": 27, "width": 212.667, "children": []}, {"name": "box42", "top": 1166.699951171875, "left": 280.5333251953125, "height": 96, "width": 242, "children": [{"name": "box43", "top": 1240.88330078125, "left": 374.98333740234375, "height": 20, "width": 122, "children": []}]}]}, {"name": "box44", "top": 1339.699951171875, "left": 256.5333251953125, "height": 322, "width": 290, "children": [{"name": "box45", "top": 1373.699951171875, "left": 355.6499938964844, "height": 72, "width": 91.7667, "children": []}, {"name": "box46", "top": 1475.699951171875, "left": 300.816650390625, "height": 27, "width": 201.417, "children": []}, {"name": "box47", "top": 1508.699951171875, "left": 280.5333251953125, "height": 120, "width": 242, "children": [{"name": "box48", "top": 1606.88330078125, "left": 360.183349609375, "height": 20, "width": 101, "children": []}]}]}]}, {"name": "box33", "top": 655.7000122070312, "left": 40, "height": 1106, "width": 744.6, "children": [{"name": "box34", "top": 655.7000122070312, "left": 267.29998779296875, "height": 322, "width": 290, "children": [{"name": "box35", "top": 689.7000122070312, "left": 361.20001220703125, "height": 72, "width": 102.2, "children": []}, {"name": "box36", "top": 791.7000122070312, "left": 324.3500061035156, "height": 27, "width": 175.883, "children": []}, {"name": "box37", "top": 824.7000122070312, "left": 291.29998779296875, "height": 120, "width": 242, "children": [{"name": "box38", "top": 922.88330078125, "left": 349.066650390625, "height": 20, "width": 123, "children": []}]}]}, {"name": "box39", "top": 997.7000122070312, "left": 267.29998779296875, "height": 322, "width": 290, "children": [{"name": "box40", "top": 1031.699951171875, "left": 369.48333740234375, "height": 72, "width": 85.6167, "children": []}, {"name": "box41", "top": 1133.699951171875, "left": 305.9666748046875, "height": 27, "width": 212.667, "children": []}, {"name": "box42", "top": 1166.699951171875, "left": 291.29998779296875, "height": 96, "width": 242, "children": [{"name": "box43", "top": 1240.88330078125, "left": 385.75, "height": 20, "width": 122, "children": []}]}]}, {"name": "box44", "top": 1339.699951171875, "left": 267.29998779296875, "height": 322, "width": 290, "children": [{"name": "box45", "top": 1373.699951171875, "left": 366.41668701171875, "height": 72, "width": 91.7667, "children": []}, {"name": "box46", "top": 1475.699951171875, "left": 311.58331298828125, "height": 27, "width": 201.417, "children": []}, {"name": "box47", "top": 1508.699951171875, "left": 291.29998779296875, "height": 120, "width": 242, "children": [{"name": "box48", "top": 1606.88330078125, "left": 370.95001220703125, "height": 20, "width": 101, "children": []}]}]}]}, {"name": "box33", "top": 655.7000122070312, "left": 40, "height": 1106, "width": 715.467, "children": [{"name": "box34", "top": 655.7000122070312, "left": 252.73333740234375, "height": 322, "width": 290, "children": [{"name": "box35", "top": 689.7000122070312, "left": 346.6333312988281, "height": 72, "width": 102.2, "children": []}, {"name": "box36", "top": 791.7000122070312, "left": 309.7833251953125, "height": 27, "width": 175.883, "children": []}, {"name": "box37", "top": 824.7000122070312, "left": 276.73333740234375, "height": 120, "width": 242, "children": [{"name": "box38", "top": 922.88330078125, "left": 334.5, "height": 20, "width": 123, "children": []}]}]}, {"name": "box39", "top": 997.7000122070312, "left": 252.73333740234375, "height": 322, "width": 290, "children": [{"name": "box40", "top": 1031.699951171875, "left": 354.91668701171875, "height": 72, "width": 85.6167, "children": []}, {"name": "box41", "top": 1133.699951171875, "left": 291.3999938964844, "height": 27, "width": 212.667, "children": []}, {"name": "box42", "top": 1166.699951171875, "left": 276.73333740234375, "height": 96, "width": 242, "children": [{"name": "box43", "top": 1240.88330078125, "left": 371.183349609375, "height": 20, "width": 122, "children": []}]}]}, {"name": "box44", "top": 1339.699951171875, "left": 252.73333740234375, "height": 322, "width": 290, "children": [{"name": "box45", "top": 1373.699951171875, "left": 351.8500061035156, "height": 72, "width": 91.7667, "children": []}, {"name": "box46", "top": 1475.699951171875, "left": 297.01666259765625, "height": 27, "width": 201.417, "children": []}, {"name": "box47", "top": 1508.699951171875, "left": 276.73333740234375, "height": 120, "width": 242, "children": [{"name": "box48", "top": 1606.88330078125, "left": 356.3833312988281, "height": 20, "width": 101, "children": []}]}]}]}]}