{"name": "fwt-space-videos", "bench": {"height": {"low": 334, "high": 334}, "width": {"low": 460, "high": 460}, "trainSeed": 235775, "testSeed": 17250987, "testSize": 10, "trainSize": 10}, "train": [{"name": "box33", "top": 1008.5999755859375, "left": 99, "height": 334, "width": 460, "children": [{"name": "box34", "top": 1008.5999755859375, "left": 99, "height": 32, "width": 460, "children": []}, {"name": "box35", "top": 1084.5999755859375, "left": 99, "height": 258, "width": 460, "children": [{"name": "box36", "top": 1084.5999755859375, "left": 99, "height": 258, "width": 460, "children": []}, {"name": "box37", "top": 1178.5999755859375, "left": 298, "height": 72, "width": 62, "children": []}]}]}, {"name": "box33", "top": 1008.5999755859375, "left": 133.5, "height": 334, "width": 460, "children": [{"name": "box34", "top": 1008.5999755859375, "left": 133.5, "height": 32, "width": 460, "children": []}, {"name": "box35", "top": 1084.5999755859375, "left": 133.5, "height": 258, "width": 460, "children": [{"name": "box36", "top": 1084.5999755859375, "left": 133.5, "height": 258, "width": 460, "children": []}, {"name": "box37", "top": 1178.5999755859375, "left": 332.5, "height": 72, "width": 62, "children": []}]}]}, {"name": "box33", "top": 1008.5999755859375, "left": 129.5, "height": 334, "width": 460, "children": [{"name": "box34", "top": 1008.5999755859375, "left": 129.5, "height": 32, "width": 460, "children": []}, {"name": "box35", "top": 1084.5999755859375, "left": 129.5, "height": 258, "width": 460, "children": [{"name": "box36", "top": 1084.5999755859375, "left": 129.5, "height": 258, "width": 460, "children": []}, {"name": "box37", "top": 1178.5999755859375, "left": 328.5, "height": 72, "width": 62, "children": []}]}]}, {"name": "box33", "top": 1008.5999755859375, "left": 59, "height": 334, "width": 460, "children": [{"name": "box34", "top": 1008.5999755859375, "left": 59, "height": 32, "width": 460, "children": []}, {"name": "box35", "top": 1084.5999755859375, "left": 59, "height": 258, "width": 460, "children": [{"name": "box36", "top": 1084.5999755859375, "left": 59, "height": 258, "width": 460, "children": []}, {"name": "box37", "top": 1178.5999755859375, "left": 258, "height": 72, "width": 62, "children": []}]}]}, {"name": "box33", "top": 1008.5999755859375, "left": 156, "height": 334, "width": 460, "children": [{"name": "box34", "top": 1008.5999755859375, "left": 156, "height": 32, "width": 460, "children": []}, {"name": "box35", "top": 1084.5999755859375, "left": 156, "height": 258, "width": 460, "children": [{"name": "box36", "top": 1084.5999755859375, "left": 156, "height": 258, "width": 460, "children": []}, {"name": "box37", "top": 1178.5999755859375, "left": 355, "height": 72, "width": 62, "children": []}]}]}, {"name": "box33", "top": 1008.5999755859375, "left": 133.5, "height": 334, "width": 460, "children": [{"name": "box34", "top": 1008.5999755859375, "left": 133.5, "height": 32, "width": 460, "children": []}, {"name": "box35", "top": 1084.5999755859375, "left": 133.5, "height": 258, "width": 460, "children": [{"name": "box36", "top": 1084.5999755859375, "left": 133.5, "height": 258, "width": 460, "children": []}, {"name": "box37", "top": 1178.5999755859375, "left": 332.5, "height": 72, "width": 62, "children": []}]}]}, {"name": "box33", "top": 1008.5999755859375, "left": 149, "height": 334, "width": 460, "children": [{"name": "box34", "top": 1008.5999755859375, "left": 149, "height": 32, "width": 460, "children": []}, {"name": "box35", "top": 1084.5999755859375, "left": 149, "height": 258, "width": 460, "children": [{"name": "box36", "top": 1084.5999755859375, "left": 149, "height": 258, "width": 460, "children": []}, {"name": "box37", "top": 1178.5999755859375, "left": 348, "height": 72, "width": 62, "children": []}]}]}, {"name": "box33", "top": 1008.5999755859375, "left": 53.5, "height": 334, "width": 460, "children": [{"name": "box34", "top": 1008.5999755859375, "left": 53.5, "height": 32, "width": 460, "children": []}, {"name": "box35", "top": 1084.5999755859375, "left": 53.5, "height": 258, "width": 460, "children": [{"name": "box36", "top": 1084.5999755859375, "left": 53.5, "height": 258, "width": 460, "children": []}, {"name": "box37", "top": 1178.5999755859375, "left": 252.5, "height": 72, "width": 62, "children": []}]}]}, {"name": "box33", "top": 1008.5999755859375, "left": 116, "height": 334, "width": 460, "children": [{"name": "box34", "top": 1008.5999755859375, "left": 116, "height": 32, "width": 460, "children": []}, {"name": "box35", "top": 1084.5999755859375, "left": 116, "height": 258, "width": 460, "children": [{"name": "box36", "top": 1084.5999755859375, "left": 116, "height": 258, "width": 460, "children": []}, {"name": "box37", "top": 1178.5999755859375, "left": 315, "height": 72, "width": 62, "children": []}]}]}, {"name": "box33", "top": 1008.5999755859375, "left": 145.5, "height": 334, "width": 460, "children": [{"name": "box34", "top": 1008.5999755859375, "left": 145.5, "height": 32, "width": 460, "children": []}, {"name": "box35", "top": 1084.5999755859375, "left": 145.5, "height": 258, "width": 460, "children": [{"name": "box36", "top": 1084.5999755859375, "left": 145.5, "height": 258, "width": 460, "children": []}, {"name": "box37", "top": 1178.5999755859375, "left": 344.5, "height": 72, "width": 62, "children": []}]}]}], "test": [{"name": "box33", "top": 1008.5999755859375, "left": 51.5, "height": 334, "width": 460, "children": [{"name": "box34", "top": 1008.5999755859375, "left": 51.5, "height": 32, "width": 460, "children": []}, {"name": "box35", "top": 1084.5999755859375, "left": 51.5, "height": 258, "width": 460, "children": [{"name": "box36", "top": 1084.5999755859375, "left": 51.5, "height": 258, "width": 460, "children": []}, {"name": "box37", "top": 1178.5999755859375, "left": 250.5, "height": 72, "width": 62, "children": []}]}]}, {"name": "box33", "top": 1008.5999755859375, "left": 32.5, "height": 334, "width": 460, "children": [{"name": "box34", "top": 1008.5999755859375, "left": 32.5, "height": 32, "width": 460, "children": []}, {"name": "box35", "top": 1084.5999755859375, "left": 32.5, "height": 258, "width": 460, "children": [{"name": "box36", "top": 1084.5999755859375, "left": 32.5, "height": 258, "width": 460, "children": []}, {"name": "box37", "top": 1178.5999755859375, "left": 231.5, "height": 72, "width": 62, "children": []}]}]}, {"name": "box33", "top": 1008.5999755859375, "left": 28, "height": 334, "width": 460, "children": [{"name": "box34", "top": 1008.5999755859375, "left": 28, "height": 32, "width": 460, "children": []}, {"name": "box35", "top": 1084.5999755859375, "left": 28, "height": 258, "width": 460, "children": [{"name": "box36", "top": 1084.5999755859375, "left": 28, "height": 258, "width": 460, "children": []}, {"name": "box37", "top": 1178.5999755859375, "left": 227, "height": 72, "width": 62, "children": []}]}]}, {"name": "box33", "top": 1008.5999755859375, "left": 22, "height": 334, "width": 460, "children": [{"name": "box34", "top": 1008.5999755859375, "left": 22, "height": 32, "width": 460, "children": []}, {"name": "box35", "top": 1084.5999755859375, "left": 22, "height": 258, "width": 460, "children": [{"name": "box36", "top": 1084.5999755859375, "left": 22, "height": 258, "width": 460, "children": []}, {"name": "box37", "top": 1178.5999755859375, "left": 221, "height": 72, "width": 62, "children": []}]}]}, {"name": "box33", "top": 1008.5999755859375, "left": 100, "height": 334, "width": 460, "children": [{"name": "box34", "top": 1008.5999755859375, "left": 100, "height": 32, "width": 460, "children": []}, {"name": "box35", "top": 1084.5999755859375, "left": 100, "height": 258, "width": 460, "children": [{"name": "box36", "top": 1084.5999755859375, "left": 100, "height": 258, "width": 460, "children": []}, {"name": "box37", "top": 1178.5999755859375, "left": 299, "height": 72, "width": 62, "children": []}]}]}, {"name": "box33", "top": 1008.5999755859375, "left": 48, "height": 334, "width": 460, "children": [{"name": "box34", "top": 1008.5999755859375, "left": 48, "height": 32, "width": 460, "children": []}, {"name": "box35", "top": 1084.5999755859375, "left": 48, "height": 258, "width": 460, "children": [{"name": "box36", "top": 1084.5999755859375, "left": 48, "height": 258, "width": 460, "children": []}, {"name": "box37", "top": 1178.5999755859375, "left": 247, "height": 72, "width": 62, "children": []}]}]}, {"name": "box33", "top": 1008.5999755859375, "left": 89, "height": 334, "width": 460, "children": [{"name": "box34", "top": 1008.5999755859375, "left": 89, "height": 32, "width": 460, "children": []}, {"name": "box35", "top": 1084.5999755859375, "left": 89, "height": 258, "width": 460, "children": [{"name": "box36", "top": 1084.5999755859375, "left": 89, "height": 258, "width": 460, "children": []}, {"name": "box37", "top": 1178.5999755859375, "left": 288, "height": 72, "width": 62, "children": []}]}]}, {"name": "box33", "top": 1008.5999755859375, "left": 116, "height": 334, "width": 460, "children": [{"name": "box34", "top": 1008.5999755859375, "left": 116, "height": 32, "width": 460, "children": []}, {"name": "box35", "top": 1084.5999755859375, "left": 116, "height": 258, "width": 460, "children": [{"name": "box36", "top": 1084.5999755859375, "left": 116, "height": 258, "width": 460, "children": []}, {"name": "box37", "top": 1178.5999755859375, "left": 315, "height": 72, "width": 62, "children": []}]}]}, {"name": "box33", "top": 1008.5999755859375, "left": 134.5, "height": 334, "width": 460, "children": [{"name": "box34", "top": 1008.5999755859375, "left": 134.5, "height": 32, "width": 460, "children": []}, {"name": "box35", "top": 1084.5999755859375, "left": 134.5, "height": 258, "width": 460, "children": [{"name": "box36", "top": 1084.5999755859375, "left": 134.5, "height": 258, "width": 460, "children": []}, {"name": "box37", "top": 1178.5999755859375, "left": 333.5, "height": 72, "width": 62, "children": []}]}]}, {"name": "box33", "top": 1008.5999755859375, "left": 27.5, "height": 334, "width": 460, "children": [{"name": "box34", "top": 1008.5999755859375, "left": 27.5, "height": 32, "width": 460, "children": []}, {"name": "box35", "top": 1084.5999755859375, "left": 27.5, "height": 258, "width": 460, "children": [{"name": "box36", "top": 1084.5999755859375, "left": 27.5, "height": 258, "width": 460, "children": []}, {"name": "box37", "top": 1178.5999755859375, "left": 226.5, "height": 72, "width": 62, "children": []}]}]}]}