{"name": "fwt-main-footer", "bench": {"height": {"low": 45.3667, "high": 45.3667}, "width": {"low": 1023, "high": 1274}, "trainSeed": 235775, "testSeed": 17250987, "testSize": 10, "trainSize": 10}, "train": [{"name": "box153", "top": 2289.416748046875, "left": 0, "height": 45.3667, "width": 1133, "children": [{"name": "box154", "top": 2294.416748046875, "left": 0, "height": 25.3667, "width": 1133, "children": [{"name": "box156", "top": 2294.416748046875, "left": 65.5, "height": 25.3667, "width": 1002, "children": [{"name": "box157", "top": 2294.416748046875, "left": 716.9000244140625, "height": 25.3667, "width": 345.6, "children": [{"name": "box158", "top": 2294.416748046875, "left": 716.9000244140625, "height": 25.3667, "width": 98.2333, "children": [{"name": "box159", "top": 2299.416748046875, "left": 721.9000244140625, "height": 15.3667, "width": 88.2333, "children": []}]}, {"name": "box160", "top": 2294.416748046875, "left": 815.13330078125, "height": 25.3667, "width": 84.3333, "children": [{"name": "box161", "top": 2299.416748046875, "left": 820.13330078125, "height": 15.3667, "width": 74.3333, "children": []}]}, {"name": "box162", "top": 2294.416748046875, "left": 899.4666748046875, "height": 25.3667, "width": 68.15, "children": [{"name": "box163", "top": 2299.416748046875, "left": 904.4666748046875, "height": 15.3667, "width": 58.15, "children": []}]}, {"name": "box164", "top": 2294.416748046875, "left": 967.61669921875, "height": 25.3667, "width": 40.8, "children": [{"name": "box165", "top": 2299.416748046875, "left": 972.61669921875, "height": 15.3667, "width": 30.8, "children": []}]}, {"name": "box166", "top": 2294.416748046875, "left": 1008.4166870117188, "height": 25.3667, "width": 30.0833, "children": [{"name": "box167", "top": 2299.416748046875, "left": 1013.4166870117188, "height": 15.3667, "width": 20.0833, "children": []}]}, {"name": "box168", "top": 2294.416748046875, "left": 1038.5, "height": 24, "width": 24, "children": [{"name": "box169", "top": 2299.416748046875, "left": 1043.5, "height": 14, "width": 14, "children": []}]}]}]}]}, {"name": "box170", "top": 2319.783447265625, "left": 0, "height": 20, "width": 1133, "children": [{"name": "box171", "top": 2319.783447265625, "left": 65.5, "height": 20, "width": 1002, "children": [{"name": "box172", "top": 2324.783447265625, "left": 70.5, "height": 20, "width": 992, "children": []}]}]}]}, {"name": "box153", "top": 2289.416748046875, "left": 0, "height": 45.3667, "width": 1157, "children": [{"name": "box154", "top": 2294.416748046875, "left": 0, "height": 25.3667, "width": 1157, "children": [{"name": "box156", "top": 2294.416748046875, "left": 77.5, "height": 25.3667, "width": 1002, "children": [{"name": "box157", "top": 2294.416748046875, "left": 728.9000244140625, "height": 25.3667, "width": 345.6, "children": [{"name": "box158", "top": 2294.416748046875, "left": 728.9000244140625, "height": 25.3667, "width": 98.2333, "children": [{"name": "box159", "top": 2299.416748046875, "left": 733.9000244140625, "height": 15.3667, "width": 88.2333, "children": []}]}, {"name": "box160", "top": 2294.416748046875, "left": 827.13330078125, "height": 25.3667, "width": 84.3333, "children": [{"name": "box161", "top": 2299.416748046875, "left": 832.13330078125, "height": 15.3667, "width": 74.3333, "children": []}]}, {"name": "box162", "top": 2294.416748046875, "left": 911.4666748046875, "height": 25.3667, "width": 68.15, "children": [{"name": "box163", "top": 2299.416748046875, "left": 916.4666748046875, "height": 15.3667, "width": 58.15, "children": []}]}, {"name": "box164", "top": 2294.416748046875, "left": 979.61669921875, "height": 25.3667, "width": 40.8, "children": [{"name": "box165", "top": 2299.416748046875, "left": 984.61669921875, "height": 15.3667, "width": 30.8, "children": []}]}, {"name": "box166", "top": 2294.416748046875, "left": 1020.4166870117188, "height": 25.3667, "width": 30.0833, "children": [{"name": "box167", "top": 2299.416748046875, "left": 1025.4166870117188, "height": 15.3667, "width": 20.0833, "children": []}]}, {"name": "box168", "top": 2294.416748046875, "left": 1050.5, "height": 24, "width": 24, "children": [{"name": "box169", "top": 2299.416748046875, "left": 1055.5, "height": 14, "width": 14, "children": []}]}]}]}]}, {"name": "box170", "top": 2319.783447265625, "left": 0, "height": 20, "width": 1157, "children": [{"name": "box171", "top": 2319.783447265625, "left": 77.5, "height": 20, "width": 1002, "children": [{"name": "box172", "top": 2324.783447265625, "left": 82.5, "height": 20, "width": 992, "children": []}]}]}]}, {"name": "box153", "top": 2289.416748046875, "left": 0, "height": 45.3667, "width": 1229, "children": [{"name": "box154", "top": 2294.416748046875, "left": 0, "height": 25.3667, "width": 1229, "children": [{"name": "box156", "top": 2294.416748046875, "left": 113.5, "height": 25.3667, "width": 1002, "children": [{"name": "box157", "top": 2294.416748046875, "left": 764.9000244140625, "height": 25.3667, "width": 345.6, "children": [{"name": "box158", "top": 2294.416748046875, "left": 764.9000244140625, "height": 25.3667, "width": 98.2333, "children": [{"name": "box159", "top": 2299.416748046875, "left": 769.9000244140625, "height": 15.3667, "width": 88.2333, "children": []}]}, {"name": "box160", "top": 2294.416748046875, "left": 863.13330078125, "height": 25.3667, "width": 84.3333, "children": [{"name": "box161", "top": 2299.416748046875, "left": 868.13330078125, "height": 15.3667, "width": 74.3333, "children": []}]}, {"name": "box162", "top": 2294.416748046875, "left": 947.4666748046875, "height": 25.3667, "width": 68.15, "children": [{"name": "box163", "top": 2299.416748046875, "left": 952.4666748046875, "height": 15.3667, "width": 58.15, "children": []}]}, {"name": "box164", "top": 2294.416748046875, "left": 1015.61669921875, "height": 25.3667, "width": 40.8, "children": [{"name": "box165", "top": 2299.416748046875, "left": 1020.61669921875, "height": 15.3667, "width": 30.8, "children": []}]}, {"name": "box166", "top": 2294.416748046875, "left": 1056.4166259765625, "height": 25.3667, "width": 30.0833, "children": [{"name": "box167", "top": 2299.416748046875, "left": 1061.4166259765625, "height": 15.3667, "width": 20.0833, "children": []}]}, {"name": "box168", "top": 2294.416748046875, "left": 1086.5, "height": 24, "width": 24, "children": [{"name": "box169", "top": 2299.416748046875, "left": 1091.5, "height": 14, "width": 14, "children": []}]}]}]}]}, {"name": "box170", "top": 2319.783447265625, "left": 0, "height": 20, "width": 1229, "children": [{"name": "box171", "top": 2319.783447265625, "left": 113.5, "height": 20, "width": 1002, "children": [{"name": "box172", "top": 2324.783447265625, "left": 118.5, "height": 20, "width": 992, "children": []}]}]}]}, {"name": "box153", "top": 2289.416748046875, "left": 0, "height": 45.3667, "width": 1023, "children": [{"name": "box154", "top": 2294.416748046875, "left": 0, "height": 25.3667, "width": 1023, "children": [{"name": "box156", "top": 2294.416748046875, "left": 10.5, "height": 25.3667, "width": 1002, "children": [{"name": "box157", "top": 2294.416748046875, "left": 661.9000244140625, "height": 25.3667, "width": 345.6, "children": [{"name": "box158", "top": 2294.416748046875, "left": 661.9000244140625, "height": 25.3667, "width": 98.2333, "children": [{"name": "box159", "top": 2299.416748046875, "left": 666.9000244140625, "height": 15.3667, "width": 88.2333, "children": []}]}, {"name": "box160", "top": 2294.416748046875, "left": 760.13330078125, "height": 25.3667, "width": 84.3333, "children": [{"name": "box161", "top": 2299.416748046875, "left": 765.13330078125, "height": 15.3667, "width": 74.3333, "children": []}]}, {"name": "box162", "top": 2294.416748046875, "left": 844.4666748046875, "height": 25.3667, "width": 68.15, "children": [{"name": "box163", "top": 2299.416748046875, "left": 849.4666748046875, "height": 15.3667, "width": 58.15, "children": []}]}, {"name": "box164", "top": 2294.416748046875, "left": 912.61669921875, "height": 25.3667, "width": 40.8, "children": [{"name": "box165", "top": 2299.416748046875, "left": 917.61669921875, "height": 15.3667, "width": 30.8, "children": []}]}, {"name": "box166", "top": 2294.416748046875, "left": 953.4166870117188, "height": 25.3667, "width": 30.0833, "children": [{"name": "box167", "top": 2299.416748046875, "left": 958.4166870117188, "height": 15.3667, "width": 20.0833, "children": []}]}, {"name": "box168", "top": 2294.416748046875, "left": 983.5, "height": 24, "width": 24, "children": [{"name": "box169", "top": 2299.416748046875, "left": 988.5, "height": 14, "width": 14, "children": []}]}]}]}]}, {"name": "box170", "top": 2319.783447265625, "left": 0, "height": 20, "width": 1023, "children": [{"name": "box171", "top": 2319.783447265625, "left": 10.5, "height": 20, "width": 1002, "children": [{"name": "box172", "top": 2324.783447265625, "left": 15.5, "height": 20, "width": 992, "children": []}]}]}]}, {"name": "box153", "top": 2289.416748046875, "left": 0, "height": 45.3667, "width": 1257, "children": [{"name": "box154", "top": 2294.416748046875, "left": 0, "height": 25.3667, "width": 1257, "children": [{"name": "box156", "top": 2294.416748046875, "left": 127.5, "height": 25.3667, "width": 1002, "children": [{"name": "box157", "top": 2294.416748046875, "left": 778.9000244140625, "height": 25.3667, "width": 345.6, "children": [{"name": "box158", "top": 2294.416748046875, "left": 778.9000244140625, "height": 25.3667, "width": 98.2333, "children": [{"name": "box159", "top": 2299.416748046875, "left": 783.9000244140625, "height": 15.3667, "width": 88.2333, "children": []}]}, {"name": "box160", "top": 2294.416748046875, "left": 877.13330078125, "height": 25.3667, "width": 84.3333, "children": [{"name": "box161", "top": 2299.416748046875, "left": 882.13330078125, "height": 15.3667, "width": 74.3333, "children": []}]}, {"name": "box162", "top": 2294.416748046875, "left": 961.4666748046875, "height": 25.3667, "width": 68.15, "children": [{"name": "box163", "top": 2299.416748046875, "left": 966.4666748046875, "height": 15.3667, "width": 58.15, "children": []}]}, {"name": "box164", "top": 2294.416748046875, "left": 1029.61669921875, "height": 25.3667, "width": 40.8, "children": [{"name": "box165", "top": 2299.416748046875, "left": 1034.61669921875, "height": 15.3667, "width": 30.8, "children": []}]}, {"name": "box166", "top": 2294.416748046875, "left": 1070.4166259765625, "height": 25.3667, "width": 30.0833, "children": [{"name": "box167", "top": 2299.416748046875, "left": 1075.4166259765625, "height": 15.3667, "width": 20.0833, "children": []}]}, {"name": "box168", "top": 2294.416748046875, "left": 1100.5, "height": 24, "width": 24, "children": [{"name": "box169", "top": 2299.416748046875, "left": 1105.5, "height": 14, "width": 14, "children": []}]}]}]}]}, {"name": "box170", "top": 2319.783447265625, "left": 0, "height": 20, "width": 1257, "children": [{"name": "box171", "top": 2319.783447265625, "left": 127.5, "height": 20, "width": 1002, "children": [{"name": "box172", "top": 2324.783447265625, "left": 132.5, "height": 20, "width": 992, "children": []}]}]}]}, {"name": "box153", "top": 2289.416748046875, "left": 0, "height": 45.3667, "width": 1112, "children": [{"name": "box154", "top": 2294.416748046875, "left": 0, "height": 25.3667, "width": 1112, "children": [{"name": "box156", "top": 2294.416748046875, "left": 55, "height": 25.3667, "width": 1002, "children": [{"name": "box157", "top": 2294.416748046875, "left": 706.4000244140625, "height": 25.3667, "width": 345.6, "children": [{"name": "box158", "top": 2294.416748046875, "left": 706.4000244140625, "height": 25.3667, "width": 98.2333, "children": [{"name": "box159", "top": 2299.416748046875, "left": 711.4000244140625, "height": 15.3667, "width": 88.2333, "children": []}]}, {"name": "box160", "top": 2294.416748046875, "left": 804.63330078125, "height": 25.3667, "width": 84.3333, "children": [{"name": "box161", "top": 2299.416748046875, "left": 809.63330078125, "height": 15.3667, "width": 74.3333, "children": []}]}, {"name": "box162", "top": 2294.416748046875, "left": 888.9666748046875, "height": 25.3667, "width": 68.15, "children": [{"name": "box163", "top": 2299.416748046875, "left": 893.9666748046875, "height": 15.3667, "width": 58.15, "children": []}]}, {"name": "box164", "top": 2294.416748046875, "left": 957.11669921875, "height": 25.3667, "width": 40.8, "children": [{"name": "box165", "top": 2299.416748046875, "left": 962.11669921875, "height": 15.3667, "width": 30.8, "children": []}]}, {"name": "box166", "top": 2294.416748046875, "left": 997.9166870117188, "height": 25.3667, "width": 30.0833, "children": [{"name": "box167", "top": 2299.416748046875, "left": 1002.9166870117188, "height": 15.3667, "width": 20.0833, "children": []}]}, {"name": "box168", "top": 2294.416748046875, "left": 1028, "height": 24, "width": 24, "children": [{"name": "box169", "top": 2299.416748046875, "left": 1033, "height": 14, "width": 14, "children": []}]}]}]}]}, {"name": "box170", "top": 2319.783447265625, "left": 0, "height": 20, "width": 1112, "children": [{"name": "box171", "top": 2319.783447265625, "left": 55, "height": 20, "width": 1002, "children": [{"name": "box172", "top": 2324.783447265625, "left": 60, "height": 20, "width": 992, "children": []}]}]}]}, {"name": "box153", "top": 2289.416748046875, "left": 0, "height": 45.3667, "width": 1223, "children": [{"name": "box154", "top": 2294.416748046875, "left": 0, "height": 25.3667, "width": 1223, "children": [{"name": "box156", "top": 2294.416748046875, "left": 110.5, "height": 25.3667, "width": 1002, "children": [{"name": "box157", "top": 2294.416748046875, "left": 761.9000244140625, "height": 25.3667, "width": 345.6, "children": [{"name": "box158", "top": 2294.416748046875, "left": 761.9000244140625, "height": 25.3667, "width": 98.2333, "children": [{"name": "box159", "top": 2299.416748046875, "left": 766.9000244140625, "height": 15.3667, "width": 88.2333, "children": []}]}, {"name": "box160", "top": 2294.416748046875, "left": 860.13330078125, "height": 25.3667, "width": 84.3333, "children": [{"name": "box161", "top": 2299.416748046875, "left": 865.13330078125, "height": 15.3667, "width": 74.3333, "children": []}]}, {"name": "box162", "top": 2294.416748046875, "left": 944.4666748046875, "height": 25.3667, "width": 68.15, "children": [{"name": "box163", "top": 2299.416748046875, "left": 949.4666748046875, "height": 15.3667, "width": 58.15, "children": []}]}, {"name": "box164", "top": 2294.416748046875, "left": 1012.61669921875, "height": 25.3667, "width": 40.8, "children": [{"name": "box165", "top": 2299.416748046875, "left": 1017.61669921875, "height": 15.3667, "width": 30.8, "children": []}]}, {"name": "box166", "top": 2294.416748046875, "left": 1053.4166259765625, "height": 25.3667, "width": 30.0833, "children": [{"name": "box167", "top": 2299.416748046875, "left": 1058.4166259765625, "height": 15.3667, "width": 20.0833, "children": []}]}, {"name": "box168", "top": 2294.416748046875, "left": 1083.5, "height": 24, "width": 24, "children": [{"name": "box169", "top": 2299.416748046875, "left": 1088.5, "height": 14, "width": 14, "children": []}]}]}]}]}, {"name": "box170", "top": 2319.783447265625, "left": 0, "height": 20, "width": 1223, "children": [{"name": "box171", "top": 2319.783447265625, "left": 110.5, "height": 20, "width": 1002, "children": [{"name": "box172", "top": 2324.783447265625, "left": 115.5, "height": 20, "width": 992, "children": []}]}]}]}, {"name": "box153", "top": 2289.416748046875, "left": 0, "height": 45.3667, "width": 1252, "children": [{"name": "box154", "top": 2294.416748046875, "left": 0, "height": 25.3667, "width": 1252, "children": [{"name": "box156", "top": 2294.416748046875, "left": 125, "height": 25.3667, "width": 1002, "children": [{"name": "box157", "top": 2294.416748046875, "left": 776.4000244140625, "height": 25.3667, "width": 345.6, "children": [{"name": "box158", "top": 2294.416748046875, "left": 776.4000244140625, "height": 25.3667, "width": 98.2333, "children": [{"name": "box159", "top": 2299.416748046875, "left": 781.4000244140625, "height": 15.3667, "width": 88.2333, "children": []}]}, {"name": "box160", "top": 2294.416748046875, "left": 874.63330078125, "height": 25.3667, "width": 84.3333, "children": [{"name": "box161", "top": 2299.416748046875, "left": 879.63330078125, "height": 15.3667, "width": 74.3333, "children": []}]}, {"name": "box162", "top": 2294.416748046875, "left": 958.9666748046875, "height": 25.3667, "width": 68.15, "children": [{"name": "box163", "top": 2299.416748046875, "left": 963.9666748046875, "height": 15.3667, "width": 58.15, "children": []}]}, {"name": "box164", "top": 2294.416748046875, "left": 1027.11669921875, "height": 25.3667, "width": 40.8, "children": [{"name": "box165", "top": 2299.416748046875, "left": 1032.11669921875, "height": 15.3667, "width": 30.8, "children": []}]}, {"name": "box166", "top": 2294.416748046875, "left": 1067.9166259765625, "height": 25.3667, "width": 30.0833, "children": [{"name": "box167", "top": 2299.416748046875, "left": 1072.9166259765625, "height": 15.3667, "width": 20.0833, "children": []}]}, {"name": "box168", "top": 2294.416748046875, "left": 1098, "height": 24, "width": 24, "children": [{"name": "box169", "top": 2299.416748046875, "left": 1103, "height": 14, "width": 14, "children": []}]}]}]}]}, {"name": "box170", "top": 2319.783447265625, "left": 0, "height": 20, "width": 1252, "children": [{"name": "box171", "top": 2319.783447265625, "left": 125, "height": 20, "width": 1002, "children": [{"name": "box172", "top": 2324.783447265625, "left": 130, "height": 20, "width": 992, "children": []}]}]}]}, {"name": "box153", "top": 2289.416748046875, "left": 0, "height": 45.3667, "width": 1097, "children": [{"name": "box154", "top": 2294.416748046875, "left": 0, "height": 25.3667, "width": 1097, "children": [{"name": "box156", "top": 2294.416748046875, "left": 47.5, "height": 25.3667, "width": 1002, "children": [{"name": "box157", "top": 2294.416748046875, "left": 698.9000244140625, "height": 25.3667, "width": 345.6, "children": [{"name": "box158", "top": 2294.416748046875, "left": 698.9000244140625, "height": 25.3667, "width": 98.2333, "children": [{"name": "box159", "top": 2299.416748046875, "left": 703.9000244140625, "height": 15.3667, "width": 88.2333, "children": []}]}, {"name": "box160", "top": 2294.416748046875, "left": 797.13330078125, "height": 25.3667, "width": 84.3333, "children": [{"name": "box161", "top": 2299.416748046875, "left": 802.13330078125, "height": 15.3667, "width": 74.3333, "children": []}]}, {"name": "box162", "top": 2294.416748046875, "left": 881.4666748046875, "height": 25.3667, "width": 68.15, "children": [{"name": "box163", "top": 2299.416748046875, "left": 886.4666748046875, "height": 15.3667, "width": 58.15, "children": []}]}, {"name": "box164", "top": 2294.416748046875, "left": 949.61669921875, "height": 25.3667, "width": 40.8, "children": [{"name": "box165", "top": 2299.416748046875, "left": 954.61669921875, "height": 15.3667, "width": 30.8, "children": []}]}, {"name": "box166", "top": 2294.416748046875, "left": 990.4166870117188, "height": 25.3667, "width": 30.0833, "children": [{"name": "box167", "top": 2299.416748046875, "left": 995.4166870117188, "height": 15.3667, "width": 20.0833, "children": []}]}, {"name": "box168", "top": 2294.416748046875, "left": 1020.5, "height": 24, "width": 24, "children": [{"name": "box169", "top": 2299.416748046875, "left": 1025.5, "height": 14, "width": 14, "children": []}]}]}]}]}, {"name": "box170", "top": 2319.783447265625, "left": 0, "height": 20, "width": 1097, "children": [{"name": "box171", "top": 2319.783447265625, "left": 47.5, "height": 20, "width": 1002, "children": [{"name": "box172", "top": 2324.783447265625, "left": 52.5, "height": 20, "width": 992, "children": []}]}]}]}, {"name": "box153", "top": 2289.416748046875, "left": 0, "height": 45.3667, "width": 1256, "children": [{"name": "box154", "top": 2294.416748046875, "left": 0, "height": 25.3667, "width": 1256, "children": [{"name": "box156", "top": 2294.416748046875, "left": 127, "height": 25.3667, "width": 1002, "children": [{"name": "box157", "top": 2294.416748046875, "left": 778.4000244140625, "height": 25.3667, "width": 345.6, "children": [{"name": "box158", "top": 2294.416748046875, "left": 778.4000244140625, "height": 25.3667, "width": 98.2333, "children": [{"name": "box159", "top": 2299.416748046875, "left": 783.4000244140625, "height": 15.3667, "width": 88.2333, "children": []}]}, {"name": "box160", "top": 2294.416748046875, "left": 876.63330078125, "height": 25.3667, "width": 84.3333, "children": [{"name": "box161", "top": 2299.416748046875, "left": 881.63330078125, "height": 15.3667, "width": 74.3333, "children": []}]}, {"name": "box162", "top": 2294.416748046875, "left": 960.9666748046875, "height": 25.3667, "width": 68.15, "children": [{"name": "box163", "top": 2299.416748046875, "left": 965.9666748046875, "height": 15.3667, "width": 58.15, "children": []}]}, {"name": "box164", "top": 2294.416748046875, "left": 1029.11669921875, "height": 25.3667, "width": 40.8, "children": [{"name": "box165", "top": 2299.416748046875, "left": 1034.11669921875, "height": 15.3667, "width": 30.8, "children": []}]}, {"name": "box166", "top": 2294.416748046875, "left": 1069.9166259765625, "height": 25.3667, "width": 30.0833, "children": [{"name": "box167", "top": 2299.416748046875, "left": 1074.9166259765625, "height": 15.3667, "width": 20.0833, "children": []}]}, {"name": "box168", "top": 2294.416748046875, "left": 1100, "height": 24, "width": 24, "children": [{"name": "box169", "top": 2299.416748046875, "left": 1105, "height": 14, "width": 14, "children": []}]}]}]}]}, {"name": "box170", "top": 2319.783447265625, "left": 0, "height": 20, "width": 1256, "children": [{"name": "box171", "top": 2319.783447265625, "left": 127, "height": 20, "width": 1002, "children": [{"name": "box172", "top": 2324.783447265625, "left": 132, "height": 20, "width": 992, "children": []}]}]}]}], "test": [{"name": "box153", "top": 2289.416748046875, "left": 0, "height": 45.3667, "width": 1153, "children": [{"name": "box154", "top": 2294.416748046875, "left": 0, "height": 25.3667, "width": 1153, "children": [{"name": "box156", "top": 2294.416748046875, "left": 75.5, "height": 25.3667, "width": 1002, "children": [{"name": "box157", "top": 2294.416748046875, "left": 726.9000244140625, "height": 25.3667, "width": 345.6, "children": [{"name": "box158", "top": 2294.416748046875, "left": 726.9000244140625, "height": 25.3667, "width": 98.2333, "children": [{"name": "box159", "top": 2299.416748046875, "left": 731.9000244140625, "height": 15.3667, "width": 88.2333, "children": []}]}, {"name": "box160", "top": 2294.416748046875, "left": 825.13330078125, "height": 25.3667, "width": 84.3333, "children": [{"name": "box161", "top": 2299.416748046875, "left": 830.13330078125, "height": 15.3667, "width": 74.3333, "children": []}]}, {"name": "box162", "top": 2294.416748046875, "left": 909.4666748046875, "height": 25.3667, "width": 68.15, "children": [{"name": "box163", "top": 2299.416748046875, "left": 914.4666748046875, "height": 15.3667, "width": 58.15, "children": []}]}, {"name": "box164", "top": 2294.416748046875, "left": 977.61669921875, "height": 25.3667, "width": 40.8, "children": [{"name": "box165", "top": 2299.416748046875, "left": 982.61669921875, "height": 15.3667, "width": 30.8, "children": []}]}, {"name": "box166", "top": 2294.416748046875, "left": 1018.4166870117188, "height": 25.3667, "width": 30.0833, "children": [{"name": "box167", "top": 2299.416748046875, "left": 1023.4166870117188, "height": 15.3667, "width": 20.0833, "children": []}]}, {"name": "box168", "top": 2294.416748046875, "left": 1048.5, "height": 24, "width": 24, "children": [{"name": "box169", "top": 2299.416748046875, "left": 1053.5, "height": 14, "width": 14, "children": []}]}]}]}]}, {"name": "box170", "top": 2319.783447265625, "left": 0, "height": 20, "width": 1153, "children": [{"name": "box171", "top": 2319.783447265625, "left": 75.5, "height": 20, "width": 1002, "children": [{"name": "box172", "top": 2324.783447265625, "left": 80.5, "height": 20, "width": 992, "children": []}]}]}]}, {"name": "box153", "top": 2289.416748046875, "left": 0, "height": 45.3667, "width": 1225, "children": [{"name": "box154", "top": 2294.416748046875, "left": 0, "height": 25.3667, "width": 1225, "children": [{"name": "box156", "top": 2294.416748046875, "left": 111.5, "height": 25.3667, "width": 1002, "children": [{"name": "box157", "top": 2294.416748046875, "left": 762.9000244140625, "height": 25.3667, "width": 345.6, "children": [{"name": "box158", "top": 2294.416748046875, "left": 762.9000244140625, "height": 25.3667, "width": 98.2333, "children": [{"name": "box159", "top": 2299.416748046875, "left": 767.9000244140625, "height": 15.3667, "width": 88.2333, "children": []}]}, {"name": "box160", "top": 2294.416748046875, "left": 861.13330078125, "height": 25.3667, "width": 84.3333, "children": [{"name": "box161", "top": 2299.416748046875, "left": 866.13330078125, "height": 15.3667, "width": 74.3333, "children": []}]}, {"name": "box162", "top": 2294.416748046875, "left": 945.4666748046875, "height": 25.3667, "width": 68.15, "children": [{"name": "box163", "top": 2299.416748046875, "left": 950.4666748046875, "height": 15.3667, "width": 58.15, "children": []}]}, {"name": "box164", "top": 2294.416748046875, "left": 1013.61669921875, "height": 25.3667, "width": 40.8, "children": [{"name": "box165", "top": 2299.416748046875, "left": 1018.61669921875, "height": 15.3667, "width": 30.8, "children": []}]}, {"name": "box166", "top": 2294.416748046875, "left": 1054.4166259765625, "height": 25.3667, "width": 30.0833, "children": [{"name": "box167", "top": 2299.416748046875, "left": 1059.4166259765625, "height": 15.3667, "width": 20.0833, "children": []}]}, {"name": "box168", "top": 2294.416748046875, "left": 1084.5, "height": 24, "width": 24, "children": [{"name": "box169", "top": 2299.416748046875, "left": 1089.5, "height": 14, "width": 14, "children": []}]}]}]}]}, {"name": "box170", "top": 2319.783447265625, "left": 0, "height": 20, "width": 1225, "children": [{"name": "box171", "top": 2319.783447265625, "left": 111.5, "height": 20, "width": 1002, "children": [{"name": "box172", "top": 2324.783447265625, "left": 116.5, "height": 20, "width": 992, "children": []}]}]}]}, {"name": "box153", "top": 2289.416748046875, "left": 0, "height": 45.3667, "width": 1116, "children": [{"name": "box154", "top": 2294.416748046875, "left": 0, "height": 25.3667, "width": 1116, "children": [{"name": "box156", "top": 2294.416748046875, "left": 57, "height": 25.3667, "width": 1002, "children": [{"name": "box157", "top": 2294.416748046875, "left": 708.4000244140625, "height": 25.3667, "width": 345.6, "children": [{"name": "box158", "top": 2294.416748046875, "left": 708.4000244140625, "height": 25.3667, "width": 98.2333, "children": [{"name": "box159", "top": 2299.416748046875, "left": 713.4000244140625, "height": 15.3667, "width": 88.2333, "children": []}]}, {"name": "box160", "top": 2294.416748046875, "left": 806.63330078125, "height": 25.3667, "width": 84.3333, "children": [{"name": "box161", "top": 2299.416748046875, "left": 811.63330078125, "height": 15.3667, "width": 74.3333, "children": []}]}, {"name": "box162", "top": 2294.416748046875, "left": 890.9666748046875, "height": 25.3667, "width": 68.15, "children": [{"name": "box163", "top": 2299.416748046875, "left": 895.9666748046875, "height": 15.3667, "width": 58.15, "children": []}]}, {"name": "box164", "top": 2294.416748046875, "left": 959.11669921875, "height": 25.3667, "width": 40.8, "children": [{"name": "box165", "top": 2299.416748046875, "left": 964.11669921875, "height": 15.3667, "width": 30.8, "children": []}]}, {"name": "box166", "top": 2294.416748046875, "left": 999.9166870117188, "height": 25.3667, "width": 30.0833, "children": [{"name": "box167", "top": 2299.416748046875, "left": 1004.9166870117188, "height": 15.3667, "width": 20.0833, "children": []}]}, {"name": "box168", "top": 2294.416748046875, "left": 1030, "height": 24, "width": 24, "children": [{"name": "box169", "top": 2299.416748046875, "left": 1035, "height": 14, "width": 14, "children": []}]}]}]}]}, {"name": "box170", "top": 2319.783447265625, "left": 0, "height": 20, "width": 1116, "children": [{"name": "box171", "top": 2319.783447265625, "left": 57, "height": 20, "width": 1002, "children": [{"name": "box172", "top": 2324.783447265625, "left": 62, "height": 20, "width": 992, "children": []}]}]}]}, {"name": "box153", "top": 2289.416748046875, "left": 0, "height": 45.3667, "width": 1274, "children": [{"name": "box154", "top": 2294.416748046875, "left": 0, "height": 25.3667, "width": 1274, "children": [{"name": "box156", "top": 2294.416748046875, "left": 136, "height": 25.3667, "width": 1002, "children": [{"name": "box157", "top": 2294.416748046875, "left": 787.4000244140625, "height": 25.3667, "width": 345.6, "children": [{"name": "box158", "top": 2294.416748046875, "left": 787.4000244140625, "height": 25.3667, "width": 98.2333, "children": [{"name": "box159", "top": 2299.416748046875, "left": 792.4000244140625, "height": 15.3667, "width": 88.2333, "children": []}]}, {"name": "box160", "top": 2294.416748046875, "left": 885.63330078125, "height": 25.3667, "width": 84.3333, "children": [{"name": "box161", "top": 2299.416748046875, "left": 890.63330078125, "height": 15.3667, "width": 74.3333, "children": []}]}, {"name": "box162", "top": 2294.416748046875, "left": 969.9666748046875, "height": 25.3667, "width": 68.15, "children": [{"name": "box163", "top": 2299.416748046875, "left": 974.9666748046875, "height": 15.3667, "width": 58.15, "children": []}]}, {"name": "box164", "top": 2294.416748046875, "left": 1038.11669921875, "height": 25.3667, "width": 40.8, "children": [{"name": "box165", "top": 2299.416748046875, "left": 1043.11669921875, "height": 15.3667, "width": 30.8, "children": []}]}, {"name": "box166", "top": 2294.416748046875, "left": 1078.9166259765625, "height": 25.3667, "width": 30.0833, "children": [{"name": "box167", "top": 2299.416748046875, "left": 1083.9166259765625, "height": 15.3667, "width": 20.0833, "children": []}]}, {"name": "box168", "top": 2294.416748046875, "left": 1109, "height": 24, "width": 24, "children": [{"name": "box169", "top": 2299.416748046875, "left": 1114, "height": 14, "width": 14, "children": []}]}]}]}]}, {"name": "box170", "top": 2319.783447265625, "left": 0, "height": 20, "width": 1274, "children": [{"name": "box171", "top": 2319.783447265625, "left": 136, "height": 20, "width": 1002, "children": [{"name": "box172", "top": 2324.783447265625, "left": 141, "height": 20, "width": 992, "children": []}]}]}]}, {"name": "box153", "top": 2289.416748046875, "left": 0, "height": 45.3667, "width": 1175, "children": [{"name": "box154", "top": 2294.416748046875, "left": 0, "height": 25.3667, "width": 1175, "children": [{"name": "box156", "top": 2294.416748046875, "left": 86.5, "height": 25.3667, "width": 1002, "children": [{"name": "box157", "top": 2294.416748046875, "left": 737.9000244140625, "height": 25.3667, "width": 345.6, "children": [{"name": "box158", "top": 2294.416748046875, "left": 737.9000244140625, "height": 25.3667, "width": 98.2333, "children": [{"name": "box159", "top": 2299.416748046875, "left": 742.9000244140625, "height": 15.3667, "width": 88.2333, "children": []}]}, {"name": "box160", "top": 2294.416748046875, "left": 836.13330078125, "height": 25.3667, "width": 84.3333, "children": [{"name": "box161", "top": 2299.416748046875, "left": 841.13330078125, "height": 15.3667, "width": 74.3333, "children": []}]}, {"name": "box162", "top": 2294.416748046875, "left": 920.4666748046875, "height": 25.3667, "width": 68.15, "children": [{"name": "box163", "top": 2299.416748046875, "left": 925.4666748046875, "height": 15.3667, "width": 58.15, "children": []}]}, {"name": "box164", "top": 2294.416748046875, "left": 988.61669921875, "height": 25.3667, "width": 40.8, "children": [{"name": "box165", "top": 2299.416748046875, "left": 993.61669921875, "height": 15.3667, "width": 30.8, "children": []}]}, {"name": "box166", "top": 2294.416748046875, "left": 1029.4166259765625, "height": 25.3667, "width": 30.0833, "children": [{"name": "box167", "top": 2299.416748046875, "left": 1034.4166259765625, "height": 15.3667, "width": 20.0833, "children": []}]}, {"name": "box168", "top": 2294.416748046875, "left": 1059.5, "height": 24, "width": 24, "children": [{"name": "box169", "top": 2299.416748046875, "left": 1064.5, "height": 14, "width": 14, "children": []}]}]}]}]}, {"name": "box170", "top": 2319.783447265625, "left": 0, "height": 20, "width": 1175, "children": [{"name": "box171", "top": 2319.783447265625, "left": 86.5, "height": 20, "width": 1002, "children": [{"name": "box172", "top": 2324.783447265625, "left": 91.5, "height": 20, "width": 992, "children": []}]}]}]}, {"name": "box153", "top": 2289.416748046875, "left": 0, "height": 45.3667, "width": 1121, "children": [{"name": "box154", "top": 2294.416748046875, "left": 0, "height": 25.3667, "width": 1121, "children": [{"name": "box156", "top": 2294.416748046875, "left": 59.5, "height": 25.3667, "width": 1002, "children": [{"name": "box157", "top": 2294.416748046875, "left": 710.9000244140625, "height": 25.3667, "width": 345.6, "children": [{"name": "box158", "top": 2294.416748046875, "left": 710.9000244140625, "height": 25.3667, "width": 98.2333, "children": [{"name": "box159", "top": 2299.416748046875, "left": 715.9000244140625, "height": 15.3667, "width": 88.2333, "children": []}]}, {"name": "box160", "top": 2294.416748046875, "left": 809.13330078125, "height": 25.3667, "width": 84.3333, "children": [{"name": "box161", "top": 2299.416748046875, "left": 814.13330078125, "height": 15.3667, "width": 74.3333, "children": []}]}, {"name": "box162", "top": 2294.416748046875, "left": 893.4666748046875, "height": 25.3667, "width": 68.15, "children": [{"name": "box163", "top": 2299.416748046875, "left": 898.4666748046875, "height": 15.3667, "width": 58.15, "children": []}]}, {"name": "box164", "top": 2294.416748046875, "left": 961.61669921875, "height": 25.3667, "width": 40.8, "children": [{"name": "box165", "top": 2299.416748046875, "left": 966.61669921875, "height": 15.3667, "width": 30.8, "children": []}]}, {"name": "box166", "top": 2294.416748046875, "left": 1002.4166870117188, "height": 25.3667, "width": 30.0833, "children": [{"name": "box167", "top": 2299.416748046875, "left": 1007.4166870117188, "height": 15.3667, "width": 20.0833, "children": []}]}, {"name": "box168", "top": 2294.416748046875, "left": 1032.5, "height": 24, "width": 24, "children": [{"name": "box169", "top": 2299.416748046875, "left": 1037.5, "height": 14, "width": 14, "children": []}]}]}]}]}, {"name": "box170", "top": 2319.783447265625, "left": 0, "height": 20, "width": 1121, "children": [{"name": "box171", "top": 2319.783447265625, "left": 59.5, "height": 20, "width": 1002, "children": [{"name": "box172", "top": 2324.783447265625, "left": 64.5, "height": 20, "width": 992, "children": []}]}]}]}, {"name": "box153", "top": 2289.416748046875, "left": 0, "height": 45.3667, "width": 1248, "children": [{"name": "box154", "top": 2294.416748046875, "left": 0, "height": 25.3667, "width": 1248, "children": [{"name": "box156", "top": 2294.416748046875, "left": 123, "height": 25.3667, "width": 1002, "children": [{"name": "box157", "top": 2294.416748046875, "left": 774.4000244140625, "height": 25.3667, "width": 345.6, "children": [{"name": "box158", "top": 2294.416748046875, "left": 774.4000244140625, "height": 25.3667, "width": 98.2333, "children": [{"name": "box159", "top": 2299.416748046875, "left": 779.4000244140625, "height": 15.3667, "width": 88.2333, "children": []}]}, {"name": "box160", "top": 2294.416748046875, "left": 872.63330078125, "height": 25.3667, "width": 84.3333, "children": [{"name": "box161", "top": 2299.416748046875, "left": 877.63330078125, "height": 15.3667, "width": 74.3333, "children": []}]}, {"name": "box162", "top": 2294.416748046875, "left": 956.9666748046875, "height": 25.3667, "width": 68.15, "children": [{"name": "box163", "top": 2299.416748046875, "left": 961.9666748046875, "height": 15.3667, "width": 58.15, "children": []}]}, {"name": "box164", "top": 2294.416748046875, "left": 1025.11669921875, "height": 25.3667, "width": 40.8, "children": [{"name": "box165", "top": 2299.416748046875, "left": 1030.11669921875, "height": 15.3667, "width": 30.8, "children": []}]}, {"name": "box166", "top": 2294.416748046875, "left": 1065.9166259765625, "height": 25.3667, "width": 30.0833, "children": [{"name": "box167", "top": 2299.416748046875, "left": 1070.9166259765625, "height": 15.3667, "width": 20.0833, "children": []}]}, {"name": "box168", "top": 2294.416748046875, "left": 1096, "height": 24, "width": 24, "children": [{"name": "box169", "top": 2299.416748046875, "left": 1101, "height": 14, "width": 14, "children": []}]}]}]}]}, {"name": "box170", "top": 2319.783447265625, "left": 0, "height": 20, "width": 1248, "children": [{"name": "box171", "top": 2319.783447265625, "left": 123, "height": 20, "width": 1002, "children": [{"name": "box172", "top": 2324.783447265625, "left": 128, "height": 20, "width": 992, "children": []}]}]}]}, {"name": "box153", "top": 2289.416748046875, "left": 0, "height": 45.3667, "width": 1242, "children": [{"name": "box154", "top": 2294.416748046875, "left": 0, "height": 25.3667, "width": 1242, "children": [{"name": "box156", "top": 2294.416748046875, "left": 120, "height": 25.3667, "width": 1002, "children": [{"name": "box157", "top": 2294.416748046875, "left": 771.4000244140625, "height": 25.3667, "width": 345.6, "children": [{"name": "box158", "top": 2294.416748046875, "left": 771.4000244140625, "height": 25.3667, "width": 98.2333, "children": [{"name": "box159", "top": 2299.416748046875, "left": 776.4000244140625, "height": 15.3667, "width": 88.2333, "children": []}]}, {"name": "box160", "top": 2294.416748046875, "left": 869.63330078125, "height": 25.3667, "width": 84.3333, "children": [{"name": "box161", "top": 2299.416748046875, "left": 874.63330078125, "height": 15.3667, "width": 74.3333, "children": []}]}, {"name": "box162", "top": 2294.416748046875, "left": 953.9666748046875, "height": 25.3667, "width": 68.15, "children": [{"name": "box163", "top": 2299.416748046875, "left": 958.9666748046875, "height": 15.3667, "width": 58.15, "children": []}]}, {"name": "box164", "top": 2294.416748046875, "left": 1022.11669921875, "height": 25.3667, "width": 40.8, "children": [{"name": "box165", "top": 2299.416748046875, "left": 1027.11669921875, "height": 15.3667, "width": 30.8, "children": []}]}, {"name": "box166", "top": 2294.416748046875, "left": 1062.9166259765625, "height": 25.3667, "width": 30.0833, "children": [{"name": "box167", "top": 2299.416748046875, "left": 1067.9166259765625, "height": 15.3667, "width": 20.0833, "children": []}]}, {"name": "box168", "top": 2294.416748046875, "left": 1093, "height": 24, "width": 24, "children": [{"name": "box169", "top": 2299.416748046875, "left": 1098, "height": 14, "width": 14, "children": []}]}]}]}]}, {"name": "box170", "top": 2319.783447265625, "left": 0, "height": 20, "width": 1242, "children": [{"name": "box171", "top": 2319.783447265625, "left": 120, "height": 20, "width": 1002, "children": [{"name": "box172", "top": 2324.783447265625, "left": 125, "height": 20, "width": 992, "children": []}]}]}]}, {"name": "box153", "top": 2289.416748046875, "left": 0, "height": 45.3667, "width": 1224, "children": [{"name": "box154", "top": 2294.416748046875, "left": 0, "height": 25.3667, "width": 1224, "children": [{"name": "box156", "top": 2294.416748046875, "left": 111, "height": 25.3667, "width": 1002, "children": [{"name": "box157", "top": 2294.416748046875, "left": 762.4000244140625, "height": 25.3667, "width": 345.6, "children": [{"name": "box158", "top": 2294.416748046875, "left": 762.4000244140625, "height": 25.3667, "width": 98.2333, "children": [{"name": "box159", "top": 2299.416748046875, "left": 767.4000244140625, "height": 15.3667, "width": 88.2333, "children": []}]}, {"name": "box160", "top": 2294.416748046875, "left": 860.63330078125, "height": 25.3667, "width": 84.3333, "children": [{"name": "box161", "top": 2299.416748046875, "left": 865.63330078125, "height": 15.3667, "width": 74.3333, "children": []}]}, {"name": "box162", "top": 2294.416748046875, "left": 944.9666748046875, "height": 25.3667, "width": 68.15, "children": [{"name": "box163", "top": 2299.416748046875, "left": 949.9666748046875, "height": 15.3667, "width": 58.15, "children": []}]}, {"name": "box164", "top": 2294.416748046875, "left": 1013.11669921875, "height": 25.3667, "width": 40.8, "children": [{"name": "box165", "top": 2299.416748046875, "left": 1018.11669921875, "height": 15.3667, "width": 30.8, "children": []}]}, {"name": "box166", "top": 2294.416748046875, "left": 1053.9166259765625, "height": 25.3667, "width": 30.0833, "children": [{"name": "box167", "top": 2299.416748046875, "left": 1058.9166259765625, "height": 15.3667, "width": 20.0833, "children": []}]}, {"name": "box168", "top": 2294.416748046875, "left": 1084, "height": 24, "width": 24, "children": [{"name": "box169", "top": 2299.416748046875, "left": 1089, "height": 14, "width": 14, "children": []}]}]}]}]}, {"name": "box170", "top": 2319.783447265625, "left": 0, "height": 20, "width": 1224, "children": [{"name": "box171", "top": 2319.783447265625, "left": 111, "height": 20, "width": 1002, "children": [{"name": "box172", "top": 2324.783447265625, "left": 116, "height": 20, "width": 992, "children": []}]}]}]}, {"name": "box153", "top": 2289.416748046875, "left": 0, "height": 45.3667, "width": 1255, "children": [{"name": "box154", "top": 2294.416748046875, "left": 0, "height": 25.3667, "width": 1255, "children": [{"name": "box156", "top": 2294.416748046875, "left": 126.5, "height": 25.3667, "width": 1002, "children": [{"name": "box157", "top": 2294.416748046875, "left": 777.9000244140625, "height": 25.3667, "width": 345.6, "children": [{"name": "box158", "top": 2294.416748046875, "left": 777.9000244140625, "height": 25.3667, "width": 98.2333, "children": [{"name": "box159", "top": 2299.416748046875, "left": 782.9000244140625, "height": 15.3667, "width": 88.2333, "children": []}]}, {"name": "box160", "top": 2294.416748046875, "left": 876.13330078125, "height": 25.3667, "width": 84.3333, "children": [{"name": "box161", "top": 2299.416748046875, "left": 881.13330078125, "height": 15.3667, "width": 74.3333, "children": []}]}, {"name": "box162", "top": 2294.416748046875, "left": 960.4666748046875, "height": 25.3667, "width": 68.15, "children": [{"name": "box163", "top": 2299.416748046875, "left": 965.4666748046875, "height": 15.3667, "width": 58.15, "children": []}]}, {"name": "box164", "top": 2294.416748046875, "left": 1028.61669921875, "height": 25.3667, "width": 40.8, "children": [{"name": "box165", "top": 2299.416748046875, "left": 1033.61669921875, "height": 15.3667, "width": 30.8, "children": []}]}, {"name": "box166", "top": 2294.416748046875, "left": 1069.4166259765625, "height": 25.3667, "width": 30.0833, "children": [{"name": "box167", "top": 2299.416748046875, "left": 1074.4166259765625, "height": 15.3667, "width": 20.0833, "children": []}]}, {"name": "box168", "top": 2294.416748046875, "left": 1099.5, "height": 24, "width": 24, "children": [{"name": "box169", "top": 2299.416748046875, "left": 1104.5, "height": 14, "width": 14, "children": []}]}]}]}]}, {"name": "box170", "top": 2319.783447265625, "left": 0, "height": 20, "width": 1255, "children": [{"name": "box171", "top": 2319.783447265625, "left": 126.5, "height": 20, "width": 1002, "children": [{"name": "box172", "top": 2324.783447265625, "left": 131.5, "height": 20, "width": 992, "children": []}]}]}]}]}