{"name": "fwt-running-footer", "bench": {"height": {"low": 210, "high": 210}, "width": {"low": 984, "high": 1252}, "trainSeed": 235775, "testSeed": 17250987, "testSize": 10, "trainSize": 10}, "train": [{"name": "footer", "top": 1719, "left": 0, "height": 210, "width": 1138, "children": [{"name": "box32", "top": 1766, "left": 99, "height": 32, "width": 940, "children": [{"name": "box33", "top": 1766, "left": 885, "height": 32, "width": 154, "children": [{"name": "box34", "top": 1766, "left": 892, "height": 28, "width": 28, "children": []}, {"name": "box35", "top": 1766, "left": 934, "height": 28, "width": 28, "children": []}, {"name": "box36", "top": 1766, "left": 976, "height": 28, "width": 28, "children": []}, {"name": "box37", "top": 1766, "left": 1011, "height": 28, "width": 28, "children": []}]}, {"name": "box38", "top": 1771, "left": 99, "height": 15, "width": 400, "children": []}]}, {"name": "wix", "top": 1887, "left": 99, "height": 89, "width": 940, "children": []}]}, {"name": "footer", "top": 1719, "left": 0, "height": 210, "width": 1207, "children": [{"name": "box32", "top": 1766, "left": 133.5, "height": 32, "width": 940, "children": [{"name": "box33", "top": 1766, "left": 919.5, "height": 32, "width": 154, "children": [{"name": "box34", "top": 1766, "left": 926.5, "height": 28, "width": 28, "children": []}, {"name": "box35", "top": 1766, "left": 968.5, "height": 28, "width": 28, "children": []}, {"name": "box36", "top": 1766, "left": 1010.5, "height": 28, "width": 28, "children": []}, {"name": "box37", "top": 1766, "left": 1045.5, "height": 28, "width": 28, "children": []}]}, {"name": "box38", "top": 1771, "left": 133.5, "height": 15, "width": 400, "children": []}]}, {"name": "wix", "top": 1887, "left": 133.5, "height": 89, "width": 940, "children": []}]}, {"name": "footer", "top": 1719, "left": 0, "height": 210, "width": 1199, "children": [{"name": "box32", "top": 1766, "left": 129.5, "height": 32, "width": 940, "children": [{"name": "box33", "top": 1766, "left": 915.5, "height": 32, "width": 154, "children": [{"name": "box34", "top": 1766, "left": 922.5, "height": 28, "width": 28, "children": []}, {"name": "box35", "top": 1766, "left": 964.5, "height": 28, "width": 28, "children": []}, {"name": "box36", "top": 1766, "left": 1006.5, "height": 28, "width": 28, "children": []}, {"name": "box37", "top": 1766, "left": 1041.5, "height": 28, "width": 28, "children": []}]}, {"name": "box38", "top": 1771, "left": 129.5, "height": 15, "width": 400, "children": []}]}, {"name": "wix", "top": 1887, "left": 129.5, "height": 89, "width": 940, "children": []}]}, {"name": "footer", "top": 1719, "left": 0, "height": 210, "width": 1058, "children": [{"name": "box32", "top": 1766, "left": 59, "height": 32, "width": 940, "children": [{"name": "box33", "top": 1766, "left": 845, "height": 32, "width": 154, "children": [{"name": "box34", "top": 1766, "left": 852, "height": 28, "width": 28, "children": []}, {"name": "box35", "top": 1766, "left": 894, "height": 28, "width": 28, "children": []}, {"name": "box36", "top": 1766, "left": 936, "height": 28, "width": 28, "children": []}, {"name": "box37", "top": 1766, "left": 971, "height": 28, "width": 28, "children": []}]}, {"name": "box38", "top": 1771, "left": 59, "height": 15, "width": 400, "children": []}]}, {"name": "wix", "top": 1887, "left": 59, "height": 89, "width": 940, "children": []}]}, {"name": "footer", "top": 1719, "left": 0, "height": 210, "width": 1252, "children": [{"name": "box32", "top": 1766, "left": 156, "height": 32, "width": 940, "children": [{"name": "box33", "top": 1766, "left": 942, "height": 32, "width": 154, "children": [{"name": "box34", "top": 1766, "left": 949, "height": 28, "width": 28, "children": []}, {"name": "box35", "top": 1766, "left": 991, "height": 28, "width": 28, "children": []}, {"name": "box36", "top": 1766, "left": 1033, "height": 28, "width": 28, "children": []}, {"name": "box37", "top": 1766, "left": 1068, "height": 28, "width": 28, "children": []}]}, {"name": "box38", "top": 1771, "left": 156, "height": 15, "width": 400, "children": []}]}, {"name": "wix", "top": 1887, "left": 156, "height": 89, "width": 940, "children": []}]}, {"name": "footer", "top": 1719, "left": 0, "height": 210, "width": 1207, "children": [{"name": "box32", "top": 1766, "left": 133.5, "height": 32, "width": 940, "children": [{"name": "box33", "top": 1766, "left": 919.5, "height": 32, "width": 154, "children": [{"name": "box34", "top": 1766, "left": 926.5, "height": 28, "width": 28, "children": []}, {"name": "box35", "top": 1766, "left": 968.5, "height": 28, "width": 28, "children": []}, {"name": "box36", "top": 1766, "left": 1010.5, "height": 28, "width": 28, "children": []}, {"name": "box37", "top": 1766, "left": 1045.5, "height": 28, "width": 28, "children": []}]}, {"name": "box38", "top": 1771, "left": 133.5, "height": 15, "width": 400, "children": []}]}, {"name": "wix", "top": 1887, "left": 133.5, "height": 89, "width": 940, "children": []}]}, {"name": "footer", "top": 1719, "left": 0, "height": 210, "width": 1238, "children": [{"name": "box32", "top": 1766, "left": 149, "height": 32, "width": 940, "children": [{"name": "box33", "top": 1766, "left": 935, "height": 32, "width": 154, "children": [{"name": "box34", "top": 1766, "left": 942, "height": 28, "width": 28, "children": []}, {"name": "box35", "top": 1766, "left": 984, "height": 28, "width": 28, "children": []}, {"name": "box36", "top": 1766, "left": 1026, "height": 28, "width": 28, "children": []}, {"name": "box37", "top": 1766, "left": 1061, "height": 28, "width": 28, "children": []}]}, {"name": "box38", "top": 1771, "left": 149, "height": 15, "width": 400, "children": []}]}, {"name": "wix", "top": 1887, "left": 149, "height": 89, "width": 940, "children": []}]}, {"name": "footer", "top": 1719, "left": 0, "height": 210, "width": 1047, "children": [{"name": "box32", "top": 1766, "left": 53.5, "height": 32, "width": 940, "children": [{"name": "box33", "top": 1766, "left": 839.5, "height": 32, "width": 154, "children": [{"name": "box34", "top": 1766, "left": 846.5, "height": 28, "width": 28, "children": []}, {"name": "box35", "top": 1766, "left": 888.5, "height": 28, "width": 28, "children": []}, {"name": "box36", "top": 1766, "left": 930.5, "height": 28, "width": 28, "children": []}, {"name": "box37", "top": 1766, "left": 965.5, "height": 28, "width": 28, "children": []}]}, {"name": "box38", "top": 1771, "left": 53.5, "height": 15, "width": 400, "children": []}]}, {"name": "wix", "top": 1887, "left": 53.5, "height": 89, "width": 940, "children": []}]}, {"name": "footer", "top": 1719, "left": 0, "height": 210, "width": 1172, "children": [{"name": "box32", "top": 1766, "left": 116, "height": 32, "width": 940, "children": [{"name": "box33", "top": 1766, "left": 902, "height": 32, "width": 154, "children": [{"name": "box34", "top": 1766, "left": 909, "height": 28, "width": 28, "children": []}, {"name": "box35", "top": 1766, "left": 951, "height": 28, "width": 28, "children": []}, {"name": "box36", "top": 1766, "left": 993, "height": 28, "width": 28, "children": []}, {"name": "box37", "top": 1766, "left": 1028, "height": 28, "width": 28, "children": []}]}, {"name": "box38", "top": 1771, "left": 116, "height": 15, "width": 400, "children": []}]}, {"name": "wix", "top": 1887, "left": 116, "height": 89, "width": 940, "children": []}]}, {"name": "footer", "top": 1719, "left": 0, "height": 210, "width": 1231, "children": [{"name": "box32", "top": 1766, "left": 145.5, "height": 32, "width": 940, "children": [{"name": "box33", "top": 1766, "left": 931.5, "height": 32, "width": 154, "children": [{"name": "box34", "top": 1766, "left": 938.5, "height": 28, "width": 28, "children": []}, {"name": "box35", "top": 1766, "left": 980.5, "height": 28, "width": 28, "children": []}, {"name": "box36", "top": 1766, "left": 1022.5, "height": 28, "width": 28, "children": []}, {"name": "box37", "top": 1766, "left": 1057.5, "height": 28, "width": 28, "children": []}]}, {"name": "box38", "top": 1771, "left": 145.5, "height": 15, "width": 400, "children": []}]}, {"name": "wix", "top": 1887, "left": 145.5, "height": 89, "width": 940, "children": []}]}], "test": [{"name": "footer", "top": 1719, "left": 0, "height": 210, "width": 1043, "children": [{"name": "box32", "top": 1766, "left": 51.5, "height": 32, "width": 940, "children": [{"name": "box33", "top": 1766, "left": 837.5, "height": 32, "width": 154, "children": [{"name": "box34", "top": 1766, "left": 844.5, "height": 28, "width": 28, "children": []}, {"name": "box35", "top": 1766, "left": 886.5, "height": 28, "width": 28, "children": []}, {"name": "box36", "top": 1766, "left": 928.5, "height": 28, "width": 28, "children": []}, {"name": "box37", "top": 1766, "left": 963.5, "height": 28, "width": 28, "children": []}]}, {"name": "box38", "top": 1771, "left": 51.5, "height": 15, "width": 400, "children": []}]}, {"name": "wix", "top": 1887, "left": 51.5, "height": 89, "width": 940, "children": []}]}, {"name": "footer", "top": 1719, "left": 0, "height": 210, "width": 1005, "children": [{"name": "box32", "top": 1766, "left": 32.5, "height": 32, "width": 940, "children": [{"name": "box33", "top": 1766, "left": 818.5, "height": 32, "width": 154, "children": [{"name": "box34", "top": 1766, "left": 825.5, "height": 28, "width": 28, "children": []}, {"name": "box35", "top": 1766, "left": 867.5, "height": 28, "width": 28, "children": []}, {"name": "box36", "top": 1766, "left": 909.5, "height": 28, "width": 28, "children": []}, {"name": "box37", "top": 1766, "left": 944.5, "height": 28, "width": 28, "children": []}]}, {"name": "box38", "top": 1771, "left": 32.5, "height": 15, "width": 400, "children": []}]}, {"name": "wix", "top": 1887, "left": 32.5, "height": 89, "width": 940, "children": []}]}, {"name": "footer", "top": 1719, "left": 0, "height": 210, "width": 996, "children": [{"name": "box32", "top": 1766, "left": 28, "height": 32, "width": 940, "children": [{"name": "box33", "top": 1766, "left": 814, "height": 32, "width": 154, "children": [{"name": "box34", "top": 1766, "left": 821, "height": 28, "width": 28, "children": []}, {"name": "box35", "top": 1766, "left": 863, "height": 28, "width": 28, "children": []}, {"name": "box36", "top": 1766, "left": 905, "height": 28, "width": 28, "children": []}, {"name": "box37", "top": 1766, "left": 940, "height": 28, "width": 28, "children": []}]}, {"name": "box38", "top": 1771, "left": 28, "height": 15, "width": 400, "children": []}]}, {"name": "wix", "top": 1887, "left": 28, "height": 89, "width": 940, "children": []}]}, {"name": "footer", "top": 1719, "left": 0, "height": 210, "width": 984, "children": [{"name": "box32", "top": 1766, "left": 22, "height": 32, "width": 940, "children": [{"name": "box33", "top": 1766, "left": 808, "height": 32, "width": 154, "children": [{"name": "box34", "top": 1766, "left": 815, "height": 28, "width": 28, "children": []}, {"name": "box35", "top": 1766, "left": 857, "height": 28, "width": 28, "children": []}, {"name": "box36", "top": 1766, "left": 899, "height": 28, "width": 28, "children": []}, {"name": "box37", "top": 1766, "left": 934, "height": 28, "width": 28, "children": []}]}, {"name": "box38", "top": 1771, "left": 22, "height": 15, "width": 400, "children": []}]}, {"name": "wix", "top": 1887, "left": 22, "height": 89, "width": 940, "children": []}]}, {"name": "footer", "top": 1719, "left": 0, "height": 210, "width": 1140, "children": [{"name": "box32", "top": 1766, "left": 100, "height": 32, "width": 940, "children": [{"name": "box33", "top": 1766, "left": 886, "height": 32, "width": 154, "children": [{"name": "box34", "top": 1766, "left": 893, "height": 28, "width": 28, "children": []}, {"name": "box35", "top": 1766, "left": 935, "height": 28, "width": 28, "children": []}, {"name": "box36", "top": 1766, "left": 977, "height": 28, "width": 28, "children": []}, {"name": "box37", "top": 1766, "left": 1012, "height": 28, "width": 28, "children": []}]}, {"name": "box38", "top": 1771, "left": 100, "height": 15, "width": 400, "children": []}]}, {"name": "wix", "top": 1887, "left": 100, "height": 89, "width": 940, "children": []}]}, {"name": "footer", "top": 1719, "left": 0, "height": 210, "width": 1036, "children": [{"name": "box32", "top": 1766, "left": 48, "height": 32, "width": 940, "children": [{"name": "box33", "top": 1766, "left": 834, "height": 32, "width": 154, "children": [{"name": "box34", "top": 1766, "left": 841, "height": 28, "width": 28, "children": []}, {"name": "box35", "top": 1766, "left": 883, "height": 28, "width": 28, "children": []}, {"name": "box36", "top": 1766, "left": 925, "height": 28, "width": 28, "children": []}, {"name": "box37", "top": 1766, "left": 960, "height": 28, "width": 28, "children": []}]}, {"name": "box38", "top": 1771, "left": 48, "height": 15, "width": 400, "children": []}]}, {"name": "wix", "top": 1887, "left": 48, "height": 89, "width": 940, "children": []}]}, {"name": "footer", "top": 1719, "left": 0, "height": 210, "width": 1118, "children": [{"name": "box32", "top": 1766, "left": 89, "height": 32, "width": 940, "children": [{"name": "box33", "top": 1766, "left": 875, "height": 32, "width": 154, "children": [{"name": "box34", "top": 1766, "left": 882, "height": 28, "width": 28, "children": []}, {"name": "box35", "top": 1766, "left": 924, "height": 28, "width": 28, "children": []}, {"name": "box36", "top": 1766, "left": 966, "height": 28, "width": 28, "children": []}, {"name": "box37", "top": 1766, "left": 1001, "height": 28, "width": 28, "children": []}]}, {"name": "box38", "top": 1771, "left": 89, "height": 15, "width": 400, "children": []}]}, {"name": "wix", "top": 1887, "left": 89, "height": 89, "width": 940, "children": []}]}, {"name": "footer", "top": 1719, "left": 0, "height": 210, "width": 1172, "children": [{"name": "box32", "top": 1766, "left": 116, "height": 32, "width": 940, "children": [{"name": "box33", "top": 1766, "left": 902, "height": 32, "width": 154, "children": [{"name": "box34", "top": 1766, "left": 909, "height": 28, "width": 28, "children": []}, {"name": "box35", "top": 1766, "left": 951, "height": 28, "width": 28, "children": []}, {"name": "box36", "top": 1766, "left": 993, "height": 28, "width": 28, "children": []}, {"name": "box37", "top": 1766, "left": 1028, "height": 28, "width": 28, "children": []}]}, {"name": "box38", "top": 1771, "left": 116, "height": 15, "width": 400, "children": []}]}, {"name": "wix", "top": 1887, "left": 116, "height": 89, "width": 940, "children": []}]}, {"name": "footer", "top": 1719, "left": 0, "height": 210, "width": 1209, "children": [{"name": "box32", "top": 1766, "left": 134.5, "height": 32, "width": 940, "children": [{"name": "box33", "top": 1766, "left": 920.5, "height": 32, "width": 154, "children": [{"name": "box34", "top": 1766, "left": 927.5, "height": 28, "width": 28, "children": []}, {"name": "box35", "top": 1766, "left": 969.5, "height": 28, "width": 28, "children": []}, {"name": "box36", "top": 1766, "left": 1011.5, "height": 28, "width": 28, "children": []}, {"name": "box37", "top": 1766, "left": 1046.5, "height": 28, "width": 28, "children": []}]}, {"name": "box38", "top": 1771, "left": 134.5, "height": 15, "width": 400, "children": []}]}, {"name": "wix", "top": 1887, "left": 134.5, "height": 89, "width": 940, "children": []}]}, {"name": "footer", "top": 1719, "left": 0, "height": 210, "width": 995, "children": [{"name": "box32", "top": 1766, "left": 27.5, "height": 32, "width": 940, "children": [{"name": "box33", "top": 1766, "left": 813.5, "height": 32, "width": 154, "children": [{"name": "box34", "top": 1766, "left": 820.5, "height": 28, "width": 28, "children": []}, {"name": "box35", "top": 1766, "left": 862.5, "height": 28, "width": 28, "children": []}, {"name": "box36", "top": 1766, "left": 904.5, "height": 28, "width": 28, "children": []}, {"name": "box37", "top": 1766, "left": 939.5, "height": 28, "width": 28, "children": []}]}, {"name": "box38", "top": 1771, "left": 27.5, "height": 15, "width": 400, "children": []}]}, {"name": "wix", "top": 1887, "left": 27.5, "height": 89, "width": 940, "children": []}]}]}