{"name": "fwt-space-navigation", "bench": {"height": {"low": 60, "high": 60}, "width": {"low": 940, "high": 940}, "trainSeed": 235775, "testSeed": 17250987, "testSize": 10, "trainSize": 10}, "train": [{"name": "box3", "top": 41, "left": 99, "height": 60, "width": 940, "children": [{"name": "box5", "top": 41, "left": 99, "height": 60, "width": 304, "children": []}, {"name": "navigation", "top": 41, "left": 447, "height": 60, "width": 587.683, "children": []}]}, {"name": "box3", "top": 41, "left": 133.5, "height": 60, "width": 940, "children": [{"name": "box5", "top": 41, "left": 133.5, "height": 60, "width": 304, "children": []}, {"name": "navigation", "top": 41, "left": 481.5, "height": 60, "width": 587.683, "children": []}]}, {"name": "box3", "top": 41, "left": 129.5, "height": 60, "width": 940, "children": [{"name": "box5", "top": 41, "left": 129.5, "height": 60, "width": 304, "children": []}, {"name": "navigation", "top": 41, "left": 477.5, "height": 60, "width": 587.683, "children": []}]}, {"name": "box3", "top": 41, "left": 59, "height": 60, "width": 940, "children": [{"name": "box5", "top": 41, "left": 59, "height": 60, "width": 304, "children": []}, {"name": "navigation", "top": 41, "left": 407, "height": 60, "width": 587.683, "children": []}]}, {"name": "box3", "top": 41, "left": 156, "height": 60, "width": 940, "children": [{"name": "box5", "top": 41, "left": 156, "height": 60, "width": 304, "children": []}, {"name": "navigation", "top": 41, "left": 504, "height": 60, "width": 587.683, "children": []}]}, {"name": "box3", "top": 41, "left": 133.5, "height": 60, "width": 940, "children": [{"name": "box5", "top": 41, "left": 133.5, "height": 60, "width": 304, "children": []}, {"name": "navigation", "top": 41, "left": 481.5, "height": 60, "width": 587.683, "children": []}]}, {"name": "box3", "top": 41, "left": 149, "height": 60, "width": 940, "children": [{"name": "box5", "top": 41, "left": 149, "height": 60, "width": 304, "children": []}, {"name": "navigation", "top": 41, "left": 497, "height": 60, "width": 587.683, "children": []}]}, {"name": "box3", "top": 41, "left": 53.5, "height": 60, "width": 940, "children": [{"name": "box5", "top": 41, "left": 53.5, "height": 60, "width": 304, "children": []}, {"name": "navigation", "top": 41, "left": 401.5, "height": 60, "width": 587.683, "children": []}]}, {"name": "box3", "top": 41, "left": 116, "height": 60, "width": 940, "children": [{"name": "box5", "top": 41, "left": 116, "height": 60, "width": 304, "children": []}, {"name": "navigation", "top": 41, "left": 464, "height": 60, "width": 587.683, "children": []}]}, {"name": "box3", "top": 41, "left": 145.5, "height": 60, "width": 940, "children": [{"name": "box5", "top": 41, "left": 145.5, "height": 60, "width": 304, "children": []}, {"name": "navigation", "top": 41, "left": 493.5, "height": 60, "width": 587.683, "children": []}]}], "test": [{"name": "box3", "top": 41, "left": 51.5, "height": 60, "width": 940, "children": [{"name": "box5", "top": 41, "left": 51.5, "height": 60, "width": 304, "children": []}, {"name": "navigation", "top": 41, "left": 399.5, "height": 60, "width": 587.683, "children": []}]}, {"name": "box3", "top": 41, "left": 32.5, "height": 60, "width": 940, "children": [{"name": "box5", "top": 41, "left": 32.5, "height": 60, "width": 304, "children": []}, {"name": "navigation", "top": 41, "left": 380.5, "height": 60, "width": 587.683, "children": []}]}, {"name": "box3", "top": 41, "left": 28, "height": 60, "width": 940, "children": [{"name": "box5", "top": 41, "left": 28, "height": 60, "width": 304, "children": []}, {"name": "navigation", "top": 41, "left": 376, "height": 60, "width": 587.683, "children": []}]}, {"name": "box3", "top": 41, "left": 22, "height": 60, "width": 940, "children": [{"name": "box5", "top": 41, "left": 22, "height": 60, "width": 304, "children": []}, {"name": "navigation", "top": 41, "left": 370, "height": 60, "width": 587.683, "children": []}]}, {"name": "box3", "top": 41, "left": 100, "height": 60, "width": 940, "children": [{"name": "box5", "top": 41, "left": 100, "height": 60, "width": 304, "children": []}, {"name": "navigation", "top": 41, "left": 448, "height": 60, "width": 587.683, "children": []}]}, {"name": "box3", "top": 41, "left": 48, "height": 60, "width": 940, "children": [{"name": "box5", "top": 41, "left": 48, "height": 60, "width": 304, "children": []}, {"name": "navigation", "top": 41, "left": 396, "height": 60, "width": 587.683, "children": []}]}, {"name": "box3", "top": 41, "left": 89, "height": 60, "width": 940, "children": [{"name": "box5", "top": 41, "left": 89, "height": 60, "width": 304, "children": []}, {"name": "navigation", "top": 41, "left": 437, "height": 60, "width": 587.683, "children": []}]}, {"name": "box3", "top": 41, "left": 116, "height": 60, "width": 940, "children": [{"name": "box5", "top": 41, "left": 116, "height": 60, "width": 304, "children": []}, {"name": "navigation", "top": 41, "left": 464, "height": 60, "width": 587.683, "children": []}]}, {"name": "box3", "top": 41, "left": 134.5, "height": 60, "width": 940, "children": [{"name": "box5", "top": 41, "left": 134.5, "height": 60, "width": 304, "children": []}, {"name": "navigation", "top": 41, "left": 482.5, "height": 60, "width": 587.683, "children": []}]}, {"name": "box3", "top": 41, "left": 27.5, "height": 60, "width": 940, "children": [{"name": "box5", "top": 41, "left": 27.5, "height": 60, "width": 304, "children": []}, {"name": "navigation", "top": 41, "left": 375.5, "height": 60, "width": 587.683, "children": []}]}]}