{"name": "fwt-space-header", "bench": {"height": {"low": 41, "high": 41}, "width": {"low": 960, "high": 960}, "trainSeed": 235775, "testSeed": 17250987, "testSize": 10, "trainSize": 10}, "train": [{"name": "box0", "top": 0, "left": 89, "height": 41, "width": 960, "children": [{"name": "box1", "top": 0, "left": 89, "height": 41, "width": 251, "children": []}, {"name": "box2", "top": 0, "left": 825, "height": 41, "width": 224, "children": []}]}, {"name": "box0", "top": 0, "left": 123.5, "height": 41, "width": 960, "children": [{"name": "box1", "top": 0, "left": 123.5, "height": 41, "width": 251, "children": []}, {"name": "box2", "top": 0, "left": 859.5, "height": 41, "width": 224, "children": []}]}, {"name": "box0", "top": 0, "left": 119.5, "height": 41, "width": 960, "children": [{"name": "box1", "top": 0, "left": 119.5, "height": 41, "width": 251, "children": []}, {"name": "box2", "top": 0, "left": 855.5, "height": 41, "width": 224, "children": []}]}, {"name": "box0", "top": 0, "left": 49, "height": 41, "width": 960, "children": [{"name": "box1", "top": 0, "left": 49, "height": 41, "width": 251, "children": []}, {"name": "box2", "top": 0, "left": 785, "height": 41, "width": 224, "children": []}]}, {"name": "box0", "top": 0, "left": 146, "height": 41, "width": 960, "children": [{"name": "box1", "top": 0, "left": 146, "height": 41, "width": 251, "children": []}, {"name": "box2", "top": 0, "left": 882, "height": 41, "width": 224, "children": []}]}, {"name": "box0", "top": 0, "left": 123.5, "height": 41, "width": 960, "children": [{"name": "box1", "top": 0, "left": 123.5, "height": 41, "width": 251, "children": []}, {"name": "box2", "top": 0, "left": 859.5, "height": 41, "width": 224, "children": []}]}, {"name": "box0", "top": 0, "left": 139, "height": 41, "width": 960, "children": [{"name": "box1", "top": 0, "left": 139, "height": 41, "width": 251, "children": []}, {"name": "box2", "top": 0, "left": 875, "height": 41, "width": 224, "children": []}]}, {"name": "box0", "top": 0, "left": 43.5, "height": 41, "width": 960, "children": [{"name": "box1", "top": 0, "left": 43.5, "height": 41, "width": 251, "children": []}, {"name": "box2", "top": 0, "left": 779.5, "height": 41, "width": 224, "children": []}]}, {"name": "box0", "top": 0, "left": 106, "height": 41, "width": 960, "children": [{"name": "box1", "top": 0, "left": 106, "height": 41, "width": 251, "children": []}, {"name": "box2", "top": 0, "left": 842, "height": 41, "width": 224, "children": []}]}, {"name": "box0", "top": 0, "left": 135.5, "height": 41, "width": 960, "children": [{"name": "box1", "top": 0, "left": 135.5, "height": 41, "width": 251, "children": []}, {"name": "box2", "top": 0, "left": 871.5, "height": 41, "width": 224, "children": []}]}], "test": [{"name": "box0", "top": 0, "left": 41.5, "height": 41, "width": 960, "children": [{"name": "box1", "top": 0, "left": 41.5, "height": 41, "width": 251, "children": []}, {"name": "box2", "top": 0, "left": 777.5, "height": 41, "width": 224, "children": []}]}, {"name": "box0", "top": 0, "left": 22.5, "height": 41, "width": 960, "children": [{"name": "box1", "top": 0, "left": 22.5, "height": 41, "width": 251, "children": []}, {"name": "box2", "top": 0, "left": 758.5, "height": 41, "width": 224, "children": []}]}, {"name": "box0", "top": 0, "left": 18, "height": 41, "width": 960, "children": [{"name": "box1", "top": 0, "left": 18, "height": 41, "width": 251, "children": []}, {"name": "box2", "top": 0, "left": 754, "height": 41, "width": 224, "children": []}]}, {"name": "box0", "top": 0, "left": 12, "height": 41, "width": 960, "children": [{"name": "box1", "top": 0, "left": 12, "height": 41, "width": 251, "children": []}, {"name": "box2", "top": 0, "left": 748, "height": 41, "width": 224, "children": []}]}, {"name": "box0", "top": 0, "left": 90, "height": 41, "width": 960, "children": [{"name": "box1", "top": 0, "left": 90, "height": 41, "width": 251, "children": []}, {"name": "box2", "top": 0, "left": 826, "height": 41, "width": 224, "children": []}]}, {"name": "box0", "top": 0, "left": 38, "height": 41, "width": 960, "children": [{"name": "box1", "top": 0, "left": 38, "height": 41, "width": 251, "children": []}, {"name": "box2", "top": 0, "left": 774, "height": 41, "width": 224, "children": []}]}, {"name": "box0", "top": 0, "left": 79, "height": 41, "width": 960, "children": [{"name": "box1", "top": 0, "left": 79, "height": 41, "width": 251, "children": []}, {"name": "box2", "top": 0, "left": 815, "height": 41, "width": 224, "children": []}]}, {"name": "box0", "top": 0, "left": 106, "height": 41, "width": 960, "children": [{"name": "box1", "top": 0, "left": 106, "height": 41, "width": 251, "children": []}, {"name": "box2", "top": 0, "left": 842, "height": 41, "width": 224, "children": []}]}, {"name": "box0", "top": 0, "left": 124.5, "height": 41, "width": 960, "children": [{"name": "box1", "top": 0, "left": 124.5, "height": 41, "width": 251, "children": []}, {"name": "box2", "top": 0, "left": 860.5, "height": 41, "width": 224, "children": []}]}, {"name": "box0", "top": 0, "left": 17.5, "height": 41, "width": 960, "children": [{"name": "box1", "top": 0, "left": 17.5, "height": 41, "width": 251, "children": []}, {"name": "box2", "top": 0, "left": 753.5, "height": 41, "width": 224, "children": []}]}]}