{"name": "hackernews-header", "bench": {"height": {"low": 24, "high": 24}, "width": {"low": 678.3, "high": 1002.15}, "trainSeed": 235775, "testSeed": 17250987, "testSize": 10, "trainSize": 10}, "train": [{"name": "box3", "top": 8, "left": 79.76666259765625, "height": 24, "width": 813.45, "children": [{"name": "box5", "top": 10, "left": 81.76666259765625, "height": 20, "width": 809.45, "children": [{"name": "box6", "top": 10, "left": 81.76666259765625, "height": 20, "width": 20, "children": [{"name": "box7", "top": 16.5, "left": 81.76666259765625, "height": 14, "width": 20, "children": [{"name": "box8", "top": 10, "left": 81.76666259765625, "height": 18, "width": 18, "children": []}]}]}, {"name": "box9", "top": 10, "left": 105.76666259765625, "height": 20, "width": 727.767, "children": [{"name": "box10", "top": 11.75, "left": 105.76666259765625, "height": 17, "width": 456, "children": [{"name": "box12", "top": 11.75, "left": 105.76666259765625, "height": 17, "width": 98, "children": []}, {"name": "box13", "top": 11.75, "left": 213.46665954589844, "height": 17, "width": 27, "children": []}, {"name": "box14", "top": 11.75, "left": 256.183349609375, "height": 17, "width": 29, "children": []}, {"name": "box15", "top": 11.75, "left": 300.1000061035156, "height": 17, "width": 70, "children": []}, {"name": "box16", "top": 11.75, "left": 385.08331298828125, "height": 17, "width": 23, "children": []}, {"name": "box17", "top": 11.75, "left": 423.33331298828125, "height": 17, "width": 34, "children": []}, {"name": "box18", "top": 11.75, "left": 473.1499938964844, "height": 17, "width": 28, "children": []}, {"name": "box19", "top": 11.75, "left": 516.5, "height": 17, "width": 46, "children": []}]}]}, {"name": "box20", "top": 10, "left": 833.5333251953125, "height": 20, "width": 53.6833, "children": [{"name": "box22", "top": 11.75, "left": 855.0499877929688, "height": 17, "width": 32, "children": []}]}]}]}, {"name": "box3", "top": 8, "left": 83.06666564941406, "height": 24, "width": 850.85, "children": [{"name": "box5", "top": 10, "left": 85.06666564941406, "height": 20, "width": 846.85, "children": [{"name": "box6", "top": 10, "left": 85.06666564941406, "height": 20, "width": 20, "children": [{"name": "box7", "top": 16.5, "left": 85.06666564941406, "height": 14, "width": 20, "children": [{"name": "box8", "top": 10, "left": 85.06666564941406, "height": 18, "width": 18, "children": []}]}]}, {"name": "box9", "top": 10, "left": 109.06666564941406, "height": 20, "width": 762.417, "children": [{"name": "box10", "top": 11.75, "left": 109.06666564941406, "height": 17, "width": 456, "children": [{"name": "box12", "top": 11.75, "left": 109.06666564941406, "height": 17, "width": 98, "children": []}, {"name": "box13", "top": 11.75, "left": 216.76666259765625, "height": 17, "width": 27, "children": []}, {"name": "box14", "top": 11.75, "left": 259.48333740234375, "height": 17, "width": 29, "children": []}, {"name": "box15", "top": 11.75, "left": 303.3999938964844, "height": 17, "width": 70, "children": []}, {"name": "box16", "top": 11.75, "left": 388.3833312988281, "height": 17, "width": 23, "children": []}, {"name": "box17", "top": 11.75, "left": 426.6333312988281, "height": 17, "width": 34, "children": []}, {"name": "box18", "top": 11.75, "left": 476.45001220703125, "height": 17, "width": 28, "children": []}, {"name": "box19", "top": 11.75, "left": 519.7999877929688, "height": 17, "width": 46, "children": []}]}]}, {"name": "box20", "top": 10, "left": 871.4833374023438, "height": 20, "width": 56.4333, "children": [{"name": "box22", "top": 11.75, "left": 895.75, "height": 17, "width": 32, "children": []}]}]}]}, {"name": "box3", "top": 8, "left": 70.46665954589844, "height": 24, "width": 708.05, "children": [{"name": "box5", "top": 10, "left": 72.46665954589844, "height": 20, "width": 704.05, "children": [{"name": "box6", "top": 10, "left": 72.46665954589844, "height": 20, "width": 20, "children": [{"name": "box7", "top": 16.5, "left": 72.46665954589844, "height": 14, "width": 20, "children": [{"name": "box8", "top": 10, "left": 72.46665954589844, "height": 18, "width": 18, "children": []}]}]}, {"name": "box9", "top": 10, "left": 96.46665954589844, "height": 20, "width": 630.1, "children": [{"name": "box10", "top": 11.75, "left": 96.46665954589844, "height": 17, "width": 456, "children": [{"name": "box12", "top": 11.75, "left": 96.46665954589844, "height": 17, "width": 98, "children": []}, {"name": "box13", "top": 11.75, "left": 204.1666717529297, "height": 17, "width": 27, "children": []}, {"name": "box14", "top": 11.75, "left": 246.88333129882812, "height": 17, "width": 29, "children": []}, {"name": "box15", "top": 11.75, "left": 290.79998779296875, "height": 17, "width": 70, "children": []}, {"name": "box16", "top": 11.75, "left": 375.7833251953125, "height": 17, "width": 23, "children": []}, {"name": "box17", "top": 11.75, "left": 414.0333251953125, "height": 17, "width": 34, "children": []}, {"name": "box18", "top": 11.75, "left": 463.8500061035156, "height": 17, "width": 28, "children": []}, {"name": "box19", "top": 11.75, "left": 507.20001220703125, "height": 17, "width": 46, "children": []}]}]}, {"name": "box20", "top": 10, "left": 726.566650390625, "height": 20, "width": 45.95, "children": [{"name": "box22", "top": 11.75, "left": 740.3499755859375, "height": 17, "width": 32, "children": []}]}]}]}, {"name": "box3", "top": 8, "left": 76.01666259765625, "height": 24, "width": 770.95, "children": [{"name": "box5", "top": 10, "left": 78.01666259765625, "height": 20, "width": 766.95, "children": [{"name": "box6", "top": 10, "left": 78.01666259765625, "height": 20, "width": 20, "children": [{"name": "box7", "top": 16.5, "left": 78.01666259765625, "height": 14, "width": 20, "children": [{"name": "box8", "top": 10, "left": 78.01666259765625, "height": 18, "width": 18, "children": []}]}]}, {"name": "box9", "top": 10, "left": 102.01666259765625, "height": 20, "width": 688.383, "children": [{"name": "box10", "top": 11.75, "left": 102.01666259765625, "height": 17, "width": 456, "children": [{"name": "box12", "top": 11.75, "left": 102.01666259765625, "height": 17, "width": 98, "children": []}, {"name": "box13", "top": 11.75, "left": 209.71665954589844, "height": 17, "width": 27, "children": []}, {"name": "box14", "top": 11.75, "left": 252.43333435058594, "height": 17, "width": 29, "children": []}, {"name": "box15", "top": 11.75, "left": 296.3500061035156, "height": 17, "width": 70, "children": []}, {"name": "box16", "top": 11.75, "left": 381.33331298828125, "height": 17, "width": 23, "children": []}, {"name": "box17", "top": 11.75, "left": 419.58331298828125, "height": 17, "width": 34, "children": []}, {"name": "box18", "top": 11.75, "left": 469.3999938964844, "height": 17, "width": 28, "children": []}, {"name": "box19", "top": 11.75, "left": 512.75, "height": 17, "width": 46, "children": []}]}]}, {"name": "box20", "top": 10, "left": 790.4000244140625, "height": 20, "width": 50.5667, "children": [{"name": "box22", "top": 11.75, "left": 808.7999877929688, "height": 17, "width": 32, "children": []}]}]}]}, {"name": "box3", "top": 8, "left": 84.56666564941406, "height": 24, "width": 867.85, "children": [{"name": "box5", "top": 10, "left": 86.56666564941406, "height": 20, "width": 863.85, "children": [{"name": "box6", "top": 10, "left": 86.56666564941406, "height": 20, "width": 20, "children": [{"name": "box7", "top": 16.5, "left": 86.56666564941406, "height": 14, "width": 20, "children": [{"name": "box8", "top": 10, "left": 86.56666564941406, "height": 18, "width": 18, "children": []}]}]}, {"name": "box9", "top": 10, "left": 110.56666564941406, "height": 20, "width": 778.167, "children": [{"name": "box10", "top": 11.75, "left": 110.56666564941406, "height": 17, "width": 456, "children": [{"name": "box12", "top": 11.75, "left": 110.56666564941406, "height": 17, "width": 98, "children": []}, {"name": "box13", "top": 11.75, "left": 218.26666259765625, "height": 17, "width": 27, "children": []}, {"name": "box14", "top": 11.75, "left": 260.98333740234375, "height": 17, "width": 29, "children": []}, {"name": "box15", "top": 11.75, "left": 304.8999938964844, "height": 17, "width": 70, "children": []}, {"name": "box16", "top": 11.75, "left": 389.8833312988281, "height": 17, "width": 23, "children": []}, {"name": "box17", "top": 11.75, "left": 428.1333312988281, "height": 17, "width": 34, "children": []}, {"name": "box18", "top": 11.75, "left": 477.95001220703125, "height": 17, "width": 28, "children": []}, {"name": "box19", "top": 11.75, "left": 521.2999877929688, "height": 17, "width": 46, "children": []}]}]}, {"name": "box20", "top": 10, "left": 888.7333374023438, "height": 20, "width": 57.6833, "children": [{"name": "box22", "top": 11.75, "left": 914.25, "height": 17, "width": 32, "children": []}]}]}]}, {"name": "box3", "top": 8, "left": 93.19999694824219, "height": 24, "width": 965.6, "children": [{"name": "box5", "top": 10, "left": 95.19999694824219, "height": 20, "width": 961.6, "children": [{"name": "box6", "top": 10, "left": 95.19999694824219, "height": 20, "width": 20, "children": [{"name": "box7", "top": 16.5, "left": 95.19999694824219, "height": 14, "width": 20, "children": [{"name": "box8", "top": 10, "left": 95.19999694824219, "height": 18, "width": 18, "children": []}]}]}, {"name": "box9", "top": 10, "left": 119.19999694824219, "height": 20, "width": 868.75, "children": [{"name": "box10", "top": 11.75, "left": 119.19999694824219, "height": 17, "width": 456, "children": [{"name": "box12", "top": 11.75, "left": 119.19999694824219, "height": 17, "width": 98, "children": []}, {"name": "box13", "top": 11.75, "left": 226.89999389648438, "height": 17, "width": 27, "children": []}, {"name": "box14", "top": 11.75, "left": 269.6166687011719, "height": 17, "width": 29, "children": []}, {"name": "box15", "top": 11.75, "left": 313.5333251953125, "height": 17, "width": 70, "children": []}, {"name": "box16", "top": 11.75, "left": 398.51666259765625, "height": 17, "width": 23, "children": []}, {"name": "box17", "top": 11.75, "left": 436.76666259765625, "height": 17, "width": 34, "children": []}, {"name": "box18", "top": 11.75, "left": 486.58331298828125, "height": 17, "width": 28, "children": []}, {"name": "box19", "top": 11.75, "left": 529.933349609375, "height": 17, "width": 46, "children": []}]}]}, {"name": "box20", "top": 10, "left": 987.9500122070312, "height": 20, "width": 64.85, "children": [{"name": "box22", "top": 11.75, "left": 1020.63330078125, "height": 17, "width": 32, "children": []}]}]}]}, {"name": "box3", "top": 8, "left": 91.01666259765625, "height": 24, "width": 940.95, "children": [{"name": "box5", "top": 10, "left": 93.01666259765625, "height": 20, "width": 936.95, "children": [{"name": "box6", "top": 10, "left": 93.01666259765625, "height": 20, "width": 20, "children": [{"name": "box7", "top": 16.5, "left": 93.01666259765625, "height": 14, "width": 20, "children": [{"name": "box8", "top": 10, "left": 93.01666259765625, "height": 18, "width": 18, "children": []}]}]}, {"name": "box9", "top": 10, "left": 117.01666259765625, "height": 20, "width": 845.9, "children": [{"name": "box10", "top": 11.75, "left": 117.01666259765625, "height": 17, "width": 456, "children": [{"name": "box12", "top": 11.75, "left": 117.01666259765625, "height": 17, "width": 98, "children": []}, {"name": "box13", "top": 11.75, "left": 224.71665954589844, "height": 17, "width": 27, "children": []}, {"name": "box14", "top": 11.75, "left": 267.433349609375, "height": 17, "width": 29, "children": []}, {"name": "box15", "top": 11.75, "left": 311.3500061035156, "height": 17, "width": 70, "children": []}, {"name": "box16", "top": 11.75, "left": 396.33331298828125, "height": 17, "width": 23, "children": []}, {"name": "box17", "top": 11.75, "left": 434.58331298828125, "height": 17, "width": 34, "children": []}, {"name": "box18", "top": 11.75, "left": 484.3999938964844, "height": 17, "width": 28, "children": []}, {"name": "box19", "top": 11.75, "left": 527.75, "height": 17, "width": 46, "children": []}]}]}, {"name": "box20", "top": 10, "left": 962.9166870117188, "height": 20, "width": 63.05, "children": [{"name": "box22", "top": 11.75, "left": 993.7999877929688, "height": 17, "width": 32, "children": []}]}]}]}, {"name": "box3", "top": 8, "left": 75.19999694824219, "height": 24, "width": 761.6, "children": [{"name": "box5", "top": 10, "left": 77.19999694824219, "height": 20, "width": 757.6, "children": [{"name": "box6", "top": 10, "left": 77.19999694824219, "height": 20, "width": 20, "children": [{"name": "box7", "top": 16.5, "left": 77.19999694824219, "height": 14, "width": 20, "children": [{"name": "box8", "top": 10, "left": 77.19999694824219, "height": 18, "width": 18, "children": []}]}]}, {"name": "box9", "top": 10, "left": 101.19999694824219, "height": 20, "width": 679.717, "children": [{"name": "box10", "top": 11.75, "left": 101.19999694824219, "height": 17, "width": 456, "children": [{"name": "box12", "top": 11.75, "left": 101.19999694824219, "height": 17, "width": 98, "children": []}, {"name": "box13", "top": 11.75, "left": 208.89999389648438, "height": 17, "width": 27, "children": []}, {"name": "box14", "top": 11.75, "left": 251.61666870117188, "height": 17, "width": 29, "children": []}, {"name": "box15", "top": 11.75, "left": 295.5333251953125, "height": 17, "width": 70, "children": []}, {"name": "box16", "top": 11.75, "left": 380.51666259765625, "height": 17, "width": 23, "children": []}, {"name": "box17", "top": 11.75, "left": 418.76666259765625, "height": 17, "width": 34, "children": []}, {"name": "box18", "top": 11.75, "left": 468.58331298828125, "height": 17, "width": 28, "children": []}, {"name": "box19", "top": 11.75, "left": 511.933349609375, "height": 17, "width": 46, "children": []}]}]}, {"name": "box20", "top": 10, "left": 780.9166870117188, "height": 20, "width": 49.8833, "children": [{"name": "box22", "top": 11.75, "left": 798.63330078125, "height": 17, "width": 32, "children": []}]}]}]}, {"name": "box3", "top": 8, "left": 87.56666564941406, "height": 24, "width": 901.85, "children": [{"name": "box5", "top": 10, "left": 89.56666564941406, "height": 20, "width": 897.85, "children": [{"name": "box6", "top": 10, "left": 89.56666564941406, "height": 20, "width": 20, "children": [{"name": "box7", "top": 16.5, "left": 89.56666564941406, "height": 14, "width": 20, "children": [{"name": "box8", "top": 10, "left": 89.56666564941406, "height": 18, "width": 18, "children": []}]}]}, {"name": "box9", "top": 10, "left": 113.56666564941406, "height": 20, "width": 809.667, "children": [{"name": "box10", "top": 11.75, "left": 113.56666564941406, "height": 17, "width": 456, "children": [{"name": "box12", "top": 11.75, "left": 113.56666564941406, "height": 17, "width": 98, "children": []}, {"name": "box13", "top": 11.75, "left": 221.26666259765625, "height": 17, "width": 27, "children": []}, {"name": "box14", "top": 11.75, "left": 263.98333740234375, "height": 17, "width": 29, "children": []}, {"name": "box15", "top": 11.75, "left": 307.8999938964844, "height": 17, "width": 70, "children": []}, {"name": "box16", "top": 11.75, "left": 392.8833312988281, "height": 17, "width": 23, "children": []}, {"name": "box17", "top": 11.75, "left": 431.1333312988281, "height": 17, "width": 34, "children": []}, {"name": "box18", "top": 11.75, "left": 480.95001220703125, "height": 17, "width": 28, "children": []}, {"name": "box19", "top": 11.75, "left": 524.2999877929688, "height": 17, "width": 46, "children": []}]}]}, {"name": "box20", "top": 10, "left": 923.2333374023438, "height": 20, "width": 60.1833, "children": [{"name": "box22", "top": 11.75, "left": 951.25, "height": 17, "width": 32, "children": []}]}]}]}, {"name": "box3", "top": 8, "left": 74, "height": 24, "width": 748, "children": [{"name": "box5", "top": 10, "left": 76, "height": 20, "width": 744, "children": [{"name": "box6", "top": 10, "left": 76, "height": 20, "width": 20, "children": [{"name": "box7", "top": 16.5, "left": 76, "height": 14, "width": 20, "children": [{"name": "box8", "top": 10, "left": 76, "height": 18, "width": 18, "children": []}]}]}, {"name": "box9", "top": 10, "left": 100, "height": 20, "width": 667.117, "children": [{"name": "box10", "top": 11.75, "left": 100, "height": 17, "width": 456, "children": [{"name": "box12", "top": 11.75, "left": 100, "height": 17, "width": 98, "children": []}, {"name": "box13", "top": 11.75, "left": 207.6999969482422, "height": 17, "width": 27, "children": []}, {"name": "box14", "top": 11.75, "left": 250.4166717529297, "height": 17, "width": 29, "children": []}, {"name": "box15", "top": 11.75, "left": 294.33331298828125, "height": 17, "width": 70, "children": []}, {"name": "box16", "top": 11.75, "left": 379.316650390625, "height": 17, "width": 23, "children": []}, {"name": "box17", "top": 11.75, "left": 417.566650390625, "height": 17, "width": 34, "children": []}, {"name": "box18", "top": 11.75, "left": 467.3833312988281, "height": 17, "width": 28, "children": []}, {"name": "box19", "top": 11.75, "left": 510.73333740234375, "height": 17, "width": 46, "children": []}]}]}, {"name": "box20", "top": 10, "left": 767.11669921875, "height": 20, "width": 48.8833, "children": [{"name": "box22", "top": 11.75, "left": 783.8333129882812, "height": 17, "width": 32, "children": []}]}]}]}], "test": [{"name": "box3", "top": 8, "left": 79.76666259765625, "height": 24, "width": 813.45, "children": [{"name": "box5", "top": 10, "left": 81.76666259765625, "height": 20, "width": 809.45, "children": [{"name": "box6", "top": 10, "left": 81.76666259765625, "height": 20, "width": 20, "children": [{"name": "box7", "top": 16.5, "left": 81.76666259765625, "height": 14, "width": 20, "children": [{"name": "box8", "top": 10, "left": 81.76666259765625, "height": 18, "width": 18, "children": []}]}]}, {"name": "box9", "top": 10, "left": 105.76666259765625, "height": 20, "width": 727.767, "children": [{"name": "box10", "top": 11.75, "left": 105.76666259765625, "height": 17, "width": 456, "children": [{"name": "box12", "top": 11.75, "left": 105.76666259765625, "height": 17, "width": 98, "children": []}, {"name": "box13", "top": 11.75, "left": 213.46665954589844, "height": 17, "width": 27, "children": []}, {"name": "box14", "top": 11.75, "left": 256.183349609375, "height": 17, "width": 29, "children": []}, {"name": "box15", "top": 11.75, "left": 300.1000061035156, "height": 17, "width": 70, "children": []}, {"name": "box16", "top": 11.75, "left": 385.08331298828125, "height": 17, "width": 23, "children": []}, {"name": "box17", "top": 11.75, "left": 423.33331298828125, "height": 17, "width": 34, "children": []}, {"name": "box18", "top": 11.75, "left": 473.1499938964844, "height": 17, "width": 28, "children": []}, {"name": "box19", "top": 11.75, "left": 516.5, "height": 17, "width": 46, "children": []}]}]}, {"name": "box20", "top": 10, "left": 833.5333251953125, "height": 20, "width": 53.6833, "children": [{"name": "box22", "top": 11.75, "left": 855.0499877929688, "height": 17, "width": 32, "children": []}]}]}]}, {"name": "box3", "top": 8, "left": 79.16667175292969, "height": 24, "width": 806.65, "children": [{"name": "box5", "top": 10, "left": 81.16667175292969, "height": 20, "width": 802.65, "children": [{"name": "box6", "top": 10, "left": 81.16667175292969, "height": 20, "width": 20, "children": [{"name": "box7", "top": 16.5, "left": 81.16667175292969, "height": 14, "width": 20, "children": [{"name": "box8", "top": 10, "left": 81.16667175292969, "height": 18, "width": 18, "children": []}]}]}, {"name": "box9", "top": 10, "left": 105.16667175292969, "height": 20, "width": 721.467, "children": [{"name": "box10", "top": 11.75, "left": 105.16667175292969, "height": 17, "width": 456, "children": [{"name": "box12", "top": 11.75, "left": 105.16667175292969, "height": 17, "width": 98, "children": []}, {"name": "box13", "top": 11.75, "left": 212.86666870117188, "height": 17, "width": 27, "children": []}, {"name": "box14", "top": 11.75, "left": 255.5833282470703, "height": 17, "width": 29, "children": []}, {"name": "box15", "top": 11.75, "left": 299.5, "height": 17, "width": 70, "children": []}, {"name": "box16", "top": 11.75, "left": 384.48333740234375, "height": 17, "width": 23, "children": []}, {"name": "box17", "top": 11.75, "left": 422.73333740234375, "height": 17, "width": 34, "children": []}, {"name": "box18", "top": 11.75, "left": 472.54998779296875, "height": 17, "width": 28, "children": []}, {"name": "box19", "top": 11.75, "left": 515.9000244140625, "height": 17, "width": 46, "children": []}]}]}, {"name": "box20", "top": 10, "left": 826.63330078125, "height": 20, "width": 53.1833, "children": [{"name": "box22", "top": 11.75, "left": 847.6500244140625, "height": 17, "width": 32, "children": []}]}]}]}, {"name": "box3", "top": 8, "left": 68, "height": 24, "width": 680, "children": [{"name": "box5", "top": 10, "left": 70, "height": 20, "width": 676, "children": [{"name": "box6", "top": 10, "left": 70, "height": 20, "width": 20, "children": [{"name": "box7", "top": 16.5, "left": 70, "height": 14, "width": 20, "children": [{"name": "box8", "top": 10, "left": 70, "height": 18, "width": 18, "children": []}]}]}, {"name": "box9", "top": 10, "left": 94, "height": 20, "width": 604.117, "children": [{"name": "box10", "top": 11.75, "left": 94, "height": 17, "width": 456, "children": [{"name": "box12", "top": 11.75, "left": 94, "height": 17, "width": 98, "children": []}, {"name": "box13", "top": 11.75, "left": 201.6999969482422, "height": 17, "width": 27, "children": []}, {"name": "box14", "top": 11.75, "left": 244.4166717529297, "height": 17, "width": 29, "children": []}, {"name": "box15", "top": 11.75, "left": 288.33331298828125, "height": 17, "width": 70, "children": []}, {"name": "box16", "top": 11.75, "left": 373.316650390625, "height": 17, "width": 23, "children": []}, {"name": "box17", "top": 11.75, "left": 411.566650390625, "height": 17, "width": 34, "children": []}, {"name": "box18", "top": 11.75, "left": 461.3833312988281, "height": 17, "width": 28, "children": []}, {"name": "box19", "top": 11.75, "left": 504.73333740234375, "height": 17, "width": 46, "children": []}]}]}, {"name": "box20", "top": 10, "left": 698.11669921875, "height": 20, "width": 43.8833, "children": [{"name": "box22", "top": 11.75, "left": 709.8333129882812, "height": 17, "width": 32, "children": []}]}]}]}, {"name": "box3", "top": 8, "left": 67.85000610351562, "height": 24, "width": 678.3, "children": [{"name": "box5", "top": 10, "left": 69.85000610351562, "height": 20, "width": 674.3, "children": [{"name": "box6", "top": 10, "left": 69.85000610351562, "height": 20, "width": 20, "children": [{"name": "box7", "top": 16.5, "left": 69.85000610351562, "height": 14, "width": 20, "children": [{"name": "box8", "top": 10, "left": 69.85000610351562, "height": 18, "width": 18, "children": []}]}]}, {"name": "box9", "top": 10, "left": 93.85000610351562, "height": 20, "width": 602.55, "children": [{"name": "box10", "top": 11.75, "left": 93.85000610351562, "height": 17, "width": 456, "children": [{"name": "box12", "top": 11.75, "left": 93.85000610351562, "height": 17, "width": 98, "children": []}, {"name": "box13", "top": 11.75, "left": 201.5500030517578, "height": 17, "width": 27, "children": []}, {"name": "box14", "top": 11.75, "left": 244.26666259765625, "height": 17, "width": 29, "children": []}, {"name": "box15", "top": 11.75, "left": 288.183349609375, "height": 17, "width": 70, "children": []}, {"name": "box16", "top": 11.75, "left": 373.16668701171875, "height": 17, "width": 23, "children": []}, {"name": "box17", "top": 11.75, "left": 411.41668701171875, "height": 17, "width": 34, "children": []}, {"name": "box18", "top": 11.75, "left": 461.23333740234375, "height": 17, "width": 28, "children": []}, {"name": "box19", "top": 11.75, "left": 504.58331298828125, "height": 17, "width": 46, "children": []}]}]}, {"name": "box20", "top": 10, "left": 696.4000244140625, "height": 20, "width": 43.75, "children": [{"name": "box22", "top": 11.75, "left": 707.9833374023438, "height": 17, "width": 32, "children": []}]}]}]}, {"name": "box3", "top": 8, "left": 79.91667175292969, "height": 24, "width": 815.15, "children": [{"name": "box5", "top": 10, "left": 81.91667175292969, "height": 20, "width": 811.15, "children": [{"name": "box6", "top": 10, "left": 81.91667175292969, "height": 20, "width": 20, "children": [{"name": "box7", "top": 16.5, "left": 81.91667175292969, "height": 14, "width": 20, "children": [{"name": "box8", "top": 10, "left": 81.91667175292969, "height": 18, "width": 18, "children": []}]}]}, {"name": "box9", "top": 10, "left": 105.91667175292969, "height": 20, "width": 729.35, "children": [{"name": "box10", "top": 11.75, "left": 105.91667175292969, "height": 17, "width": 456, "children": [{"name": "box12", "top": 11.75, "left": 105.91667175292969, "height": 17, "width": 98, "children": []}, {"name": "box13", "top": 11.75, "left": 213.61666870117188, "height": 17, "width": 27, "children": []}, {"name": "box14", "top": 11.75, "left": 256.33331298828125, "height": 17, "width": 29, "children": []}, {"name": "box15", "top": 11.75, "left": 300.25, "height": 17, "width": 70, "children": []}, {"name": "box16", "top": 11.75, "left": 385.23333740234375, "height": 17, "width": 23, "children": []}, {"name": "box17", "top": 11.75, "left": 423.48333740234375, "height": 17, "width": 34, "children": []}, {"name": "box18", "top": 11.75, "left": 473.29998779296875, "height": 17, "width": 28, "children": []}, {"name": "box19", "top": 11.75, "left": 516.6500244140625, "height": 17, "width": 46, "children": []}]}]}, {"name": "box20", "top": 10, "left": 835.2666625976562, "height": 20, "width": 53.8, "children": [{"name": "box22", "top": 11.75, "left": 856.9000244140625, "height": 17, "width": 32, "children": []}]}]}]}, {"name": "box3", "top": 8, "left": 71.36666870117188, "height": 24, "width": 718.25, "children": [{"name": "box5", "top": 10, "left": 73.36666870117188, "height": 20, "width": 714.25, "children": [{"name": "box6", "top": 10, "left": 73.36666870117188, "height": 20, "width": 20, "children": [{"name": "box7", "top": 16.5, "left": 73.36666870117188, "height": 14, "width": 20, "children": [{"name": "box8", "top": 10, "left": 73.36666870117188, "height": 18, "width": 18, "children": []}]}]}, {"name": "box9", "top": 10, "left": 97.36666870117188, "height": 20, "width": 639.55, "children": [{"name": "box10", "top": 11.75, "left": 97.36666870117188, "height": 17, "width": 456, "children": [{"name": "box12", "top": 11.75, "left": 97.36666870117188, "height": 17, "width": 98, "children": []}, {"name": "box13", "top": 11.75, "left": 205.06666564941406, "height": 17, "width": 27, "children": []}, {"name": "box14", "top": 11.75, "left": 247.78334045410156, "height": 17, "width": 29, "children": []}, {"name": "box15", "top": 11.75, "left": 291.70001220703125, "height": 17, "width": 70, "children": []}, {"name": "box16", "top": 11.75, "left": 376.683349609375, "height": 17, "width": 23, "children": []}, {"name": "box17", "top": 11.75, "left": 414.933349609375, "height": 17, "width": 34, "children": []}, {"name": "box18", "top": 11.75, "left": 464.75, "height": 17, "width": 28, "children": []}, {"name": "box19", "top": 11.75, "left": 508.1000061035156, "height": 17, "width": 46, "children": []}]}]}, {"name": "box20", "top": 10, "left": 736.9166870117188, "height": 20, "width": 46.7, "children": [{"name": "box22", "top": 11.75, "left": 751.4500122070312, "height": 17, "width": 32, "children": []}]}]}]}, {"name": "box3", "top": 8, "left": 73.39999389648438, "height": 24, "width": 741.2, "children": [{"name": "box5", "top": 10, "left": 75.39999389648438, "height": 20, "width": 737.2, "children": [{"name": "box6", "top": 10, "left": 75.39999389648438, "height": 20, "width": 20, "children": [{"name": "box7", "top": 16.5, "left": 75.39999389648438, "height": 14, "width": 20, "children": [{"name": "box8", "top": 10, "left": 75.39999389648438, "height": 18, "width": 18, "children": []}]}]}, {"name": "box9", "top": 10, "left": 99.39999389648438, "height": 20, "width": 660.817, "children": [{"name": "box10", "top": 11.75, "left": 99.39999389648438, "height": 17, "width": 456, "children": [{"name": "box12", "top": 11.75, "left": 99.39999389648438, "height": 17, "width": 98, "children": []}, {"name": "box13", "top": 11.75, "left": 207.10000610351562, "height": 17, "width": 27, "children": []}, {"name": "box14", "top": 11.75, "left": 249.81666564941406, "height": 17, "width": 29, "children": []}, {"name": "box15", "top": 11.75, "left": 293.73333740234375, "height": 17, "width": 70, "children": []}, {"name": "box16", "top": 11.75, "left": 378.7166748046875, "height": 17, "width": 23, "children": []}, {"name": "box17", "top": 11.75, "left": 416.9666748046875, "height": 17, "width": 34, "children": []}, {"name": "box18", "top": 11.75, "left": 466.7833251953125, "height": 17, "width": 28, "children": []}, {"name": "box19", "top": 11.75, "left": 510.1333312988281, "height": 17, "width": 46, "children": []}]}]}, {"name": "box20", "top": 10, "left": 760.2166748046875, "height": 20, "width": 48.3833, "children": [{"name": "box22", "top": 11.75, "left": 776.433349609375, "height": 17, "width": 32, "children": []}]}]}]}, {"name": "box3", "top": 8, "left": 90.94999694824219, "height": 24, "width": 940.1, "children": [{"name": "box5", "top": 10, "left": 92.94999694824219, "height": 20, "width": 936.1, "children": [{"name": "box6", "top": 10, "left": 92.94999694824219, "height": 20, "width": 20, "children": [{"name": "box7", "top": 16.5, "left": 92.94999694824219, "height": 14, "width": 20, "children": [{"name": "box8", "top": 10, "left": 92.94999694824219, "height": 18, "width": 18, "children": []}]}]}, {"name": "box9", "top": 10, "left": 116.94999694824219, "height": 20, "width": 845.117, "children": [{"name": "box10", "top": 11.75, "left": 116.94999694824219, "height": 17, "width": 456, "children": [{"name": "box12", "top": 11.75, "left": 116.94999694824219, "height": 17, "width": 98, "children": []}, {"name": "box13", "top": 11.75, "left": 224.64999389648438, "height": 17, "width": 27, "children": []}, {"name": "box14", "top": 11.75, "left": 267.3666687011719, "height": 17, "width": 29, "children": []}, {"name": "box15", "top": 11.75, "left": 311.2833251953125, "height": 17, "width": 70, "children": []}, {"name": "box16", "top": 11.75, "left": 396.26666259765625, "height": 17, "width": 23, "children": []}, {"name": "box17", "top": 11.75, "left": 434.51666259765625, "height": 17, "width": 34, "children": []}, {"name": "box18", "top": 11.75, "left": 484.33331298828125, "height": 17, "width": 28, "children": []}, {"name": "box19", "top": 11.75, "left": 527.683349609375, "height": 17, "width": 46, "children": []}]}]}, {"name": "box20", "top": 10, "left": 962.066650390625, "height": 20, "width": 62.9833, "children": [{"name": "box22", "top": 11.75, "left": 992.88330078125, "height": 17, "width": 32, "children": []}]}]}]}, {"name": "box3", "top": 8, "left": 92.60000610351562, "height": 24, "width": 958.8, "children": [{"name": "box5", "top": 10, "left": 94.60000610351562, "height": 20, "width": 954.8, "children": [{"name": "box6", "top": 10, "left": 94.60000610351562, "height": 20, "width": 20, "children": [{"name": "box7", "top": 16.5, "left": 94.60000610351562, "height": 14, "width": 20, "children": [{"name": "box8", "top": 10, "left": 94.60000610351562, "height": 18, "width": 18, "children": []}]}]}, {"name": "box9", "top": 10, "left": 118.60000610351562, "height": 20, "width": 862.45, "children": [{"name": "box10", "top": 11.75, "left": 118.60000610351562, "height": 17, "width": 456, "children": [{"name": "box12", "top": 11.75, "left": 118.60000610351562, "height": 17, "width": 98, "children": []}, {"name": "box13", "top": 11.75, "left": 226.3000030517578, "height": 17, "width": 27, "children": []}, {"name": "box14", "top": 11.75, "left": 269.01666259765625, "height": 17, "width": 29, "children": []}, {"name": "box15", "top": 11.75, "left": 312.933349609375, "height": 17, "width": 70, "children": []}, {"name": "box16", "top": 11.75, "left": 397.91668701171875, "height": 17, "width": 23, "children": []}, {"name": "box17", "top": 11.75, "left": 436.16668701171875, "height": 17, "width": 34, "children": []}, {"name": "box18", "top": 11.75, "left": 485.98333740234375, "height": 17, "width": 28, "children": []}, {"name": "box19", "top": 11.75, "left": 529.3333129882812, "height": 17, "width": 46, "children": []}]}]}, {"name": "box20", "top": 10, "left": 981.0499877929688, "height": 20, "width": 64.35, "children": [{"name": "box22", "top": 11.75, "left": 1013.2333374023438, "height": 17, "width": 32, "children": []}]}]}]}, {"name": "box3", "top": 8, "left": 96.41667175292969, "height": 24, "width": 1002.15, "children": [{"name": "box5", "top": 10, "left": 98.41667175292969, "height": 20, "width": 998.15, "children": [{"name": "box6", "top": 10, "left": 98.41667175292969, "height": 20, "width": 20, "children": [{"name": "box7", "top": 16.5, "left": 98.41667175292969, "height": 14, "width": 20, "children": [{"name": "box8", "top": 10, "left": 98.41667175292969, "height": 18, "width": 18, "children": []}]}]}, {"name": "box9", "top": 10, "left": 122.41667175292969, "height": 20, "width": 902.617, "children": [{"name": "box10", "top": 11.75, "left": 122.41667175292969, "height": 17, "width": 456, "children": [{"name": "box12", "top": 11.75, "left": 122.41667175292969, "height": 17, "width": 98, "children": []}, {"name": "box13", "top": 11.75, "left": 230.11666870117188, "height": 17, "width": 27, "children": []}, {"name": "box14", "top": 11.75, "left": 272.83331298828125, "height": 17, "width": 29, "children": []}, {"name": "box15", "top": 11.75, "left": 316.75, "height": 17, "width": 70, "children": []}, {"name": "box16", "top": 11.75, "left": 401.73333740234375, "height": 17, "width": 23, "children": []}, {"name": "box17", "top": 11.75, "left": 439.98333740234375, "height": 17, "width": 34, "children": []}, {"name": "box18", "top": 11.75, "left": 489.79998779296875, "height": 17, "width": 28, "children": []}, {"name": "box19", "top": 11.75, "left": 533.1500244140625, "height": 17, "width": 46, "children": []}]}]}, {"name": "box20", "top": 10, "left": 1025.0333251953125, "height": 20, "width": 67.5333, "children": [{"name": "box22", "top": 11.75, "left": 1060.4000244140625, "height": 17, "width": 32, "children": []}]}]}]}]}