{"name": "hackernews-post", "bench": {"height": {"low": 19, "high": 19}, "width": {"low": 617.767, "high": 617.767}, "trainSeed": 235775, "testSeed": 17250987, "testSize": 10, "trainSize": 10}, "train": [{"name": "23053981", "top": 42, "left": 79.76666259765625, "height": 19, "width": 617.767, "children": [{"name": "box27", "top": 42, "left": 79.76666259765625, "height": 19, "width": 21.8167, "children": [{"name": "box28", "top": 42, "left": 88.25, "height": 17, "width": 13, "children": []}]}, {"name": "box29", "top": 42, "left": 101.58332824707031, "height": 19, "width": 14, "children": [{"name": "box30", "top": 45, "left": 101.58332824707031, "height": 10, "width": 14, "children": [{"name": "box31", "top": 45, "left": 103.58332824707031, "height": 10, "width": 10, "children": []}]}]}, {"name": "box32", "top": 42, "left": 115.58332824707031, "height": 19, "width": 581.95, "children": [{"name": "box33", "top": 43.25, "left": 115.58332824707031, "height": 17, "width": 256, "children": []}, {"name": "box34", "top": 45.75, "left": 371.1166687011719, "height": 14, "width": 63, "children": [{"name": "box36", "top": 45.75, "left": 379.7166748046875, "height": 14, "width": 49, "children": []}]}]}]}, {"name": "23053981", "top": 42, "left": 83.06666564941406, "height": 19, "width": 617.767, "children": [{"name": "box27", "top": 42, "left": 83.06666564941406, "height": 19, "width": 21.8167, "children": [{"name": "box28", "top": 42, "left": 91.55000305175781, "height": 17, "width": 13, "children": []}]}, {"name": "box29", "top": 42, "left": 104.88333129882812, "height": 19, "width": 14, "children": [{"name": "box30", "top": 45, "left": 104.88333129882812, "height": 10, "width": 14, "children": [{"name": "box31", "top": 45, "left": 106.88333129882812, "height": 10, "width": 10, "children": []}]}]}, {"name": "box32", "top": 42, "left": 118.88333129882812, "height": 19, "width": 581.95, "children": [{"name": "box33", "top": 43.25, "left": 118.88333129882812, "height": 17, "width": 256, "children": []}, {"name": "box34", "top": 45.75, "left": 374.41668701171875, "height": 14, "width": 63, "children": [{"name": "box36", "top": 45.75, "left": 383.01666259765625, "height": 14, "width": 49, "children": []}]}]}]}, {"name": "23053981", "top": 42, "left": 70.46665954589844, "height": 19, "width": 617.767, "children": [{"name": "box27", "top": 42, "left": 70.46665954589844, "height": 19, "width": 21.8167, "children": [{"name": "box28", "top": 42, "left": 78.94999694824219, "height": 17, "width": 13, "children": []}]}, {"name": "box29", "top": 42, "left": 92.28334045410156, "height": 19, "width": 14, "children": [{"name": "box30", "top": 45, "left": 92.28334045410156, "height": 10, "width": 14, "children": [{"name": "box31", "top": 45, "left": 94.28334045410156, "height": 10, "width": 10, "children": []}]}]}, {"name": "box32", "top": 42, "left": 106.28334045410156, "height": 19, "width": 581.95, "children": [{"name": "box33", "top": 43.25, "left": 106.28334045410156, "height": 17, "width": 256, "children": []}, {"name": "box34", "top": 45.75, "left": 361.816650390625, "height": 14, "width": 63, "children": [{"name": "box36", "top": 45.75, "left": 370.41668701171875, "height": 14, "width": 49, "children": []}]}]}]}, {"name": "23053981", "top": 42, "left": 76.01666259765625, "height": 19, "width": 617.767, "children": [{"name": "box27", "top": 42, "left": 76.01666259765625, "height": 19, "width": 21.8167, "children": [{"name": "box28", "top": 42, "left": 84.5, "height": 17, "width": 13, "children": []}]}, {"name": "box29", "top": 42, "left": 97.83332824707031, "height": 19, "width": 14, "children": [{"name": "box30", "top": 45, "left": 97.83332824707031, "height": 10, "width": 14, "children": [{"name": "box31", "top": 45, "left": 99.83332824707031, "height": 10, "width": 10, "children": []}]}]}, {"name": "box32", "top": 42, "left": 111.83332824707031, "height": 19, "width": 581.95, "children": [{"name": "box33", "top": 43.25, "left": 111.83332824707031, "height": 17, "width": 256, "children": []}, {"name": "box34", "top": 45.75, "left": 367.3666687011719, "height": 14, "width": 63, "children": [{"name": "box36", "top": 45.75, "left": 375.9666748046875, "height": 14, "width": 49, "children": []}]}]}]}, {"name": "23053981", "top": 42, "left": 84.56666564941406, "height": 19, "width": 617.767, "children": [{"name": "box27", "top": 42, "left": 84.56666564941406, "height": 19, "width": 21.8167, "children": [{"name": "box28", "top": 42, "left": 93.05000305175781, "height": 17, "width": 13, "children": []}]}, {"name": "box29", "top": 42, "left": 106.38333129882812, "height": 19, "width": 14, "children": [{"name": "box30", "top": 45, "left": 106.38333129882812, "height": 10, "width": 14, "children": [{"name": "box31", "top": 45, "left": 108.38333129882812, "height": 10, "width": 10, "children": []}]}]}, {"name": "box32", "top": 42, "left": 120.38333129882812, "height": 19, "width": 581.95, "children": [{"name": "box33", "top": 43.25, "left": 120.38333129882812, "height": 17, "width": 256, "children": []}, {"name": "box34", "top": 45.75, "left": 375.91668701171875, "height": 14, "width": 63, "children": [{"name": "box36", "top": 45.75, "left": 384.51666259765625, "height": 14, "width": 49, "children": []}]}]}]}, {"name": "23053981", "top": 42, "left": 93.19999694824219, "height": 19, "width": 617.767, "children": [{"name": "box27", "top": 42, "left": 93.19999694824219, "height": 19, "width": 21.8167, "children": [{"name": "box28", "top": 42, "left": 101.68333435058594, "height": 17, "width": 13, "children": []}]}, {"name": "box29", "top": 42, "left": 115.01666259765625, "height": 19, "width": 14, "children": [{"name": "box30", "top": 45, "left": 115.01666259765625, "height": 10, "width": 14, "children": [{"name": "box31", "top": 45, "left": 117.01666259765625, "height": 10, "width": 10, "children": []}]}]}, {"name": "box32", "top": 42, "left": 129.01666259765625, "height": 19, "width": 581.95, "children": [{"name": "box33", "top": 43.25, "left": 129.01666259765625, "height": 17, "width": 256, "children": []}, {"name": "box34", "top": 45.75, "left": 384.54998779296875, "height": 14, "width": 63, "children": [{"name": "box36", "top": 45.75, "left": 393.1499938964844, "height": 14, "width": 49, "children": []}]}]}]}, {"name": "23053981", "top": 42, "left": 91.01666259765625, "height": 19, "width": 617.767, "children": [{"name": "box27", "top": 42, "left": 91.01666259765625, "height": 19, "width": 21.8167, "children": [{"name": "box28", "top": 42, "left": 99.5, "height": 17, "width": 13, "children": []}]}, {"name": "box29", "top": 42, "left": 112.83332824707031, "height": 19, "width": 14, "children": [{"name": "box30", "top": 45, "left": 112.83332824707031, "height": 10, "width": 14, "children": [{"name": "box31", "top": 45, "left": 114.83332824707031, "height": 10, "width": 10, "children": []}]}]}, {"name": "box32", "top": 42, "left": 126.83332824707031, "height": 19, "width": 581.95, "children": [{"name": "box33", "top": 43.25, "left": 126.83332824707031, "height": 17, "width": 256, "children": []}, {"name": "box34", "top": 45.75, "left": 382.3666687011719, "height": 14, "width": 63, "children": [{"name": "box36", "top": 45.75, "left": 390.9666748046875, "height": 14, "width": 49, "children": []}]}]}]}, {"name": "23053981", "top": 42, "left": 75.19999694824219, "height": 19, "width": 617.767, "children": [{"name": "box27", "top": 42, "left": 75.19999694824219, "height": 19, "width": 21.8167, "children": [{"name": "box28", "top": 42, "left": 83.68333435058594, "height": 17, "width": 13, "children": []}]}, {"name": "box29", "top": 42, "left": 97.01666259765625, "height": 19, "width": 14, "children": [{"name": "box30", "top": 45, "left": 97.01666259765625, "height": 10, "width": 14, "children": [{"name": "box31", "top": 45, "left": 99.01666259765625, "height": 10, "width": 10, "children": []}]}]}, {"name": "box32", "top": 42, "left": 111.01666259765625, "height": 19, "width": 581.95, "children": [{"name": "box33", "top": 43.25, "left": 111.01666259765625, "height": 17, "width": 256, "children": []}, {"name": "box34", "top": 45.75, "left": 366.54998779296875, "height": 14, "width": 63, "children": [{"name": "box36", "top": 45.75, "left": 375.1499938964844, "height": 14, "width": 49, "children": []}]}]}]}, {"name": "23053981", "top": 42, "left": 87.56666564941406, "height": 19, "width": 617.767, "children": [{"name": "box27", "top": 42, "left": 87.56666564941406, "height": 19, "width": 21.8167, "children": [{"name": "box28", "top": 42, "left": 96.05000305175781, "height": 17, "width": 13, "children": []}]}, {"name": "box29", "top": 42, "left": 109.38333129882812, "height": 19, "width": 14, "children": [{"name": "box30", "top": 45, "left": 109.38333129882812, "height": 10, "width": 14, "children": [{"name": "box31", "top": 45, "left": 111.38333129882812, "height": 10, "width": 10, "children": []}]}]}, {"name": "box32", "top": 42, "left": 123.38333129882812, "height": 19, "width": 581.95, "children": [{"name": "box33", "top": 43.25, "left": 123.38333129882812, "height": 17, "width": 256, "children": []}, {"name": "box34", "top": 45.75, "left": 378.91668701171875, "height": 14, "width": 63, "children": [{"name": "box36", "top": 45.75, "left": 387.51666259765625, "height": 14, "width": 49, "children": []}]}]}]}, {"name": "23053981", "top": 42, "left": 74, "height": 19, "width": 617.767, "children": [{"name": "box27", "top": 42, "left": 74, "height": 19, "width": 21.8167, "children": [{"name": "box28", "top": 42, "left": 82.48333740234375, "height": 17, "width": 13, "children": []}]}, {"name": "box29", "top": 42, "left": 95.81666564941406, "height": 19, "width": 14, "children": [{"name": "box30", "top": 45, "left": 95.81666564941406, "height": 10, "width": 14, "children": [{"name": "box31", "top": 45, "left": 97.81666564941406, "height": 10, "width": 10, "children": []}]}]}, {"name": "box32", "top": 42, "left": 109.81666564941406, "height": 19, "width": 581.95, "children": [{"name": "box33", "top": 43.25, "left": 109.81666564941406, "height": 17, "width": 256, "children": []}, {"name": "box34", "top": 45.75, "left": 365.3500061035156, "height": 14, "width": 63, "children": [{"name": "box36", "top": 45.75, "left": 373.95001220703125, "height": 14, "width": 49, "children": []}]}]}]}], "test": [{"name": "23053981", "top": 42, "left": 79.76666259765625, "height": 19, "width": 617.767, "children": [{"name": "box27", "top": 42, "left": 79.76666259765625, "height": 19, "width": 21.8167, "children": [{"name": "box28", "top": 42, "left": 88.25, "height": 17, "width": 13, "children": []}]}, {"name": "box29", "top": 42, "left": 101.58332824707031, "height": 19, "width": 14, "children": [{"name": "box30", "top": 45, "left": 101.58332824707031, "height": 10, "width": 14, "children": [{"name": "box31", "top": 45, "left": 103.58332824707031, "height": 10, "width": 10, "children": []}]}]}, {"name": "box32", "top": 42, "left": 115.58332824707031, "height": 19, "width": 581.95, "children": [{"name": "box33", "top": 43.25, "left": 115.58332824707031, "height": 17, "width": 256, "children": []}, {"name": "box34", "top": 45.75, "left": 371.1166687011719, "height": 14, "width": 63, "children": [{"name": "box36", "top": 45.75, "left": 379.7166748046875, "height": 14, "width": 49, "children": []}]}]}]}, {"name": "23053981", "top": 42, "left": 79.16667175292969, "height": 19, "width": 617.767, "children": [{"name": "box27", "top": 42, "left": 79.16667175292969, "height": 19, "width": 21.8167, "children": [{"name": "box28", "top": 42, "left": 87.64999389648438, "height": 17, "width": 13, "children": []}]}, {"name": "box29", "top": 42, "left": 100.98333740234375, "height": 19, "width": 14, "children": [{"name": "box30", "top": 45, "left": 100.98333740234375, "height": 10, "width": 14, "children": [{"name": "box31", "top": 45, "left": 102.98333740234375, "height": 10, "width": 10, "children": []}]}]}, {"name": "box32", "top": 42, "left": 114.98333740234375, "height": 19, "width": 581.95, "children": [{"name": "box33", "top": 43.25, "left": 114.98333740234375, "height": 17, "width": 256, "children": []}, {"name": "box34", "top": 45.75, "left": 370.51666259765625, "height": 14, "width": 63, "children": [{"name": "box36", "top": 45.75, "left": 379.1166687011719, "height": 14, "width": 49, "children": []}]}]}]}, {"name": "23053981", "top": 42, "left": 68, "height": 19, "width": 617.767, "children": [{"name": "box27", "top": 42, "left": 68, "height": 19, "width": 21.8167, "children": [{"name": "box28", "top": 42, "left": 76.48333740234375, "height": 17, "width": 13, "children": []}]}, {"name": "box29", "top": 42, "left": 89.81666564941406, "height": 19, "width": 14, "children": [{"name": "box30", "top": 45, "left": 89.81666564941406, "height": 10, "width": 14, "children": [{"name": "box31", "top": 45, "left": 91.81666564941406, "height": 10, "width": 10, "children": []}]}]}, {"name": "box32", "top": 42, "left": 103.81666564941406, "height": 19, "width": 581.95, "children": [{"name": "box33", "top": 43.25, "left": 103.81666564941406, "height": 17, "width": 256, "children": []}, {"name": "box34", "top": 45.75, "left": 359.3500061035156, "height": 14, "width": 63, "children": [{"name": "box36", "top": 45.75, "left": 367.95001220703125, "height": 14, "width": 49, "children": []}]}]}]}, {"name": "23053981", "top": 42, "left": 67.85000610351562, "height": 19, "width": 617.767, "children": [{"name": "box27", "top": 42, "left": 67.85000610351562, "height": 19, "width": 21.8167, "children": [{"name": "box28", "top": 42, "left": 76.33332824707031, "height": 17, "width": 13, "children": []}]}, {"name": "box29", "top": 42, "left": 89.66667175292969, "height": 19, "width": 14, "children": [{"name": "box30", "top": 45, "left": 89.66667175292969, "height": 10, "width": 14, "children": [{"name": "box31", "top": 45, "left": 91.66667175292969, "height": 10, "width": 10, "children": []}]}]}, {"name": "box32", "top": 42, "left": 103.66667175292969, "height": 19, "width": 581.95, "children": [{"name": "box33", "top": 43.25, "left": 103.66667175292969, "height": 17, "width": 256, "children": []}, {"name": "box34", "top": 45.75, "left": 359.20001220703125, "height": 14, "width": 63, "children": [{"name": "box36", "top": 45.75, "left": 367.79998779296875, "height": 14, "width": 49, "children": []}]}]}]}, {"name": "23053981", "top": 42, "left": 79.91667175292969, "height": 19, "width": 617.767, "children": [{"name": "box27", "top": 42, "left": 79.91667175292969, "height": 19, "width": 21.8167, "children": [{"name": "box28", "top": 42, "left": 88.39999389648438, "height": 17, "width": 13, "children": []}]}, {"name": "box29", "top": 42, "left": 101.73333740234375, "height": 19, "width": 14, "children": [{"name": "box30", "top": 45, "left": 101.73333740234375, "height": 10, "width": 14, "children": [{"name": "box31", "top": 45, "left": 103.73333740234375, "height": 10, "width": 10, "children": []}]}]}, {"name": "box32", "top": 42, "left": 115.73333740234375, "height": 19, "width": 581.95, "children": [{"name": "box33", "top": 43.25, "left": 115.73333740234375, "height": 17, "width": 256, "children": []}, {"name": "box34", "top": 45.75, "left": 371.26666259765625, "height": 14, "width": 63, "children": [{"name": "box36", "top": 45.75, "left": 379.8666687011719, "height": 14, "width": 49, "children": []}]}]}]}, {"name": "23053981", "top": 42, "left": 71.36666870117188, "height": 19, "width": 617.767, "children": [{"name": "box27", "top": 42, "left": 71.36666870117188, "height": 19, "width": 21.8167, "children": [{"name": "box28", "top": 42, "left": 79.85000610351562, "height": 17, "width": 13, "children": []}]}, {"name": "box29", "top": 42, "left": 93.18333435058594, "height": 19, "width": 14, "children": [{"name": "box30", "top": 45, "left": 93.18333435058594, "height": 10, "width": 14, "children": [{"name": "box31", "top": 45, "left": 95.18333435058594, "height": 10, "width": 10, "children": []}]}]}, {"name": "box32", "top": 42, "left": 107.18333435058594, "height": 19, "width": 581.95, "children": [{"name": "box33", "top": 43.25, "left": 107.18333435058594, "height": 17, "width": 256, "children": []}, {"name": "box34", "top": 45.75, "left": 362.7166748046875, "height": 14, "width": 63, "children": [{"name": "box36", "top": 45.75, "left": 371.316650390625, "height": 14, "width": 49, "children": []}]}]}]}, {"name": "23053981", "top": 42, "left": 73.39999389648438, "height": 19, "width": 617.767, "children": [{"name": "box27", "top": 42, "left": 73.39999389648438, "height": 19, "width": 21.8167, "children": [{"name": "box28", "top": 42, "left": 81.88333129882812, "height": 17, "width": 13, "children": []}]}, {"name": "box29", "top": 42, "left": 95.21665954589844, "height": 19, "width": 14, "children": [{"name": "box30", "top": 45, "left": 95.21665954589844, "height": 10, "width": 14, "children": [{"name": "box31", "top": 45, "left": 97.21665954589844, "height": 10, "width": 10, "children": []}]}]}, {"name": "box32", "top": 42, "left": 109.21665954589844, "height": 19, "width": 581.95, "children": [{"name": "box33", "top": 43.25, "left": 109.21665954589844, "height": 17, "width": 256, "children": []}, {"name": "box34", "top": 45.75, "left": 364.75, "height": 14, "width": 63, "children": [{"name": "box36", "top": 45.75, "left": 373.3500061035156, "height": 14, "width": 49, "children": []}]}]}]}, {"name": "23053981", "top": 42, "left": 90.94999694824219, "height": 19, "width": 617.767, "children": [{"name": "box27", "top": 42, "left": 90.94999694824219, "height": 19, "width": 21.8167, "children": [{"name": "box28", "top": 42, "left": 99.43333435058594, "height": 17, "width": 13, "children": []}]}, {"name": "box29", "top": 42, "left": 112.76666259765625, "height": 19, "width": 14, "children": [{"name": "box30", "top": 45, "left": 112.76666259765625, "height": 10, "width": 14, "children": [{"name": "box31", "top": 45, "left": 114.76666259765625, "height": 10, "width": 10, "children": []}]}]}, {"name": "box32", "top": 42, "left": 126.76666259765625, "height": 19, "width": 581.95, "children": [{"name": "box33", "top": 43.25, "left": 126.76666259765625, "height": 17, "width": 256, "children": []}, {"name": "box34", "top": 45.75, "left": 382.29998779296875, "height": 14, "width": 63, "children": [{"name": "box36", "top": 45.75, "left": 390.8999938964844, "height": 14, "width": 49, "children": []}]}]}]}, {"name": "23053981", "top": 42, "left": 92.60000610351562, "height": 19, "width": 617.767, "children": [{"name": "box27", "top": 42, "left": 92.60000610351562, "height": 19, "width": 21.8167, "children": [{"name": "box28", "top": 42, "left": 101.08332824707031, "height": 17, "width": 13, "children": []}]}, {"name": "box29", "top": 42, "left": 114.41667175292969, "height": 19, "width": 14, "children": [{"name": "box30", "top": 45, "left": 114.41667175292969, "height": 10, "width": 14, "children": [{"name": "box31", "top": 45, "left": 116.41667175292969, "height": 10, "width": 10, "children": []}]}]}, {"name": "box32", "top": 42, "left": 128.4166717529297, "height": 19, "width": 581.95, "children": [{"name": "box33", "top": 43.25, "left": 128.4166717529297, "height": 17, "width": 256, "children": []}, {"name": "box34", "top": 45.75, "left": 383.95001220703125, "height": 14, "width": 63, "children": [{"name": "box36", "top": 45.75, "left": 392.54998779296875, "height": 14, "width": 49, "children": []}]}]}]}, {"name": "23053981", "top": 42, "left": 96.41667175292969, "height": 19, "width": 617.767, "children": [{"name": "box27", "top": 42, "left": 96.41667175292969, "height": 19, "width": 21.8167, "children": [{"name": "box28", "top": 42, "left": 104.89999389648438, "height": 17, "width": 13, "children": []}]}, {"name": "box29", "top": 42, "left": 118.23333740234375, "height": 19, "width": 14, "children": [{"name": "box30", "top": 45, "left": 118.23333740234375, "height": 10, "width": 14, "children": [{"name": "box31", "top": 45, "left": 120.23333740234375, "height": 10, "width": 10, "children": []}]}]}, {"name": "box32", "top": 42, "left": 132.23333740234375, "height": 19, "width": 581.95, "children": [{"name": "box33", "top": 43.25, "left": 132.23333740234375, "height": 17, "width": 256, "children": []}, {"name": "box34", "top": 45.75, "left": 387.76666259765625, "height": 14, "width": 63, "children": [{"name": "box36", "top": 45.75, "left": 396.3666687011719, "height": 14, "width": 49, "children": []}]}]}]}]}