{"name": "hackernews-search", "bench": {"height": {"low": 22, "high": 22}, "width": {"low": 678.3, "high": 1002.15}, "trainSeed": 235775, "testSeed": 17250987, "testSize": 10, "trainSize": 10}, "train": [{"name": "box617", "top": 1192, "left": 79.76666259765625, "height": 22, "width": 813.45, "children": [{"name": "box618", "top": 1192, "left": 442.7833251953125, "height": 22, "width": 144.283, "children": []}]}, {"name": "box617", "top": 1192, "left": 83.06666564941406, "height": 22, "width": 850.85, "children": [{"name": "box618", "top": 1192, "left": 464.7833251953125, "height": 22, "width": 144.283, "children": []}]}, {"name": "box617", "top": 1192, "left": 70.46665954589844, "height": 22, "width": 708.05, "children": [{"name": "box618", "top": 1192, "left": 380.7833251953125, "height": 22, "width": 144.283, "children": []}]}, {"name": "box617", "top": 1192, "left": 76.01666259765625, "height": 22, "width": 770.95, "children": [{"name": "box618", "top": 1192, "left": 417.7833251953125, "height": 22, "width": 144.283, "children": []}]}, {"name": "box617", "top": 1192, "left": 84.56666564941406, "height": 22, "width": 867.85, "children": [{"name": "box618", "top": 1192, "left": 474.7833251953125, "height": 22, "width": 144.283, "children": []}]}, {"name": "box617", "top": 1192, "left": 93.19999694824219, "height": 22, "width": 965.6, "children": [{"name": "box618", "top": 1192, "left": 532.2833251953125, "height": 22, "width": 144.283, "children": []}]}, {"name": "box617", "top": 1192, "left": 91.01666259765625, "height": 22, "width": 940.95, "children": [{"name": "box618", "top": 1192, "left": 517.7833251953125, "height": 22, "width": 144.283, "children": []}]}, {"name": "box617", "top": 1192, "left": 75.19999694824219, "height": 22, "width": 761.6, "children": [{"name": "box618", "top": 1192, "left": 412.2833251953125, "height": 22, "width": 144.283, "children": []}]}, {"name": "box617", "top": 1192, "left": 87.56666564941406, "height": 22, "width": 901.85, "children": [{"name": "box618", "top": 1192, "left": 494.7833251953125, "height": 22, "width": 144.283, "children": []}]}, {"name": "box617", "top": 1192, "left": 74, "height": 22, "width": 748, "children": [{"name": "box618", "top": 1192, "left": 404.2833251953125, "height": 22, "width": 144.283, "children": []}]}], "test": [{"name": "box617", "top": 1192, "left": 79.76666259765625, "height": 22, "width": 813.45, "children": [{"name": "box618", "top": 1192, "left": 442.7833251953125, "height": 22, "width": 144.283, "children": []}]}, {"name": "box617", "top": 1192, "left": 79.16667175292969, "height": 22, "width": 806.65, "children": [{"name": "box618", "top": 1192, "left": 438.7833251953125, "height": 22, "width": 144.283, "children": []}]}, {"name": "box617", "top": 1192, "left": 68, "height": 22, "width": 680, "children": [{"name": "box618", "top": 1192, "left": 364.2833251953125, "height": 22, "width": 144.283, "children": []}]}, {"name": "box617", "top": 1192, "left": 67.85000610351562, "height": 22, "width": 678.3, "children": [{"name": "box618", "top": 1192, "left": 363.2833251953125, "height": 22, "width": 144.283, "children": []}]}, {"name": "box617", "top": 1192, "left": 79.91667175292969, "height": 22, "width": 815.15, "children": [{"name": "box618", "top": 1192, "left": 443.7833251953125, "height": 22, "width": 144.283, "children": []}]}, {"name": "box617", "top": 1192, "left": 71.36666870117188, "height": 22, "width": 718.25, "children": [{"name": "box618", "top": 1192, "left": 386.7833251953125, "height": 22, "width": 144.283, "children": []}]}, {"name": "box617", "top": 1192, "left": 73.39999389648438, "height": 22, "width": 741.2, "children": [{"name": "box618", "top": 1192, "left": 400.2833251953125, "height": 22, "width": 144.283, "children": []}]}, {"name": "box617", "top": 1192, "left": 90.94999694824219, "height": 22, "width": 940.1, "children": [{"name": "box618", "top": 1192, "left": 517.2833251953125, "height": 22, "width": 144.283, "children": []}]}, {"name": "box617", "top": 1192, "left": 92.60000610351562, "height": 22, "width": 958.8, "children": [{"name": "box618", "top": 1192, "left": 528.2833251953125, "height": 22, "width": 144.283, "children": []}]}, {"name": "box617", "top": 1192, "left": 96.41667175292969, "height": 22, "width": 1002.15, "children": [{"name": "box618", "top": 1192, "left": 553.7833251953125, "height": 22, "width": 144.283, "children": []}]}]}