{"name": "personal-bio", "bench": {"height": {"low": 666.5, "high": 666.5}, "width": {"low": 510, "high": 510}, "trainSeed": 235775, "testSeed": 17250987, "testSize": 10, "trainSize": 10}, "train": [{"name": "box22", "top": 152.36666870117188, "left": 324, "height": 666.5, "width": 510, "children": [{"name": "box23", "top": 152.36666870117188, "left": 324, "height": 22.4, "width": 510, "children": []}, {"name": "bio", "top": 194.76666259765625, "left": 324, "height": 33.6, "width": 510, "children": []}, {"name": "box24", "top": 238.36666870117188, "left": 324, "height": 355.3, "width": 510, "children": []}, {"name": "box25", "top": 608.6666870117188, "left": 324, "height": 67.2, "width": 510, "children": []}, {"name": "box26", "top": 690.86669921875, "left": 324, "height": 67.2, "width": 510, "children": [{"name": "box27", "top": 690.86669921875, "left": 354, "height": 22.4, "width": 480, "children": []}, {"name": "box28", "top": 713.2666625976562, "left": 354, "height": 22.4, "width": 480, "children": [{"name": "box29", "top": 717.2166748046875, "left": 710.3333129882812, "height": 15, "width": 30, "children": []}]}, {"name": "box30", "top": 735.6666870117188, "left": 354, "height": 22.4, "width": 480, "children": [{"name": "box31", "top": 739.61669921875, "left": 622.4166870117188, "height": 15, "width": 76, "children": []}, {"name": "box32", "top": 739.61669921875, "left": 706.4500122070312, "height": 15, "width": 47, "children": []}, {"name": "box33", "top": 739.61669921875, "left": 761.683349609375, "height": 15, "width": 30, "children": []}]}]}, {"name": "box34", "top": 774.066650390625, "left": 324, "height": 44.8, "width": 510, "children": []}]}, {"name": "box22", "top": 152.36666870117188, "left": 311, "height": 666.5, "width": 510, "children": [{"name": "box23", "top": 152.36666870117188, "left": 311, "height": 22.4, "width": 510, "children": []}, {"name": "bio", "top": 194.76666259765625, "left": 311, "height": 33.6, "width": 510, "children": []}, {"name": "box24", "top": 238.36666870117188, "left": 311, "height": 355.3, "width": 510, "children": []}, {"name": "box25", "top": 608.6666870117188, "left": 311, "height": 67.2, "width": 510, "children": []}, {"name": "box26", "top": 690.86669921875, "left": 311, "height": 67.2, "width": 510, "children": [{"name": "box27", "top": 690.86669921875, "left": 341, "height": 22.4, "width": 480, "children": []}, {"name": "box28", "top": 713.2666625976562, "left": 341, "height": 22.4, "width": 480, "children": [{"name": "box29", "top": 717.2166748046875, "left": 697.3333129882812, "height": 15, "width": 30, "children": []}]}, {"name": "box30", "top": 735.6666870117188, "left": 341, "height": 22.4, "width": 480, "children": [{"name": "box31", "top": 739.61669921875, "left": 609.4166870117188, "height": 15, "width": 76, "children": []}, {"name": "box32", "top": 739.61669921875, "left": 693.4500122070312, "height": 15, "width": 47, "children": []}, {"name": "box33", "top": 739.61669921875, "left": 748.683349609375, "height": 15, "width": 30, "children": []}]}]}, {"name": "box34", "top": 774.066650390625, "left": 311, "height": 44.8, "width": 510, "children": []}]}, {"name": "box22", "top": 152.36666870117188, "left": 304.5, "height": 666.5, "width": 510, "children": [{"name": "box23", "top": 152.36666870117188, "left": 304.5, "height": 22.4, "width": 510, "children": []}, {"name": "bio", "top": 194.76666259765625, "left": 304.5, "height": 33.6, "width": 510, "children": []}, {"name": "box24", "top": 238.36666870117188, "left": 304.5, "height": 355.3, "width": 510, "children": []}, {"name": "box25", "top": 608.6666870117188, "left": 304.5, "height": 67.2, "width": 510, "children": []}, {"name": "box26", "top": 690.86669921875, "left": 304.5, "height": 67.2, "width": 510, "children": [{"name": "box27", "top": 690.86669921875, "left": 334.5, "height": 22.4, "width": 480, "children": []}, {"name": "box28", "top": 713.2666625976562, "left": 334.5, "height": 22.4, "width": 480, "children": [{"name": "box29", "top": 717.2166748046875, "left": 690.8333129882812, "height": 15, "width": 30, "children": []}]}, {"name": "box30", "top": 735.6666870117188, "left": 334.5, "height": 22.4, "width": 480, "children": [{"name": "box31", "top": 739.61669921875, "left": 602.9166870117188, "height": 15, "width": 76, "children": []}, {"name": "box32", "top": 739.61669921875, "left": 686.9500122070312, "height": 15, "width": 47, "children": []}, {"name": "box33", "top": 739.61669921875, "left": 742.183349609375, "height": 15, "width": 30, "children": []}]}]}, {"name": "box34", "top": 774.066650390625, "left": 304.5, "height": 44.8, "width": 510, "children": []}]}, {"name": "box22", "top": 152.36666870117188, "left": 299, "height": 666.5, "width": 510, "children": [{"name": "box23", "top": 152.36666870117188, "left": 299, "height": 22.4, "width": 510, "children": []}, {"name": "bio", "top": 194.76666259765625, "left": 299, "height": 33.6, "width": 510, "children": []}, {"name": "box24", "top": 238.36666870117188, "left": 299, "height": 355.3, "width": 510, "children": []}, {"name": "box25", "top": 608.6666870117188, "left": 299, "height": 67.2, "width": 510, "children": []}, {"name": "box26", "top": 690.86669921875, "left": 299, "height": 67.2, "width": 510, "children": [{"name": "box27", "top": 690.86669921875, "left": 329, "height": 22.4, "width": 480, "children": []}, {"name": "box28", "top": 713.2666625976562, "left": 329, "height": 22.4, "width": 480, "children": [{"name": "box29", "top": 717.2166748046875, "left": 685.3333129882812, "height": 15, "width": 30, "children": []}]}, {"name": "box30", "top": 735.6666870117188, "left": 329, "height": 22.4, "width": 480, "children": [{"name": "box31", "top": 739.61669921875, "left": 597.4166870117188, "height": 15, "width": 76, "children": []}, {"name": "box32", "top": 739.61669921875, "left": 681.4500122070312, "height": 15, "width": 47, "children": []}, {"name": "box33", "top": 739.61669921875, "left": 736.683349609375, "height": 15, "width": 30, "children": []}]}]}, {"name": "box34", "top": 774.066650390625, "left": 299, "height": 44.8, "width": 510, "children": []}]}, {"name": "box22", "top": 152.36666870117188, "left": 311, "height": 666.5, "width": 510, "children": [{"name": "box23", "top": 152.36666870117188, "left": 311, "height": 22.4, "width": 510, "children": []}, {"name": "bio", "top": 194.76666259765625, "left": 311, "height": 33.6, "width": 510, "children": []}, {"name": "box24", "top": 238.36666870117188, "left": 311, "height": 355.3, "width": 510, "children": []}, {"name": "box25", "top": 608.6666870117188, "left": 311, "height": 67.2, "width": 510, "children": []}, {"name": "box26", "top": 690.86669921875, "left": 311, "height": 67.2, "width": 510, "children": [{"name": "box27", "top": 690.86669921875, "left": 341, "height": 22.4, "width": 480, "children": []}, {"name": "box28", "top": 713.2666625976562, "left": 341, "height": 22.4, "width": 480, "children": [{"name": "box29", "top": 717.2166748046875, "left": 697.3333129882812, "height": 15, "width": 30, "children": []}]}, {"name": "box30", "top": 735.6666870117188, "left": 341, "height": 22.4, "width": 480, "children": [{"name": "box31", "top": 739.61669921875, "left": 609.4166870117188, "height": 15, "width": 76, "children": []}, {"name": "box32", "top": 739.61669921875, "left": 693.4500122070312, "height": 15, "width": 47, "children": []}, {"name": "box33", "top": 739.61669921875, "left": 748.683349609375, "height": 15, "width": 30, "children": []}]}]}, {"name": "box34", "top": 774.066650390625, "left": 311, "height": 44.8, "width": 510, "children": []}]}, {"name": "box22", "top": 152.36666870117188, "left": 298.5, "height": 666.5, "width": 510, "children": [{"name": "box23", "top": 152.36666870117188, "left": 298.5, "height": 22.4, "width": 510, "children": []}, {"name": "bio", "top": 194.76666259765625, "left": 298.5, "height": 33.6, "width": 510, "children": []}, {"name": "box24", "top": 238.36666870117188, "left": 298.5, "height": 355.3, "width": 510, "children": []}, {"name": "box25", "top": 608.6666870117188, "left": 298.5, "height": 67.2, "width": 510, "children": []}, {"name": "box26", "top": 690.86669921875, "left": 298.5, "height": 67.2, "width": 510, "children": [{"name": "box27", "top": 690.86669921875, "left": 328.5, "height": 22.4, "width": 480, "children": []}, {"name": "box28", "top": 713.2666625976562, "left": 328.5, "height": 22.4, "width": 480, "children": [{"name": "box29", "top": 717.2166748046875, "left": 684.8333129882812, "height": 15, "width": 30, "children": []}]}, {"name": "box30", "top": 735.6666870117188, "left": 328.5, "height": 22.4, "width": 480, "children": [{"name": "box31", "top": 739.61669921875, "left": 596.9166870117188, "height": 15, "width": 76, "children": []}, {"name": "box32", "top": 739.61669921875, "left": 680.9500122070312, "height": 15, "width": 47, "children": []}, {"name": "box33", "top": 739.61669921875, "left": 736.183349609375, "height": 15, "width": 30, "children": []}]}]}, {"name": "box34", "top": 774.066650390625, "left": 298.5, "height": 44.8, "width": 510, "children": []}]}, {"name": "box22", "top": 152.36666870117188, "left": 321.5, "height": 666.5, "width": 510, "children": [{"name": "box23", "top": 152.36666870117188, "left": 321.5, "height": 22.4, "width": 510, "children": []}, {"name": "bio", "top": 194.76666259765625, "left": 321.5, "height": 33.6, "width": 510, "children": []}, {"name": "box24", "top": 238.36666870117188, "left": 321.5, "height": 355.3, "width": 510, "children": []}, {"name": "box25", "top": 608.6666870117188, "left": 321.5, "height": 67.2, "width": 510, "children": []}, {"name": "box26", "top": 690.86669921875, "left": 321.5, "height": 67.2, "width": 510, "children": [{"name": "box27", "top": 690.86669921875, "left": 351.5, "height": 22.4, "width": 480, "children": []}, {"name": "box28", "top": 713.2666625976562, "left": 351.5, "height": 22.4, "width": 480, "children": [{"name": "box29", "top": 717.2166748046875, "left": 707.8333129882812, "height": 15, "width": 30, "children": []}]}, {"name": "box30", "top": 735.6666870117188, "left": 351.5, "height": 22.4, "width": 480, "children": [{"name": "box31", "top": 739.61669921875, "left": 619.9166870117188, "height": 15, "width": 76, "children": []}, {"name": "box32", "top": 739.61669921875, "left": 703.9500122070312, "height": 15, "width": 47, "children": []}, {"name": "box33", "top": 739.61669921875, "left": 759.183349609375, "height": 15, "width": 30, "children": []}]}]}, {"name": "box34", "top": 774.066650390625, "left": 321.5, "height": 44.8, "width": 510, "children": []}]}, {"name": "box22", "top": 152.36666870117188, "left": 316, "height": 666.5, "width": 510, "children": [{"name": "box23", "top": 152.36666870117188, "left": 316, "height": 22.4, "width": 510, "children": []}, {"name": "bio", "top": 194.76666259765625, "left": 316, "height": 33.6, "width": 510, "children": []}, {"name": "box24", "top": 238.36666870117188, "left": 316, "height": 355.3, "width": 510, "children": []}, {"name": "box25", "top": 608.6666870117188, "left": 316, "height": 67.2, "width": 510, "children": []}, {"name": "box26", "top": 690.86669921875, "left": 316, "height": 67.2, "width": 510, "children": [{"name": "box27", "top": 690.86669921875, "left": 346, "height": 22.4, "width": 480, "children": []}, {"name": "box28", "top": 713.2666625976562, "left": 346, "height": 22.4, "width": 480, "children": [{"name": "box29", "top": 717.2166748046875, "left": 702.3333129882812, "height": 15, "width": 30, "children": []}]}, {"name": "box30", "top": 735.6666870117188, "left": 346, "height": 22.4, "width": 480, "children": [{"name": "box31", "top": 739.61669921875, "left": 614.4166870117188, "height": 15, "width": 76, "children": []}, {"name": "box32", "top": 739.61669921875, "left": 698.4500122070312, "height": 15, "width": 47, "children": []}, {"name": "box33", "top": 739.61669921875, "left": 753.683349609375, "height": 15, "width": 30, "children": []}]}]}, {"name": "box34", "top": 774.066650390625, "left": 316, "height": 44.8, "width": 510, "children": []}]}, {"name": "box22", "top": 152.36666870117188, "left": 326, "height": 666.5, "width": 510, "children": [{"name": "box23", "top": 152.36666870117188, "left": 326, "height": 22.4, "width": 510, "children": []}, {"name": "bio", "top": 194.76666259765625, "left": 326, "height": 33.6, "width": 510, "children": []}, {"name": "box24", "top": 238.36666870117188, "left": 326, "height": 355.3, "width": 510, "children": []}, {"name": "box25", "top": 608.6666870117188, "left": 326, "height": 67.2, "width": 510, "children": []}, {"name": "box26", "top": 690.86669921875, "left": 326, "height": 67.2, "width": 510, "children": [{"name": "box27", "top": 690.86669921875, "left": 356, "height": 22.4, "width": 480, "children": []}, {"name": "box28", "top": 713.2666625976562, "left": 356, "height": 22.4, "width": 480, "children": [{"name": "box29", "top": 717.2166748046875, "left": 712.3333129882812, "height": 15, "width": 30, "children": []}]}, {"name": "box30", "top": 735.6666870117188, "left": 356, "height": 22.4, "width": 480, "children": [{"name": "box31", "top": 739.61669921875, "left": 624.4166870117188, "height": 15, "width": 76, "children": []}, {"name": "box32", "top": 739.61669921875, "left": 708.4500122070312, "height": 15, "width": 47, "children": []}, {"name": "box33", "top": 739.61669921875, "left": 763.683349609375, "height": 15, "width": 30, "children": []}]}]}, {"name": "box34", "top": 774.066650390625, "left": 326, "height": 44.8, "width": 510, "children": []}]}, {"name": "box22", "top": 152.36666870117188, "left": 325.5, "height": 666.5, "width": 510, "children": [{"name": "box23", "top": 152.36666870117188, "left": 325.5, "height": 22.4, "width": 510, "children": []}, {"name": "bio", "top": 194.76666259765625, "left": 325.5, "height": 33.6, "width": 510, "children": []}, {"name": "box24", "top": 238.36666870117188, "left": 325.5, "height": 355.3, "width": 510, "children": []}, {"name": "box25", "top": 608.6666870117188, "left": 325.5, "height": 67.2, "width": 510, "children": []}, {"name": "box26", "top": 690.86669921875, "left": 325.5, "height": 67.2, "width": 510, "children": [{"name": "box27", "top": 690.86669921875, "left": 355.5, "height": 22.4, "width": 480, "children": []}, {"name": "box28", "top": 713.2666625976562, "left": 355.5, "height": 22.4, "width": 480, "children": [{"name": "box29", "top": 717.2166748046875, "left": 711.8333129882812, "height": 15, "width": 30, "children": []}]}, {"name": "box30", "top": 735.6666870117188, "left": 355.5, "height": 22.4, "width": 480, "children": [{"name": "box31", "top": 739.61669921875, "left": 623.9166870117188, "height": 15, "width": 76, "children": []}, {"name": "box32", "top": 739.61669921875, "left": 707.9500122070312, "height": 15, "width": 47, "children": []}, {"name": "box33", "top": 739.61669921875, "left": 763.183349609375, "height": 15, "width": 30, "children": []}]}]}, {"name": "box34", "top": 774.066650390625, "left": 325.5, "height": 44.8, "width": 510, "children": []}]}], "test": [{"name": "box22", "top": 152.36666870117188, "left": 289, "height": 666.5, "width": 510, "children": [{"name": "box23", "top": 152.36666870117188, "left": 289, "height": 22.4, "width": 510, "children": []}, {"name": "bio", "top": 194.76666259765625, "left": 289, "height": 33.6, "width": 510, "children": []}, {"name": "box24", "top": 238.36666870117188, "left": 289, "height": 355.3, "width": 510, "children": []}, {"name": "box25", "top": 608.6666870117188, "left": 289, "height": 67.2, "width": 510, "children": []}, {"name": "box26", "top": 690.86669921875, "left": 289, "height": 67.2, "width": 510, "children": [{"name": "box27", "top": 690.86669921875, "left": 319, "height": 22.4, "width": 480, "children": []}, {"name": "box28", "top": 713.2666625976562, "left": 319, "height": 22.4, "width": 480, "children": [{"name": "box29", "top": 717.2166748046875, "left": 675.3333129882812, "height": 15, "width": 30, "children": []}]}, {"name": "box30", "top": 735.6666870117188, "left": 319, "height": 22.4, "width": 480, "children": [{"name": "box31", "top": 739.61669921875, "left": 587.4166870117188, "height": 15, "width": 76, "children": []}, {"name": "box32", "top": 739.61669921875, "left": 671.4500122070312, "height": 15, "width": 47, "children": []}, {"name": "box33", "top": 739.61669921875, "left": 726.683349609375, "height": 15, "width": 30, "children": []}]}]}, {"name": "box34", "top": 774.066650390625, "left": 289, "height": 44.8, "width": 510, "children": []}]}, {"name": "box22", "top": 152.36666870117188, "left": 282.5, "height": 666.5, "width": 510, "children": [{"name": "box23", "top": 152.36666870117188, "left": 282.5, "height": 22.4, "width": 510, "children": []}, {"name": "bio", "top": 194.76666259765625, "left": 282.5, "height": 33.6, "width": 510, "children": []}, {"name": "box24", "top": 238.36666870117188, "left": 282.5, "height": 355.3, "width": 510, "children": []}, {"name": "box25", "top": 608.6666870117188, "left": 282.5, "height": 67.2, "width": 510, "children": []}, {"name": "box26", "top": 690.86669921875, "left": 282.5, "height": 67.2, "width": 510, "children": [{"name": "box27", "top": 690.86669921875, "left": 312.5, "height": 22.4, "width": 480, "children": []}, {"name": "box28", "top": 713.2666625976562, "left": 312.5, "height": 22.4, "width": 480, "children": [{"name": "box29", "top": 717.2166748046875, "left": 668.8333129882812, "height": 15, "width": 30, "children": []}]}, {"name": "box30", "top": 735.6666870117188, "left": 312.5, "height": 22.4, "width": 480, "children": [{"name": "box31", "top": 739.61669921875, "left": 580.9166870117188, "height": 15, "width": 76, "children": []}, {"name": "box32", "top": 739.61669921875, "left": 664.9500122070312, "height": 15, "width": 47, "children": []}, {"name": "box33", "top": 739.61669921875, "left": 720.183349609375, "height": 15, "width": 30, "children": []}]}]}, {"name": "box34", "top": 774.066650390625, "left": 282.5, "height": 44.8, "width": 510, "children": []}]}, {"name": "box22", "top": 152.36666870117188, "left": 290.5, "height": 666.5, "width": 510, "children": [{"name": "box23", "top": 152.36666870117188, "left": 290.5, "height": 22.4, "width": 510, "children": []}, {"name": "bio", "top": 194.76666259765625, "left": 290.5, "height": 33.6, "width": 510, "children": []}, {"name": "box24", "top": 238.36666870117188, "left": 290.5, "height": 355.3, "width": 510, "children": []}, {"name": "box25", "top": 608.6666870117188, "left": 290.5, "height": 67.2, "width": 510, "children": []}, {"name": "box26", "top": 690.86669921875, "left": 290.5, "height": 67.2, "width": 510, "children": [{"name": "box27", "top": 690.86669921875, "left": 320.5, "height": 22.4, "width": 480, "children": []}, {"name": "box28", "top": 713.2666625976562, "left": 320.5, "height": 22.4, "width": 480, "children": [{"name": "box29", "top": 717.2166748046875, "left": 676.8333129882812, "height": 15, "width": 30, "children": []}]}, {"name": "box30", "top": 735.6666870117188, "left": 320.5, "height": 22.4, "width": 480, "children": [{"name": "box31", "top": 739.61669921875, "left": 588.9166870117188, "height": 15, "width": 76, "children": []}, {"name": "box32", "top": 739.61669921875, "left": 672.9500122070312, "height": 15, "width": 47, "children": []}, {"name": "box33", "top": 739.61669921875, "left": 728.183349609375, "height": 15, "width": 30, "children": []}]}]}, {"name": "box34", "top": 774.066650390625, "left": 290.5, "height": 44.8, "width": 510, "children": []}]}, {"name": "box22", "top": 152.36666870117188, "left": 312, "height": 666.5, "width": 510, "children": [{"name": "box23", "top": 152.36666870117188, "left": 312, "height": 22.4, "width": 510, "children": []}, {"name": "bio", "top": 194.76666259765625, "left": 312, "height": 33.6, "width": 510, "children": []}, {"name": "box24", "top": 238.36666870117188, "left": 312, "height": 355.3, "width": 510, "children": []}, {"name": "box25", "top": 608.6666870117188, "left": 312, "height": 67.2, "width": 510, "children": []}, {"name": "box26", "top": 690.86669921875, "left": 312, "height": 67.2, "width": 510, "children": [{"name": "box27", "top": 690.86669921875, "left": 342, "height": 22.4, "width": 480, "children": []}, {"name": "box28", "top": 713.2666625976562, "left": 342, "height": 22.4, "width": 480, "children": [{"name": "box29", "top": 717.2166748046875, "left": 698.3333129882812, "height": 15, "width": 30, "children": []}]}, {"name": "box30", "top": 735.6666870117188, "left": 342, "height": 22.4, "width": 480, "children": [{"name": "box31", "top": 739.61669921875, "left": 610.4166870117188, "height": 15, "width": 76, "children": []}, {"name": "box32", "top": 739.61669921875, "left": 694.4500122070312, "height": 15, "width": 47, "children": []}, {"name": "box33", "top": 739.61669921875, "left": 749.683349609375, "height": 15, "width": 30, "children": []}]}]}, {"name": "box34", "top": 774.066650390625, "left": 312, "height": 44.8, "width": 510, "children": []}]}, {"name": "box22", "top": 152.36666870117188, "left": 307.5, "height": 666.5, "width": 510, "children": [{"name": "box23", "top": 152.36666870117188, "left": 307.5, "height": 22.4, "width": 510, "children": []}, {"name": "bio", "top": 194.76666259765625, "left": 307.5, "height": 33.6, "width": 510, "children": []}, {"name": "box24", "top": 238.36666870117188, "left": 307.5, "height": 355.3, "width": 510, "children": []}, {"name": "box25", "top": 608.6666870117188, "left": 307.5, "height": 67.2, "width": 510, "children": []}, {"name": "box26", "top": 690.86669921875, "left": 307.5, "height": 67.2, "width": 510, "children": [{"name": "box27", "top": 690.86669921875, "left": 337.5, "height": 22.4, "width": 480, "children": []}, {"name": "box28", "top": 713.2666625976562, "left": 337.5, "height": 22.4, "width": 480, "children": [{"name": "box29", "top": 717.2166748046875, "left": 693.8333129882812, "height": 15, "width": 30, "children": []}]}, {"name": "box30", "top": 735.6666870117188, "left": 337.5, "height": 22.4, "width": 480, "children": [{"name": "box31", "top": 739.61669921875, "left": 605.9166870117188, "height": 15, "width": 76, "children": []}, {"name": "box32", "top": 739.61669921875, "left": 689.9500122070312, "height": 15, "width": 47, "children": []}, {"name": "box33", "top": 739.61669921875, "left": 745.183349609375, "height": 15, "width": 30, "children": []}]}]}, {"name": "box34", "top": 774.066650390625, "left": 307.5, "height": 44.8, "width": 510, "children": []}]}, {"name": "box22", "top": 152.36666870117188, "left": 300.5, "height": 666.5, "width": 510, "children": [{"name": "box23", "top": 152.36666870117188, "left": 300.5, "height": 22.4, "width": 510, "children": []}, {"name": "bio", "top": 194.76666259765625, "left": 300.5, "height": 33.6, "width": 510, "children": []}, {"name": "box24", "top": 238.36666870117188, "left": 300.5, "height": 355.3, "width": 510, "children": []}, {"name": "box25", "top": 608.6666870117188, "left": 300.5, "height": 67.2, "width": 510, "children": []}, {"name": "box26", "top": 690.86669921875, "left": 300.5, "height": 67.2, "width": 510, "children": [{"name": "box27", "top": 690.86669921875, "left": 330.5, "height": 22.4, "width": 480, "children": []}, {"name": "box28", "top": 713.2666625976562, "left": 330.5, "height": 22.4, "width": 480, "children": [{"name": "box29", "top": 717.2166748046875, "left": 686.8333129882812, "height": 15, "width": 30, "children": []}]}, {"name": "box30", "top": 735.6666870117188, "left": 330.5, "height": 22.4, "width": 480, "children": [{"name": "box31", "top": 739.61669921875, "left": 598.9166870117188, "height": 15, "width": 76, "children": []}, {"name": "box32", "top": 739.61669921875, "left": 682.9500122070312, "height": 15, "width": 47, "children": []}, {"name": "box33", "top": 739.61669921875, "left": 738.183349609375, "height": 15, "width": 30, "children": []}]}]}, {"name": "box34", "top": 774.066650390625, "left": 300.5, "height": 44.8, "width": 510, "children": []}]}, {"name": "box22", "top": 152.36666870117188, "left": 284, "height": 666.5, "width": 510, "children": [{"name": "box23", "top": 152.36666870117188, "left": 284, "height": 22.4, "width": 510, "children": []}, {"name": "bio", "top": 194.76666259765625, "left": 284, "height": 33.6, "width": 510, "children": []}, {"name": "box24", "top": 238.36666870117188, "left": 284, "height": 355.3, "width": 510, "children": []}, {"name": "box25", "top": 608.6666870117188, "left": 284, "height": 67.2, "width": 510, "children": []}, {"name": "box26", "top": 690.86669921875, "left": 284, "height": 67.2, "width": 510, "children": [{"name": "box27", "top": 690.86669921875, "left": 314, "height": 22.4, "width": 480, "children": []}, {"name": "box28", "top": 713.2666625976562, "left": 314, "height": 22.4, "width": 480, "children": [{"name": "box29", "top": 717.2166748046875, "left": 670.3333129882812, "height": 15, "width": 30, "children": []}]}, {"name": "box30", "top": 735.6666870117188, "left": 314, "height": 22.4, "width": 480, "children": [{"name": "box31", "top": 739.61669921875, "left": 582.4166870117188, "height": 15, "width": 76, "children": []}, {"name": "box32", "top": 739.61669921875, "left": 666.4500122070312, "height": 15, "width": 47, "children": []}, {"name": "box33", "top": 739.61669921875, "left": 721.683349609375, "height": 15, "width": 30, "children": []}]}]}, {"name": "box34", "top": 774.066650390625, "left": 284, "height": 44.8, "width": 510, "children": []}]}, {"name": "box22", "top": 152.36666870117188, "left": 288.5, "height": 666.5, "width": 510, "children": [{"name": "box23", "top": 152.36666870117188, "left": 288.5, "height": 22.4, "width": 510, "children": []}, {"name": "bio", "top": 194.76666259765625, "left": 288.5, "height": 33.6, "width": 510, "children": []}, {"name": "box24", "top": 238.36666870117188, "left": 288.5, "height": 355.3, "width": 510, "children": []}, {"name": "box25", "top": 608.6666870117188, "left": 288.5, "height": 67.2, "width": 510, "children": []}, {"name": "box26", "top": 690.86669921875, "left": 288.5, "height": 67.2, "width": 510, "children": [{"name": "box27", "top": 690.86669921875, "left": 318.5, "height": 22.4, "width": 480, "children": []}, {"name": "box28", "top": 713.2666625976562, "left": 318.5, "height": 22.4, "width": 480, "children": [{"name": "box29", "top": 717.2166748046875, "left": 674.8333129882812, "height": 15, "width": 30, "children": []}]}, {"name": "box30", "top": 735.6666870117188, "left": 318.5, "height": 22.4, "width": 480, "children": [{"name": "box31", "top": 739.61669921875, "left": 586.9166870117188, "height": 15, "width": 76, "children": []}, {"name": "box32", "top": 739.61669921875, "left": 670.9500122070312, "height": 15, "width": 47, "children": []}, {"name": "box33", "top": 739.61669921875, "left": 726.183349609375, "height": 15, "width": 30, "children": []}]}]}, {"name": "box34", "top": 774.066650390625, "left": 288.5, "height": 44.8, "width": 510, "children": []}]}, {"name": "box22", "top": 152.36666870117188, "left": 279.5, "height": 666.5, "width": 510, "children": [{"name": "box23", "top": 152.36666870117188, "left": 279.5, "height": 22.4, "width": 510, "children": []}, {"name": "bio", "top": 194.76666259765625, "left": 279.5, "height": 33.6, "width": 510, "children": []}, {"name": "box24", "top": 238.36666870117188, "left": 279.5, "height": 355.3, "width": 510, "children": []}, {"name": "box25", "top": 608.6666870117188, "left": 279.5, "height": 67.2, "width": 510, "children": []}, {"name": "box26", "top": 690.86669921875, "left": 279.5, "height": 67.2, "width": 510, "children": [{"name": "box27", "top": 690.86669921875, "left": 309.5, "height": 22.4, "width": 480, "children": []}, {"name": "box28", "top": 713.2666625976562, "left": 309.5, "height": 22.4, "width": 480, "children": [{"name": "box29", "top": 717.2166748046875, "left": 665.8333129882812, "height": 15, "width": 30, "children": []}]}, {"name": "box30", "top": 735.6666870117188, "left": 309.5, "height": 22.4, "width": 480, "children": [{"name": "box31", "top": 739.61669921875, "left": 577.9166870117188, "height": 15, "width": 76, "children": []}, {"name": "box32", "top": 739.61669921875, "left": 661.9500122070312, "height": 15, "width": 47, "children": []}, {"name": "box33", "top": 739.61669921875, "left": 717.183349609375, "height": 15, "width": 30, "children": []}]}]}, {"name": "box34", "top": 774.066650390625, "left": 279.5, "height": 44.8, "width": 510, "children": []}]}, {"name": "box22", "top": 152.36666870117188, "left": 307.5, "height": 666.5, "width": 510, "children": [{"name": "box23", "top": 152.36666870117188, "left": 307.5, "height": 22.4, "width": 510, "children": []}, {"name": "bio", "top": 194.76666259765625, "left": 307.5, "height": 33.6, "width": 510, "children": []}, {"name": "box24", "top": 238.36666870117188, "left": 307.5, "height": 355.3, "width": 510, "children": []}, {"name": "box25", "top": 608.6666870117188, "left": 307.5, "height": 67.2, "width": 510, "children": []}, {"name": "box26", "top": 690.86669921875, "left": 307.5, "height": 67.2, "width": 510, "children": [{"name": "box27", "top": 690.86669921875, "left": 337.5, "height": 22.4, "width": 480, "children": []}, {"name": "box28", "top": 713.2666625976562, "left": 337.5, "height": 22.4, "width": 480, "children": [{"name": "box29", "top": 717.2166748046875, "left": 693.8333129882812, "height": 15, "width": 30, "children": []}]}, {"name": "box30", "top": 735.6666870117188, "left": 337.5, "height": 22.4, "width": 480, "children": [{"name": "box31", "top": 739.61669921875, "left": 605.9166870117188, "height": 15, "width": 76, "children": []}, {"name": "box32", "top": 739.61669921875, "left": 689.9500122070312, "height": 15, "width": 47, "children": []}, {"name": "box33", "top": 739.61669921875, "left": 745.183349609375, "height": 15, "width": 30, "children": []}]}]}, {"name": "box34", "top": 774.066650390625, "left": 307.5, "height": 44.8, "width": 510, "children": []}]}]}