{"name": "personal-sidebar", "bench": {"height": {"low": 1652.1, "high": 1652.1}, "width": {"low": 180, "high": 180}, "trainSeed": 235775, "testSeed": 17250987, "testSize": 10, "trainSize": 10}, "train": [{"name": "box7", "top": 137.36666870117188, "left": 129, "height": 1652.1, "width": 180, "children": [{"name": "toc-collapse", "top": 137.36666870117188, "left": 144, "height": 273.6, "width": 150, "children": [{"name": "box9", "top": 138.36666870117188, "left": 145, "height": 271.6, "width": 148, "children": [{"name": "box11", "top": 148.36666870117188, "left": 145, "height": 32.4, "width": 148, "children": []}, {"name": "box12", "top": 180.76666259765625, "left": 145, "height": 219.2, "width": 148, "children": [{"name": "box13", "top": 180.76666259765625, "left": 145, "height": 32.4, "width": 148, "children": []}, {"name": "box14", "top": 213.1666717529297, "left": 145, "height": 186.8, "width": 148, "children": [{"name": "box16", "top": 213.1666717529297, "left": 145, "height": 77.2, "width": 148, "children": []}, {"name": "box18", "top": 290.3666687011719, "left": 145, "height": 54.8, "width": 148, "children": []}, {"name": "box20", "top": 345.16668701171875, "left": 145, "height": 54.8, "width": 148, "children": []}]}]}]}]}]}, {"name": "box7", "top": 137.36666870117188, "left": 116, "height": 1652.1, "width": 180, "children": [{"name": "toc-collapse", "top": 137.36666870117188, "left": 131, "height": 273.6, "width": 150, "children": [{"name": "box9", "top": 138.36666870117188, "left": 132, "height": 271.6, "width": 148, "children": [{"name": "box11", "top": 148.36666870117188, "left": 132, "height": 32.4, "width": 148, "children": []}, {"name": "box12", "top": 180.76666259765625, "left": 132, "height": 219.2, "width": 148, "children": [{"name": "box13", "top": 180.76666259765625, "left": 132, "height": 32.4, "width": 148, "children": []}, {"name": "box14", "top": 213.1666717529297, "left": 132, "height": 186.8, "width": 148, "children": [{"name": "box16", "top": 213.1666717529297, "left": 132, "height": 77.2, "width": 148, "children": []}, {"name": "box18", "top": 290.3666687011719, "left": 132, "height": 54.8, "width": 148, "children": []}, {"name": "box20", "top": 345.16668701171875, "left": 132, "height": 54.8, "width": 148, "children": []}]}]}]}]}]}, {"name": "box7", "top": 137.36666870117188, "left": 109.5, "height": 1652.1, "width": 180, "children": [{"name": "toc-collapse", "top": 137.36666870117188, "left": 124.5, "height": 273.6, "width": 150, "children": [{"name": "box9", "top": 138.36666870117188, "left": 125.5, "height": 271.6, "width": 148, "children": [{"name": "box11", "top": 148.36666870117188, "left": 125.5, "height": 32.4, "width": 148, "children": []}, {"name": "box12", "top": 180.76666259765625, "left": 125.5, "height": 219.2, "width": 148, "children": [{"name": "box13", "top": 180.76666259765625, "left": 125.5, "height": 32.4, "width": 148, "children": []}, {"name": "box14", "top": 213.1666717529297, "left": 125.5, "height": 186.8, "width": 148, "children": [{"name": "box16", "top": 213.1666717529297, "left": 125.5, "height": 77.2, "width": 148, "children": []}, {"name": "box18", "top": 290.3666687011719, "left": 125.5, "height": 54.8, "width": 148, "children": []}, {"name": "box20", "top": 345.16668701171875, "left": 125.5, "height": 54.8, "width": 148, "children": []}]}]}]}]}]}, {"name": "box7", "top": 137.36666870117188, "left": 104, "height": 1652.1, "width": 180, "children": [{"name": "toc-collapse", "top": 137.36666870117188, "left": 119, "height": 273.6, "width": 150, "children": [{"name": "box9", "top": 138.36666870117188, "left": 120, "height": 271.6, "width": 148, "children": [{"name": "box11", "top": 148.36666870117188, "left": 120, "height": 32.4, "width": 148, "children": []}, {"name": "box12", "top": 180.76666259765625, "left": 120, "height": 219.2, "width": 148, "children": [{"name": "box13", "top": 180.76666259765625, "left": 120, "height": 32.4, "width": 148, "children": []}, {"name": "box14", "top": 213.1666717529297, "left": 120, "height": 186.8, "width": 148, "children": [{"name": "box16", "top": 213.1666717529297, "left": 120, "height": 77.2, "width": 148, "children": []}, {"name": "box18", "top": 290.3666687011719, "left": 120, "height": 54.8, "width": 148, "children": []}, {"name": "box20", "top": 345.16668701171875, "left": 120, "height": 54.8, "width": 148, "children": []}]}]}]}]}]}, {"name": "box7", "top": 137.36666870117188, "left": 116, "height": 1652.1, "width": 180, "children": [{"name": "toc-collapse", "top": 137.36666870117188, "left": 131, "height": 273.6, "width": 150, "children": [{"name": "box9", "top": 138.36666870117188, "left": 132, "height": 271.6, "width": 148, "children": [{"name": "box11", "top": 148.36666870117188, "left": 132, "height": 32.4, "width": 148, "children": []}, {"name": "box12", "top": 180.76666259765625, "left": 132, "height": 219.2, "width": 148, "children": [{"name": "box13", "top": 180.76666259765625, "left": 132, "height": 32.4, "width": 148, "children": []}, {"name": "box14", "top": 213.1666717529297, "left": 132, "height": 186.8, "width": 148, "children": [{"name": "box16", "top": 213.1666717529297, "left": 132, "height": 77.2, "width": 148, "children": []}, {"name": "box18", "top": 290.3666687011719, "left": 132, "height": 54.8, "width": 148, "children": []}, {"name": "box20", "top": 345.16668701171875, "left": 132, "height": 54.8, "width": 148, "children": []}]}]}]}]}]}, {"name": "box7", "top": 137.36666870117188, "left": 103.5, "height": 1652.1, "width": 180, "children": [{"name": "toc-collapse", "top": 137.36666870117188, "left": 118.5, "height": 273.6, "width": 150, "children": [{"name": "box9", "top": 138.36666870117188, "left": 119.5, "height": 271.6, "width": 148, "children": [{"name": "box11", "top": 148.36666870117188, "left": 119.5, "height": 32.4, "width": 148, "children": []}, {"name": "box12", "top": 180.76666259765625, "left": 119.5, "height": 219.2, "width": 148, "children": [{"name": "box13", "top": 180.76666259765625, "left": 119.5, "height": 32.4, "width": 148, "children": []}, {"name": "box14", "top": 213.1666717529297, "left": 119.5, "height": 186.8, "width": 148, "children": [{"name": "box16", "top": 213.1666717529297, "left": 119.5, "height": 77.2, "width": 148, "children": []}, {"name": "box18", "top": 290.3666687011719, "left": 119.5, "height": 54.8, "width": 148, "children": []}, {"name": "box20", "top": 345.16668701171875, "left": 119.5, "height": 54.8, "width": 148, "children": []}]}]}]}]}]}, {"name": "box7", "top": 137.36666870117188, "left": 126.5, "height": 1652.1, "width": 180, "children": [{"name": "toc-collapse", "top": 137.36666870117188, "left": 141.5, "height": 273.6, "width": 150, "children": [{"name": "box9", "top": 138.36666870117188, "left": 142.5, "height": 271.6, "width": 148, "children": [{"name": "box11", "top": 148.36666870117188, "left": 142.5, "height": 32.4, "width": 148, "children": []}, {"name": "box12", "top": 180.76666259765625, "left": 142.5, "height": 219.2, "width": 148, "children": [{"name": "box13", "top": 180.76666259765625, "left": 142.5, "height": 32.4, "width": 148, "children": []}, {"name": "box14", "top": 213.1666717529297, "left": 142.5, "height": 186.8, "width": 148, "children": [{"name": "box16", "top": 213.1666717529297, "left": 142.5, "height": 77.2, "width": 148, "children": []}, {"name": "box18", "top": 290.3666687011719, "left": 142.5, "height": 54.8, "width": 148, "children": []}, {"name": "box20", "top": 345.16668701171875, "left": 142.5, "height": 54.8, "width": 148, "children": []}]}]}]}]}]}, {"name": "box7", "top": 137.36666870117188, "left": 121, "height": 1652.1, "width": 180, "children": [{"name": "toc-collapse", "top": 137.36666870117188, "left": 136, "height": 273.6, "width": 150, "children": [{"name": "box9", "top": 138.36666870117188, "left": 137, "height": 271.6, "width": 148, "children": [{"name": "box11", "top": 148.36666870117188, "left": 137, "height": 32.4, "width": 148, "children": []}, {"name": "box12", "top": 180.76666259765625, "left": 137, "height": 219.2, "width": 148, "children": [{"name": "box13", "top": 180.76666259765625, "left": 137, "height": 32.4, "width": 148, "children": []}, {"name": "box14", "top": 213.1666717529297, "left": 137, "height": 186.8, "width": 148, "children": [{"name": "box16", "top": 213.1666717529297, "left": 137, "height": 77.2, "width": 148, "children": []}, {"name": "box18", "top": 290.3666687011719, "left": 137, "height": 54.8, "width": 148, "children": []}, {"name": "box20", "top": 345.16668701171875, "left": 137, "height": 54.8, "width": 148, "children": []}]}]}]}]}]}, {"name": "box7", "top": 137.36666870117188, "left": 131, "height": 1652.1, "width": 180, "children": [{"name": "toc-collapse", "top": 137.36666870117188, "left": 146, "height": 273.6, "width": 150, "children": [{"name": "box9", "top": 138.36666870117188, "left": 147, "height": 271.6, "width": 148, "children": [{"name": "box11", "top": 148.36666870117188, "left": 147, "height": 32.4, "width": 148, "children": []}, {"name": "box12", "top": 180.76666259765625, "left": 147, "height": 219.2, "width": 148, "children": [{"name": "box13", "top": 180.76666259765625, "left": 147, "height": 32.4, "width": 148, "children": []}, {"name": "box14", "top": 213.1666717529297, "left": 147, "height": 186.8, "width": 148, "children": [{"name": "box16", "top": 213.1666717529297, "left": 147, "height": 77.2, "width": 148, "children": []}, {"name": "box18", "top": 290.3666687011719, "left": 147, "height": 54.8, "width": 148, "children": []}, {"name": "box20", "top": 345.16668701171875, "left": 147, "height": 54.8, "width": 148, "children": []}]}]}]}]}]}, {"name": "box7", "top": 137.36666870117188, "left": 130.5, "height": 1652.1, "width": 180, "children": [{"name": "toc-collapse", "top": 137.36666870117188, "left": 145.5, "height": 273.6, "width": 150, "children": [{"name": "box9", "top": 138.36666870117188, "left": 146.5, "height": 271.6, "width": 148, "children": [{"name": "box11", "top": 148.36666870117188, "left": 146.5, "height": 32.4, "width": 148, "children": []}, {"name": "box12", "top": 180.76666259765625, "left": 146.5, "height": 219.2, "width": 148, "children": [{"name": "box13", "top": 180.76666259765625, "left": 146.5, "height": 32.4, "width": 148, "children": []}, {"name": "box14", "top": 213.1666717529297, "left": 146.5, "height": 186.8, "width": 148, "children": [{"name": "box16", "top": 213.1666717529297, "left": 146.5, "height": 77.2, "width": 148, "children": []}, {"name": "box18", "top": 290.3666687011719, "left": 146.5, "height": 54.8, "width": 148, "children": []}, {"name": "box20", "top": 345.16668701171875, "left": 146.5, "height": 54.8, "width": 148, "children": []}]}]}]}]}]}], "test": [{"name": "box7", "top": 137.36666870117188, "left": 94, "height": 1652.1, "width": 180, "children": [{"name": "toc-collapse", "top": 137.36666870117188, "left": 109, "height": 273.6, "width": 150, "children": [{"name": "box9", "top": 138.36666870117188, "left": 110, "height": 271.6, "width": 148, "children": [{"name": "box11", "top": 148.36666870117188, "left": 110, "height": 32.4, "width": 148, "children": []}, {"name": "box12", "top": 180.76666259765625, "left": 110, "height": 219.2, "width": 148, "children": [{"name": "box13", "top": 180.76666259765625, "left": 110, "height": 32.4, "width": 148, "children": []}, {"name": "box14", "top": 213.1666717529297, "left": 110, "height": 186.8, "width": 148, "children": [{"name": "box16", "top": 213.1666717529297, "left": 110, "height": 77.2, "width": 148, "children": []}, {"name": "box18", "top": 290.3666687011719, "left": 110, "height": 54.8, "width": 148, "children": []}, {"name": "box20", "top": 345.16668701171875, "left": 110, "height": 54.8, "width": 148, "children": []}]}]}]}]}]}, {"name": "box7", "top": 137.36666870117188, "left": 87.5, "height": 1652.1, "width": 180, "children": [{"name": "toc-collapse", "top": 137.36666870117188, "left": 102.5, "height": 273.6, "width": 150, "children": [{"name": "box9", "top": 138.36666870117188, "left": 103.5, "height": 271.6, "width": 148, "children": [{"name": "box11", "top": 148.36666870117188, "left": 103.5, "height": 32.4, "width": 148, "children": []}, {"name": "box12", "top": 180.76666259765625, "left": 103.5, "height": 219.2, "width": 148, "children": [{"name": "box13", "top": 180.76666259765625, "left": 103.5, "height": 32.4, "width": 148, "children": []}, {"name": "box14", "top": 213.1666717529297, "left": 103.5, "height": 186.8, "width": 148, "children": [{"name": "box16", "top": 213.1666717529297, "left": 103.5, "height": 77.2, "width": 148, "children": []}, {"name": "box18", "top": 290.3666687011719, "left": 103.5, "height": 54.8, "width": 148, "children": []}, {"name": "box20", "top": 345.16668701171875, "left": 103.5, "height": 54.8, "width": 148, "children": []}]}]}]}]}]}, {"name": "box7", "top": 137.36666870117188, "left": 95.5, "height": 1652.1, "width": 180, "children": [{"name": "toc-collapse", "top": 137.36666870117188, "left": 110.5, "height": 273.6, "width": 150, "children": [{"name": "box9", "top": 138.36666870117188, "left": 111.5, "height": 271.6, "width": 148, "children": [{"name": "box11", "top": 148.36666870117188, "left": 111.5, "height": 32.4, "width": 148, "children": []}, {"name": "box12", "top": 180.76666259765625, "left": 111.5, "height": 219.2, "width": 148, "children": [{"name": "box13", "top": 180.76666259765625, "left": 111.5, "height": 32.4, "width": 148, "children": []}, {"name": "box14", "top": 213.1666717529297, "left": 111.5, "height": 186.8, "width": 148, "children": [{"name": "box16", "top": 213.1666717529297, "left": 111.5, "height": 77.2, "width": 148, "children": []}, {"name": "box18", "top": 290.3666687011719, "left": 111.5, "height": 54.8, "width": 148, "children": []}, {"name": "box20", "top": 345.16668701171875, "left": 111.5, "height": 54.8, "width": 148, "children": []}]}]}]}]}]}, {"name": "box7", "top": 137.36666870117188, "left": 117, "height": 1652.1, "width": 180, "children": [{"name": "toc-collapse", "top": 137.36666870117188, "left": 132, "height": 273.6, "width": 150, "children": [{"name": "box9", "top": 138.36666870117188, "left": 133, "height": 271.6, "width": 148, "children": [{"name": "box11", "top": 148.36666870117188, "left": 133, "height": 32.4, "width": 148, "children": []}, {"name": "box12", "top": 180.76666259765625, "left": 133, "height": 219.2, "width": 148, "children": [{"name": "box13", "top": 180.76666259765625, "left": 133, "height": 32.4, "width": 148, "children": []}, {"name": "box14", "top": 213.1666717529297, "left": 133, "height": 186.8, "width": 148, "children": [{"name": "box16", "top": 213.1666717529297, "left": 133, "height": 77.2, "width": 148, "children": []}, {"name": "box18", "top": 290.3666687011719, "left": 133, "height": 54.8, "width": 148, "children": []}, {"name": "box20", "top": 345.16668701171875, "left": 133, "height": 54.8, "width": 148, "children": []}]}]}]}]}]}, {"name": "box7", "top": 137.36666870117188, "left": 112.5, "height": 1652.1, "width": 180, "children": [{"name": "toc-collapse", "top": 137.36666870117188, "left": 127.5, "height": 273.6, "width": 150, "children": [{"name": "box9", "top": 138.36666870117188, "left": 128.5, "height": 271.6, "width": 148, "children": [{"name": "box11", "top": 148.36666870117188, "left": 128.5, "height": 32.4, "width": 148, "children": []}, {"name": "box12", "top": 180.76666259765625, "left": 128.5, "height": 219.2, "width": 148, "children": [{"name": "box13", "top": 180.76666259765625, "left": 128.5, "height": 32.4, "width": 148, "children": []}, {"name": "box14", "top": 213.1666717529297, "left": 128.5, "height": 186.8, "width": 148, "children": [{"name": "box16", "top": 213.1666717529297, "left": 128.5, "height": 77.2, "width": 148, "children": []}, {"name": "box18", "top": 290.3666687011719, "left": 128.5, "height": 54.8, "width": 148, "children": []}, {"name": "box20", "top": 345.16668701171875, "left": 128.5, "height": 54.8, "width": 148, "children": []}]}]}]}]}]}, {"name": "box7", "top": 137.36666870117188, "left": 105.5, "height": 1652.1, "width": 180, "children": [{"name": "toc-collapse", "top": 137.36666870117188, "left": 120.5, "height": 273.6, "width": 150, "children": [{"name": "box9", "top": 138.36666870117188, "left": 121.5, "height": 271.6, "width": 148, "children": [{"name": "box11", "top": 148.36666870117188, "left": 121.5, "height": 32.4, "width": 148, "children": []}, {"name": "box12", "top": 180.76666259765625, "left": 121.5, "height": 219.2, "width": 148, "children": [{"name": "box13", "top": 180.76666259765625, "left": 121.5, "height": 32.4, "width": 148, "children": []}, {"name": "box14", "top": 213.1666717529297, "left": 121.5, "height": 186.8, "width": 148, "children": [{"name": "box16", "top": 213.1666717529297, "left": 121.5, "height": 77.2, "width": 148, "children": []}, {"name": "box18", "top": 290.3666687011719, "left": 121.5, "height": 54.8, "width": 148, "children": []}, {"name": "box20", "top": 345.16668701171875, "left": 121.5, "height": 54.8, "width": 148, "children": []}]}]}]}]}]}, {"name": "box7", "top": 137.36666870117188, "left": 89, "height": 1652.1, "width": 180, "children": [{"name": "toc-collapse", "top": 137.36666870117188, "left": 104, "height": 273.6, "width": 150, "children": [{"name": "box9", "top": 138.36666870117188, "left": 105, "height": 271.6, "width": 148, "children": [{"name": "box11", "top": 148.36666870117188, "left": 105, "height": 32.4, "width": 148, "children": []}, {"name": "box12", "top": 180.76666259765625, "left": 105, "height": 219.2, "width": 148, "children": [{"name": "box13", "top": 180.76666259765625, "left": 105, "height": 32.4, "width": 148, "children": []}, {"name": "box14", "top": 213.1666717529297, "left": 105, "height": 186.8, "width": 148, "children": [{"name": "box16", "top": 213.1666717529297, "left": 105, "height": 77.2, "width": 148, "children": []}, {"name": "box18", "top": 290.3666687011719, "left": 105, "height": 54.8, "width": 148, "children": []}, {"name": "box20", "top": 345.16668701171875, "left": 105, "height": 54.8, "width": 148, "children": []}]}]}]}]}]}, {"name": "box7", "top": 137.36666870117188, "left": 93.5, "height": 1652.1, "width": 180, "children": [{"name": "toc-collapse", "top": 137.36666870117188, "left": 108.5, "height": 273.6, "width": 150, "children": [{"name": "box9", "top": 138.36666870117188, "left": 109.5, "height": 271.6, "width": 148, "children": [{"name": "box11", "top": 148.36666870117188, "left": 109.5, "height": 32.4, "width": 148, "children": []}, {"name": "box12", "top": 180.76666259765625, "left": 109.5, "height": 219.2, "width": 148, "children": [{"name": "box13", "top": 180.76666259765625, "left": 109.5, "height": 32.4, "width": 148, "children": []}, {"name": "box14", "top": 213.1666717529297, "left": 109.5, "height": 186.8, "width": 148, "children": [{"name": "box16", "top": 213.1666717529297, "left": 109.5, "height": 77.2, "width": 148, "children": []}, {"name": "box18", "top": 290.3666687011719, "left": 109.5, "height": 54.8, "width": 148, "children": []}, {"name": "box20", "top": 345.16668701171875, "left": 109.5, "height": 54.8, "width": 148, "children": []}]}]}]}]}]}, {"name": "box7", "top": 137.36666870117188, "left": 84.5, "height": 1652.1, "width": 180, "children": [{"name": "toc-collapse", "top": 137.36666870117188, "left": 99.5, "height": 273.6, "width": 150, "children": [{"name": "box9", "top": 138.36666870117188, "left": 100.5, "height": 271.6, "width": 148, "children": [{"name": "box11", "top": 148.36666870117188, "left": 100.5, "height": 32.4, "width": 148, "children": []}, {"name": "box12", "top": 180.76666259765625, "left": 100.5, "height": 219.2, "width": 148, "children": [{"name": "box13", "top": 180.76666259765625, "left": 100.5, "height": 32.4, "width": 148, "children": []}, {"name": "box14", "top": 213.1666717529297, "left": 100.5, "height": 186.8, "width": 148, "children": [{"name": "box16", "top": 213.1666717529297, "left": 100.5, "height": 77.2, "width": 148, "children": []}, {"name": "box18", "top": 290.3666687011719, "left": 100.5, "height": 54.8, "width": 148, "children": []}, {"name": "box20", "top": 345.16668701171875, "left": 100.5, "height": 54.8, "width": 148, "children": []}]}]}]}]}]}, {"name": "box7", "top": 137.36666870117188, "left": 112.5, "height": 1652.1, "width": 180, "children": [{"name": "toc-collapse", "top": 137.36666870117188, "left": 127.5, "height": 273.6, "width": 150, "children": [{"name": "box9", "top": 138.36666870117188, "left": 128.5, "height": 271.6, "width": 148, "children": [{"name": "box11", "top": 148.36666870117188, "left": 128.5, "height": 32.4, "width": 148, "children": []}, {"name": "box12", "top": 180.76666259765625, "left": 128.5, "height": 219.2, "width": 148, "children": [{"name": "box13", "top": 180.76666259765625, "left": 128.5, "height": 32.4, "width": 148, "children": []}, {"name": "box14", "top": 213.1666717529297, "left": 128.5, "height": 186.8, "width": 148, "children": [{"name": "box16", "top": 213.1666717529297, "left": 128.5, "height": 77.2, "width": 148, "children": []}, {"name": "box18", "top": 290.3666687011719, "left": 128.5, "height": 54.8, "width": 148, "children": []}, {"name": "box20", "top": 345.16668701171875, "left": 128.5, "height": 54.8, "width": 148, "children": []}]}]}]}]}]}]}