{"name": "personal-pubs", "bench": {"height": {"low": 876.2, "high": 876.2}, "width": {"low": 510, "high": 510}, "trainSeed": 235775, "testSeed": 17250987, "testSize": 10, "trainSize": 10}, "train": [{"name": "box35", "top": 838.86669921875, "left": 324, "height": 876.2, "width": 510, "children": [{"name": "publications", "top": 838.86669921875, "left": 324, "height": 33.6, "width": 510, "children": []}, {"name": "in-preparationpre-prints", "top": 892.4666748046875, "left": 324, "height": 29.8, "width": 510, "children": []}, {"name": "robust-and-hierarchical-synthesis-of-dynamic-visual-layouts", "top": 942.2666625976562, "left": 324, "height": 43.2, "width": 510, "children": []}, {"name": "box36", "top": 995.4666748046875, "left": 324, "height": 44.8, "width": 510, "children": []}, {"name": "targeted-synthesis-for-programming-with-data-invariants", "top": 1060.2666015625, "left": 324, "height": 21.6, "width": 510, "children": []}, {"name": "box37", "top": 1091.86669921875, "left": 324, "height": 44.8, "width": 510, "children": []}, {"name": "conference-publications", "top": 1156.6666259765625, "left": 324, "height": 29.8, "width": 510, "children": []}, {"name": "user-guided-synthesis-of-interactive-diagrams", "top": 1206.4666748046875, "left": 324, "height": 21.6, "width": 510, "children": []}, {"name": "box38", "top": 1238.066650390625, "left": 324, "height": 44.8, "width": 510, "children": []}, {"name": "interactive-parser-synthesis-by-example", "top": 1302.86669921875, "left": 324, "height": 21.6, "width": 510, "children": []}, {"name": "box39", "top": 1334.4666748046875, "left": 324, "height": 22.4, "width": 510, "children": []}, {"name": "jsai-a-static-analysis-platform-for-javascript", "top": 1376.86669921875, "left": 324, "height": 21.6, "width": 510, "children": []}, {"name": "box40", "top": 1408.4666748046875, "left": 324, "height": 44.8, "width": 510, "children": []}, {"name": "box41", "top": 1469.2666015625, "left": 324, "height": 4, "width": 510, "children": []}, {"name": "workshop-publications", "top": 1493.2666015625, "left": 324, "height": 29.8, "width": 510, "children": []}, {"name": "chihuahua-a-concurrent-moving-garbage-collector-using-transactional-memory", "top": 1543.066650390625, "left": 324, "height": 43.2, "width": 510, "children": []}, {"name": "box42", "top": 1596.2666015625, "left": 324, "height": 22.4, "width": 510, "children": []}, {"name": "type-refinement-for-static-analysis-of-javascript", "top": 1638.6666259765625, "left": 324, "height": 21.6, "width": 510, "children": []}, {"name": "box43", "top": 1670.2666015625, "left": 324, "height": 44.8, "width": 510, "children": []}]}, {"name": "box35", "top": 838.86669921875, "left": 311, "height": 876.2, "width": 510, "children": [{"name": "publications", "top": 838.86669921875, "left": 311, "height": 33.6, "width": 510, "children": []}, {"name": "in-preparationpre-prints", "top": 892.4666748046875, "left": 311, "height": 29.8, "width": 510, "children": []}, {"name": "robust-and-hierarchical-synthesis-of-dynamic-visual-layouts", "top": 942.2666625976562, "left": 311, "height": 43.2, "width": 510, "children": []}, {"name": "box36", "top": 995.4666748046875, "left": 311, "height": 44.8, "width": 510, "children": []}, {"name": "targeted-synthesis-for-programming-with-data-invariants", "top": 1060.2666015625, "left": 311, "height": 21.6, "width": 510, "children": []}, {"name": "box37", "top": 1091.86669921875, "left": 311, "height": 44.8, "width": 510, "children": []}, {"name": "conference-publications", "top": 1156.6666259765625, "left": 311, "height": 29.8, "width": 510, "children": []}, {"name": "user-guided-synthesis-of-interactive-diagrams", "top": 1206.4666748046875, "left": 311, "height": 21.6, "width": 510, "children": []}, {"name": "box38", "top": 1238.066650390625, "left": 311, "height": 44.8, "width": 510, "children": []}, {"name": "interactive-parser-synthesis-by-example", "top": 1302.86669921875, "left": 311, "height": 21.6, "width": 510, "children": []}, {"name": "box39", "top": 1334.4666748046875, "left": 311, "height": 22.4, "width": 510, "children": []}, {"name": "jsai-a-static-analysis-platform-for-javascript", "top": 1376.86669921875, "left": 311, "height": 21.6, "width": 510, "children": []}, {"name": "box40", "top": 1408.4666748046875, "left": 311, "height": 44.8, "width": 510, "children": []}, {"name": "box41", "top": 1469.2666015625, "left": 311, "height": 4, "width": 510, "children": []}, {"name": "workshop-publications", "top": 1493.2666015625, "left": 311, "height": 29.8, "width": 510, "children": []}, {"name": "chihuahua-a-concurrent-moving-garbage-collector-using-transactional-memory", "top": 1543.066650390625, "left": 311, "height": 43.2, "width": 510, "children": []}, {"name": "box42", "top": 1596.2666015625, "left": 311, "height": 22.4, "width": 510, "children": []}, {"name": "type-refinement-for-static-analysis-of-javascript", "top": 1638.6666259765625, "left": 311, "height": 21.6, "width": 510, "children": []}, {"name": "box43", "top": 1670.2666015625, "left": 311, "height": 44.8, "width": 510, "children": []}]}, {"name": "box35", "top": 838.86669921875, "left": 304.5, "height": 876.2, "width": 510, "children": [{"name": "publications", "top": 838.86669921875, "left": 304.5, "height": 33.6, "width": 510, "children": []}, {"name": "in-preparationpre-prints", "top": 892.4666748046875, "left": 304.5, "height": 29.8, "width": 510, "children": []}, {"name": "robust-and-hierarchical-synthesis-of-dynamic-visual-layouts", "top": 942.2666625976562, "left": 304.5, "height": 43.2, "width": 510, "children": []}, {"name": "box36", "top": 995.4666748046875, "left": 304.5, "height": 44.8, "width": 510, "children": []}, {"name": "targeted-synthesis-for-programming-with-data-invariants", "top": 1060.2666015625, "left": 304.5, "height": 21.6, "width": 510, "children": []}, {"name": "box37", "top": 1091.86669921875, "left": 304.5, "height": 44.8, "width": 510, "children": []}, {"name": "conference-publications", "top": 1156.6666259765625, "left": 304.5, "height": 29.8, "width": 510, "children": []}, {"name": "user-guided-synthesis-of-interactive-diagrams", "top": 1206.4666748046875, "left": 304.5, "height": 21.6, "width": 510, "children": []}, {"name": "box38", "top": 1238.066650390625, "left": 304.5, "height": 44.8, "width": 510, "children": []}, {"name": "interactive-parser-synthesis-by-example", "top": 1302.86669921875, "left": 304.5, "height": 21.6, "width": 510, "children": []}, {"name": "box39", "top": 1334.4666748046875, "left": 304.5, "height": 22.4, "width": 510, "children": []}, {"name": "jsai-a-static-analysis-platform-for-javascript", "top": 1376.86669921875, "left": 304.5, "height": 21.6, "width": 510, "children": []}, {"name": "box40", "top": 1408.4666748046875, "left": 304.5, "height": 44.8, "width": 510, "children": []}, {"name": "box41", "top": 1469.2666015625, "left": 304.5, "height": 4, "width": 510, "children": []}, {"name": "workshop-publications", "top": 1493.2666015625, "left": 304.5, "height": 29.8, "width": 510, "children": []}, {"name": "chihuahua-a-concurrent-moving-garbage-collector-using-transactional-memory", "top": 1543.066650390625, "left": 304.5, "height": 43.2, "width": 510, "children": []}, {"name": "box42", "top": 1596.2666015625, "left": 304.5, "height": 22.4, "width": 510, "children": []}, {"name": "type-refinement-for-static-analysis-of-javascript", "top": 1638.6666259765625, "left": 304.5, "height": 21.6, "width": 510, "children": []}, {"name": "box43", "top": 1670.2666015625, "left": 304.5, "height": 44.8, "width": 510, "children": []}]}, {"name": "box35", "top": 838.86669921875, "left": 299, "height": 876.2, "width": 510, "children": [{"name": "publications", "top": 838.86669921875, "left": 299, "height": 33.6, "width": 510, "children": []}, {"name": "in-preparationpre-prints", "top": 892.4666748046875, "left": 299, "height": 29.8, "width": 510, "children": []}, {"name": "robust-and-hierarchical-synthesis-of-dynamic-visual-layouts", "top": 942.2666625976562, "left": 299, "height": 43.2, "width": 510, "children": []}, {"name": "box36", "top": 995.4666748046875, "left": 299, "height": 44.8, "width": 510, "children": []}, {"name": "targeted-synthesis-for-programming-with-data-invariants", "top": 1060.2666015625, "left": 299, "height": 21.6, "width": 510, "children": []}, {"name": "box37", "top": 1091.86669921875, "left": 299, "height": 44.8, "width": 510, "children": []}, {"name": "conference-publications", "top": 1156.6666259765625, "left": 299, "height": 29.8, "width": 510, "children": []}, {"name": "user-guided-synthesis-of-interactive-diagrams", "top": 1206.4666748046875, "left": 299, "height": 21.6, "width": 510, "children": []}, {"name": "box38", "top": 1238.066650390625, "left": 299, "height": 44.8, "width": 510, "children": []}, {"name": "interactive-parser-synthesis-by-example", "top": 1302.86669921875, "left": 299, "height": 21.6, "width": 510, "children": []}, {"name": "box39", "top": 1334.4666748046875, "left": 299, "height": 22.4, "width": 510, "children": []}, {"name": "jsai-a-static-analysis-platform-for-javascript", "top": 1376.86669921875, "left": 299, "height": 21.6, "width": 510, "children": []}, {"name": "box40", "top": 1408.4666748046875, "left": 299, "height": 44.8, "width": 510, "children": []}, {"name": "box41", "top": 1469.2666015625, "left": 299, "height": 4, "width": 510, "children": []}, {"name": "workshop-publications", "top": 1493.2666015625, "left": 299, "height": 29.8, "width": 510, "children": []}, {"name": "chihuahua-a-concurrent-moving-garbage-collector-using-transactional-memory", "top": 1543.066650390625, "left": 299, "height": 43.2, "width": 510, "children": []}, {"name": "box42", "top": 1596.2666015625, "left": 299, "height": 22.4, "width": 510, "children": []}, {"name": "type-refinement-for-static-analysis-of-javascript", "top": 1638.6666259765625, "left": 299, "height": 21.6, "width": 510, "children": []}, {"name": "box43", "top": 1670.2666015625, "left": 299, "height": 44.8, "width": 510, "children": []}]}, {"name": "box35", "top": 838.86669921875, "left": 311, "height": 876.2, "width": 510, "children": [{"name": "publications", "top": 838.86669921875, "left": 311, "height": 33.6, "width": 510, "children": []}, {"name": "in-preparationpre-prints", "top": 892.4666748046875, "left": 311, "height": 29.8, "width": 510, "children": []}, {"name": "robust-and-hierarchical-synthesis-of-dynamic-visual-layouts", "top": 942.2666625976562, "left": 311, "height": 43.2, "width": 510, "children": []}, {"name": "box36", "top": 995.4666748046875, "left": 311, "height": 44.8, "width": 510, "children": []}, {"name": "targeted-synthesis-for-programming-with-data-invariants", "top": 1060.2666015625, "left": 311, "height": 21.6, "width": 510, "children": []}, {"name": "box37", "top": 1091.86669921875, "left": 311, "height": 44.8, "width": 510, "children": []}, {"name": "conference-publications", "top": 1156.6666259765625, "left": 311, "height": 29.8, "width": 510, "children": []}, {"name": "user-guided-synthesis-of-interactive-diagrams", "top": 1206.4666748046875, "left": 311, "height": 21.6, "width": 510, "children": []}, {"name": "box38", "top": 1238.066650390625, "left": 311, "height": 44.8, "width": 510, "children": []}, {"name": "interactive-parser-synthesis-by-example", "top": 1302.86669921875, "left": 311, "height": 21.6, "width": 510, "children": []}, {"name": "box39", "top": 1334.4666748046875, "left": 311, "height": 22.4, "width": 510, "children": []}, {"name": "jsai-a-static-analysis-platform-for-javascript", "top": 1376.86669921875, "left": 311, "height": 21.6, "width": 510, "children": []}, {"name": "box40", "top": 1408.4666748046875, "left": 311, "height": 44.8, "width": 510, "children": []}, {"name": "box41", "top": 1469.2666015625, "left": 311, "height": 4, "width": 510, "children": []}, {"name": "workshop-publications", "top": 1493.2666015625, "left": 311, "height": 29.8, "width": 510, "children": []}, {"name": "chihuahua-a-concurrent-moving-garbage-collector-using-transactional-memory", "top": 1543.066650390625, "left": 311, "height": 43.2, "width": 510, "children": []}, {"name": "box42", "top": 1596.2666015625, "left": 311, "height": 22.4, "width": 510, "children": []}, {"name": "type-refinement-for-static-analysis-of-javascript", "top": 1638.6666259765625, "left": 311, "height": 21.6, "width": 510, "children": []}, {"name": "box43", "top": 1670.2666015625, "left": 311, "height": 44.8, "width": 510, "children": []}]}, {"name": "box35", "top": 838.86669921875, "left": 298.5, "height": 876.2, "width": 510, "children": [{"name": "publications", "top": 838.86669921875, "left": 298.5, "height": 33.6, "width": 510, "children": []}, {"name": "in-preparationpre-prints", "top": 892.4666748046875, "left": 298.5, "height": 29.8, "width": 510, "children": []}, {"name": "robust-and-hierarchical-synthesis-of-dynamic-visual-layouts", "top": 942.2666625976562, "left": 298.5, "height": 43.2, "width": 510, "children": []}, {"name": "box36", "top": 995.4666748046875, "left": 298.5, "height": 44.8, "width": 510, "children": []}, {"name": "targeted-synthesis-for-programming-with-data-invariants", "top": 1060.2666015625, "left": 298.5, "height": 21.6, "width": 510, "children": []}, {"name": "box37", "top": 1091.86669921875, "left": 298.5, "height": 44.8, "width": 510, "children": []}, {"name": "conference-publications", "top": 1156.6666259765625, "left": 298.5, "height": 29.8, "width": 510, "children": []}, {"name": "user-guided-synthesis-of-interactive-diagrams", "top": 1206.4666748046875, "left": 298.5, "height": 21.6, "width": 510, "children": []}, {"name": "box38", "top": 1238.066650390625, "left": 298.5, "height": 44.8, "width": 510, "children": []}, {"name": "interactive-parser-synthesis-by-example", "top": 1302.86669921875, "left": 298.5, "height": 21.6, "width": 510, "children": []}, {"name": "box39", "top": 1334.4666748046875, "left": 298.5, "height": 22.4, "width": 510, "children": []}, {"name": "jsai-a-static-analysis-platform-for-javascript", "top": 1376.86669921875, "left": 298.5, "height": 21.6, "width": 510, "children": []}, {"name": "box40", "top": 1408.4666748046875, "left": 298.5, "height": 44.8, "width": 510, "children": []}, {"name": "box41", "top": 1469.2666015625, "left": 298.5, "height": 4, "width": 510, "children": []}, {"name": "workshop-publications", "top": 1493.2666015625, "left": 298.5, "height": 29.8, "width": 510, "children": []}, {"name": "chihuahua-a-concurrent-moving-garbage-collector-using-transactional-memory", "top": 1543.066650390625, "left": 298.5, "height": 43.2, "width": 510, "children": []}, {"name": "box42", "top": 1596.2666015625, "left": 298.5, "height": 22.4, "width": 510, "children": []}, {"name": "type-refinement-for-static-analysis-of-javascript", "top": 1638.6666259765625, "left": 298.5, "height": 21.6, "width": 510, "children": []}, {"name": "box43", "top": 1670.2666015625, "left": 298.5, "height": 44.8, "width": 510, "children": []}]}, {"name": "box35", "top": 838.86669921875, "left": 321.5, "height": 876.2, "width": 510, "children": [{"name": "publications", "top": 838.86669921875, "left": 321.5, "height": 33.6, "width": 510, "children": []}, {"name": "in-preparationpre-prints", "top": 892.4666748046875, "left": 321.5, "height": 29.8, "width": 510, "children": []}, {"name": "robust-and-hierarchical-synthesis-of-dynamic-visual-layouts", "top": 942.2666625976562, "left": 321.5, "height": 43.2, "width": 510, "children": []}, {"name": "box36", "top": 995.4666748046875, "left": 321.5, "height": 44.8, "width": 510, "children": []}, {"name": "targeted-synthesis-for-programming-with-data-invariants", "top": 1060.2666015625, "left": 321.5, "height": 21.6, "width": 510, "children": []}, {"name": "box37", "top": 1091.86669921875, "left": 321.5, "height": 44.8, "width": 510, "children": []}, {"name": "conference-publications", "top": 1156.6666259765625, "left": 321.5, "height": 29.8, "width": 510, "children": []}, {"name": "user-guided-synthesis-of-interactive-diagrams", "top": 1206.4666748046875, "left": 321.5, "height": 21.6, "width": 510, "children": []}, {"name": "box38", "top": 1238.066650390625, "left": 321.5, "height": 44.8, "width": 510, "children": []}, {"name": "interactive-parser-synthesis-by-example", "top": 1302.86669921875, "left": 321.5, "height": 21.6, "width": 510, "children": []}, {"name": "box39", "top": 1334.4666748046875, "left": 321.5, "height": 22.4, "width": 510, "children": []}, {"name": "jsai-a-static-analysis-platform-for-javascript", "top": 1376.86669921875, "left": 321.5, "height": 21.6, "width": 510, "children": []}, {"name": "box40", "top": 1408.4666748046875, "left": 321.5, "height": 44.8, "width": 510, "children": []}, {"name": "box41", "top": 1469.2666015625, "left": 321.5, "height": 4, "width": 510, "children": []}, {"name": "workshop-publications", "top": 1493.2666015625, "left": 321.5, "height": 29.8, "width": 510, "children": []}, {"name": "chihuahua-a-concurrent-moving-garbage-collector-using-transactional-memory", "top": 1543.066650390625, "left": 321.5, "height": 43.2, "width": 510, "children": []}, {"name": "box42", "top": 1596.2666015625, "left": 321.5, "height": 22.4, "width": 510, "children": []}, {"name": "type-refinement-for-static-analysis-of-javascript", "top": 1638.6666259765625, "left": 321.5, "height": 21.6, "width": 510, "children": []}, {"name": "box43", "top": 1670.2666015625, "left": 321.5, "height": 44.8, "width": 510, "children": []}]}, {"name": "box35", "top": 838.86669921875, "left": 316, "height": 876.2, "width": 510, "children": [{"name": "publications", "top": 838.86669921875, "left": 316, "height": 33.6, "width": 510, "children": []}, {"name": "in-preparationpre-prints", "top": 892.4666748046875, "left": 316, "height": 29.8, "width": 510, "children": []}, {"name": "robust-and-hierarchical-synthesis-of-dynamic-visual-layouts", "top": 942.2666625976562, "left": 316, "height": 43.2, "width": 510, "children": []}, {"name": "box36", "top": 995.4666748046875, "left": 316, "height": 44.8, "width": 510, "children": []}, {"name": "targeted-synthesis-for-programming-with-data-invariants", "top": 1060.2666015625, "left": 316, "height": 21.6, "width": 510, "children": []}, {"name": "box37", "top": 1091.86669921875, "left": 316, "height": 44.8, "width": 510, "children": []}, {"name": "conference-publications", "top": 1156.6666259765625, "left": 316, "height": 29.8, "width": 510, "children": []}, {"name": "user-guided-synthesis-of-interactive-diagrams", "top": 1206.4666748046875, "left": 316, "height": 21.6, "width": 510, "children": []}, {"name": "box38", "top": 1238.066650390625, "left": 316, "height": 44.8, "width": 510, "children": []}, {"name": "interactive-parser-synthesis-by-example", "top": 1302.86669921875, "left": 316, "height": 21.6, "width": 510, "children": []}, {"name": "box39", "top": 1334.4666748046875, "left": 316, "height": 22.4, "width": 510, "children": []}, {"name": "jsai-a-static-analysis-platform-for-javascript", "top": 1376.86669921875, "left": 316, "height": 21.6, "width": 510, "children": []}, {"name": "box40", "top": 1408.4666748046875, "left": 316, "height": 44.8, "width": 510, "children": []}, {"name": "box41", "top": 1469.2666015625, "left": 316, "height": 4, "width": 510, "children": []}, {"name": "workshop-publications", "top": 1493.2666015625, "left": 316, "height": 29.8, "width": 510, "children": []}, {"name": "chihuahua-a-concurrent-moving-garbage-collector-using-transactional-memory", "top": 1543.066650390625, "left": 316, "height": 43.2, "width": 510, "children": []}, {"name": "box42", "top": 1596.2666015625, "left": 316, "height": 22.4, "width": 510, "children": []}, {"name": "type-refinement-for-static-analysis-of-javascript", "top": 1638.6666259765625, "left": 316, "height": 21.6, "width": 510, "children": []}, {"name": "box43", "top": 1670.2666015625, "left": 316, "height": 44.8, "width": 510, "children": []}]}, {"name": "box35", "top": 838.86669921875, "left": 326, "height": 876.2, "width": 510, "children": [{"name": "publications", "top": 838.86669921875, "left": 326, "height": 33.6, "width": 510, "children": []}, {"name": "in-preparationpre-prints", "top": 892.4666748046875, "left": 326, "height": 29.8, "width": 510, "children": []}, {"name": "robust-and-hierarchical-synthesis-of-dynamic-visual-layouts", "top": 942.2666625976562, "left": 326, "height": 43.2, "width": 510, "children": []}, {"name": "box36", "top": 995.4666748046875, "left": 326, "height": 44.8, "width": 510, "children": []}, {"name": "targeted-synthesis-for-programming-with-data-invariants", "top": 1060.2666015625, "left": 326, "height": 21.6, "width": 510, "children": []}, {"name": "box37", "top": 1091.86669921875, "left": 326, "height": 44.8, "width": 510, "children": []}, {"name": "conference-publications", "top": 1156.6666259765625, "left": 326, "height": 29.8, "width": 510, "children": []}, {"name": "user-guided-synthesis-of-interactive-diagrams", "top": 1206.4666748046875, "left": 326, "height": 21.6, "width": 510, "children": []}, {"name": "box38", "top": 1238.066650390625, "left": 326, "height": 44.8, "width": 510, "children": []}, {"name": "interactive-parser-synthesis-by-example", "top": 1302.86669921875, "left": 326, "height": 21.6, "width": 510, "children": []}, {"name": "box39", "top": 1334.4666748046875, "left": 326, "height": 22.4, "width": 510, "children": []}, {"name": "jsai-a-static-analysis-platform-for-javascript", "top": 1376.86669921875, "left": 326, "height": 21.6, "width": 510, "children": []}, {"name": "box40", "top": 1408.4666748046875, "left": 326, "height": 44.8, "width": 510, "children": []}, {"name": "box41", "top": 1469.2666015625, "left": 326, "height": 4, "width": 510, "children": []}, {"name": "workshop-publications", "top": 1493.2666015625, "left": 326, "height": 29.8, "width": 510, "children": []}, {"name": "chihuahua-a-concurrent-moving-garbage-collector-using-transactional-memory", "top": 1543.066650390625, "left": 326, "height": 43.2, "width": 510, "children": []}, {"name": "box42", "top": 1596.2666015625, "left": 326, "height": 22.4, "width": 510, "children": []}, {"name": "type-refinement-for-static-analysis-of-javascript", "top": 1638.6666259765625, "left": 326, "height": 21.6, "width": 510, "children": []}, {"name": "box43", "top": 1670.2666015625, "left": 326, "height": 44.8, "width": 510, "children": []}]}, {"name": "box35", "top": 838.86669921875, "left": 325.5, "height": 876.2, "width": 510, "children": [{"name": "publications", "top": 838.86669921875, "left": 325.5, "height": 33.6, "width": 510, "children": []}, {"name": "in-preparationpre-prints", "top": 892.4666748046875, "left": 325.5, "height": 29.8, "width": 510, "children": []}, {"name": "robust-and-hierarchical-synthesis-of-dynamic-visual-layouts", "top": 942.2666625976562, "left": 325.5, "height": 43.2, "width": 510, "children": []}, {"name": "box36", "top": 995.4666748046875, "left": 325.5, "height": 44.8, "width": 510, "children": []}, {"name": "targeted-synthesis-for-programming-with-data-invariants", "top": 1060.2666015625, "left": 325.5, "height": 21.6, "width": 510, "children": []}, {"name": "box37", "top": 1091.86669921875, "left": 325.5, "height": 44.8, "width": 510, "children": []}, {"name": "conference-publications", "top": 1156.6666259765625, "left": 325.5, "height": 29.8, "width": 510, "children": []}, {"name": "user-guided-synthesis-of-interactive-diagrams", "top": 1206.4666748046875, "left": 325.5, "height": 21.6, "width": 510, "children": []}, {"name": "box38", "top": 1238.066650390625, "left": 325.5, "height": 44.8, "width": 510, "children": []}, {"name": "interactive-parser-synthesis-by-example", "top": 1302.86669921875, "left": 325.5, "height": 21.6, "width": 510, "children": []}, {"name": "box39", "top": 1334.4666748046875, "left": 325.5, "height": 22.4, "width": 510, "children": []}, {"name": "jsai-a-static-analysis-platform-for-javascript", "top": 1376.86669921875, "left": 325.5, "height": 21.6, "width": 510, "children": []}, {"name": "box40", "top": 1408.4666748046875, "left": 325.5, "height": 44.8, "width": 510, "children": []}, {"name": "box41", "top": 1469.2666015625, "left": 325.5, "height": 4, "width": 510, "children": []}, {"name": "workshop-publications", "top": 1493.2666015625, "left": 325.5, "height": 29.8, "width": 510, "children": []}, {"name": "chihuahua-a-concurrent-moving-garbage-collector-using-transactional-memory", "top": 1543.066650390625, "left": 325.5, "height": 43.2, "width": 510, "children": []}, {"name": "box42", "top": 1596.2666015625, "left": 325.5, "height": 22.4, "width": 510, "children": []}, {"name": "type-refinement-for-static-analysis-of-javascript", "top": 1638.6666259765625, "left": 325.5, "height": 21.6, "width": 510, "children": []}, {"name": "box43", "top": 1670.2666015625, "left": 325.5, "height": 44.8, "width": 510, "children": []}]}], "test": [{"name": "box35", "top": 838.86669921875, "left": 289, "height": 876.2, "width": 510, "children": [{"name": "publications", "top": 838.86669921875, "left": 289, "height": 33.6, "width": 510, "children": []}, {"name": "in-preparationpre-prints", "top": 892.4666748046875, "left": 289, "height": 29.8, "width": 510, "children": []}, {"name": "robust-and-hierarchical-synthesis-of-dynamic-visual-layouts", "top": 942.2666625976562, "left": 289, "height": 43.2, "width": 510, "children": []}, {"name": "box36", "top": 995.4666748046875, "left": 289, "height": 44.8, "width": 510, "children": []}, {"name": "targeted-synthesis-for-programming-with-data-invariants", "top": 1060.2666015625, "left": 289, "height": 21.6, "width": 510, "children": []}, {"name": "box37", "top": 1091.86669921875, "left": 289, "height": 44.8, "width": 510, "children": []}, {"name": "conference-publications", "top": 1156.6666259765625, "left": 289, "height": 29.8, "width": 510, "children": []}, {"name": "user-guided-synthesis-of-interactive-diagrams", "top": 1206.4666748046875, "left": 289, "height": 21.6, "width": 510, "children": []}, {"name": "box38", "top": 1238.066650390625, "left": 289, "height": 44.8, "width": 510, "children": []}, {"name": "interactive-parser-synthesis-by-example", "top": 1302.86669921875, "left": 289, "height": 21.6, "width": 510, "children": []}, {"name": "box39", "top": 1334.4666748046875, "left": 289, "height": 22.4, "width": 510, "children": []}, {"name": "jsai-a-static-analysis-platform-for-javascript", "top": 1376.86669921875, "left": 289, "height": 21.6, "width": 510, "children": []}, {"name": "box40", "top": 1408.4666748046875, "left": 289, "height": 44.8, "width": 510, "children": []}, {"name": "box41", "top": 1469.2666015625, "left": 289, "height": 4, "width": 510, "children": []}, {"name": "workshop-publications", "top": 1493.2666015625, "left": 289, "height": 29.8, "width": 510, "children": []}, {"name": "chihuahua-a-concurrent-moving-garbage-collector-using-transactional-memory", "top": 1543.066650390625, "left": 289, "height": 43.2, "width": 510, "children": []}, {"name": "box42", "top": 1596.2666015625, "left": 289, "height": 22.4, "width": 510, "children": []}, {"name": "type-refinement-for-static-analysis-of-javascript", "top": 1638.6666259765625, "left": 289, "height": 21.6, "width": 510, "children": []}, {"name": "box43", "top": 1670.2666015625, "left": 289, "height": 44.8, "width": 510, "children": []}]}, {"name": "box35", "top": 838.86669921875, "left": 282.5, "height": 876.2, "width": 510, "children": [{"name": "publications", "top": 838.86669921875, "left": 282.5, "height": 33.6, "width": 510, "children": []}, {"name": "in-preparationpre-prints", "top": 892.4666748046875, "left": 282.5, "height": 29.8, "width": 510, "children": []}, {"name": "robust-and-hierarchical-synthesis-of-dynamic-visual-layouts", "top": 942.2666625976562, "left": 282.5, "height": 43.2, "width": 510, "children": []}, {"name": "box36", "top": 995.4666748046875, "left": 282.5, "height": 44.8, "width": 510, "children": []}, {"name": "targeted-synthesis-for-programming-with-data-invariants", "top": 1060.2666015625, "left": 282.5, "height": 21.6, "width": 510, "children": []}, {"name": "box37", "top": 1091.86669921875, "left": 282.5, "height": 44.8, "width": 510, "children": []}, {"name": "conference-publications", "top": 1156.6666259765625, "left": 282.5, "height": 29.8, "width": 510, "children": []}, {"name": "user-guided-synthesis-of-interactive-diagrams", "top": 1206.4666748046875, "left": 282.5, "height": 21.6, "width": 510, "children": []}, {"name": "box38", "top": 1238.066650390625, "left": 282.5, "height": 44.8, "width": 510, "children": []}, {"name": "interactive-parser-synthesis-by-example", "top": 1302.86669921875, "left": 282.5, "height": 21.6, "width": 510, "children": []}, {"name": "box39", "top": 1334.4666748046875, "left": 282.5, "height": 22.4, "width": 510, "children": []}, {"name": "jsai-a-static-analysis-platform-for-javascript", "top": 1376.86669921875, "left": 282.5, "height": 21.6, "width": 510, "children": []}, {"name": "box40", "top": 1408.4666748046875, "left": 282.5, "height": 44.8, "width": 510, "children": []}, {"name": "box41", "top": 1469.2666015625, "left": 282.5, "height": 4, "width": 510, "children": []}, {"name": "workshop-publications", "top": 1493.2666015625, "left": 282.5, "height": 29.8, "width": 510, "children": []}, {"name": "chihuahua-a-concurrent-moving-garbage-collector-using-transactional-memory", "top": 1543.066650390625, "left": 282.5, "height": 43.2, "width": 510, "children": []}, {"name": "box42", "top": 1596.2666015625, "left": 282.5, "height": 22.4, "width": 510, "children": []}, {"name": "type-refinement-for-static-analysis-of-javascript", "top": 1638.6666259765625, "left": 282.5, "height": 21.6, "width": 510, "children": []}, {"name": "box43", "top": 1670.2666015625, "left": 282.5, "height": 44.8, "width": 510, "children": []}]}, {"name": "box35", "top": 838.86669921875, "left": 290.5, "height": 876.2, "width": 510, "children": [{"name": "publications", "top": 838.86669921875, "left": 290.5, "height": 33.6, "width": 510, "children": []}, {"name": "in-preparationpre-prints", "top": 892.4666748046875, "left": 290.5, "height": 29.8, "width": 510, "children": []}, {"name": "robust-and-hierarchical-synthesis-of-dynamic-visual-layouts", "top": 942.2666625976562, "left": 290.5, "height": 43.2, "width": 510, "children": []}, {"name": "box36", "top": 995.4666748046875, "left": 290.5, "height": 44.8, "width": 510, "children": []}, {"name": "targeted-synthesis-for-programming-with-data-invariants", "top": 1060.2666015625, "left": 290.5, "height": 21.6, "width": 510, "children": []}, {"name": "box37", "top": 1091.86669921875, "left": 290.5, "height": 44.8, "width": 510, "children": []}, {"name": "conference-publications", "top": 1156.6666259765625, "left": 290.5, "height": 29.8, "width": 510, "children": []}, {"name": "user-guided-synthesis-of-interactive-diagrams", "top": 1206.4666748046875, "left": 290.5, "height": 21.6, "width": 510, "children": []}, {"name": "box38", "top": 1238.066650390625, "left": 290.5, "height": 44.8, "width": 510, "children": []}, {"name": "interactive-parser-synthesis-by-example", "top": 1302.86669921875, "left": 290.5, "height": 21.6, "width": 510, "children": []}, {"name": "box39", "top": 1334.4666748046875, "left": 290.5, "height": 22.4, "width": 510, "children": []}, {"name": "jsai-a-static-analysis-platform-for-javascript", "top": 1376.86669921875, "left": 290.5, "height": 21.6, "width": 510, "children": []}, {"name": "box40", "top": 1408.4666748046875, "left": 290.5, "height": 44.8, "width": 510, "children": []}, {"name": "box41", "top": 1469.2666015625, "left": 290.5, "height": 4, "width": 510, "children": []}, {"name": "workshop-publications", "top": 1493.2666015625, "left": 290.5, "height": 29.8, "width": 510, "children": []}, {"name": "chihuahua-a-concurrent-moving-garbage-collector-using-transactional-memory", "top": 1543.066650390625, "left": 290.5, "height": 43.2, "width": 510, "children": []}, {"name": "box42", "top": 1596.2666015625, "left": 290.5, "height": 22.4, "width": 510, "children": []}, {"name": "type-refinement-for-static-analysis-of-javascript", "top": 1638.6666259765625, "left": 290.5, "height": 21.6, "width": 510, "children": []}, {"name": "box43", "top": 1670.2666015625, "left": 290.5, "height": 44.8, "width": 510, "children": []}]}, {"name": "box35", "top": 838.86669921875, "left": 312, "height": 876.2, "width": 510, "children": [{"name": "publications", "top": 838.86669921875, "left": 312, "height": 33.6, "width": 510, "children": []}, {"name": "in-preparationpre-prints", "top": 892.4666748046875, "left": 312, "height": 29.8, "width": 510, "children": []}, {"name": "robust-and-hierarchical-synthesis-of-dynamic-visual-layouts", "top": 942.2666625976562, "left": 312, "height": 43.2, "width": 510, "children": []}, {"name": "box36", "top": 995.4666748046875, "left": 312, "height": 44.8, "width": 510, "children": []}, {"name": "targeted-synthesis-for-programming-with-data-invariants", "top": 1060.2666015625, "left": 312, "height": 21.6, "width": 510, "children": []}, {"name": "box37", "top": 1091.86669921875, "left": 312, "height": 44.8, "width": 510, "children": []}, {"name": "conference-publications", "top": 1156.6666259765625, "left": 312, "height": 29.8, "width": 510, "children": []}, {"name": "user-guided-synthesis-of-interactive-diagrams", "top": 1206.4666748046875, "left": 312, "height": 21.6, "width": 510, "children": []}, {"name": "box38", "top": 1238.066650390625, "left": 312, "height": 44.8, "width": 510, "children": []}, {"name": "interactive-parser-synthesis-by-example", "top": 1302.86669921875, "left": 312, "height": 21.6, "width": 510, "children": []}, {"name": "box39", "top": 1334.4666748046875, "left": 312, "height": 22.4, "width": 510, "children": []}, {"name": "jsai-a-static-analysis-platform-for-javascript", "top": 1376.86669921875, "left": 312, "height": 21.6, "width": 510, "children": []}, {"name": "box40", "top": 1408.4666748046875, "left": 312, "height": 44.8, "width": 510, "children": []}, {"name": "box41", "top": 1469.2666015625, "left": 312, "height": 4, "width": 510, "children": []}, {"name": "workshop-publications", "top": 1493.2666015625, "left": 312, "height": 29.8, "width": 510, "children": []}, {"name": "chihuahua-a-concurrent-moving-garbage-collector-using-transactional-memory", "top": 1543.066650390625, "left": 312, "height": 43.2, "width": 510, "children": []}, {"name": "box42", "top": 1596.2666015625, "left": 312, "height": 22.4, "width": 510, "children": []}, {"name": "type-refinement-for-static-analysis-of-javascript", "top": 1638.6666259765625, "left": 312, "height": 21.6, "width": 510, "children": []}, {"name": "box43", "top": 1670.2666015625, "left": 312, "height": 44.8, "width": 510, "children": []}]}, {"name": "box35", "top": 838.86669921875, "left": 307.5, "height": 876.2, "width": 510, "children": [{"name": "publications", "top": 838.86669921875, "left": 307.5, "height": 33.6, "width": 510, "children": []}, {"name": "in-preparationpre-prints", "top": 892.4666748046875, "left": 307.5, "height": 29.8, "width": 510, "children": []}, {"name": "robust-and-hierarchical-synthesis-of-dynamic-visual-layouts", "top": 942.2666625976562, "left": 307.5, "height": 43.2, "width": 510, "children": []}, {"name": "box36", "top": 995.4666748046875, "left": 307.5, "height": 44.8, "width": 510, "children": []}, {"name": "targeted-synthesis-for-programming-with-data-invariants", "top": 1060.2666015625, "left": 307.5, "height": 21.6, "width": 510, "children": []}, {"name": "box37", "top": 1091.86669921875, "left": 307.5, "height": 44.8, "width": 510, "children": []}, {"name": "conference-publications", "top": 1156.6666259765625, "left": 307.5, "height": 29.8, "width": 510, "children": []}, {"name": "user-guided-synthesis-of-interactive-diagrams", "top": 1206.4666748046875, "left": 307.5, "height": 21.6, "width": 510, "children": []}, {"name": "box38", "top": 1238.066650390625, "left": 307.5, "height": 44.8, "width": 510, "children": []}, {"name": "interactive-parser-synthesis-by-example", "top": 1302.86669921875, "left": 307.5, "height": 21.6, "width": 510, "children": []}, {"name": "box39", "top": 1334.4666748046875, "left": 307.5, "height": 22.4, "width": 510, "children": []}, {"name": "jsai-a-static-analysis-platform-for-javascript", "top": 1376.86669921875, "left": 307.5, "height": 21.6, "width": 510, "children": []}, {"name": "box40", "top": 1408.4666748046875, "left": 307.5, "height": 44.8, "width": 510, "children": []}, {"name": "box41", "top": 1469.2666015625, "left": 307.5, "height": 4, "width": 510, "children": []}, {"name": "workshop-publications", "top": 1493.2666015625, "left": 307.5, "height": 29.8, "width": 510, "children": []}, {"name": "chihuahua-a-concurrent-moving-garbage-collector-using-transactional-memory", "top": 1543.066650390625, "left": 307.5, "height": 43.2, "width": 510, "children": []}, {"name": "box42", "top": 1596.2666015625, "left": 307.5, "height": 22.4, "width": 510, "children": []}, {"name": "type-refinement-for-static-analysis-of-javascript", "top": 1638.6666259765625, "left": 307.5, "height": 21.6, "width": 510, "children": []}, {"name": "box43", "top": 1670.2666015625, "left": 307.5, "height": 44.8, "width": 510, "children": []}]}, {"name": "box35", "top": 838.86669921875, "left": 300.5, "height": 876.2, "width": 510, "children": [{"name": "publications", "top": 838.86669921875, "left": 300.5, "height": 33.6, "width": 510, "children": []}, {"name": "in-preparationpre-prints", "top": 892.4666748046875, "left": 300.5, "height": 29.8, "width": 510, "children": []}, {"name": "robust-and-hierarchical-synthesis-of-dynamic-visual-layouts", "top": 942.2666625976562, "left": 300.5, "height": 43.2, "width": 510, "children": []}, {"name": "box36", "top": 995.4666748046875, "left": 300.5, "height": 44.8, "width": 510, "children": []}, {"name": "targeted-synthesis-for-programming-with-data-invariants", "top": 1060.2666015625, "left": 300.5, "height": 21.6, "width": 510, "children": []}, {"name": "box37", "top": 1091.86669921875, "left": 300.5, "height": 44.8, "width": 510, "children": []}, {"name": "conference-publications", "top": 1156.6666259765625, "left": 300.5, "height": 29.8, "width": 510, "children": []}, {"name": "user-guided-synthesis-of-interactive-diagrams", "top": 1206.4666748046875, "left": 300.5, "height": 21.6, "width": 510, "children": []}, {"name": "box38", "top": 1238.066650390625, "left": 300.5, "height": 44.8, "width": 510, "children": []}, {"name": "interactive-parser-synthesis-by-example", "top": 1302.86669921875, "left": 300.5, "height": 21.6, "width": 510, "children": []}, {"name": "box39", "top": 1334.4666748046875, "left": 300.5, "height": 22.4, "width": 510, "children": []}, {"name": "jsai-a-static-analysis-platform-for-javascript", "top": 1376.86669921875, "left": 300.5, "height": 21.6, "width": 510, "children": []}, {"name": "box40", "top": 1408.4666748046875, "left": 300.5, "height": 44.8, "width": 510, "children": []}, {"name": "box41", "top": 1469.2666015625, "left": 300.5, "height": 4, "width": 510, "children": []}, {"name": "workshop-publications", "top": 1493.2666015625, "left": 300.5, "height": 29.8, "width": 510, "children": []}, {"name": "chihuahua-a-concurrent-moving-garbage-collector-using-transactional-memory", "top": 1543.066650390625, "left": 300.5, "height": 43.2, "width": 510, "children": []}, {"name": "box42", "top": 1596.2666015625, "left": 300.5, "height": 22.4, "width": 510, "children": []}, {"name": "type-refinement-for-static-analysis-of-javascript", "top": 1638.6666259765625, "left": 300.5, "height": 21.6, "width": 510, "children": []}, {"name": "box43", "top": 1670.2666015625, "left": 300.5, "height": 44.8, "width": 510, "children": []}]}, {"name": "box35", "top": 838.86669921875, "left": 284, "height": 876.2, "width": 510, "children": [{"name": "publications", "top": 838.86669921875, "left": 284, "height": 33.6, "width": 510, "children": []}, {"name": "in-preparationpre-prints", "top": 892.4666748046875, "left": 284, "height": 29.8, "width": 510, "children": []}, {"name": "robust-and-hierarchical-synthesis-of-dynamic-visual-layouts", "top": 942.2666625976562, "left": 284, "height": 43.2, "width": 510, "children": []}, {"name": "box36", "top": 995.4666748046875, "left": 284, "height": 44.8, "width": 510, "children": []}, {"name": "targeted-synthesis-for-programming-with-data-invariants", "top": 1060.2666015625, "left": 284, "height": 21.6, "width": 510, "children": []}, {"name": "box37", "top": 1091.86669921875, "left": 284, "height": 44.8, "width": 510, "children": []}, {"name": "conference-publications", "top": 1156.6666259765625, "left": 284, "height": 29.8, "width": 510, "children": []}, {"name": "user-guided-synthesis-of-interactive-diagrams", "top": 1206.4666748046875, "left": 284, "height": 21.6, "width": 510, "children": []}, {"name": "box38", "top": 1238.066650390625, "left": 284, "height": 44.8, "width": 510, "children": []}, {"name": "interactive-parser-synthesis-by-example", "top": 1302.86669921875, "left": 284, "height": 21.6, "width": 510, "children": []}, {"name": "box39", "top": 1334.4666748046875, "left": 284, "height": 22.4, "width": 510, "children": []}, {"name": "jsai-a-static-analysis-platform-for-javascript", "top": 1376.86669921875, "left": 284, "height": 21.6, "width": 510, "children": []}, {"name": "box40", "top": 1408.4666748046875, "left": 284, "height": 44.8, "width": 510, "children": []}, {"name": "box41", "top": 1469.2666015625, "left": 284, "height": 4, "width": 510, "children": []}, {"name": "workshop-publications", "top": 1493.2666015625, "left": 284, "height": 29.8, "width": 510, "children": []}, {"name": "chihuahua-a-concurrent-moving-garbage-collector-using-transactional-memory", "top": 1543.066650390625, "left": 284, "height": 43.2, "width": 510, "children": []}, {"name": "box42", "top": 1596.2666015625, "left": 284, "height": 22.4, "width": 510, "children": []}, {"name": "type-refinement-for-static-analysis-of-javascript", "top": 1638.6666259765625, "left": 284, "height": 21.6, "width": 510, "children": []}, {"name": "box43", "top": 1670.2666015625, "left": 284, "height": 44.8, "width": 510, "children": []}]}, {"name": "box35", "top": 838.86669921875, "left": 288.5, "height": 876.2, "width": 510, "children": [{"name": "publications", "top": 838.86669921875, "left": 288.5, "height": 33.6, "width": 510, "children": []}, {"name": "in-preparationpre-prints", "top": 892.4666748046875, "left": 288.5, "height": 29.8, "width": 510, "children": []}, {"name": "robust-and-hierarchical-synthesis-of-dynamic-visual-layouts", "top": 942.2666625976562, "left": 288.5, "height": 43.2, "width": 510, "children": []}, {"name": "box36", "top": 995.4666748046875, "left": 288.5, "height": 44.8, "width": 510, "children": []}, {"name": "targeted-synthesis-for-programming-with-data-invariants", "top": 1060.2666015625, "left": 288.5, "height": 21.6, "width": 510, "children": []}, {"name": "box37", "top": 1091.86669921875, "left": 288.5, "height": 44.8, "width": 510, "children": []}, {"name": "conference-publications", "top": 1156.6666259765625, "left": 288.5, "height": 29.8, "width": 510, "children": []}, {"name": "user-guided-synthesis-of-interactive-diagrams", "top": 1206.4666748046875, "left": 288.5, "height": 21.6, "width": 510, "children": []}, {"name": "box38", "top": 1238.066650390625, "left": 288.5, "height": 44.8, "width": 510, "children": []}, {"name": "interactive-parser-synthesis-by-example", "top": 1302.86669921875, "left": 288.5, "height": 21.6, "width": 510, "children": []}, {"name": "box39", "top": 1334.4666748046875, "left": 288.5, "height": 22.4, "width": 510, "children": []}, {"name": "jsai-a-static-analysis-platform-for-javascript", "top": 1376.86669921875, "left": 288.5, "height": 21.6, "width": 510, "children": []}, {"name": "box40", "top": 1408.4666748046875, "left": 288.5, "height": 44.8, "width": 510, "children": []}, {"name": "box41", "top": 1469.2666015625, "left": 288.5, "height": 4, "width": 510, "children": []}, {"name": "workshop-publications", "top": 1493.2666015625, "left": 288.5, "height": 29.8, "width": 510, "children": []}, {"name": "chihuahua-a-concurrent-moving-garbage-collector-using-transactional-memory", "top": 1543.066650390625, "left": 288.5, "height": 43.2, "width": 510, "children": []}, {"name": "box42", "top": 1596.2666015625, "left": 288.5, "height": 22.4, "width": 510, "children": []}, {"name": "type-refinement-for-static-analysis-of-javascript", "top": 1638.6666259765625, "left": 288.5, "height": 21.6, "width": 510, "children": []}, {"name": "box43", "top": 1670.2666015625, "left": 288.5, "height": 44.8, "width": 510, "children": []}]}, {"name": "box35", "top": 838.86669921875, "left": 279.5, "height": 876.2, "width": 510, "children": [{"name": "publications", "top": 838.86669921875, "left": 279.5, "height": 33.6, "width": 510, "children": []}, {"name": "in-preparationpre-prints", "top": 892.4666748046875, "left": 279.5, "height": 29.8, "width": 510, "children": []}, {"name": "robust-and-hierarchical-synthesis-of-dynamic-visual-layouts", "top": 942.2666625976562, "left": 279.5, "height": 43.2, "width": 510, "children": []}, {"name": "box36", "top": 995.4666748046875, "left": 279.5, "height": 44.8, "width": 510, "children": []}, {"name": "targeted-synthesis-for-programming-with-data-invariants", "top": 1060.2666015625, "left": 279.5, "height": 21.6, "width": 510, "children": []}, {"name": "box37", "top": 1091.86669921875, "left": 279.5, "height": 44.8, "width": 510, "children": []}, {"name": "conference-publications", "top": 1156.6666259765625, "left": 279.5, "height": 29.8, "width": 510, "children": []}, {"name": "user-guided-synthesis-of-interactive-diagrams", "top": 1206.4666748046875, "left": 279.5, "height": 21.6, "width": 510, "children": []}, {"name": "box38", "top": 1238.066650390625, "left": 279.5, "height": 44.8, "width": 510, "children": []}, {"name": "interactive-parser-synthesis-by-example", "top": 1302.86669921875, "left": 279.5, "height": 21.6, "width": 510, "children": []}, {"name": "box39", "top": 1334.4666748046875, "left": 279.5, "height": 22.4, "width": 510, "children": []}, {"name": "jsai-a-static-analysis-platform-for-javascript", "top": 1376.86669921875, "left": 279.5, "height": 21.6, "width": 510, "children": []}, {"name": "box40", "top": 1408.4666748046875, "left": 279.5, "height": 44.8, "width": 510, "children": []}, {"name": "box41", "top": 1469.2666015625, "left": 279.5, "height": 4, "width": 510, "children": []}, {"name": "workshop-publications", "top": 1493.2666015625, "left": 279.5, "height": 29.8, "width": 510, "children": []}, {"name": "chihuahua-a-concurrent-moving-garbage-collector-using-transactional-memory", "top": 1543.066650390625, "left": 279.5, "height": 43.2, "width": 510, "children": []}, {"name": "box42", "top": 1596.2666015625, "left": 279.5, "height": 22.4, "width": 510, "children": []}, {"name": "type-refinement-for-static-analysis-of-javascript", "top": 1638.6666259765625, "left": 279.5, "height": 21.6, "width": 510, "children": []}, {"name": "box43", "top": 1670.2666015625, "left": 279.5, "height": 44.8, "width": 510, "children": []}]}, {"name": "box35", "top": 838.86669921875, "left": 307.5, "height": 876.2, "width": 510, "children": [{"name": "publications", "top": 838.86669921875, "left": 307.5, "height": 33.6, "width": 510, "children": []}, {"name": "in-preparationpre-prints", "top": 892.4666748046875, "left": 307.5, "height": 29.8, "width": 510, "children": []}, {"name": "robust-and-hierarchical-synthesis-of-dynamic-visual-layouts", "top": 942.2666625976562, "left": 307.5, "height": 43.2, "width": 510, "children": []}, {"name": "box36", "top": 995.4666748046875, "left": 307.5, "height": 44.8, "width": 510, "children": []}, {"name": "targeted-synthesis-for-programming-with-data-invariants", "top": 1060.2666015625, "left": 307.5, "height": 21.6, "width": 510, "children": []}, {"name": "box37", "top": 1091.86669921875, "left": 307.5, "height": 44.8, "width": 510, "children": []}, {"name": "conference-publications", "top": 1156.6666259765625, "left": 307.5, "height": 29.8, "width": 510, "children": []}, {"name": "user-guided-synthesis-of-interactive-diagrams", "top": 1206.4666748046875, "left": 307.5, "height": 21.6, "width": 510, "children": []}, {"name": "box38", "top": 1238.066650390625, "left": 307.5, "height": 44.8, "width": 510, "children": []}, {"name": "interactive-parser-synthesis-by-example", "top": 1302.86669921875, "left": 307.5, "height": 21.6, "width": 510, "children": []}, {"name": "box39", "top": 1334.4666748046875, "left": 307.5, "height": 22.4, "width": 510, "children": []}, {"name": "jsai-a-static-analysis-platform-for-javascript", "top": 1376.86669921875, "left": 307.5, "height": 21.6, "width": 510, "children": []}, {"name": "box40", "top": 1408.4666748046875, "left": 307.5, "height": 44.8, "width": 510, "children": []}, {"name": "box41", "top": 1469.2666015625, "left": 307.5, "height": 4, "width": 510, "children": []}, {"name": "workshop-publications", "top": 1493.2666015625, "left": 307.5, "height": 29.8, "width": 510, "children": []}, {"name": "chihuahua-a-concurrent-moving-garbage-collector-using-transactional-memory", "top": 1543.066650390625, "left": 307.5, "height": 43.2, "width": 510, "children": []}, {"name": "box42", "top": 1596.2666015625, "left": 307.5, "height": 22.4, "width": 510, "children": []}, {"name": "type-refinement-for-static-analysis-of-javascript", "top": 1638.6666259765625, "left": 307.5, "height": 21.6, "width": 510, "children": []}, {"name": "box43", "top": 1670.2666015625, "left": 307.5, "height": 44.8, "width": 510, "children": []}]}]}