{"name": "personal-navigation", "bench": {"height": {"low": 72.3667, "high": 72.3667}, "width": {"low": 767, "high": 860}, "trainSeed": 235775, "testSeed": 17250987, "testSize": 10, "trainSize": 10}, "train": [{"name": "box0", "top": 45, "left": 61, "height": 72.3667, "width": 856, "children": [{"name": "box1", "top": 61, "left": 129, "height": 40.3667, "width": 720, "children": [{"name": "box2", "top": 61, "left": 129, "height": 40.3667, "width": 126.183, "children": []}, {"name": "box3", "top": 62.116668701171875, "left": 794.86669921875, "height": 38.1333, "width": 54.1333, "children": [{"name": "box4", "top": 67.11666870117188, "left": 807.86669921875, "height": 28.1333, "width": 28.1333, "children": []}]}]}]}, {"name": "box0", "top": 45, "left": 61, "height": 72.3667, "width": 830, "children": [{"name": "box1", "top": 61, "left": 116, "height": 40.3667, "width": 720, "children": [{"name": "box2", "top": 61, "left": 116, "height": 40.3667, "width": 126.183, "children": []}, {"name": "box3", "top": 62.116668701171875, "left": 781.86669921875, "height": 38.1333, "width": 54.1333, "children": [{"name": "box4", "top": 67.11666870117188, "left": 794.86669921875, "height": 28.1333, "width": 28.1333, "children": []}]}]}]}, {"name": "box0", "top": 45, "left": 61, "height": 72.3667, "width": 817, "children": [{"name": "box1", "top": 61, "left": 109.5, "height": 40.3667, "width": 720, "children": [{"name": "box2", "top": 61, "left": 109.5, "height": 40.3667, "width": 126.183, "children": []}, {"name": "box3", "top": 62.116668701171875, "left": 775.36669921875, "height": 38.1333, "width": 54.1333, "children": [{"name": "box4", "top": 67.11666870117188, "left": 788.36669921875, "height": 28.1333, "width": 28.1333, "children": []}]}]}]}, {"name": "box0", "top": 45, "left": 61, "height": 72.3667, "width": 806, "children": [{"name": "box1", "top": 61, "left": 104, "height": 40.3667, "width": 720, "children": [{"name": "box2", "top": 61, "left": 104, "height": 40.3667, "width": 126.183, "children": []}, {"name": "box3", "top": 62.116668701171875, "left": 769.86669921875, "height": 38.1333, "width": 54.1333, "children": [{"name": "box4", "top": 67.11666870117188, "left": 782.86669921875, "height": 28.1333, "width": 28.1333, "children": []}]}]}]}, {"name": "box0", "top": 45, "left": 61, "height": 72.3667, "width": 830, "children": [{"name": "box1", "top": 61, "left": 116, "height": 40.3667, "width": 720, "children": [{"name": "box2", "top": 61, "left": 116, "height": 40.3667, "width": 126.183, "children": []}, {"name": "box3", "top": 62.116668701171875, "left": 781.86669921875, "height": 38.1333, "width": 54.1333, "children": [{"name": "box4", "top": 67.11666870117188, "left": 794.86669921875, "height": 28.1333, "width": 28.1333, "children": []}]}]}]}, {"name": "box0", "top": 45, "left": 61, "height": 72.3667, "width": 805, "children": [{"name": "box1", "top": 61, "left": 103.5, "height": 40.3667, "width": 720, "children": [{"name": "box2", "top": 61, "left": 103.5, "height": 40.3667, "width": 126.183, "children": []}, {"name": "box3", "top": 62.116668701171875, "left": 769.36669921875, "height": 38.1333, "width": 54.1333, "children": [{"name": "box4", "top": 67.11666870117188, "left": 782.36669921875, "height": 28.1333, "width": 28.1333, "children": []}]}]}]}, {"name": "box0", "top": 45, "left": 61, "height": 72.3667, "width": 851, "children": [{"name": "box1", "top": 61, "left": 126.5, "height": 40.3667, "width": 720, "children": [{"name": "box2", "top": 61, "left": 126.5, "height": 40.3667, "width": 126.183, "children": []}, {"name": "box3", "top": 62.116668701171875, "left": 792.36669921875, "height": 38.1333, "width": 54.1333, "children": [{"name": "box4", "top": 67.11666870117188, "left": 805.36669921875, "height": 28.1333, "width": 28.1333, "children": []}]}]}]}, {"name": "box0", "top": 45, "left": 61, "height": 72.3667, "width": 840, "children": [{"name": "box1", "top": 61, "left": 121, "height": 40.3667, "width": 720, "children": [{"name": "box2", "top": 61, "left": 121, "height": 40.3667, "width": 126.183, "children": []}, {"name": "box3", "top": 62.116668701171875, "left": 786.86669921875, "height": 38.1333, "width": 54.1333, "children": [{"name": "box4", "top": 67.11666870117188, "left": 799.86669921875, "height": 28.1333, "width": 28.1333, "children": []}]}]}]}, {"name": "box0", "top": 45, "left": 61, "height": 72.3667, "width": 860, "children": [{"name": "box1", "top": 61, "left": 131, "height": 40.3667, "width": 720, "children": [{"name": "box2", "top": 61, "left": 131, "height": 40.3667, "width": 126.183, "children": []}, {"name": "box3", "top": 62.116668701171875, "left": 796.86669921875, "height": 38.1333, "width": 54.1333, "children": [{"name": "box4", "top": 67.11666870117188, "left": 809.86669921875, "height": 28.1333, "width": 28.1333, "children": []}]}]}]}, {"name": "box0", "top": 45, "left": 61, "height": 72.3667, "width": 859, "children": [{"name": "box1", "top": 61, "left": 130.5, "height": 40.3667, "width": 720, "children": [{"name": "box2", "top": 61, "left": 130.5, "height": 40.3667, "width": 126.183, "children": []}, {"name": "box3", "top": 62.116668701171875, "left": 796.36669921875, "height": 38.1333, "width": 54.1333, "children": [{"name": "box4", "top": 67.11666870117188, "left": 809.36669921875, "height": 28.1333, "width": 28.1333, "children": []}]}]}]}], "test": [{"name": "box0", "top": 45, "left": 61, "height": 72.3667, "width": 786, "children": [{"name": "box1", "top": 61, "left": 94, "height": 40.3667, "width": 720, "children": [{"name": "box2", "top": 61, "left": 94, "height": 40.3667, "width": 126.183, "children": []}, {"name": "box3", "top": 62.116668701171875, "left": 759.86669921875, "height": 38.1333, "width": 54.1333, "children": [{"name": "box4", "top": 67.11666870117188, "left": 772.86669921875, "height": 28.1333, "width": 28.1333, "children": []}]}]}]}, {"name": "box0", "top": 45, "left": 61, "height": 72.3667, "width": 773, "children": [{"name": "box1", "top": 61, "left": 87.5, "height": 40.3667, "width": 720, "children": [{"name": "box2", "top": 61, "left": 87.5, "height": 40.3667, "width": 126.183, "children": []}, {"name": "box3", "top": 62.116668701171875, "left": 753.36669921875, "height": 38.1333, "width": 54.1333, "children": [{"name": "box4", "top": 67.11666870117188, "left": 766.36669921875, "height": 28.1333, "width": 28.1333, "children": []}]}]}]}, {"name": "box0", "top": 45, "left": 61, "height": 72.3667, "width": 789, "children": [{"name": "box1", "top": 61, "left": 95.5, "height": 40.3667, "width": 720, "children": [{"name": "box2", "top": 61, "left": 95.5, "height": 40.3667, "width": 126.183, "children": []}, {"name": "box3", "top": 62.116668701171875, "left": 761.36669921875, "height": 38.1333, "width": 54.1333, "children": [{"name": "box4", "top": 67.11666870117188, "left": 774.36669921875, "height": 28.1333, "width": 28.1333, "children": []}]}]}]}, {"name": "box0", "top": 45, "left": 61, "height": 72.3667, "width": 832, "children": [{"name": "box1", "top": 61, "left": 117, "height": 40.3667, "width": 720, "children": [{"name": "box2", "top": 61, "left": 117, "height": 40.3667, "width": 126.183, "children": []}, {"name": "box3", "top": 62.116668701171875, "left": 782.86669921875, "height": 38.1333, "width": 54.1333, "children": [{"name": "box4", "top": 67.11666870117188, "left": 795.86669921875, "height": 28.1333, "width": 28.1333, "children": []}]}]}]}, {"name": "box0", "top": 45, "left": 61, "height": 72.3667, "width": 823, "children": [{"name": "box1", "top": 61, "left": 112.5, "height": 40.3667, "width": 720, "children": [{"name": "box2", "top": 61, "left": 112.5, "height": 40.3667, "width": 126.183, "children": []}, {"name": "box3", "top": 62.116668701171875, "left": 778.36669921875, "height": 38.1333, "width": 54.1333, "children": [{"name": "box4", "top": 67.11666870117188, "left": 791.36669921875, "height": 28.1333, "width": 28.1333, "children": []}]}]}]}, {"name": "box0", "top": 45, "left": 61, "height": 72.3667, "width": 809, "children": [{"name": "box1", "top": 61, "left": 105.5, "height": 40.3667, "width": 720, "children": [{"name": "box2", "top": 61, "left": 105.5, "height": 40.3667, "width": 126.183, "children": []}, {"name": "box3", "top": 62.116668701171875, "left": 771.36669921875, "height": 38.1333, "width": 54.1333, "children": [{"name": "box4", "top": 67.11666870117188, "left": 784.36669921875, "height": 28.1333, "width": 28.1333, "children": []}]}]}]}, {"name": "box0", "top": 45, "left": 61, "height": 72.3667, "width": 776, "children": [{"name": "box1", "top": 61, "left": 89, "height": 40.3667, "width": 720, "children": [{"name": "box2", "top": 61, "left": 89, "height": 40.3667, "width": 126.183, "children": []}, {"name": "box3", "top": 62.116668701171875, "left": 754.86669921875, "height": 38.1333, "width": 54.1333, "children": [{"name": "box4", "top": 67.11666870117188, "left": 767.86669921875, "height": 28.1333, "width": 28.1333, "children": []}]}]}]}, {"name": "box0", "top": 45, "left": 61, "height": 72.3667, "width": 785, "children": [{"name": "box1", "top": 61, "left": 93.5, "height": 40.3667, "width": 720, "children": [{"name": "box2", "top": 61, "left": 93.5, "height": 40.3667, "width": 126.183, "children": []}, {"name": "box3", "top": 62.116668701171875, "left": 759.36669921875, "height": 38.1333, "width": 54.1333, "children": [{"name": "box4", "top": 67.11666870117188, "left": 772.36669921875, "height": 28.1333, "width": 28.1333, "children": []}]}]}]}, {"name": "box0", "top": 45, "left": 61, "height": 72.3667, "width": 767, "children": [{"name": "box1", "top": 61, "left": 84.5, "height": 40.3667, "width": 720, "children": [{"name": "box2", "top": 61, "left": 84.5, "height": 40.3667, "width": 126.183, "children": []}, {"name": "box3", "top": 62.116668701171875, "left": 750.36669921875, "height": 38.1333, "width": 54.1333, "children": [{"name": "box4", "top": 67.11666870117188, "left": 763.36669921875, "height": 28.1333, "width": 28.1333, "children": []}]}]}]}, {"name": "box0", "top": 45, "left": 61, "height": 72.3667, "width": 823, "children": [{"name": "box1", "top": 61, "left": 112.5, "height": 40.3667, "width": 720, "children": [{"name": "box2", "top": 61, "left": 112.5, "height": 40.3667, "width": 126.183, "children": []}, {"name": "box3", "top": 62.116668701171875, "left": 778.36669921875, "height": 38.1333, "width": 54.1333, "children": [{"name": "box4", "top": 67.11666870117188, "left": 791.36669921875, "height": 28.1333, "width": 28.1333, "children": []}]}]}]}]}