Group, Name, Avg RMS, Number of elements, Accuracy, Number of constraints, Prep time, Resize time, Synth time
personal, author-navigation,0.169,5,1.000,34,0.006,0.000,12.715
personal, author-navigation,0.169,5,1.000,34,0.006,0.001,11.054
personal, author-navigation,0.169,5,1.000,34,0.005,0.001,10.817
personal, author-sidebar,0.294,10,1.000,92,0.014,0.002,19.229
personal, author-sidebar,0.294,10,1.000,92,0.016,0.001,19.299
personal, author-sidebar,0.294,10,1.000,92,0.012,0.001,19.221
personal, author-bio,0.326,14,0.900,129,0.020,0.002,24.990
personal, author-bio,0.323,14,0.900,128,0.017,0.001,24.691
personal, author-bio,0.333,14,0.900,129,0.021,0.001,25.186
personal, author-pubs,-,-,-,-,-,-,-,-
personal, author-pubs,-,-,-,-,-,-,-,-
personal, author-pubs,-,-,-,-,-,-,-,-
icse, icse-logo,3.464,3,0.667,14,0.002,0.001,8.085
icse, icse-logo,3.464,3,0.667,14,0.002,0.000,7.938
icse, icse-logo,3.464,3,0.667,14,0.002,0.000,7.937
icse, icse-navigation,0.356,20,0.775,218,0.029,0.001,33.464
icse, icse-navigation,0.364,20,0.775,219,0.029,0.001,33.740
icse, icse-navigation,0.356,20,0.775,217,0.028,0.001,33.059
icse, icse-photos,0.132,20,1.000,227,0.032,0.003,31.239
icse, icse-photos,0.173,20,1.000,228,0.031,0.002,31.635
icse, icse-photos,0.132,20,1.000,227,0.028,0.001,31.698
icse, icse-tracks,0.228,25,0.940,362,0.049,0.002,91.020
icse, icse-tracks,0.228,25,0.940,363,0.044,0.002,89.829
icse, icse-tracks,0.228,25,0.940,333,0.051,0.002,98.195
icse, icse-dates,0.403,61,0.877,618,0.183,0.007,95.812
icse, icse-dates,0.421,61,0.885,633,0.168,0.006,92.096
icse, icse-dates,0.404,61,0.885,638,0.173,0.007,94.047
icse, icse-news,0.559,17,0.529,142,0.020,0.001,26.265
icse, icse-news,0.448,17,0.941,146,0.024,0.002,25.938
icse, icse-news,0.488,17,0.647,145,0.028,0.001,25.555
icse, icse-content,0.386,22,0.977,212,0.039,0.004,47.927
icse, icse-content,0.388,22,0.955,206,0.034,0.003,41.733
icse, icse-content,0.389,22,0.977,213,0.034,0.005,42.509
icse, icse-footer,-,-,-,-,-,-,-,-
icse, icse-footer,-,-,-,-,-,-,-,-
icse, icse-footer,-,-,-,-,-,-,-,-
hackernews, hn-header,0.646,17,0.900,175,0.024,0.001,39.484
hackernews, hn-header,0.646,17,0.900,175,0.027,0.001,74.337
hackernews, hn-header,0.661,17,0.841,175,0.025,0.001,55.291
hackernews, hn-posts,-,-,-,-,-,-,-,-
hackernews, hn-posts,-,-,-,-,-,-,-,-
hackernews, hn-posts,-,-,-,-,-,-,-,-
hackernews, hn-post,0.324,10,0.970,97,0.012,0.001,18.854
hackernews, hn-post,0.282,10,0.950,95,0.013,0.001,18.541
hackernews, hn-post,0.236,10,0.950,96,0.016,0.001,18.628
hackernews, hn-footer,0.175,11,1.000,128,0.020,0.001,20.971
hackernews, hn-footer,0.163,11,1.000,127,0.017,0.001,25.161
hackernews, hn-footer,0.175,11,1.000,128,0.017,0.001,20.685
hackernews, hn-search,0.244,2,1.000,7,0.001,0.000,6.858
hackernews, hn-search,0.244,2,1.000,7,0.002,0.001,6.775
hackernews, hn-search,0.244,2,1.000,7,0.001,0.001,6.827
ace, ace-sidebar,-,-,-,-,-,-,-,-
ace, ace-sidebar,-,-,-,-,-,-,-,-
ace, ace-sidebar,-,-,-,-,-,-,-,-
ace, ace-options,-,-,-,-,-,-,-,-
ace, ace-options,-,-,-,-,-,-,-,-
ace, ace-options,-,-,-,-,-,-,-,-
ace, ace-sidebar-logo,0.306,3,0.667,21,0.003,0.000,8.799
ace, ace-sidebar-logo,0.306,3,0.667,21,0.003,0.001,8.564
ace, ace-sidebar-logo,0.306,3,0.667,21,0.003,0.000,8.589
ace, ace-option-toggle,0.385,7,1.000,57,0.009,0.001,15.716
ace, ace-option-toggle,0.385,7,1.000,57,0.008,0.001,16.719
ace, ace-option-toggle,0.385,7,1.000,57,0.008,0.000,15.216
ace, ace-option-dropdown,-,-,-,-,-,-,-,-
ace, ace-option-dropdown,-,-,-,-,-,-,-,-
ace, ace-option-dropdown,-,-,-,-,-,-,-,-
ace, ace-sidebar-footer,0.250,11,1.000,118,0.017,0.001,21.818
ace, ace-sidebar-footer,0.250,11,1.000,118,0.015,0.001,21.104
ace, ace-sidebar-footer,0.250,11,1.000,118,0.015,0.000,20.829
ace, ace-editor,0.125,5,0.980,46,0.009,0.001,10.568
ace, ace-editor,0.125,5,0.980,46,0.007,0.001,10.541
ace, ace-editor,0.125,5,0.980,46,0.006,0.000,10.633
ace, ace-prompt,0.141,4,1.000,37,0.005,0.001,10.077
ace, ace-prompt,0.141,4,1.000,38,0.004,0.001,9.997
ace, ace-prompt,0.141,4,1.000,38,0.008,0.001,10.081
overview, overview-header,0.066,4,1.000,28,0.004,0.000,9.004
overview, overview-header,0.066,4,1.000,28,0.004,0.000,9.088
overview, overview-header,0.066,4,1.000,28,0.005,0.000,9.037
overview, overview-hero,0.109,10,1.000,92,0.013,0.001,16.487
overview, overview-hero,0.135,10,1.000,93,0.014,0.001,16.536
overview, overview-hero,0.109,10,1.000,92,0.012,0.001,16.626
overview, overview-authors,-,-,-,-,-,-,-,-
overview, overview-authors,-,-,-,-,-,-,-,-
overview, overview-authors,-,-,-,-,-,-,-,-
overview, overview-author,-,-,-,-,-,-,-,-
overview, overview-author,-,-,-,-,-,-,-,-
overview, overview-author,-,-,-,-,-,-,-,-
fwt-main, fwt-main-logo,0.000,1,1.000,0,0.000,0.000,7.953
fwt-main, fwt-main-logo,0.000,1,1.000,0,0.000,0.000,6.257
fwt-main, fwt-main-logo,0.000,1,1.000,0,0.000,0.000,6.100
fwt-main, fwt-main-picker,-,-,-,-,-,-,-,-
fwt-main, fwt-main-picker,-,-,-,-,-,-,-,-
fwt-main, fwt-main-picker,-,-,-,-,-,-,-,-
fwt-main, fwt-main-item,0.345,12,1.000,108,0.017,0.001,19.670
fwt-main, fwt-main-item,0.345,12,1.000,108,0.018,0.002,22.436
fwt-main, fwt-main-item,0.345,12,1.000,108,0.017,0.001,20.455
fwt-main, fwt-main-footer,0.425,19,1.000,164,0.024,0.002,32.014
fwt-main, fwt-main-footer,0.425,19,1.000,162,0.023,0.002,31.371
fwt-main, fwt-main-footer,0.425,19,1.000,165,0.026,0.003,30.236
ieee, ieee-navigation,0.388,23,1.000,175,0.030,0.002,36.586
ieee, ieee-navigation,0.328,23,1.000,190,0.037,0.003,43.148
ieee, ieee-navigation,0.364,23,1.000,181,0.029,0.002,37.619
ieee, ieee-search,0.150,1,1.000,0,0.000,0.000,6.306
ieee, ieee-search,0.150,1,1.000,0,0.000,0.000,5.959
ieee, ieee-search,0.150,1,1.000,0,0.000,0.000,6.008
ieee, ieee-authors,0.401,46,0.946,461,0.108,0.002,71.830
ieee, ieee-authors,0.421,46,0.739,466,0.105,0.002,70.018
ieee, ieee-authors,0.501,46,0.576,466,0.128,0.002,69.589
ieee, ieee-articles,0.384,27,1.000,264,0.042,0.001,40.378
ieee, ieee-articles,0.336,27,1.000,271,0.049,0.003,39.490
ieee, ieee-articles,0.360,27,1.000,269,0.044,0.002,38.943
ieee, ieee-news,0.285,36,0.958,366,0.070,0.001,49.109
ieee, ieee-news,0.285,36,0.958,366,0.071,0.001,49.502
ieee, ieee-news,0.285,36,0.958,366,0.075,0.001,49.438
ieee, ieee-conferences,0.426,62,0.871,632,0.208,0.006,91.718
ieee, ieee-conferences,0.442,62,0.847,630,0.191,0.006,91.818
ieee, ieee-conferences,0.435,62,0.839,624,0.185,0.008,92.289
ieee, ieee-footer,0.344,49,1.000,439,0.109,0.007,67.045
ieee, ieee-footer,0.344,49,1.000,434,0.132,0.011,67.729
ieee, ieee-footer,0.337,49,1.000,432,0.126,0.008,67.541
fwt-space, fwt-space-header,0.100,3,1.000,23,0.003,0.001,8.756
fwt-space, fwt-space-header,0.100,3,1.000,23,0.004,0.000,8.809
fwt-space, fwt-space-header,0.100,3,1.000,23,0.003,0.000,8.615
fwt-space, fwt-space-navigation,0.161,3,1.000,23,0.003,0.001,8.573
fwt-space, fwt-space-navigation,0.161,3,1.000,23,0.003,0.000,8.678
fwt-space, fwt-space-navigation,0.161,3,1.000,23,0.003,0.001,8.623
fwt-space, fwt-space-logo,0.139,11,1.000,155,0.020,0.002,24.517
fwt-space, fwt-space-logo,0.139,11,1.000,155,0.018,0.001,24.319
fwt-space, fwt-space-logo,0.139,11,1.000,155,0.017,0.001,24.420
fwt-space, fwt-space-featured,0.100,5,1.000,51,0.007,0.000,11.547
fwt-space, fwt-space-featured,0.100,5,1.000,51,0.007,0.000,11.338
fwt-space, fwt-space-featured,0.100,5,1.000,51,0.007,0.001,11.446
fwt-space, fwt-space-vids,0.248,5,1.000,51,0.007,0.001,11.378
fwt-space, fwt-space-vids,0.248,5,1.000,51,0.007,0.001,11.477
fwt-space, fwt-space-vids,0.248,5,1.000,51,0.006,0.000,11.288
fwt-space, fwt-space-blogs,0.246,13,1.000,171,0.022,0.001,24.652
fwt-space, fwt-space-blogs,0.246,13,1.000,171,0.027,0.001,24.400
fwt-space, fwt-space-blogs,0.246,13,1.000,171,0.021,0.001,24.535
fwt-space, fwt-space-social,0.000,8,1.000,80,0.012,0.001,14.658
fwt-space, fwt-space-social,0.000,8,1.000,80,0.011,0.001,14.519
fwt-space, fwt-space-social,0.000,8,1.000,80,0.010,0.001,14.584
fwt-space, fwt-space-footer,0.474,2,1.000,8,0.002,0.001,7.108
fwt-space, fwt-space-footer,0.474,2,1.000,8,0.001,0.001,7.194
fwt-space, fwt-space-footer,0.474,2,1.000,8,0.001,0.001,7.240
fwt-running, fwt-running-header,0.365,10,1.000,86,0.011,0.001,16.507
fwt-running, fwt-running-header,0.281,10,0.900,88,0.013,0.001,16.717
fwt-running, fwt-running-header,0.365,10,1.000,86,0.018,0.001,16.817
fwt-running, fwt-running-navigation,0.304,14,1.000,109,0.016,0.001,22.975
fwt-running, fwt-running-navigation,0.306,14,1.000,109,0.017,0.001,22.794
fwt-running, fwt-running-navigation,0.304,14,1.000,109,0.017,0.001,24.500
fwt-running, fwt-running-content,0.280,12,1.000,147,0.017,0.001,28.676
fwt-running, fwt-running-content,0.280,12,1.000,148,0.018,0.001,30.284
fwt-running, fwt-running-content,0.280,12,1.000,148,0.018,0.001,30.927
fwt-running, fwt-running-footer,0.000,9,1.000,91,0.013,0.001,15.980
fwt-running, fwt-running-footer,0.000,9,1.000,91,0.014,0.001,15.843
fwt-running, fwt-running-footer,0.000,9,1.000,91,0.014,0.001,15.783
synthetic, 2-boxes,0.000,3,1.000,15,0.002,0.000,8.239
synthetic, 2-boxes,0.000,3,1.000,15,0.002,0.000,8.082
synthetic, 2-boxes,0.000,3,1.000,15,0.002,0.001,8.088
synthetic, 3-boxes,0.000,4,1.000,25,0.003,0.000,9.462
synthetic, 3-boxes,0.000,4,1.000,25,0.004,0.000,9.335
synthetic, 3-boxes,0.000,4,1.000,25,0.003,0.001,9.319
synthetic, centered,0.000,2,1.000,5,0.001,0.001,7.002
synthetic, centered,0.000,2,1.000,5,0.001,0.001,6.928
synthetic, centered,0.000,2,1.000,5,0.001,0.001,6.985
synthetic, 2-2-boxes,0.000,7,1.000,61,0.008,0.001,12.336
synthetic, 2-2-boxes,0.000,7,1.000,55,0.013,0.001,12.358
synthetic, 2-2-boxes,0.000,7,1.000,55,0.009,0.001,13.552
synthetic, 3-2-boxes,0.000,8,1.000,65,0.010,0.001,13.720
synthetic, 3-2-boxes,0.000,8,1.000,65,0.010,0.001,13.595
synthetic, 3-2-boxes,0.000,8,1.000,74,0.010,0.001,13.428
duckduckgo, ddg-header,0.343,8,1.000,52,0.010,0.001,14.113
duckduckgo, ddg-header,0.341,8,1.000,51,0.010,0.001,14.128
duckduckgo, ddg-header,0.372,8,1.000,51,0.008,0.001,14.156
duckduckgo, ddg-logo,0.300,6,1.000,41,0.007,0.001,12.471
duckduckgo, ddg-logo,0.300,6,1.000,41,0.006,0.001,11.517
duckduckgo, ddg-logo,0.300,6,1.000,41,0.005,0.001,11.617
duckduckgo, ddg-searchbar,0.316,4,1.000,27,0.004,0.000,9.539
duckduckgo, ddg-searchbar,0.316,4,1.000,27,0.003,0.001,9.558
duckduckgo, ddg-searchbar,0.316,4,1.000,27,0.003,0.001,9.568
duckduckgo, ddg-privacy,0.340,15,1.000,145,0.022,0.001,27.231
duckduckgo, ddg-privacy,0.382,15,0.933,145,0.021,0.001,26.749
duckduckgo, ddg-privacy,0.381,15,0.933,146,0.021,0.002,26.753
duckduckgo, ddg-minipages,0.229,16,1.000,160,0.020,0.001,26.367
duckduckgo, ddg-minipages,0.229,16,1.000,160,0.021,0.001,25.314
duckduckgo, ddg-minipages,0.229,16,1.000,160,0.020,0.001,25.327
duckduckgo, ddg-large-blurb,0.270,5,1.000,40,0.005,0.000,10.152
duckduckgo, ddg-large-blurb,0.270,5,1.000,40,0.005,0.000,10.109
duckduckgo, ddg-large-blurb,0.270,5,1.000,40,0.005,0.000,10.170
duckduckgo, ddg-faq,0.217,1,1.000,0,0.000,0.000,5.994
duckduckgo, ddg-faq,0.217,1,1.000,0,0.000,0.000,6.014
duckduckgo, ddg-faq,0.217,1,1.000,0,0.000,0.000,5.990
