{"name":"ace-editor-compressed","height":960,"bench":{"lo":600,"hi":1100,"trainSeed":235775,"trainSize":10,"testSeed":17250987,"testSize":10},"train":[{"name":"","top":0,"left":280,"height":636,"width":747,"children":[{"name":"","top":16,"left":324,"height":1,"width":1,"children":[]},{"name":"","top":0,"left":280,"height":636,"width":41,"children":[{"name":"","top":0,"left":309,"height":16,"width":11,"children":[]},{"name":"","top":16,"left":309,"height":16,"width":11,"children":[]},{"name":"","top":32,"left":299,"height":16,"width":9,"children":[]},{"name":"","top":48,"left":299,"height":16,"width":9,"children":[]},{"name":"","top":64,"left":299,"height":16,"width":9,"children":[]}]},{"name":"","top":616,"left":320.20001220703125,"height":20,"width":706.8,"children":[]}]},{"name":"","top":0,"left":280,"height":636,"width":393,"children":[{"name":"","top":16,"left":324,"height":1,"width":1,"children":[]},{"name":"","top":0,"left":280,"height":636,"width":41,"children":[{"name":"","top":0,"left":309,"height":16,"width":11,"children":[]},{"name":"","top":16,"left":309,"height":16,"width":11,"children":[]},{"name":"","top":32,"left":299,"height":16,"width":9,"children":[]},{"name":"","top":48,"left":299,"height":16,"width":9,"children":[]},{"name":"","top":64,"left":299,"height":16,"width":9,"children":[]}]},{"name":"","top":616,"left":320.20001220703125,"height":20,"width":352.8,"children":[]}]},{"name":"","top":0,"left":280,"height":636,"width":523,"children":[{"name":"","top":16,"left":324,"height":1,"width":1,"children":[]},{"name":"","top":0,"left":280,"height":636,"width":41,"children":[{"name":"","top":0,"left":309,"height":16,"width":11,"children":[]},{"name":"","top":16,"left":309,"height":16,"width":11,"children":[]},{"name":"","top":32,"left":299,"height":16,"width":9,"children":[]},{"name":"","top":48,"left":299,"height":16,"width":9,"children":[]},{"name":"","top":64,"left":299,"height":16,"width":9,"children":[]}]},{"name":"","top":616,"left":320.20001220703125,"height":20,"width":482.8,"children":[]}]},{"name":"","top":0,"left":280,"height":636,"width":337,"children":[{"name":"","top":16,"left":324,"height":1,"width":1,"children":[]},{"name":"","top":0,"left":280,"height":636,"width":41,"children":[{"name":"","top":0,"left":309,"height":16,"width":11,"children":[]},{"name":"","top":16,"left":309,"height":16,"width":11,"children":[]},{"name":"","top":32,"left":299,"height":16,"width":9,"children":[]},{"name":"","top":48,"left":299,"height":16,"width":9,"children":[]},{"name":"","top":64,"left":299,"height":16,"width":9,"children":[]}]},{"name":"","top":616,"left":320.20001220703125,"height":20,"width":296.8,"children":[]}]},{"name":"","top":0,"left":280,"height":638,"width":431,"children":[{"name":"","top":16,"left":324,"height":1,"width":1,"children":[]},{"name":"","top":0,"left":280,"height":638,"width":41,"children":[{"name":"","top":0,"left":309,"height":16,"width":11,"children":[]},{"name":"","top":16,"left":309,"height":16,"width":11,"children":[]},{"name":"","top":32,"left":299,"height":16,"width":9,"children":[]},{"name":"","top":48,"left":299,"height":16,"width":9,"children":[]},{"name":"","top":64,"left":299,"height":16,"width":9,"children":[]}]},{"name":"","top":618,"left":320.20001220703125,"height":20,"width":390.8,"children":[]}]},{"name":"","top":0,"left":280,"height":636,"width":369,"children":[{"name":"","top":16,"left":324,"height":1,"width":1,"children":[]},{"name":"","top":0,"left":280,"height":636,"width":41,"children":[{"name":"","top":0,"left":309,"height":16,"width":11,"children":[]},{"name":"","top":16,"left":309,"height":16,"width":11,"children":[]},{"name":"","top":32,"left":299,"height":16,"width":9,"children":[]},{"name":"","top":48,"left":299,"height":16,"width":9,"children":[]},{"name":"","top":64,"left":299,"height":16,"width":9,"children":[]}]},{"name":"","top":616,"left":320.20001220703125,"height":20,"width":328.8,"children":[]}]},{"name":"","top":0,"left":280,"height":636,"width":330,"children":[{"name":"","top":16,"left":324,"height":1,"width":1,"children":[]},{"name":"","top":0,"left":280,"height":636,"width":41,"children":[{"name":"","top":0,"left":309,"height":16,"width":11,"children":[]},{"name":"","top":16,"left":309,"height":16,"width":11,"children":[]},{"name":"","top":32,"left":299,"height":16,"width":9,"children":[]},{"name":"","top":48,"left":299,"height":16,"width":9,"children":[]},{"name":"","top":64,"left":299,"height":16,"width":9,"children":[]}]},{"name":"","top":616,"left":320.20001220703125,"height":20,"width":296,"children":[]}]},{"name":"","top":0,"left":280,"height":636,"width":443,"children":[{"name":"","top":16,"left":324,"height":1,"width":1,"children":[]},{"name":"","top":0,"left":280,"height":636,"width":41,"children":[{"name":"","top":0,"left":309,"height":16,"width":11,"children":[]},{"name":"","top":16,"left":309,"height":16,"width":11,"children":[]},{"name":"","top":32,"left":299,"height":16,"width":9,"children":[]},{"name":"","top":48,"left":299,"height":16,"width":9,"children":[]},{"name":"","top":64,"left":299,"height":16,"width":9,"children":[]}]},{"name":"","top":616,"left":320.20001220703125,"height":20,"width":402.8,"children":[]}]},{"name":"","top":0,"left":280,"height":636,"width":819,"children":[{"name":"","top":16,"left":324,"height":1,"width":1,"children":[]},{"name":"","top":0,"left":280,"height":636,"width":41,"children":[{"name":"","top":0,"left":309,"height":16,"width":11,"children":[]},{"name":"","top":16,"left":309,"height":16,"width":11,"children":[]},{"name":"","top":32,"left":299,"height":16,"width":9,"children":[]},{"name":"","top":48,"left":299,"height":16,"width":9,"children":[]},{"name":"","top":64,"left":299,"height":16,"width":9,"children":[]}]},{"name":"","top":616,"left":320.20001220703125,"height":20,"width":778.8,"children":[]}]},{"name":"","top":0,"left":280,"height":636,"width":457,"children":[{"name":"","top":16,"left":324,"height":1,"width":1,"children":[]},{"name":"","top":0,"left":280,"height":636,"width":41,"children":[{"name":"","top":0,"left":309,"height":16,"width":11,"children":[]},{"name":"","top":16,"left":309,"height":16,"width":11,"children":[]},{"name":"","top":32,"left":299,"height":16,"width":9,"children":[]},{"name":"","top":48,"left":299,"height":16,"width":9,"children":[]},{"name":"","top":64,"left":299,"height":16,"width":9,"children":[]}]},{"name":"","top":616,"left":320.20001220703125,"height":20,"width":416.8,"children":[]}]}],"test":[{"name":"","top":0,"left":280,"height":636,"width":675,"children":[{"name":"","top":16,"left":324,"height":1,"width":1,"children":[]},{"name":"","top":0,"left":280,"height":636,"width":41,"children":[{"name":"","top":0,"left":309,"height":16,"width":11,"children":[]},{"name":"","top":16,"left":309,"height":16,"width":11,"children":[]},{"name":"","top":32,"left":299,"height":16,"width":9,"children":[]},{"name":"","top":48,"left":299,"height":16,"width":9,"children":[]},{"name":"","top":64,"left":299,"height":16,"width":9,"children":[]}]},{"name":"","top":616,"left":320.20001220703125,"height":20,"width":634.8,"children":[]}]},{"name":"","top":0,"left":280,"height":636,"width":493,"children":[{"name":"","top":16,"left":324,"height":1,"width":1,"children":[]},{"name":"","top":0,"left":280,"height":636,"width":41,"children":[{"name":"","top":0,"left":309,"height":16,"width":11,"children":[]},{"name":"","top":16,"left":309,"height":16,"width":11,"children":[]},{"name":"","top":32,"left":299,"height":16,"width":9,"children":[]},{"name":"","top":48,"left":299,"height":16,"width":9,"children":[]},{"name":"","top":64,"left":299,"height":16,"width":9,"children":[]}]},{"name":"","top":616,"left":320.20001220703125,"height":20,"width":452.8,"children":[]}]},{"name":"","top":0,"left":280,"height":636,"width":806,"children":[{"name":"","top":16,"left":324,"height":1,"width":1,"children":[]},{"name":"","top":0,"left":280,"height":636,"width":41,"children":[{"name":"","top":0,"left":309,"height":16,"width":11,"children":[]},{"name":"","top":16,"left":309,"height":16,"width":11,"children":[]},{"name":"","top":32,"left":299,"height":16,"width":9,"children":[]},{"name":"","top":48,"left":299,"height":16,"width":9,"children":[]},{"name":"","top":64,"left":299,"height":16,"width":9,"children":[]}]},{"name":"","top":616,"left":320.20001220703125,"height":20,"width":765.8,"children":[]}]},{"name":"","top":0,"left":280,"height":638,"width":785,"children":[{"name":"","top":16,"left":324,"height":1,"width":1,"children":[]},{"name":"","top":0,"left":280,"height":638,"width":41,"children":[{"name":"","top":0,"left":309,"height":16,"width":11,"children":[]},{"name":"","top":16,"left":309,"height":16,"width":11,"children":[]},{"name":"","top":32,"left":299,"height":16,"width":9,"children":[]},{"name":"","top":48,"left":299,"height":16,"width":9,"children":[]},{"name":"","top":64,"left":299,"height":16,"width":9,"children":[]}]},{"name":"","top":618,"left":320.20001220703125,"height":20,"width":744.8,"children":[]}]},{"name":"","top":0,"left":280,"height":638,"width":376,"children":[{"name":"","top":16,"left":324,"height":1,"width":1,"children":[]},{"name":"","top":0,"left":280,"height":638,"width":41,"children":[{"name":"","top":0,"left":309,"height":16,"width":11,"children":[]},{"name":"","top":16,"left":309,"height":16,"width":11,"children":[]},{"name":"","top":32,"left":299,"height":16,"width":9,"children":[]},{"name":"","top":48,"left":299,"height":16,"width":9,"children":[]},{"name":"","top":64,"left":299,"height":16,"width":9,"children":[]}]},{"name":"","top":618,"left":320.20001220703125,"height":20,"width":335.8,"children":[]}]},{"name":"","top":0,"left":280,"height":636,"width":336,"children":[{"name":"","top":16,"left":324,"height":1,"width":1,"children":[]},{"name":"","top":0,"left":280,"height":636,"width":41,"children":[{"name":"","top":0,"left":309,"height":16,"width":11,"children":[]},{"name":"","top":16,"left":309,"height":16,"width":11,"children":[]},{"name":"","top":32,"left":299,"height":16,"width":9,"children":[]},{"name":"","top":48,"left":299,"height":16,"width":9,"children":[]},{"name":"","top":64,"left":299,"height":16,"width":9,"children":[]}]},{"name":"","top":616,"left":320.20001220703125,"height":20,"width":296,"children":[]}]},{"name":"","top":0,"left":280,"height":636,"width":374,"children":[{"name":"","top":16,"left":324,"height":1,"width":1,"children":[]},{"name":"","top":0,"left":280,"height":636,"width":41,"children":[{"name":"","top":0,"left":309,"height":16,"width":11,"children":[]},{"name":"","top":16,"left":309,"height":16,"width":11,"children":[]},{"name":"","top":32,"left":299,"height":16,"width":9,"children":[]},{"name":"","top":48,"left":299,"height":16,"width":9,"children":[]},{"name":"","top":64,"left":299,"height":16,"width":9,"children":[]}]},{"name":"","top":616,"left":320.20001220703125,"height":20,"width":333.8,"children":[]}]},{"name":"","top":0,"left":280,"height":636,"width":734,"children":[{"name":"","top":16,"left":324,"height":1,"width":1,"children":[]},{"name":"","top":0,"left":280,"height":636,"width":41,"children":[{"name":"","top":0,"left":309,"height":16,"width":11,"children":[]},{"name":"","top":16,"left":309,"height":16,"width":11,"children":[]},{"name":"","top":32,"left":299,"height":16,"width":9,"children":[]},{"name":"","top":48,"left":299,"height":16,"width":9,"children":[]},{"name":"","top":64,"left":299,"height":16,"width":9,"children":[]}]},{"name":"","top":616,"left":320.20001220703125,"height":20,"width":693.8,"children":[]}]},{"name":"","top":0,"left":280,"height":636,"width":334,"children":[{"name":"","top":16,"left":324,"height":1,"width":1,"children":[]},{"name":"","top":0,"left":280,"height":636,"width":41,"children":[{"name":"","top":0,"left":309,"height":16,"width":11,"children":[]},{"name":"","top":16,"left":309,"height":16,"width":11,"children":[]},{"name":"","top":32,"left":299,"height":16,"width":9,"children":[]},{"name":"","top":48,"left":299,"height":16,"width":9,"children":[]},{"name":"","top":64,"left":299,"height":16,"width":9,"children":[]}]},{"name":"","top":616,"left":320.20001220703125,"height":20,"width":296,"children":[]}]},{"name":"","top":0,"left":280,"height":636,"width":495,"children":[{"name":"","top":16,"left":324,"height":1,"width":1,"children":[]},{"name":"","top":0,"left":280,"height":636,"width":41,"children":[{"name":"","top":0,"left":309,"height":16,"width":11,"children":[]},{"name":"","top":16,"left":309,"height":16,"width":11,"children":[]},{"name":"","top":32,"left":299,"height":16,"width":9,"children":[]},{"name":"","top":48,"left":299,"height":16,"width":9,"children":[]},{"name":"","top":64,"left":299,"height":16,"width":9,"children":[]}]},{"name":"","top":616,"left":320.20001220703125,"height":20,"width":454.8,"children":[]}]}]}