{"name":"ace-editor-compressed","height":960,"bench":{"lo":600,"hi":1100,"trainSeed":235775,"trainSize":10,"testSeed":17250987,"testSize":10},"train":[{"name":"editor-container","top":0,"left":280,"height":637,"width":747,"children":[{"name":"","top":0,"left":280,"height":637,"width":373.5,"children":[{"name":"","top":617,"left":320.20001220703125,"height":20,"width":373.5,"children":[]}]},{"name":"","top":0,"left":653.5,"height":637,"width":373.5,"children":[{"name":"","top":617,"left":693.7000122070312,"height":20,"width":373.5,"children":[]}]}]},{"name":"editor-container","top":0,"left":280,"height":637,"width":393,"children":[{"name":"","top":0,"left":280,"height":637,"width":196.5,"children":[{"name":"","top":617,"left":320.20001220703125,"height":20,"width":196.5,"children":[]}]},{"name":"","top":0,"left":476.5,"height":637,"width":196.5,"children":[{"name":"","top":617,"left":516.7000122070312,"height":20,"width":196.5,"children":[]}]}]},{"name":"editor-container","top":0,"left":280,"height":637,"width":523,"children":[{"name":"","top":0,"left":280,"height":637,"width":261.5,"children":[{"name":"","top":617,"left":320.20001220703125,"height":20,"width":261.5,"children":[]}]},{"name":"","top":0,"left":541.5,"height":637,"width":261.5,"children":[{"name":"","top":617,"left":581.7000122070312,"height":20,"width":261.5,"children":[]}]}]},{"name":"editor-container","top":0,"left":280,"height":637,"width":337,"children":[{"name":"","top":0,"left":280,"height":637,"width":168.5,"children":[{"name":"","top":617,"left":320.20001220703125,"height":20,"width":168.5,"children":[]}]},{"name":"","top":0,"left":448.5,"height":637,"width":168.5,"children":[{"name":"","top":617,"left":488.70001220703125,"height":20,"width":168.5,"children":[]}]}]},{"name":"editor-container","top":0,"left":280,"height":637,"width":431,"children":[{"name":"","top":0,"left":280,"height":637,"width":215.5,"children":[{"name":"","top":617,"left":320.20001220703125,"height":20,"width":215.5,"children":[]}]},{"name":"","top":0,"left":495.5,"height":637,"width":215.5,"children":[{"name":"","top":617,"left":535.7000122070312,"height":20,"width":215.5,"children":[]}]}]},{"name":"editor-container","top":0,"left":280,"height":637,"width":369,"children":[{"name":"","top":0,"left":280,"height":637,"width":184.5,"children":[{"name":"","top":617,"left":320.20001220703125,"height":20,"width":184.5,"children":[]}]},{"name":"","top":0,"left":464.5,"height":637,"width":184.5,"children":[{"name":"","top":617,"left":504.70001220703125,"height":20,"width":184.5,"children":[]}]}]},{"name":"editor-container","top":0,"left":280,"height":637,"width":330,"children":[{"name":"","top":0,"left":280,"height":637,"width":165,"children":[{"name":"","top":617,"left":320.20001220703125,"height":20,"width":165,"children":[]}]},{"name":"","top":0,"left":445,"height":637,"width":165,"children":[{"name":"","top":617,"left":485.20001220703125,"height":20,"width":165,"children":[]}]}]},{"name":"editor-container","top":0,"left":280,"height":637,"width":443,"children":[{"name":"","top":0,"left":280,"height":637,"width":221.5,"children":[{"name":"","top":617,"left":320.20001220703125,"height":20,"width":221.5,"children":[]}]},{"name":"","top":0,"left":501.5,"height":637,"width":221.5,"children":[{"name":"","top":617,"left":541.7000122070312,"height":20,"width":221.5,"children":[]}]}]},{"name":"editor-container","top":0,"left":280,"height":637,"width":819,"children":[{"name":"","top":0,"left":280,"height":637,"width":409.5,"children":[{"name":"","top":617,"left":320.20001220703125,"height":20,"width":369.8,"children":[]}]},{"name":"","top":0,"left":689.5,"height":637,"width":409.5,"children":[{"name":"","top":617,"left":729.7000122070312,"height":20,"width":409.5,"children":[]}]}]},{"name":"editor-container","top":0,"left":280,"height":637,"width":457,"children":[{"name":"","top":0,"left":280,"height":637,"width":228.5,"children":[{"name":"","top":617,"left":320.20001220703125,"height":20,"width":228.5,"children":[]}]},{"name":"","top":0,"left":508.5,"height":637,"width":228.5,"children":[{"name":"","top":617,"left":548.7000122070312,"height":20,"width":228.5,"children":[]}]}]}],"test":[{"name":"editor-container","top":0,"left":280,"height":637,"width":675,"children":[{"name":"","top":0,"left":280,"height":637,"width":337.5,"children":[{"name":"","top":617,"left":320.20001220703125,"height":20,"width":297.8,"children":[]}]},{"name":"","top":0,"left":617.5,"height":637,"width":337.5,"children":[{"name":"","top":617,"left":657.7000122070312,"height":20,"width":337.5,"children":[]}]}]},{"name":"editor-container","top":0,"left":280,"height":637,"width":493,"children":[{"name":"","top":0,"left":280,"height":637,"width":246.5,"children":[{"name":"","top":617,"left":320.20001220703125,"height":20,"width":246.5,"children":[]}]},{"name":"","top":0,"left":526.5,"height":637,"width":246.5,"children":[{"name":"","top":617,"left":566.7000122070312,"height":20,"width":246.5,"children":[]}]}]},{"name":"editor-container","top":0,"left":280,"height":637,"width":806,"children":[{"name":"","top":0,"left":280,"height":637,"width":403,"children":[{"name":"","top":617,"left":320.20001220703125,"height":20,"width":362.8,"children":[]}]},{"name":"","top":0,"left":683,"height":637,"width":403,"children":[{"name":"","top":617,"left":723.2000122070312,"height":20,"width":403,"children":[]}]}]},{"name":"editor-container","top":0,"left":280,"height":642,"width":785,"children":[{"name":"","top":0,"left":280,"height":642,"width":392.5,"children":[{"name":"","top":622,"left":320.20001220703125,"height":20,"width":352.8,"children":[]}]},{"name":"","top":0,"left":672.5,"height":642,"width":392.5,"children":[{"name":"","top":622,"left":712.7000122070312,"height":20,"width":392.5,"children":[]}]}]},{"name":"editor-container","top":0,"left":280,"height":642,"width":376,"children":[{"name":"","top":0,"left":280,"height":642,"width":188,"children":[{"name":"","top":622,"left":320.20001220703125,"height":20,"width":188,"children":[]}]},{"name":"","top":0,"left":468,"height":642,"width":188,"children":[{"name":"","top":622,"left":508.20001220703125,"height":20,"width":188,"children":[]}]}]},{"name":"editor-container","top":0,"left":280,"height":637,"width":336,"children":[{"name":"","top":0,"left":280,"height":637,"width":168,"children":[{"name":"","top":617,"left":320.20001220703125,"height":20,"width":168,"children":[]}]},{"name":"","top":0,"left":448,"height":637,"width":168,"children":[{"name":"","top":617,"left":488.20001220703125,"height":20,"width":168,"children":[]}]}]},{"name":"editor-container","top":0,"left":280,"height":637,"width":374,"children":[{"name":"","top":0,"left":280,"height":637,"width":187,"children":[{"name":"","top":617,"left":320.20001220703125,"height":20,"width":187,"children":[]}]},{"name":"","top":0,"left":467,"height":637,"width":187,"children":[{"name":"","top":617,"left":507.20001220703125,"height":20,"width":187,"children":[]}]}]},{"name":"editor-container","top":0,"left":280,"height":642,"width":734,"children":[{"name":"","top":0,"left":280,"height":642,"width":367,"children":[{"name":"","top":622,"left":320.20001220703125,"height":20,"width":326.8,"children":[]}]},{"name":"","top":0,"left":647,"height":642,"width":367,"children":[{"name":"","top":622,"left":687.2000122070312,"height":20,"width":367,"children":[]}]}]},{"name":"editor-container","top":0,"left":280,"height":642,"width":334,"children":[{"name":"","top":0,"left":280,"height":642,"width":167,"children":[{"name":"","top":622,"left":320.20001220703125,"height":20,"width":167,"children":[]}]},{"name":"","top":0,"left":447,"height":642,"width":167,"children":[{"name":"","top":622,"left":487.20001220703125,"height":20,"width":167,"children":[]}]}]},{"name":"editor-container","top":0,"left":280,"height":637,"width":495,"children":[{"name":"","top":0,"left":280,"height":637,"width":247.5,"children":[{"name":"","top":617,"left":320.20001220703125,"height":20,"width":247.5,"children":[]}]},{"name":"","top":0,"left":527.5,"height":637,"width":247.5,"children":[{"name":"","top":617,"left":567.7000122070312,"height":20,"width":247.5,"children":[]}]}]}]}