{"name":"ace-editor-compressed","height":960,"bench":{"lo":600,"hi":1100,"trainSeed":235775,"trainSize":10,"testSeed":17250987,"testSize":10},"train":[{"name":"ace-option-behavioursEnabled","top":402.79998779296875,"left":10,"height":21,"width":214.367,"children":[{"name":"box","top":403.79998779296875,"left":11,"height":19,"width":137.117,"children":[{"name":"box0","top":406.29998779296875,"left":47.44999694824219,"height":14,"width":101,"children":[]}]},{"name":"box1","top":403.79998779296875,"left":152.11666870117188,"height":19,"width":71.25,"children":[{"name":"-behavioursEnabled","top":406.79998779296875,"left":156.11666870117188,"height":13,"width":13,"children":[]}]}]},{"name":"ace-option-behavioursEnabled","top":402.79998779296875,"left":10,"height":21,"width":214.367,"children":[{"name":"box","top":403.79998779296875,"left":11,"height":19,"width":137.117,"children":[{"name":"box0","top":406.29998779296875,"left":47.44999694824219,"height":14,"width":101,"children":[]}]},{"name":"box1","top":403.79998779296875,"left":152.11666870117188,"height":19,"width":71.25,"children":[{"name":"-behavioursEnabled","top":406.79998779296875,"left":156.11666870117188,"height":13,"width":13,"children":[]}]}]},{"name":"ace-option-behavioursEnabled","top":402.79998779296875,"left":10,"height":21,"width":214.367,"children":[{"name":"box","top":403.79998779296875,"left":11,"height":19,"width":137.117,"children":[{"name":"box0","top":406.29998779296875,"left":47.44999694824219,"height":14,"width":101,"children":[]}]},{"name":"box1","top":403.79998779296875,"left":152.11666870117188,"height":19,"width":71.25,"children":[{"name":"-behavioursEnabled","top":406.79998779296875,"left":156.11666870117188,"height":13,"width":13,"children":[]}]}]},{"name":"ace-option-behavioursEnabled","top":402.79998779296875,"left":10,"height":21,"width":214.367,"children":[{"name":"box","top":403.79998779296875,"left":11,"height":19,"width":137.117,"children":[{"name":"box0","top":406.29998779296875,"left":47.44999694824219,"height":14,"width":101,"children":[]}]},{"name":"box1","top":403.79998779296875,"left":152.11666870117188,"height":19,"width":71.25,"children":[{"name":"-behavioursEnabled","top":406.79998779296875,"left":156.11666870117188,"height":13,"width":13,"children":[]}]}]},{"name":"ace-option-behavioursEnabled","top":402.79998779296875,"left":10,"height":21,"width":214.367,"children":[{"name":"box","top":403.79998779296875,"left":11,"height":19,"width":137.117,"children":[{"name":"box0","top":406.29998779296875,"left":47.44999694824219,"height":14,"width":101,"children":[]}]},{"name":"box1","top":403.79998779296875,"left":152.11666870117188,"height":19,"width":71.25,"children":[{"name":"-behavioursEnabled","top":406.79998779296875,"left":156.11666870117188,"height":13,"width":13,"children":[]}]}]},{"name":"ace-option-behavioursEnabled","top":402.79998779296875,"left":10,"height":21,"width":214.367,"children":[{"name":"box","top":403.79998779296875,"left":11,"height":19,"width":137.117,"children":[{"name":"box0","top":406.29998779296875,"left":47.44999694824219,"height":14,"width":101,"children":[]}]},{"name":"box1","top":403.79998779296875,"left":152.11666870117188,"height":19,"width":71.25,"children":[{"name":"-behavioursEnabled","top":406.79998779296875,"left":156.11666870117188,"height":13,"width":13,"children":[]}]}]},{"name":"ace-option-behavioursEnabled","top":402.79998779296875,"left":10,"height":21,"width":214.367,"children":[{"name":"box","top":403.79998779296875,"left":11,"height":19,"width":137.117,"children":[{"name":"box0","top":406.29998779296875,"left":47.44999694824219,"height":14,"width":101,"children":[]}]},{"name":"box1","top":403.79998779296875,"left":152.11666870117188,"height":19,"width":71.25,"children":[{"name":"-behavioursEnabled","top":406.79998779296875,"left":156.11666870117188,"height":13,"width":13,"children":[]}]}]},{"name":"ace-option-behavioursEnabled","top":402.79998779296875,"left":10,"height":21,"width":214.367,"children":[{"name":"box","top":403.79998779296875,"left":11,"height":19,"width":137.117,"children":[{"name":"box0","top":406.29998779296875,"left":47.44999694824219,"height":14,"width":101,"children":[]}]},{"name":"box1","top":403.79998779296875,"left":152.11666870117188,"height":19,"width":71.25,"children":[{"name":"-behavioursEnabled","top":406.79998779296875,"left":156.11666870117188,"height":13,"width":13,"children":[]}]}]},{"name":"ace-option-behavioursEnabled","top":402.79998779296875,"left":10,"height":21,"width":214.367,"children":[{"name":"box","top":403.79998779296875,"left":11,"height":19,"width":137.117,"children":[{"name":"box0","top":406.29998779296875,"left":47.44999694824219,"height":14,"width":101,"children":[]}]},{"name":"box1","top":403.79998779296875,"left":152.11666870117188,"height":19,"width":71.25,"children":[{"name":"-behavioursEnabled","top":406.79998779296875,"left":156.11666870117188,"height":13,"width":13,"children":[]}]}]},{"name":"ace-option-behavioursEnabled","top":402.79998779296875,"left":10,"height":21,"width":214.367,"children":[{"name":"box","top":403.79998779296875,"left":11,"height":19,"width":137.117,"children":[{"name":"box0","top":406.29998779296875,"left":47.44999694824219,"height":14,"width":101,"children":[]}]},{"name":"box1","top":403.79998779296875,"left":152.11666870117188,"height":19,"width":71.25,"children":[{"name":"-behavioursEnabled","top":406.79998779296875,"left":156.11666870117188,"height":13,"width":13,"children":[]}]}]}],"test":[{"name":"ace-option-behavioursEnabled","top":402.79998779296875,"left":10,"height":21,"width":214.367,"children":[{"name":"box","top":403.79998779296875,"left":11,"height":19,"width":137.117,"children":[{"name":"box0","top":406.29998779296875,"left":47.44999694824219,"height":14,"width":101,"children":[]}]},{"name":"box1","top":403.79998779296875,"left":152.11666870117188,"height":19,"width":71.25,"children":[{"name":"-behavioursEnabled","top":406.79998779296875,"left":156.11666870117188,"height":13,"width":13,"children":[]}]}]},{"name":"ace-option-behavioursEnabled","top":402.79998779296875,"left":10,"height":21,"width":214.367,"children":[{"name":"box","top":403.79998779296875,"left":11,"height":19,"width":137.117,"children":[{"name":"box0","top":406.29998779296875,"left":47.44999694824219,"height":14,"width":101,"children":[]}]},{"name":"box1","top":403.79998779296875,"left":152.11666870117188,"height":19,"width":71.25,"children":[{"name":"-behavioursEnabled","top":406.79998779296875,"left":156.11666870117188,"height":13,"width":13,"children":[]}]}]},{"name":"ace-option-behavioursEnabled","top":402.79998779296875,"left":10,"height":21,"width":214.367,"children":[{"name":"box","top":403.79998779296875,"left":11,"height":19,"width":137.117,"children":[{"name":"box0","top":406.29998779296875,"left":47.44999694824219,"height":14,"width":101,"children":[]}]},{"name":"box1","top":403.79998779296875,"left":152.11666870117188,"height":19,"width":71.25,"children":[{"name":"-behavioursEnabled","top":406.79998779296875,"left":156.11666870117188,"height":13,"width":13,"children":[]}]}]},{"name":"ace-option-behavioursEnabled","top":402.79998779296875,"left":10,"height":21,"width":214.367,"children":[{"name":"box","top":403.79998779296875,"left":11,"height":19,"width":137.117,"children":[{"name":"box0","top":406.29998779296875,"left":47.44999694824219,"height":14,"width":101,"children":[]}]},{"name":"box1","top":403.79998779296875,"left":152.11666870117188,"height":19,"width":71.25,"children":[{"name":"-behavioursEnabled","top":406.79998779296875,"left":156.11666870117188,"height":13,"width":13,"children":[]}]}]},{"name":"ace-option-behavioursEnabled","top":402.79998779296875,"left":10,"height":21,"width":214.367,"children":[{"name":"box","top":403.79998779296875,"left":11,"height":19,"width":137.117,"children":[{"name":"box0","top":406.29998779296875,"left":47.44999694824219,"height":14,"width":101,"children":[]}]},{"name":"box1","top":403.79998779296875,"left":152.11666870117188,"height":19,"width":71.25,"children":[{"name":"-behavioursEnabled","top":406.79998779296875,"left":156.11666870117188,"height":13,"width":13,"children":[]}]}]},{"name":"ace-option-behavioursEnabled","top":402.79998779296875,"left":10,"height":21,"width":214.367,"children":[{"name":"box","top":403.79998779296875,"left":11,"height":19,"width":137.117,"children":[{"name":"box0","top":406.29998779296875,"left":47.44999694824219,"height":14,"width":101,"children":[]}]},{"name":"box1","top":403.79998779296875,"left":152.11666870117188,"height":19,"width":71.25,"children":[{"name":"-behavioursEnabled","top":406.79998779296875,"left":156.11666870117188,"height":13,"width":13,"children":[]}]}]},{"name":"ace-option-behavioursEnabled","top":402.79998779296875,"left":10,"height":21,"width":214.367,"children":[{"name":"box","top":403.79998779296875,"left":11,"height":19,"width":137.117,"children":[{"name":"box0","top":406.29998779296875,"left":47.44999694824219,"height":14,"width":101,"children":[]}]},{"name":"box1","top":403.79998779296875,"left":152.11666870117188,"height":19,"width":71.25,"children":[{"name":"-behavioursEnabled","top":406.79998779296875,"left":156.11666870117188,"height":13,"width":13,"children":[]}]}]},{"name":"ace-option-behavioursEnabled","top":402.79998779296875,"left":10,"height":21,"width":214.367,"children":[{"name":"box","top":403.79998779296875,"left":11,"height":19,"width":137.117,"children":[{"name":"box0","top":406.29998779296875,"left":47.44999694824219,"height":14,"width":101,"children":[]}]},{"name":"box1","top":403.79998779296875,"left":152.11666870117188,"height":19,"width":71.25,"children":[{"name":"-behavioursEnabled","top":406.79998779296875,"left":156.11666870117188,"height":13,"width":13,"children":[]}]}]},{"name":"ace-option-behavioursEnabled","top":402.79998779296875,"left":10,"height":21,"width":214.367,"children":[{"name":"box","top":403.79998779296875,"left":11,"height":19,"width":137.117,"children":[{"name":"box0","top":406.29998779296875,"left":47.44999694824219,"height":14,"width":101,"children":[]}]},{"name":"box1","top":403.79998779296875,"left":152.11666870117188,"height":19,"width":71.25,"children":[{"name":"-behavioursEnabled","top":406.79998779296875,"left":156.11666870117188,"height":13,"width":13,"children":[]}]}]},{"name":"ace-option-behavioursEnabled","top":402.79998779296875,"left":10,"height":21,"width":214.367,"children":[{"name":"box","top":403.79998779296875,"left":11,"height":19,"width":137.117,"children":[{"name":"box0","top":406.29998779296875,"left":47.44999694824219,"height":14,"width":101,"children":[]}]},{"name":"box1","top":403.79998779296875,"left":152.11666870117188,"height":19,"width":71.25,"children":[{"name":"-behavioursEnabled","top":406.79998779296875,"left":156.11666870117188,"height":13,"width":13,"children":[]}]}]}]}