{"name":"yoga-img","height":600,"bench":{"lo":348,"hi":900,"trainSeed":235775,"trainSize":10,"testSeed":17250987,"testSize":10},"train":[{"name":"","top":20,"left":0,"height":918,"width":436,"children":[{"name":"body","top":65,"left":21.800003051757812,"height":827,"width":392.4,"children":[{"name":"post","top":65,"left":41.80000305175781,"height":274.1,"width":352.4,"children":[{"name":"img","top":65,"left":41.80000305175781,"height":254.1,"width":352.4,"children":[]}]}]}]},{"name":"","top":20,"left":0,"height":918,"width":458,"children":[{"name":"body","top":65,"left":22.899993896484375,"height":827,"width":412.2,"children":[{"name":"post","top":65,"left":42.899993896484375,"height":288.383,"width":372.2,"children":[{"name":"img","top":65,"left":42.899993896484375,"height":268.383,"width":372.2,"children":[]}]}]}]},{"name":"","top":20,"left":0,"height":918,"width":356,"children":[{"name":"body","top":65,"left":17.800003051757812,"height":827,"width":320.4,"children":[{"name":"post","top":65,"left":37.80000305175781,"height":222.183,"width":280.4,"children":[{"name":"img","top":65,"left":37.80000305175781,"height":202.183,"width":280.4,"children":[]}]}]}]},{"name":"","top":20,"left":0,"height":918,"width":438,"children":[{"name":"body","top":65,"left":21.899993896484375,"height":827,"width":394.2,"children":[{"name":"post","top":65,"left":41.899993896484375,"height":275.4,"width":354.2,"children":[{"name":"img","top":65,"left":41.899993896484375,"height":255.4,"width":354.2,"children":[]}]}]}]},{"name":"","top":20,"left":0,"height":918,"width":608,"children":[{"name":"body","top":65,"left":30.399993896484375,"height":827,"width":547.2,"children":[{"name":"post","top":65,"left":50.399993896484375,"height":385.717,"width":507.2,"children":[{"name":"img","top":65,"left":50.399993896484375,"height":365.717,"width":507.2,"children":[]}]}]}]},{"name":"","top":20,"left":0,"height":918,"width":710,"children":[{"name":"body","top":65,"left":35.5,"height":827,"width":639,"children":[{"name":"post","top":65,"left":55.5,"height":451.917,"width":599,"children":[{"name":"img","top":65,"left":55.5,"height":431.917,"width":599,"children":[]}]}]}]},{"name":"","top":20,"left":0,"height":918,"width":439,"children":[{"name":"body","top":65,"left":21.949996948242188,"height":827,"width":395.1,"children":[{"name":"post","top":65,"left":41.94999694824219,"height":276.05,"width":355.1,"children":[{"name":"img","top":65,"left":41.94999694824219,"height":256.05,"width":355.1,"children":[]}]}]}]},{"name":"","top":20,"left":0,"height":918,"width":744,"children":[{"name":"body","top":65,"left":37.19999694824219,"height":827,"width":669.6,"children":[{"name":"post","top":65,"left":57.19999694824219,"height":473.967,"width":629.6,"children":[{"name":"img","top":65,"left":57.19999694824219,"height":453.967,"width":629.6,"children":[]}]}]}]},{"name":"","top":20,"left":0,"height":918,"width":784,"children":[{"name":"body","top":65,"left":39.19999694824219,"height":827,"width":705.6,"children":[{"name":"post","top":65,"left":59.19999694824219,"height":499.933,"width":665.6,"children":[{"name":"img","top":65,"left":59.19999694824219,"height":479.933,"width":665.6,"children":[]}]}]}]},{"name":"","top":20,"left":0,"height":918,"width":738,"children":[{"name":"body","top":65,"left":36.899993896484375,"height":827,"width":664.2,"children":[{"name":"post","top":65,"left":56.899993896484375,"height":470.083,"width":624.2,"children":[{"name":"img","top":65,"left":56.899993896484375,"height":450.083,"width":624.2,"children":[]}]}]}]}],"test":[{"name":"","top":20,"left":0,"height":918,"width":488,"children":[{"name":"body","top":65,"left":24.399993896484375,"height":827,"width":439.2,"children":[{"name":"post","top":65,"left":44.399993896484375,"height":307.85,"width":399.2,"children":[{"name":"img","top":65,"left":44.399993896484375,"height":287.85,"width":399.2,"children":[]}]}]}]},{"name":"","top":20,"left":0,"height":918,"width":394,"children":[{"name":"body","top":65,"left":19.699996948242188,"height":827,"width":354.6,"children":[{"name":"post","top":65,"left":39.69999694824219,"height":246.85,"width":314.6,"children":[{"name":"img","top":65,"left":39.69999694824219,"height":226.85,"width":314.6,"children":[]}]}]}]},{"name":"","top":20,"left":0,"height":918,"width":495,"children":[{"name":"body","top":65,"left":24.75,"height":827,"width":445.5,"children":[{"name":"post","top":65,"left":44.75,"height":312.383,"width":405.5,"children":[{"name":"img","top":65,"left":44.75,"height":292.383,"width":405.5,"children":[]}]}]}]},{"name":"","top":20,"left":0,"height":918,"width":642,"children":[{"name":"body","top":65,"left":32.100006103515625,"height":827,"width":577.8,"children":[{"name":"post","top":65,"left":52.100006103515625,"height":407.783,"width":537.8,"children":[{"name":"img","top":65,"left":52.100006103515625,"height":387.783,"width":537.8,"children":[]}]}]}]},{"name":"","top":20,"left":0,"height":918,"width":513,"children":[{"name":"body","top":65,"left":25.649993896484375,"height":827,"width":461.7,"children":[{"name":"post","top":65,"left":45.649993896484375,"height":324.067,"width":421.7,"children":[{"name":"img","top":65,"left":45.649993896484375,"height":304.067,"width":421.7,"children":[]}]}]}]},{"name":"","top":20,"left":0,"height":918,"width":637,"children":[{"name":"body","top":65,"left":31.850006103515625,"height":827,"width":573.3,"children":[{"name":"post","top":65,"left":51.850006103515625,"height":404.533,"width":533.3,"children":[{"name":"img","top":65,"left":51.850006103515625,"height":384.533,"width":533.3,"children":[]}]}]}]},{"name":"","top":20,"left":0,"height":918,"width":855,"children":[{"name":"body","top":65,"left":42.75,"height":827,"width":769.5,"children":[{"name":"post","top":65,"left":62.75,"height":546,"width":729.5,"children":[{"name":"img","top":65,"left":62.75,"height":526,"width":729.5,"children":[]}]}]}]},{"name":"","top":20,"left":0,"height":918,"width":419,"children":[{"name":"body","top":65,"left":20.949996948242188,"height":827,"width":377.1,"children":[{"name":"post","top":65,"left":40.94999694824219,"height":263.067,"width":337.1,"children":[{"name":"img","top":65,"left":40.94999694824219,"height":243.067,"width":337.1,"children":[]}]}]}]},{"name":"","top":20,"left":0,"height":918,"width":387,"children":[{"name":"body","top":65,"left":19.350006103515625,"height":827,"width":348.3,"children":[{"name":"post","top":65,"left":39.350006103515625,"height":242.3,"width":308.3,"children":[{"name":"img","top":65,"left":39.350006103515625,"height":222.3,"width":308.3,"children":[]}]}]}]},{"name":"","top":20,"left":0,"height":918,"width":380,"children":[{"name":"body","top":65,"left":19,"height":827,"width":342,"children":[{"name":"post","top":65,"left":39,"height":237.75,"width":302,"children":[{"name":"img","top":65,"left":39,"height":217.75,"width":302,"children":[]}]}]}]}]}