{"name":"yoga-post","height":600,"bench":{"lo":348,"hi":900,"trainSeed":235775,"trainSize":10,"testSeed":17250987,"testSize":10},"train":[{"name":"","top":20,"left":0,"height":918,"width":451,"children":[{"name":"body","top":65,"left":22.550003051757812,"height":827,"width":405.9,"children":[{"name":"","top":65,"left":42.55000305175781,"height":502.883,"width":365.9,"children":[{"name":"","top":65,"left":42.55000305175781,"height":263.833,"width":365.9,"children":[]},{"name":"","top":387.8833312988281,"left":42.55000305175781,"height":30,"width":365.9,"children":[]}]}]}]},{"name":"","top":20,"left":0,"height":918,"width":473,"children":[{"name":"body","top":65,"left":23.649993896484375,"height":827,"width":425.7,"children":[{"name":"","top":65,"left":43.649993896484375,"height":517.167,"width":385.7,"children":[{"name":"","top":65,"left":43.649993896484375,"height":278.117,"width":385.7,"children":[]},{"name":"","top":402.16668701171875,"left":43.649993896484375,"height":30,"width":385.7,"children":[]}]}]}]},{"name":"","top":20,"left":0,"height":918,"width":371,"children":[{"name":"body","top":65,"left":18.550003051757812,"height":827,"width":333.9,"children":[{"name":"","top":65,"left":38.55000305175781,"height":480.967,"width":293.9,"children":[{"name":"","top":65,"left":38.55000305175781,"height":211.917,"width":293.9,"children":[]},{"name":"","top":335.9666748046875,"left":38.55000305175781,"height":30,"width":293.9,"children":[]}]}]}]},{"name":"","top":20,"left":0,"height":918,"width":453,"children":[{"name":"body","top":65,"left":22.649993896484375,"height":827,"width":407.7,"children":[{"name":"","top":65,"left":42.649993896484375,"height":504.183,"width":367.7,"children":[{"name":"","top":65,"left":42.649993896484375,"height":265.133,"width":367.7,"children":[]},{"name":"","top":389.183349609375,"left":42.649993896484375,"height":30,"width":367.7,"children":[]}]}]}]},{"name":"","top":20,"left":0,"height":918,"width":623,"children":[{"name":"body","top":65,"left":31.149993896484375,"height":827,"width":560.7,"children":[{"name":"","top":65,"left":51.149993896484375,"height":584.5,"width":520.7,"children":[{"name":"","top":65,"left":51.149993896484375,"height":375.45,"width":520.7,"children":[]},{"name":"","top":499.5,"left":51.149993896484375,"height":30,"width":520.7,"children":[]}]}]}]},{"name":"","top":20,"left":0,"height":918,"width":725,"children":[{"name":"body","top":65,"left":36.25,"height":827,"width":652.5,"children":[{"name":"","top":65,"left":56.25,"height":620.7,"width":612.5,"children":[{"name":"","top":65,"left":56.25,"height":441.65,"width":612.5,"children":[]},{"name":"","top":565.7000122070312,"left":56.25,"height":30,"width":612.5,"children":[]}]}]}]},{"name":"","top":20,"left":0,"height":918,"width":454,"children":[{"name":"body","top":65,"left":22.699996948242188,"height":827,"width":408.6,"children":[{"name":"","top":65,"left":42.69999694824219,"height":504.833,"width":368.6,"children":[{"name":"","top":65,"left":42.69999694824219,"height":265.783,"width":368.6,"children":[]},{"name":"","top":389.83331298828125,"left":42.69999694824219,"height":30,"width":368.6,"children":[]}]}]}]},{"name":"","top":20,"left":0,"height":918,"width":759,"children":[{"name":"body","top":65,"left":37.94999694824219,"height":827,"width":683.1,"children":[{"name":"","top":65,"left":57.94999694824219,"height":642.767,"width":643.1,"children":[{"name":"","top":65,"left":57.94999694824219,"height":463.717,"width":643.1,"children":[]},{"name":"","top":587.7666625976562,"left":57.94999694824219,"height":30,"width":643.1,"children":[]}]}]}]},{"name":"","top":20,"left":0,"height":918,"width":799,"children":[{"name":"body","top":65,"left":39.94999694824219,"height":827,"width":719.1,"children":[{"name":"","top":65,"left":59.94999694824219,"height":668.717,"width":679.1,"children":[{"name":"","top":65,"left":59.94999694824219,"height":489.667,"width":679.1,"children":[]},{"name":"","top":613.7166748046875,"left":59.94999694824219,"height":30,"width":679.1,"children":[]}]}]}]},{"name":"","top":20,"left":0,"height":918,"width":753,"children":[{"name":"body","top":65,"left":37.649993896484375,"height":827,"width":677.7,"children":[{"name":"","top":65,"left":57.649993896484375,"height":638.867,"width":637.7,"children":[{"name":"","top":65,"left":57.649993896484375,"height":459.817,"width":637.7,"children":[]},{"name":"","top":583.86669921875,"left":57.649993896484375,"height":30,"width":637.7,"children":[]}]}]}]}],"test":[{"name":"","top":20,"left":0,"height":918,"width":503,"children":[{"name":"body","top":65,"left":25.149993896484375,"height":827,"width":452.7,"children":[{"name":"","top":65,"left":45.149993896484375,"height":506.633,"width":412.7,"children":[{"name":"","top":65,"left":45.149993896484375,"height":297.583,"width":412.7,"children":[]},{"name":"","top":421.6333312988281,"left":45.149993896484375,"height":30,"width":412.7,"children":[]}]}]}]},{"name":"","top":20,"left":0,"height":918,"width":409,"children":[{"name":"body","top":65,"left":20.449996948242188,"height":827,"width":368.1,"children":[{"name":"","top":65,"left":40.44999694824219,"height":475.633,"width":328.1,"children":[{"name":"","top":65,"left":40.44999694824219,"height":236.583,"width":328.1,"children":[]},{"name":"","top":360.6333312988281,"left":40.44999694824219,"height":30,"width":328.1,"children":[]}]}]}]},{"name":"","top":20,"left":0,"height":918,"width":510,"children":[{"name":"body","top":65,"left":25.5,"height":827,"width":459,"children":[{"name":"","top":65,"left":45.5,"height":511.167,"width":419,"children":[{"name":"","top":65,"left":45.5,"height":302.117,"width":419,"children":[]},{"name":"","top":426.16668701171875,"left":45.5,"height":30,"width":419,"children":[]}]}]}]},{"name":"","top":20,"left":0,"height":918,"width":657,"children":[{"name":"body","top":65,"left":32.850006103515625,"height":827,"width":591.3,"children":[{"name":"","top":65,"left":52.850006103515625,"height":576.567,"width":551.3,"children":[{"name":"","top":65,"left":52.850006103515625,"height":397.517,"width":551.3,"children":[]},{"name":"","top":521.566650390625,"left":52.850006103515625,"height":30,"width":551.3,"children":[]}]}]}]},{"name":"","top":20,"left":0,"height":918,"width":528,"children":[{"name":"body","top":65,"left":26.399993896484375,"height":827,"width":475.2,"children":[{"name":"","top":65,"left":46.399993896484375,"height":522.85,"width":435.2,"children":[{"name":"","top":65,"left":46.399993896484375,"height":313.8,"width":435.2,"children":[]},{"name":"","top":437.8500061035156,"left":46.399993896484375,"height":30,"width":435.2,"children":[]}]}]}]},{"name":"","top":20,"left":0,"height":918,"width":652,"children":[{"name":"body","top":65,"left":32.600006103515625,"height":827,"width":586.8,"children":[{"name":"","top":65,"left":52.600006103515625,"height":573.317,"width":546.8,"children":[{"name":"","top":65,"left":52.600006103515625,"height":394.267,"width":546.8,"children":[]},{"name":"","top":518.316650390625,"left":52.600006103515625,"height":30,"width":546.8,"children":[]}]}]}]},{"name":"","top":20,"left":0,"height":918,"width":870,"children":[{"name":"body","top":65,"left":43.5,"height":827,"width":783,"children":[{"name":"","top":65,"left":63.5,"height":714.8,"width":743,"children":[{"name":"","top":65,"left":63.5,"height":535.75,"width":743,"children":[]},{"name":"","top":659.7999877929688,"left":63.5,"height":30,"width":743,"children":[]}]}]}]},{"name":"","top":20,"left":0,"height":918,"width":434,"children":[{"name":"body","top":65,"left":21.699996948242188,"height":827,"width":390.6,"children":[{"name":"","top":65,"left":41.69999694824219,"height":491.85,"width":350.6,"children":[{"name":"","top":65,"left":41.69999694824219,"height":252.8,"width":350.6,"children":[]},{"name":"","top":376.8500061035156,"left":41.69999694824219,"height":30,"width":350.6,"children":[]}]}]}]},{"name":"","top":20,"left":0,"height":918,"width":402,"children":[{"name":"body","top":65,"left":20.100006103515625,"height":827,"width":361.8,"children":[{"name":"","top":65,"left":40.100006103515625,"height":501.083,"width":321.8,"children":[{"name":"","top":65,"left":40.100006103515625,"height":232.033,"width":321.8,"children":[]},{"name":"","top":356.08331298828125,"left":40.100006103515625,"height":30,"width":321.8,"children":[]}]}]}]},{"name":"","top":20,"left":0,"height":918,"width":395,"children":[{"name":"body","top":65,"left":19.75,"height":827,"width":355.5,"children":[{"name":"","top":65,"left":39.75,"height":496.55,"width":315.5,"children":[{"name":"","top":65,"left":39.75,"height":227.5,"width":315.5,"children":[]},{"name":"","top":351.54998779296875,"left":39.75,"height":30,"width":315.5,"children":[]}]}]}]}]}