{"name":"yoga-empty","height":600,"bench":{"lo":348,"hi":900,"trainSeed":235775,"trainSize":10,"testSeed":17250987,"testSize":10},"train":[{"name":"","top":20,"left":0,"height":918,"width":451,"children":[{"name":"body","top":65,"left":22.550003051757812,"height":827,"width":405.9,"children":[]}]},{"name":"","top":20,"left":0,"height":918,"width":473,"children":[{"name":"body","top":65,"left":23.649993896484375,"height":827,"width":425.7,"children":[]}]},{"name":"","top":20,"left":0,"height":918,"width":371,"children":[{"name":"body","top":65,"left":18.550003051757812,"height":827,"width":333.9,"children":[]}]},{"name":"","top":20,"left":0,"height":918,"width":453,"children":[{"name":"body","top":65,"left":22.649993896484375,"height":827,"width":407.7,"children":[]}]},{"name":"","top":20,"left":0,"height":918,"width":623,"children":[{"name":"body","top":65,"left":31.149993896484375,"height":827,"width":560.7,"children":[]}]},{"name":"","top":20,"left":0,"height":918,"width":725,"children":[{"name":"body","top":65,"left":36.25,"height":827,"width":652.5,"children":[]}]},{"name":"","top":20,"left":0,"height":918,"width":454,"children":[{"name":"body","top":65,"left":22.699996948242188,"height":827,"width":408.6,"children":[]}]},{"name":"","top":20,"left":0,"height":918,"width":759,"children":[{"name":"body","top":65,"left":37.94999694824219,"height":827,"width":683.1,"children":[]}]},{"name":"","top":20,"left":0,"height":918,"width":799,"children":[{"name":"body","top":65,"left":39.94999694824219,"height":827,"width":719.1,"children":[]}]},{"name":"","top":20,"left":0,"height":918,"width":753,"children":[{"name":"body","top":65,"left":37.649993896484375,"height":827,"width":677.7,"children":[]}]}],"test":[{"name":"","top":20,"left":0,"height":918,"width":503,"children":[{"name":"body","top":65,"left":25.149993896484375,"height":827,"width":452.7,"children":[]}]},{"name":"","top":20,"left":0,"height":918,"width":409,"children":[{"name":"body","top":65,"left":20.449996948242188,"height":827,"width":368.1,"children":[]}]},{"name":"","top":20,"left":0,"height":918,"width":510,"children":[{"name":"body","top":65,"left":25.5,"height":827,"width":459,"children":[]}]},{"name":"","top":20,"left":0,"height":918,"width":657,"children":[{"name":"body","top":65,"left":32.850006103515625,"height":827,"width":591.3,"children":[]}]},{"name":"","top":20,"left":0,"height":918,"width":528,"children":[{"name":"body","top":65,"left":26.399993896484375,"height":827,"width":475.2,"children":[]}]},{"name":"","top":20,"left":0,"height":918,"width":652,"children":[{"name":"body","top":65,"left":32.600006103515625,"height":827,"width":586.8,"children":[]}]},{"name":"","top":20,"left":0,"height":918,"width":870,"children":[{"name":"body","top":65,"left":43.5,"height":827,"width":783,"children":[]}]},{"name":"","top":20,"left":0,"height":918,"width":434,"children":[{"name":"body","top":65,"left":21.699996948242188,"height":827,"width":390.6,"children":[]}]},{"name":"","top":20,"left":0,"height":918,"width":402,"children":[{"name":"body","top":65,"left":20.100006103515625,"height":827,"width":361.8,"children":[]}]},{"name":"","top":20,"left":0,"height":918,"width":395,"children":[{"name":"body","top":65,"left":19.75,"height":827,"width":355.5,"children":[]}]}]}