{"name":"3-boxes","bench":{"height":{"low":400,"high":1200},"width":{"low":500,"high":1500},"trainSeed":235775,"trainSize":10,"testSeed":17250987,"testSize":10},"train":[{"name":"main","top":50,"left":8,"height":500,"width":1057,"children":[{"name":"row1","top":50,"left":8,"height":200,"width":1057,"children":[{"name":"l1","top":50,"left":8,"height":50,"width":50,"children":[]},{"name":"m1","top":50,"left":108,"height":50,"width":100,"children":[]},{"name":"r1","top":50,"left":308,"height":50,"width":657,"children":[]}]},{"name":"row2","top":300,"left":8,"height":200,"width":1057,"children":[{"name":"l2","top":300,"left":8,"height":50,"width":50,"children":[]},{"name":"r2","top":300,"left":108,"height":50,"width":657,"children":[]}]}]},{"name":"main","top":50,"left":8,"height":500,"width":501,"children":[{"name":"row1","top":50,"left":8,"height":200,"width":501,"children":[{"name":"l1","top":50,"left":8,"height":50,"width":50,"children":[]},{"name":"m1","top":50,"left":108,"height":50,"width":100,"children":[]},{"name":"r1","top":50,"left":308,"height":50,"width":101,"children":[]}]},{"name":"row2","top":300,"left":8,"height":200,"width":501,"children":[{"name":"l2","top":300,"left":8,"height":50,"width":50,"children":[]},{"name":"r2","top":300,"left":108,"height":50,"width":101,"children":[]}]}]},{"name":"main","top":50,"left":8,"height":500,"width":533,"children":[{"name":"row1","top":50,"left":8,"height":200,"width":533,"children":[{"name":"l1","top":50,"left":8,"height":50,"width":50,"children":[]},{"name":"m1","top":50,"left":108,"height":50,"width":100,"children":[]},{"name":"r1","top":50,"left":308,"height":50,"width":133,"children":[]}]},{"name":"row2","top":300,"left":8,"height":200,"width":533,"children":[{"name":"l2","top":300,"left":8,"height":50,"width":50,"children":[]},{"name":"r2","top":300,"left":108,"height":50,"width":133,"children":[]}]}]},{"name":"main","top":50,"left":8,"height":500,"width":607,"children":[{"name":"row1","top":50,"left":8,"height":200,"width":607,"children":[{"name":"l1","top":50,"left":8,"height":50,"width":50,"children":[]},{"name":"m1","top":50,"left":108,"height":50,"width":100,"children":[]},{"name":"r1","top":50,"left":308,"height":50,"width":207,"children":[]}]},{"name":"row2","top":300,"left":8,"height":200,"width":607,"children":[{"name":"l2","top":300,"left":8,"height":50,"width":50,"children":[]},{"name":"r2","top":300,"left":108,"height":50,"width":207,"children":[]}]}]},{"name":"main","top":50,"left":8,"height":500,"width":1121,"children":[{"name":"row1","top":50,"left":8,"height":200,"width":1121,"children":[{"name":"l1","top":50,"left":8,"height":50,"width":50,"children":[]},{"name":"m1","top":50,"left":108,"height":50,"width":100,"children":[]},{"name":"r1","top":50,"left":308,"height":50,"width":721,"children":[]}]},{"name":"row2","top":300,"left":8,"height":200,"width":1121,"children":[{"name":"l2","top":300,"left":8,"height":50,"width":50,"children":[]},{"name":"r2","top":300,"left":108,"height":50,"width":721,"children":[]}]}]},{"name":"main","top":50,"left":8,"height":500,"width":636,"children":[{"name":"row1","top":50,"left":8,"height":200,"width":636,"children":[{"name":"l1","top":50,"left":8,"height":50,"width":50,"children":[]},{"name":"m1","top":50,"left":108,"height":50,"width":100,"children":[]},{"name":"r1","top":50,"left":308,"height":50,"width":236,"children":[]}]},{"name":"row2","top":300,"left":8,"height":200,"width":636,"children":[{"name":"l2","top":300,"left":8,"height":50,"width":50,"children":[]},{"name":"r2","top":300,"left":108,"height":50,"width":236,"children":[]}]}]},{"name":"main","top":50,"left":8,"height":500,"width":1007,"children":[{"name":"row1","top":50,"left":8,"height":200,"width":1007,"children":[{"name":"l1","top":50,"left":8,"height":50,"width":50,"children":[]},{"name":"m1","top":50,"left":108,"height":50,"width":100,"children":[]},{"name":"r1","top":50,"left":308,"height":50,"width":607,"children":[]}]},{"name":"row2","top":300,"left":8,"height":200,"width":1007,"children":[{"name":"l2","top":300,"left":8,"height":50,"width":50,"children":[]},{"name":"r2","top":300,"left":108,"height":50,"width":607,"children":[]}]}]},{"name":"main","top":50,"left":8,"height":500,"width":996,"children":[{"name":"row1","top":50,"left":8,"height":200,"width":996,"children":[{"name":"l1","top":50,"left":8,"height":50,"width":50,"children":[]},{"name":"m1","top":50,"left":108,"height":50,"width":100,"children":[]},{"name":"r1","top":50,"left":308,"height":50,"width":596,"children":[]}]},{"name":"row2","top":300,"left":8,"height":200,"width":996,"children":[{"name":"l2","top":300,"left":8,"height":50,"width":50,"children":[]},{"name":"r2","top":300,"left":108,"height":50,"width":596,"children":[]}]}]},{"name":"main","top":50,"left":8,"height":500,"width":561,"children":[{"name":"row1","top":50,"left":8,"height":200,"width":561,"children":[{"name":"l1","top":50,"left":8,"height":50,"width":50,"children":[]},{"name":"m1","top":50,"left":108,"height":50,"width":100,"children":[]},{"name":"r1","top":50,"left":308,"height":50,"width":161,"children":[]}]},{"name":"row2","top":300,"left":8,"height":200,"width":561,"children":[{"name":"l2","top":300,"left":8,"height":50,"width":50,"children":[]},{"name":"r2","top":300,"left":108,"height":50,"width":161,"children":[]}]}]},{"name":"main","top":50,"left":8,"height":500,"width":580,"children":[{"name":"row1","top":50,"left":8,"height":200,"width":580,"children":[{"name":"l1","top":50,"left":8,"height":50,"width":50,"children":[]},{"name":"m1","top":50,"left":108,"height":50,"width":100,"children":[]},{"name":"r1","top":50,"left":308,"height":50,"width":180,"children":[]}]},{"name":"row2","top":300,"left":8,"height":200,"width":580,"children":[{"name":"l2","top":300,"left":8,"height":50,"width":50,"children":[]},{"name":"r2","top":300,"left":108,"height":50,"width":180,"children":[]}]}]}],"test":[{"name":"main","top":50,"left":8,"height":500,"width":657,"children":[{"name":"row1","top":50,"left":8,"height":200,"width":657,"children":[{"name":"l1","top":50,"left":8,"height":50,"width":50,"children":[]},{"name":"m1","top":50,"left":108,"height":50,"width":100,"children":[]},{"name":"r1","top":50,"left":308,"height":50,"width":257,"children":[]}]},{"name":"row2","top":300,"left":8,"height":200,"width":657,"children":[{"name":"l2","top":300,"left":8,"height":50,"width":50,"children":[]},{"name":"r2","top":300,"left":108,"height":50,"width":257,"children":[]}]}]},{"name":"main","top":50,"left":8,"height":500,"width":1449,"children":[{"name":"row1","top":50,"left":8,"height":200,"width":1449,"children":[{"name":"l1","top":50,"left":8,"height":50,"width":50,"children":[]},{"name":"m1","top":50,"left":108,"height":50,"width":100,"children":[]},{"name":"r1","top":50,"left":308,"height":50,"width":1049,"children":[]}]},{"name":"row2","top":300,"left":8,"height":200,"width":1449,"children":[{"name":"l2","top":300,"left":8,"height":50,"width":50,"children":[]},{"name":"r2","top":300,"left":108,"height":50,"width":1049,"children":[]}]}]},{"name":"main","top":50,"left":8,"height":500,"width":500,"children":[{"name":"row1","top":50,"left":8,"height":200,"width":500,"children":[{"name":"l1","top":50,"left":8,"height":50,"width":50,"children":[]},{"name":"m1","top":50,"left":108,"height":50,"width":100,"children":[]},{"name":"r1","top":50,"left":308,"height":50,"width":100,"children":[]}]},{"name":"row2","top":300,"left":8,"height":200,"width":500,"children":[{"name":"l2","top":300,"left":8,"height":50,"width":50,"children":[]},{"name":"r2","top":300,"left":108,"height":50,"width":100,"children":[]}]}]},{"name":"main","top":50,"left":8,"height":500,"width":898,"children":[{"name":"row1","top":50,"left":8,"height":200,"width":898,"children":[{"name":"l1","top":50,"left":8,"height":50,"width":50,"children":[]},{"name":"m1","top":50,"left":108,"height":50,"width":100,"children":[]},{"name":"r1","top":50,"left":308,"height":50,"width":498,"children":[]}]},{"name":"row2","top":300,"left":8,"height":200,"width":898,"children":[{"name":"l2","top":300,"left":8,"height":50,"width":50,"children":[]},{"name":"r2","top":300,"left":108,"height":50,"width":498,"children":[]}]}]},{"name":"main","top":50,"left":8,"height":500,"width":659,"children":[{"name":"row1","top":50,"left":8,"height":200,"width":659,"children":[{"name":"l1","top":50,"left":8,"height":50,"width":50,"children":[]},{"name":"m1","top":50,"left":108,"height":50,"width":100,"children":[]},{"name":"r1","top":50,"left":308,"height":50,"width":259,"children":[]}]},{"name":"row2","top":300,"left":8,"height":200,"width":659,"children":[{"name":"l2","top":300,"left":8,"height":50,"width":50,"children":[]},{"name":"r2","top":300,"left":108,"height":50,"width":259,"children":[]}]}]},{"name":"main","top":50,"left":8,"height":500,"width":545,"children":[{"name":"row1","top":50,"left":8,"height":200,"width":545,"children":[{"name":"l1","top":50,"left":8,"height":50,"width":50,"children":[]},{"name":"m1","top":50,"left":108,"height":50,"width":100,"children":[]},{"name":"r1","top":50,"left":308,"height":50,"width":145,"children":[]}]},{"name":"row2","top":300,"left":8,"height":200,"width":545,"children":[{"name":"l2","top":300,"left":8,"height":50,"width":50,"children":[]},{"name":"r2","top":300,"left":108,"height":50,"width":145,"children":[]}]}]},{"name":"main","top":50,"left":8,"height":500,"width":972,"children":[{"name":"row1","top":50,"left":8,"height":200,"width":972,"children":[{"name":"l1","top":50,"left":8,"height":50,"width":50,"children":[]},{"name":"m1","top":50,"left":108,"height":50,"width":100,"children":[]},{"name":"r1","top":50,"left":308,"height":50,"width":572,"children":[]}]},{"name":"row2","top":300,"left":8,"height":200,"width":972,"children":[{"name":"l2","top":300,"left":8,"height":50,"width":50,"children":[]},{"name":"r2","top":300,"left":108,"height":50,"width":572,"children":[]}]}]},{"name":"main","top":50,"left":8,"height":500,"width":806,"children":[{"name":"row1","top":50,"left":8,"height":200,"width":806,"children":[{"name":"l1","top":50,"left":8,"height":50,"width":50,"children":[]},{"name":"m1","top":50,"left":108,"height":50,"width":100,"children":[]},{"name":"r1","top":50,"left":308,"height":50,"width":406,"children":[]}]},{"name":"row2","top":300,"left":8,"height":200,"width":806,"children":[{"name":"l2","top":300,"left":8,"height":50,"width":50,"children":[]},{"name":"r2","top":300,"left":108,"height":50,"width":406,"children":[]}]}]},{"name":"main","top":50,"left":8,"height":500,"width":1428,"children":[{"name":"row1","top":50,"left":8,"height":200,"width":1428,"children":[{"name":"l1","top":50,"left":8,"height":50,"width":50,"children":[]},{"name":"m1","top":50,"left":108,"height":50,"width":100,"children":[]},{"name":"r1","top":50,"left":308,"height":50,"width":1028,"children":[]}]},{"name":"row2","top":300,"left":8,"height":200,"width":1428,"children":[{"name":"l2","top":300,"left":8,"height":50,"width":50,"children":[]},{"name":"r2","top":300,"left":108,"height":50,"width":1028,"children":[]}]}]},{"name":"main","top":50,"left":8,"height":500,"width":679,"children":[{"name":"row1","top":50,"left":8,"height":200,"width":679,"children":[{"name":"l1","top":50,"left":8,"height":50,"width":50,"children":[]},{"name":"m1","top":50,"left":108,"height":50,"width":100,"children":[]},{"name":"r1","top":50,"left":308,"height":50,"width":279,"children":[]}]},{"name":"row2","top":300,"left":8,"height":200,"width":679,"children":[{"name":"l2","top":300,"left":8,"height":50,"width":50,"children":[]},{"name":"r2","top":300,"left":108,"height":50,"width":279,"children":[]}]}]}]}