{"name": "ace-editor", "bench": {"height": {"low": 191, "high": 636}, "width": {"low": 334, "high": 895}, "trainSeed": 235775, "testSeed": 17250987, "testSize": 10, "trainSize": 10}, "train": [{"name": "box166", "top": 0, "left": 280, "height": 636, "width": 493, "children": [{"name": "box167", "top": 16, "left": 324, "height": 1, "width": 1, "children": []}, {"name": "box168", "top": 0, "left": 280, "height": 636, "width": 41, "children": []}, {"name": "box169", "top": 0, "left": 320.20001220703125, "height": 636, "width": 452.8, "children": []}, {"name": "box171", "top": 616, "left": 320.20001220703125, "height": 20, "width": 452.8, "children": []}]}, {"name": "box166", "top": 0, "left": 280, "height": 636, "width": 737, "children": [{"name": "box167", "top": 16, "left": 324, "height": 1, "width": 1, "children": []}, {"name": "box168", "top": 0, "left": 280, "height": 636, "width": 41, "children": []}, {"name": "box169", "top": 0, "left": 320.20001220703125, "height": 636, "width": 696.8, "children": []}, {"name": "box171", "top": 616, "left": 320.20001220703125, "height": 20, "width": 696.8, "children": []}]}, {"name": "box166", "top": 0, "left": 280, "height": 191, "width": 769, "children": [{"name": "box167", "top": 16, "left": 324, "height": 1, "width": 1, "children": []}, {"name": "box168", "top": 0, "left": 280, "height": 191, "width": 41, "children": []}, {"name": "box169", "top": 0, "left": 320.20001220703125, "height": 191, "width": 728.8, "children": []}, {"name": "box171", "top": 171, "left": 320.20001220703125, "height": 20, "width": 728.8, "children": []}]}, {"name": "box166", "top": 0, "left": 280, "height": 636, "width": 443, "children": [{"name": "box167", "top": 16, "left": 324, "height": 1, "width": 1, "children": []}, {"name": "box168", "top": 0, "left": 280, "height": 636, "width": 41, "children": []}, {"name": "box169", "top": 0, "left": 320.20001220703125, "height": 636, "width": 402.8, "children": []}, {"name": "box171", "top": 616, "left": 320.20001220703125, "height": 20, "width": 402.8, "children": []}]}, {"name": "box166", "top": 0, "left": 280, "height": 636, "width": 557, "children": [{"name": "box167", "top": 16, "left": 324, "height": 1, "width": 1, "children": []}, {"name": "box168", "top": 0, "left": 280, "height": 636, "width": 41, "children": []}, {"name": "box169", "top": 0, "left": 320.20001220703125, "height": 636, "width": 516.8, "children": []}, {"name": "box171", "top": 616, "left": 320.20001220703125, "height": 20, "width": 516.8, "children": []}]}, {"name": "box166", "top": 0, "left": 280, "height": 636, "width": 472, "children": [{"name": "box167", "top": 16, "left": 324, "height": 1, "width": 1, "children": []}, {"name": "box168", "top": 0, "left": 280, "height": 636, "width": 41, "children": []}, {"name": "box169", "top": 0, "left": 320.20001220703125, "height": 636, "width": 431.8, "children": []}, {"name": "box171", "top": 616, "left": 320.20001220703125, "height": 20, "width": 431.8, "children": []}]}, {"name": "box166", "top": 0, "left": 280, "height": 636, "width": 443, "children": [{"name": "box167", "top": 16, "left": 324, "height": 1, "width": 1, "children": []}, {"name": "box168", "top": 0, "left": 280, "height": 636, "width": 41, "children": []}, {"name": "box169", "top": 0, "left": 320.20001220703125, "height": 636, "width": 402.8, "children": []}, {"name": "box171", "top": 616, "left": 320.20001220703125, "height": 20, "width": 402.8, "children": []}]}, {"name": "box166", "top": 0, "left": 280, "height": 636, "width": 432, "children": [{"name": "box167", "top": 16, "left": 324, "height": 1, "width": 1, "children": []}, {"name": "box168", "top": 0, "left": 280, "height": 636, "width": 41, "children": []}, {"name": "box169", "top": 0, "left": 320.20001220703125, "height": 636, "width": 391.8, "children": []}, {"name": "box171", "top": 616, "left": 320.20001220703125, "height": 20, "width": 391.8, "children": []}]}, {"name": "box166", "top": 0, "left": 280, "height": 636, "width": 797, "children": [{"name": "box167", "top": 16, "left": 324, "height": 1, "width": 1, "children": []}, {"name": "box168", "top": 0, "left": 280, "height": 636, "width": 41, "children": []}, {"name": "box169", "top": 0, "left": 320.20001220703125, "height": 636, "width": 756.8, "children": []}, {"name": "box171", "top": 616, "left": 320.20001220703125, "height": 20, "width": 756.8, "children": []}]}, {"name": "box166", "top": 0, "left": 280, "height": 636, "width": 616, "children": [{"name": "box167", "top": 16, "left": 324, "height": 1, "width": 1, "children": []}, {"name": "box168", "top": 0, "left": 280, "height": 636, "width": 41, "children": []}, {"name": "box169", "top": 0, "left": 320.20001220703125, "height": 636, "width": 575.8, "children": []}, {"name": "box171", "top": 616, "left": 320.20001220703125, "height": 20, "width": 575.8, "children": []}]}], "test": [{"name": "box166", "top": 0, "left": 280, "height": 335, "width": 693, "children": [{"name": "box167", "top": 16, "left": 324, "height": 1, "width": 1, "children": []}, {"name": "box168", "top": 0, "left": 280, "height": 335, "width": 41, "children": []}, {"name": "box169", "top": 0, "left": 320.20001220703125, "height": 335, "width": 652.8, "children": []}, {"name": "box171", "top": 315, "left": 320.20001220703125, "height": 20, "width": 652.8, "children": []}]}, {"name": "box166", "top": 0, "left": 280, "height": 366, "width": 485, "children": [{"name": "box167", "top": 16, "left": 324, "height": 1, "width": 1, "children": []}, {"name": "box168", "top": 0, "left": 280, "height": 366, "width": 41, "children": []}, {"name": "box169", "top": 0, "left": 320.20001220703125, "height": 366, "width": 444.8, "children": []}, {"name": "box171", "top": 346, "left": 320.20001220703125, "height": 20, "width": 444.8, "children": []}]}, {"name": "box166", "top": 0, "left": 280, "height": 336, "width": 336, "children": [{"name": "box167", "top": 16, "left": 324, "height": 1, "width": 1, "children": []}, {"name": "box168", "top": 0, "left": 280, "height": 336, "width": 41, "children": []}, {"name": "box169", "top": 0, "left": 320.20001220703125, "height": 336, "width": 295.8, "children": []}, {"name": "box171", "top": 316, "left": 320.20001220703125, "height": 20, "width": 296, "children": []}]}, {"name": "box166", "top": 0, "left": 280, "height": 534, "width": 334, "children": [{"name": "box167", "top": 16, "left": 324, "height": 1, "width": 1, "children": []}, {"name": "box168", "top": 0, "left": 280, "height": 534, "width": 41, "children": []}, {"name": "box169", "top": 0, "left": 320.20001220703125, "height": 534, "width": 293.8, "children": []}, {"name": "box171", "top": 514, "left": 320.20001220703125, "height": 20, "width": 296, "children": []}]}, {"name": "box166", "top": 0, "left": 280, "height": 594, "width": 895, "children": [{"name": "box167", "top": 16, "left": 324, "height": 1, "width": 1, "children": []}, {"name": "box168", "top": 0, "left": 280, "height": 594, "width": 41, "children": []}, {"name": "box169", "top": 0, "left": 320.20001220703125, "height": 594, "width": 854.8, "children": []}, {"name": "box171", "top": 574, "left": 320.20001220703125, "height": 20, "width": 854.8, "children": []}]}, {"name": "box166", "top": 0, "left": 280, "height": 636, "width": 581, "children": [{"name": "box167", "top": 16, "left": 324, "height": 1, "width": 1, "children": []}, {"name": "box168", "top": 0, "left": 280, "height": 636, "width": 41, "children": []}, {"name": "box169", "top": 0, "left": 320.20001220703125, "height": 636, "width": 540.8, "children": []}, {"name": "box171", "top": 616, "left": 320.20001220703125, "height": 20, "width": 540.8, "children": []}]}, {"name": "box166", "top": 0, "left": 280, "height": 636, "width": 608, "children": [{"name": "box167", "top": 16, "left": 324, "height": 1, "width": 1, "children": []}, {"name": "box168", "top": 0, "left": 280, "height": 636, "width": 41, "children": []}, {"name": "box169", "top": 0, "left": 320.20001220703125, "height": 636, "width": 567.8, "children": []}, {"name": "box171", "top": 616, "left": 320.20001220703125, "height": 20, "width": 567.8, "children": []}]}, {"name": "box166", "top": 0, "left": 280, "height": 214, "width": 842, "children": [{"name": "box167", "top": 16, "left": 324, "height": 1, "width": 1, "children": []}, {"name": "box168", "top": 0, "left": 280, "height": 214, "width": 41, "children": []}, {"name": "box169", "top": 0, "left": 320.20001220703125, "height": 214, "width": 801.8, "children": []}, {"name": "box171", "top": 194, "left": 320.20001220703125, "height": 20, "width": 801.8, "children": []}]}, {"name": "box166", "top": 0, "left": 280, "height": 636, "width": 464, "children": [{"name": "box167", "top": 16, "left": 324, "height": 1, "width": 1, "children": []}, {"name": "box168", "top": 0, "left": 280, "height": 636, "width": 41, "children": []}, {"name": "box169", "top": 0, "left": 320.20001220703125, "height": 636, "width": 423.8, "children": []}, {"name": "box171", "top": 616, "left": 320.20001220703125, "height": 20, "width": 423.8, "children": []}]}, {"name": "box166", "top": 0, "left": 280, "height": 636, "width": 715, "children": [{"name": "box167", "top": 16, "left": 324, "height": 1, "width": 1, "children": []}, {"name": "box168", "top": 0, "left": 280, "height": 636, "width": 41, "children": []}, {"name": "box169", "top": 0, "left": 320.20001220703125, "height": 636, "width": 674.8, "children": []}, {"name": "box171", "top": 616, "left": 320.20001220703125, "height": 20, "width": 674.8, "children": []}]}]}