{"name": "ace-sidebar-logo", "bench": {"height": {"low": 100.75, "high": 100.75}, "width": {"low": 280, "high": 280}, "trainSeed": 235775, "testSeed": 17250987, "testSize": 10, "trainSize": 10}, "train": [{"name": "box0", "top": 0, "left": 0, "height": 100.75, "width": 280, "children": [{"name": "box1", "top": 0, "left": 0, "height": 18, "width": 19, "children": []}, {"name": "c9-logo", "top": 0, "left": 40, "height": 100.75, "width": 200, "children": []}]}, {"name": "box0", "top": 0, "left": 0, "height": 100.75, "width": 280, "children": [{"name": "box1", "top": 0, "left": 0, "height": 18, "width": 19, "children": []}, {"name": "c9-logo", "top": 0, "left": 40, "height": 100.75, "width": 200, "children": []}]}, {"name": "box0", "top": 0, "left": 0, "height": 100.75, "width": 280, "children": [{"name": "box1", "top": 0, "left": 0, "height": 18, "width": 19, "children": []}, {"name": "c9-logo", "top": 0, "left": 40, "height": 100.75, "width": 200, "children": []}]}, {"name": "box0", "top": 0, "left": 0, "height": 100.75, "width": 280, "children": [{"name": "box1", "top": 0, "left": 0, "height": 18, "width": 19, "children": []}, {"name": "c9-logo", "top": 0, "left": 40, "height": 100.75, "width": 200, "children": []}]}, {"name": "box0", "top": 0, "left": 0, "height": 100.75, "width": 280, "children": [{"name": "box1", "top": 0, "left": 0, "height": 18, "width": 19, "children": []}, {"name": "c9-logo", "top": 0, "left": 40, "height": 100.75, "width": 200, "children": []}]}, {"name": "box0", "top": 0, "left": 0, "height": 100.75, "width": 280, "children": [{"name": "box1", "top": 0, "left": 0, "height": 18, "width": 19, "children": []}, {"name": "c9-logo", "top": 0, "left": 40, "height": 100.75, "width": 200, "children": []}]}, {"name": "box0", "top": 0, "left": 0, "height": 100.75, "width": 280, "children": [{"name": "box1", "top": 0, "left": 0, "height": 18, "width": 19, "children": []}, {"name": "c9-logo", "top": 0, "left": 40, "height": 100.75, "width": 200, "children": []}]}, {"name": "box0", "top": 0, "left": 0, "height": 100.75, "width": 280, "children": [{"name": "box1", "top": 0, "left": 0, "height": 18, "width": 19, "children": []}, {"name": "c9-logo", "top": 0, "left": 40, "height": 100.75, "width": 200, "children": []}]}, {"name": "box0", "top": 0, "left": 0, "height": 100.75, "width": 280, "children": [{"name": "box1", "top": 0, "left": 0, "height": 18, "width": 19, "children": []}, {"name": "c9-logo", "top": 0, "left": 40, "height": 100.75, "width": 200, "children": []}]}, {"name": "box0", "top": 0, "left": 0, "height": 100.75, "width": 280, "children": [{"name": "box1", "top": 0, "left": 0, "height": 18, "width": 19, "children": []}, {"name": "c9-logo", "top": 0, "left": 40, "height": 100.75, "width": 200, "children": []}]}], "test": [{"name": "box0", "top": 0, "left": 0, "height": 100.75, "width": 280, "children": [{"name": "box1", "top": 0, "left": 0, "height": 18, "width": 19, "children": []}, {"name": "c9-logo", "top": 0, "left": 40, "height": 100.75, "width": 200, "children": []}]}, {"name": "box0", "top": 0, "left": 0, "height": 100.75, "width": 280, "children": [{"name": "box1", "top": 0, "left": 0, "height": 18, "width": 19, "children": []}, {"name": "c9-logo", "top": 0, "left": 40, "height": 100.75, "width": 200, "children": []}]}, {"name": "box0", "top": 0, "left": 0, "height": 100.75, "width": 280, "children": [{"name": "box1", "top": 0, "left": 0, "height": 18, "width": 19, "children": []}, {"name": "c9-logo", "top": 0, "left": 40, "height": 100.75, "width": 200, "children": []}]}, {"name": "box0", "top": 0, "left": 0, "height": 100.75, "width": 280, "children": [{"name": "box1", "top": 0, "left": 0, "height": 18, "width": 19, "children": []}, {"name": "c9-logo", "top": 0, "left": 40, "height": 100.75, "width": 200, "children": []}]}, {"name": "box0", "top": 0, "left": 0, "height": 100.75, "width": 280, "children": [{"name": "box1", "top": 0, "left": 0, "height": 18, "width": 19, "children": []}, {"name": "c9-logo", "top": 0, "left": 40, "height": 100.75, "width": 200, "children": []}]}, {"name": "box0", "top": 0, "left": 0, "height": 100.75, "width": 280, "children": [{"name": "box1", "top": 0, "left": 0, "height": 18, "width": 19, "children": []}, {"name": "c9-logo", "top": 0, "left": 40, "height": 100.75, "width": 200, "children": []}]}, {"name": "box0", "top": 0, "left": 0, "height": 100.75, "width": 280, "children": [{"name": "box1", "top": 0, "left": 0, "height": 18, "width": 19, "children": []}, {"name": "c9-logo", "top": 0, "left": 40, "height": 100.75, "width": 200, "children": []}]}, {"name": "box0", "top": 0, "left": 0, "height": 100.75, "width": 280, "children": [{"name": "box1", "top": 0, "left": 0, "height": 18, "width": 19, "children": []}, {"name": "c9-logo", "top": 0, "left": 40, "height": 100.75, "width": 200, "children": []}]}, {"name": "box0", "top": 0, "left": 0, "height": 100.75, "width": 280, "children": [{"name": "box1", "top": 0, "left": 0, "height": 18, "width": 19, "children": []}, {"name": "c9-logo", "top": 0, "left": 40, "height": 100.75, "width": 200, "children": []}]}, {"name": "box0", "top": 0, "left": 0, "height": 100.75, "width": 280, "children": [{"name": "box1", "top": 0, "left": 0, "height": 18, "width": 19, "children": []}, {"name": "c9-logo", "top": 0, "left": 40, "height": 100.75, "width": 200, "children": []}]}]}