{"name": "duckduckgo-faq", "bench": {"height": {"low": 376.767, "high": 376.767}, "width": {"low": 722, "high": 862.6}, "trainSeed": 235775, "testSeed": 17250987, "testSize": 10, "trainSize": 10}, "train": [{"name": "box57", "top": 2222.199951171875, "left": 0, "height": 376.767, "width": 732.133, "children": []}, {"name": "box57", "top": 2222.199951171875, "left": 0, "height": 376.767, "width": 858.8, "children": []}, {"name": "box57", "top": 2222.199951171875, "left": 0, "height": 376.767, "width": 768.867, "children": []}, {"name": "box57", "top": 2222.199951171875, "left": 0, "height": 376.767, "width": 843.6, "children": []}, {"name": "box57", "top": 2222.199951171875, "left": 0, "height": 376.767, "width": 798, "children": []}, {"name": "box57", "top": 2222.199951171875, "left": 0, "height": 376.767, "width": 752.4, "children": []}, {"name": "box57", "top": 2222.199951171875, "left": 0, "height": 376.767, "width": 722, "children": []}, {"name": "box57", "top": 2222.199951171875, "left": 0, "height": 376.767, "width": 833.467, "children": []}, {"name": "box57", "top": 2222.199951171875, "left": 0, "height": 376.767, "width": 757.467, "children": []}, {"name": "box57", "top": 2222.199951171875, "left": 0, "height": 376.767, "width": 735.933, "children": []}], "test": [{"name": "box57", "top": 2222.199951171875, "left": 0, "height": 376.767, "width": 813.2, "children": []}, {"name": "box57", "top": 2222.199951171875, "left": 0, "height": 376.767, "width": 724.533, "children": []}, {"name": "box57", "top": 2222.199951171875, "left": 0, "height": 376.767, "width": 817, "children": []}, {"name": "box57", "top": 2222.199951171875, "left": 0, "height": 376.767, "width": 733.4, "children": []}, {"name": "box57", "top": 2222.199951171875, "left": 0, "height": 376.767, "width": 815.733, "children": []}, {"name": "box57", "top": 2222.199951171875, "left": 0, "height": 376.767, "width": 862.6, "children": []}, {"name": "box57", "top": 2222.199951171875, "left": 0, "height": 376.767, "width": 727.067, "children": []}, {"name": "box57", "top": 2222.199951171875, "left": 0, "height": 376.767, "width": 803.067, "children": []}, {"name": "box57", "top": 2222.199951171875, "left": 0, "height": 376.767, "width": 824.6, "children": []}, {"name": "box57", "top": 2222.199951171875, "left": 0, "height": 376.767, "width": 795.467, "children": []}]}