{"name": "duckduckgo-privacy", "bench": {"height": {"low": 204.2, "high": 204.2}, "width": {"low": 631.083, "high": 631.083}, "trainSeed": 235775, "testSeed": 17250987, "testSize": 10, "trainSize": 10}, "train": [{"name": "box15", "top": 349.5, "left": 50.51666259765625, "height": 204.2, "width": 631.083, "children": [{"name": "box16", "top": 349.5, "left": 50.51666259765625, "height": 44, "width": 631.083, "children": []}, {"name": "box17", "top": 398.5, "left": 50.51666259765625, "height": 28, "width": 631.083, "children": []}, {"name": "box18", "top": 426.5, "left": 50.51666259765625, "height": 28, "width": 631.083, "children": [{"name": "box19", "top": 426.5, "left": 135.61666870117188, "height": 28, "width": 131.933, "children": [{"name": "box20", "top": 426.5, "left": 157.61666870117188, "height": 28, "width": 109.933, "children": []}]}, {"name": "box21", "top": 426.5, "left": 289.54998779296875, "height": 28, "width": 148.433, "children": [{"name": "box22", "top": 426.5, "left": 311.54998779296875, "height": 28, "width": 126.433, "children": []}]}, {"name": "box23", "top": 426.5, "left": 459.98333740234375, "height": 28, "width": 136.517, "children": [{"name": "box24", "top": 426.5, "left": 481.98333740234375, "height": 28, "width": 114.517, "children": []}]}]}, {"name": "box25", "top": 454.5, "left": 245.1666717529297, "height": 64, "width": 241.767, "children": [{"name": "box26", "top": 474.5, "left": 245.1666717529297, "height": 44, "width": 241.767, "children": []}]}, {"name": "box27", "top": 534.5, "left": 50.51666259765625, "height": 19.2, "width": 631.083, "children": [{"name": "box28", "top": 536, "left": 294.8666687011719, "height": 16.2, "width": 70, "children": []}, {"name": "box29", "top": 534.5, "left": 374.8666687011719, "height": 19.2, "width": 62.3833, "children": []}]}]}, {"name": "box15", "top": 349.5, "left": 113.85000610351562, "height": 204.2, "width": 631.083, "children": [{"name": "box16", "top": 349.5, "left": 113.85000610351562, "height": 44, "width": 631.083, "children": []}, {"name": "box17", "top": 398.5, "left": 113.85000610351562, "height": 28, "width": 631.083, "children": []}, {"name": "box18", "top": 426.5, "left": 113.85000610351562, "height": 28, "width": 631.083, "children": [{"name": "box19", "top": 426.5, "left": 198.9499969482422, "height": 28, "width": 131.933, "children": [{"name": "box20", "top": 426.5, "left": 220.9499969482422, "height": 28, "width": 109.933, "children": []}]}, {"name": "box21", "top": 426.5, "left": 352.8833312988281, "height": 28, "width": 148.433, "children": [{"name": "box22", "top": 426.5, "left": 374.8833312988281, "height": 28, "width": 126.433, "children": []}]}, {"name": "box23", "top": 426.5, "left": 523.316650390625, "height": 28, "width": 136.517, "children": [{"name": "box24", "top": 426.5, "left": 545.316650390625, "height": 28, "width": 114.517, "children": []}]}]}, {"name": "box25", "top": 454.5, "left": 308.5, "height": 64, "width": 241.767, "children": [{"name": "box26", "top": 474.5, "left": 308.5, "height": 44, "width": 241.767, "children": []}]}, {"name": "box27", "top": 534.5, "left": 113.85000610351562, "height": 19.2, "width": 631.083, "children": [{"name": "box28", "top": 536, "left": 358.20001220703125, "height": 16.2, "width": 70, "children": []}, {"name": "box29", "top": 534.5, "left": 438.20001220703125, "height": 19.2, "width": 62.3833, "children": []}]}]}, {"name": "box15", "top": 349.5, "left": 68.88333129882812, "height": 204.2, "width": 631.083, "children": [{"name": "box16", "top": 349.5, "left": 68.88333129882812, "height": 44, "width": 631.083, "children": []}, {"name": "box17", "top": 398.5, "left": 68.88333129882812, "height": 28, "width": 631.083, "children": []}, {"name": "box18", "top": 426.5, "left": 68.88333129882812, "height": 28, "width": 631.083, "children": [{"name": "box19", "top": 426.5, "left": 153.98333740234375, "height": 28, "width": 131.933, "children": [{"name": "box20", "top": 426.5, "left": 175.98333740234375, "height": 28, "width": 109.933, "children": []}]}, {"name": "box21", "top": 426.5, "left": 307.91668701171875, "height": 28, "width": 148.433, "children": [{"name": "box22", "top": 426.5, "left": 329.91668701171875, "height": 28, "width": 126.433, "children": []}]}, {"name": "box23", "top": 426.5, "left": 478.3500061035156, "height": 28, "width": 136.517, "children": [{"name": "box24", "top": 426.5, "left": 500.3500061035156, "height": 28, "width": 114.517, "children": []}]}]}, {"name": "box25", "top": 454.5, "left": 263.5333251953125, "height": 64, "width": 241.767, "children": [{"name": "box26", "top": 474.5, "left": 263.5333251953125, "height": 44, "width": 241.767, "children": []}]}, {"name": "box27", "top": 534.5, "left": 68.88333129882812, "height": 19.2, "width": 631.083, "children": [{"name": "box28", "top": 536, "left": 313.23333740234375, "height": 16.2, "width": 70, "children": []}, {"name": "box29", "top": 534.5, "left": 393.23333740234375, "height": 19.2, "width": 62.3833, "children": []}]}]}, {"name": "box15", "top": 349.5, "left": 106.25, "height": 204.2, "width": 631.083, "children": [{"name": "box16", "top": 349.5, "left": 106.25, "height": 44, "width": 631.083, "children": []}, {"name": "box17", "top": 398.5, "left": 106.25, "height": 28, "width": 631.083, "children": []}, {"name": "box18", "top": 426.5, "left": 106.25, "height": 28, "width": 631.083, "children": [{"name": "box19", "top": 426.5, "left": 191.35000610351562, "height": 28, "width": 131.933, "children": [{"name": "box20", "top": 426.5, "left": 213.35000610351562, "height": 28, "width": 109.933, "children": []}]}, {"name": "box21", "top": 426.5, "left": 345.2833251953125, "height": 28, "width": 148.433, "children": [{"name": "box22", "top": 426.5, "left": 367.2833251953125, "height": 28, "width": 126.433, "children": []}]}, {"name": "box23", "top": 426.5, "left": 515.7166748046875, "height": 28, "width": 136.517, "children": [{"name": "box24", "top": 426.5, "left": 537.7166748046875, "height": 28, "width": 114.517, "children": []}]}]}, {"name": "box25", "top": 454.5, "left": 300.8999938964844, "height": 64, "width": 241.767, "children": [{"name": "box26", "top": 474.5, "left": 300.8999938964844, "height": 44, "width": 241.767, "children": []}]}, {"name": "box27", "top": 534.5, "left": 106.25, "height": 19.2, "width": 631.083, "children": [{"name": "box28", "top": 536, "left": 350.6000061035156, "height": 16.2, "width": 70, "children": []}, {"name": "box29", "top": 534.5, "left": 430.6000061035156, "height": 19.2, "width": 62.3833, "children": []}]}]}, {"name": "box15", "top": 349.5, "left": 83.44999694824219, "height": 204.2, "width": 631.083, "children": [{"name": "box16", "top": 349.5, "left": 83.44999694824219, "height": 44, "width": 631.083, "children": []}, {"name": "box17", "top": 398.5, "left": 83.44999694824219, "height": 28, "width": 631.083, "children": []}, {"name": "box18", "top": 426.5, "left": 83.44999694824219, "height": 28, "width": 631.083, "children": [{"name": "box19", "top": 426.5, "left": 168.5500030517578, "height": 28, "width": 131.933, "children": [{"name": "box20", "top": 426.5, "left": 190.5500030517578, "height": 28, "width": 109.933, "children": []}]}, {"name": "box21", "top": 426.5, "left": 322.48333740234375, "height": 28, "width": 148.433, "children": [{"name": "box22", "top": 426.5, "left": 344.48333740234375, "height": 28, "width": 126.433, "children": []}]}, {"name": "box23", "top": 426.5, "left": 492.91668701171875, "height": 28, "width": 136.517, "children": [{"name": "box24", "top": 426.5, "left": 514.9166870117188, "height": 28, "width": 114.517, "children": []}]}]}, {"name": "box25", "top": 454.5, "left": 278.1000061035156, "height": 64, "width": 241.767, "children": [{"name": "box26", "top": 474.5, "left": 278.1000061035156, "height": 44, "width": 241.767, "children": []}]}, {"name": "box27", "top": 534.5, "left": 83.44999694824219, "height": 19.2, "width": 631.083, "children": [{"name": "box28", "top": 536, "left": 327.79998779296875, "height": 16.2, "width": 70, "children": []}, {"name": "box29", "top": 534.5, "left": 407.79998779296875, "height": 19.2, "width": 62.3833, "children": []}]}]}, {"name": "box15", "top": 349.5, "left": 60.649993896484375, "height": 204.2, "width": 631.083, "children": [{"name": "box16", "top": 349.5, "left": 60.649993896484375, "height": 44, "width": 631.083, "children": []}, {"name": "box17", "top": 398.5, "left": 60.649993896484375, "height": 28, "width": 631.083, "children": []}, {"name": "box18", "top": 426.5, "left": 60.649993896484375, "height": 28, "width": 631.083, "children": [{"name": "box19", "top": 426.5, "left": 145.75, "height": 28, "width": 131.933, "children": [{"name": "box20", "top": 426.5, "left": 167.75, "height": 28, "width": 109.933, "children": []}]}, {"name": "box21", "top": 426.5, "left": 299.683349609375, "height": 28, "width": 148.433, "children": [{"name": "box22", "top": 426.5, "left": 321.683349609375, "height": 28, "width": 126.433, "children": []}]}, {"name": "box23", "top": 426.5, "left": 470.1166687011719, "height": 28, "width": 136.517, "children": [{"name": "box24", "top": 426.5, "left": 492.1166687011719, "height": 28, "width": 114.517, "children": []}]}]}, {"name": "box25", "top": 454.5, "left": 255.3000030517578, "height": 64, "width": 241.767, "children": [{"name": "box26", "top": 474.5, "left": 255.3000030517578, "height": 44, "width": 241.767, "children": []}]}, {"name": "box27", "top": 534.5, "left": 60.649993896484375, "height": 19.2, "width": 631.083, "children": [{"name": "box28", "top": 536, "left": 305, "height": 16.2, "width": 70, "children": []}, {"name": "box29", "top": 534.5, "left": 385, "height": 19.2, "width": 62.3833, "children": []}]}]}, {"name": "box15", "top": 349.5, "left": 45.44999694824219, "height": 204.2, "width": 631.083, "children": [{"name": "box16", "top": 349.5, "left": 45.44999694824219, "height": 44, "width": 631.083, "children": []}, {"name": "box17", "top": 398.5, "left": 45.44999694824219, "height": 28, "width": 631.083, "children": []}, {"name": "box18", "top": 426.5, "left": 45.44999694824219, "height": 28, "width": 631.083, "children": [{"name": "box19", "top": 426.5, "left": 130.5500030517578, "height": 28, "width": 131.933, "children": [{"name": "box20", "top": 426.5, "left": 152.5500030517578, "height": 28, "width": 109.933, "children": []}]}, {"name": "box21", "top": 426.5, "left": 284.48333740234375, "height": 28, "width": 148.433, "children": [{"name": "box22", "top": 426.5, "left": 306.48333740234375, "height": 28, "width": 126.433, "children": []}]}, {"name": "box23", "top": 426.5, "left": 454.91668701171875, "height": 28, "width": 136.517, "children": [{"name": "box24", "top": 426.5, "left": 476.91668701171875, "height": 28, "width": 114.517, "children": []}]}]}, {"name": "box25", "top": 454.5, "left": 240.10000610351562, "height": 64, "width": 241.767, "children": [{"name": "box26", "top": 474.5, "left": 240.10000610351562, "height": 44, "width": 241.767, "children": []}]}, {"name": "box27", "top": 534.5, "left": 45.44999694824219, "height": 19.2, "width": 631.083, "children": [{"name": "box28", "top": 536, "left": 289.79998779296875, "height": 16.2, "width": 70, "children": []}, {"name": "box29", "top": 534.5, "left": 369.79998779296875, "height": 19.2, "width": 62.3833, "children": []}]}]}, {"name": "box15", "top": 349.5, "left": 101.18333435058594, "height": 204.2, "width": 631.083, "children": [{"name": "box16", "top": 349.5, "left": 101.18333435058594, "height": 44, "width": 631.083, "children": []}, {"name": "box17", "top": 398.5, "left": 101.18333435058594, "height": 28, "width": 631.083, "children": []}, {"name": "box18", "top": 426.5, "left": 101.18333435058594, "height": 28, "width": 631.083, "children": [{"name": "box19", "top": 426.5, "left": 186.28334045410156, "height": 28, "width": 131.933, "children": [{"name": "box20", "top": 426.5, "left": 208.28334045410156, "height": 28, "width": 109.933, "children": []}]}, {"name": "box21", "top": 426.5, "left": 340.2166748046875, "height": 28, "width": 148.433, "children": [{"name": "box22", "top": 426.5, "left": 362.2166748046875, "height": 28, "width": 126.433, "children": []}]}, {"name": "box23", "top": 426.5, "left": 510.6499938964844, "height": 28, "width": 136.517, "children": [{"name": "box24", "top": 426.5, "left": 532.6500244140625, "height": 28, "width": 114.517, "children": []}]}]}, {"name": "box25", "top": 454.5, "left": 295.83331298828125, "height": 64, "width": 241.767, "children": [{"name": "box26", "top": 474.5, "left": 295.83331298828125, "height": 44, "width": 241.767, "children": []}]}, {"name": "box27", "top": 534.5, "left": 101.18333435058594, "height": 19.2, "width": 631.083, "children": [{"name": "box28", "top": 536, "left": 345.5333251953125, "height": 16.2, "width": 70, "children": []}, {"name": "box29", "top": 534.5, "left": 425.5333251953125, "height": 19.2, "width": 62.3833, "children": []}]}]}, {"name": "box15", "top": 349.5, "left": 63.18333435058594, "height": 204.2, "width": 631.083, "children": [{"name": "box16", "top": 349.5, "left": 63.18333435058594, "height": 44, "width": 631.083, "children": []}, {"name": "box17", "top": 398.5, "left": 63.18333435058594, "height": 28, "width": 631.083, "children": []}, {"name": "box18", "top": 426.5, "left": 63.18333435058594, "height": 28, "width": 631.083, "children": [{"name": "box19", "top": 426.5, "left": 148.28334045410156, "height": 28, "width": 131.933, "children": [{"name": "box20", "top": 426.5, "left": 170.28334045410156, "height": 28, "width": 109.933, "children": []}]}, {"name": "box21", "top": 426.5, "left": 302.2166748046875, "height": 28, "width": 148.433, "children": [{"name": "box22", "top": 426.5, "left": 324.2166748046875, "height": 28, "width": 126.433, "children": []}]}, {"name": "box23", "top": 426.5, "left": 472.6499938964844, "height": 28, "width": 136.517, "children": [{"name": "box24", "top": 426.5, "left": 494.6499938964844, "height": 28, "width": 114.517, "children": []}]}]}, {"name": "box25", "top": 454.5, "left": 257.83331298828125, "height": 64, "width": 241.767, "children": [{"name": "box26", "top": 474.5, "left": 257.83331298828125, "height": 44, "width": 241.767, "children": []}]}, {"name": "box27", "top": 534.5, "left": 63.18333435058594, "height": 19.2, "width": 631.083, "children": [{"name": "box28", "top": 536, "left": 307.5333251953125, "height": 16.2, "width": 70, "children": []}, {"name": "box29", "top": 534.5, "left": 387.5333251953125, "height": 19.2, "width": 62.3833, "children": []}]}]}, {"name": "box15", "top": 349.5, "left": 52.41667175292969, "height": 204.2, "width": 631.083, "children": [{"name": "box16", "top": 349.5, "left": 52.41667175292969, "height": 44, "width": 631.083, "children": []}, {"name": "box17", "top": 398.5, "left": 52.41667175292969, "height": 28, "width": 631.083, "children": []}, {"name": "box18", "top": 426.5, "left": 52.41667175292969, "height": 28, "width": 631.083, "children": [{"name": "box19", "top": 426.5, "left": 137.51666259765625, "height": 28, "width": 131.933, "children": [{"name": "box20", "top": 426.5, "left": 159.51666259765625, "height": 28, "width": 109.933, "children": []}]}, {"name": "box21", "top": 426.5, "left": 291.45001220703125, "height": 28, "width": 148.433, "children": [{"name": "box22", "top": 426.5, "left": 313.45001220703125, "height": 28, "width": 126.433, "children": []}]}, {"name": "box23", "top": 426.5, "left": 461.8833312988281, "height": 28, "width": 136.517, "children": [{"name": "box24", "top": 426.5, "left": 483.8833312988281, "height": 28, "width": 114.517, "children": []}]}]}, {"name": "box25", "top": 454.5, "left": 247.06666564941406, "height": 64, "width": 241.767, "children": [{"name": "box26", "top": 474.5, "left": 247.06666564941406, "height": 44, "width": 241.767, "children": []}]}, {"name": "box27", "top": 534.5, "left": 52.41667175292969, "height": 19.2, "width": 631.083, "children": [{"name": "box28", "top": 536, "left": 296.76666259765625, "height": 16.2, "width": 70, "children": []}, {"name": "box29", "top": 534.5, "left": 376.76666259765625, "height": 19.2, "width": 62.3833, "children": []}]}]}], "test": [{"name": "box15", "top": 349.5, "left": 91.05000305175781, "height": 204.2, "width": 631.083, "children": [{"name": "box16", "top": 349.5, "left": 91.05000305175781, "height": 44, "width": 631.083, "children": []}, {"name": "box17", "top": 398.5, "left": 91.05000305175781, "height": 28, "width": 631.083, "children": []}, {"name": "box18", "top": 426.5, "left": 91.05000305175781, "height": 28, "width": 631.083, "children": [{"name": "box19", "top": 426.5, "left": 176.14999389648438, "height": 28, "width": 131.933, "children": [{"name": "box20", "top": 426.5, "left": 198.14999389648438, "height": 28, "width": 109.933, "children": []}]}, {"name": "box21", "top": 426.5, "left": 330.08331298828125, "height": 28, "width": 148.433, "children": [{"name": "box22", "top": 426.5, "left": 352.08331298828125, "height": 28, "width": 126.433, "children": []}]}, {"name": "box23", "top": 426.5, "left": 500.51666259765625, "height": 28, "width": 136.517, "children": [{"name": "box24", "top": 426.5, "left": 522.5166625976562, "height": 28, "width": 114.517, "children": []}]}]}, {"name": "box25", "top": 454.5, "left": 285.70001220703125, "height": 64, "width": 241.767, "children": [{"name": "box26", "top": 474.5, "left": 285.70001220703125, "height": 44, "width": 241.767, "children": []}]}, {"name": "box27", "top": 534.5, "left": 91.05000305175781, "height": 19.2, "width": 631.083, "children": [{"name": "box28", "top": 536, "left": 335.3999938964844, "height": 16.2, "width": 70, "children": []}, {"name": "box29", "top": 534.5, "left": 415.3999938964844, "height": 19.2, "width": 62.3833, "children": []}]}]}, {"name": "box15", "top": 349.5, "left": 46.71665954589844, "height": 204.2, "width": 631.083, "children": [{"name": "box16", "top": 349.5, "left": 46.71665954589844, "height": 44, "width": 631.083, "children": []}, {"name": "box17", "top": 398.5, "left": 46.71665954589844, "height": 28, "width": 631.083, "children": []}, {"name": "box18", "top": 426.5, "left": 46.71665954589844, "height": 28, "width": 631.083, "children": [{"name": "box19", "top": 426.5, "left": 131.81666564941406, "height": 28, "width": 131.933, "children": [{"name": "box20", "top": 426.5, "left": 153.81666564941406, "height": 28, "width": 109.933, "children": []}]}, {"name": "box21", "top": 426.5, "left": 285.75, "height": 28, "width": 148.433, "children": [{"name": "box22", "top": 426.5, "left": 307.75, "height": 28, "width": 126.433, "children": []}]}, {"name": "box23", "top": 426.5, "left": 456.183349609375, "height": 28, "width": 136.517, "children": [{"name": "box24", "top": 426.5, "left": 478.183349609375, "height": 28, "width": 114.517, "children": []}]}]}, {"name": "box25", "top": 454.5, "left": 241.36666870117188, "height": 64, "width": 241.767, "children": [{"name": "box26", "top": 474.5, "left": 241.36666870117188, "height": 44, "width": 241.767, "children": []}]}, {"name": "box27", "top": 534.5, "left": 46.71665954589844, "height": 19.2, "width": 631.083, "children": [{"name": "box28", "top": 536, "left": 291.066650390625, "height": 16.2, "width": 70, "children": []}, {"name": "box29", "top": 534.5, "left": 371.066650390625, "height": 19.2, "width": 62.3833, "children": []}]}]}, {"name": "box15", "top": 349.5, "left": 92.94999694824219, "height": 204.2, "width": 631.083, "children": [{"name": "box16", "top": 349.5, "left": 92.94999694824219, "height": 44, "width": 631.083, "children": []}, {"name": "box17", "top": 398.5, "left": 92.94999694824219, "height": 28, "width": 631.083, "children": []}, {"name": "box18", "top": 426.5, "left": 92.94999694824219, "height": 28, "width": 631.083, "children": [{"name": "box19", "top": 426.5, "left": 178.0500030517578, "height": 28, "width": 131.933, "children": [{"name": "box20", "top": 426.5, "left": 200.0500030517578, "height": 28, "width": 109.933, "children": []}]}, {"name": "box21", "top": 426.5, "left": 331.98333740234375, "height": 28, "width": 148.433, "children": [{"name": "box22", "top": 426.5, "left": 353.98333740234375, "height": 28, "width": 126.433, "children": []}]}, {"name": "box23", "top": 426.5, "left": 502.41668701171875, "height": 28, "width": 136.517, "children": [{"name": "box24", "top": 426.5, "left": 524.4166870117188, "height": 28, "width": 114.517, "children": []}]}]}, {"name": "box25", "top": 454.5, "left": 287.6000061035156, "height": 64, "width": 241.767, "children": [{"name": "box26", "top": 474.5, "left": 287.6000061035156, "height": 44, "width": 241.767, "children": []}]}, {"name": "box27", "top": 534.5, "left": 92.94999694824219, "height": 19.2, "width": 631.083, "children": [{"name": "box28", "top": 536, "left": 337.29998779296875, "height": 16.2, "width": 70, "children": []}, {"name": "box29", "top": 534.5, "left": 417.29998779296875, "height": 19.2, "width": 62.3833, "children": []}]}]}, {"name": "box15", "top": 349.5, "left": 51.149993896484375, "height": 204.2, "width": 631.083, "children": [{"name": "box16", "top": 349.5, "left": 51.149993896484375, "height": 44, "width": 631.083, "children": []}, {"name": "box17", "top": 398.5, "left": 51.149993896484375, "height": 28, "width": 631.083, "children": []}, {"name": "box18", "top": 426.5, "left": 51.149993896484375, "height": 28, "width": 631.083, "children": [{"name": "box19", "top": 426.5, "left": 136.25, "height": 28, "width": 131.933, "children": [{"name": "box20", "top": 426.5, "left": 158.25, "height": 28, "width": 109.933, "children": []}]}, {"name": "box21", "top": 426.5, "left": 290.183349609375, "height": 28, "width": 148.433, "children": [{"name": "box22", "top": 426.5, "left": 312.183349609375, "height": 28, "width": 126.433, "children": []}]}, {"name": "box23", "top": 426.5, "left": 460.6166687011719, "height": 28, "width": 136.517, "children": [{"name": "box24", "top": 426.5, "left": 482.6166687011719, "height": 28, "width": 114.517, "children": []}]}]}, {"name": "box25", "top": 454.5, "left": 245.8000030517578, "height": 64, "width": 241.767, "children": [{"name": "box26", "top": 474.5, "left": 245.8000030517578, "height": 44, "width": 241.767, "children": []}]}, {"name": "box27", "top": 534.5, "left": 51.149993896484375, "height": 19.2, "width": 631.083, "children": [{"name": "box28", "top": 536, "left": 295.5, "height": 16.2, "width": 70, "children": []}, {"name": "box29", "top": 534.5, "left": 375.5, "height": 19.2, "width": 62.3833, "children": []}]}]}, {"name": "box15", "top": 349.5, "left": 92.31666564941406, "height": 204.2, "width": 631.083, "children": [{"name": "box16", "top": 349.5, "left": 92.31666564941406, "height": 44, "width": 631.083, "children": []}, {"name": "box17", "top": 398.5, "left": 92.31666564941406, "height": 28, "width": 631.083, "children": []}, {"name": "box18", "top": 426.5, "left": 92.31666564941406, "height": 28, "width": 631.083, "children": [{"name": "box19", "top": 426.5, "left": 177.4166717529297, "height": 28, "width": 131.933, "children": [{"name": "box20", "top": 426.5, "left": 199.4166717529297, "height": 28, "width": 109.933, "children": []}]}, {"name": "box21", "top": 426.5, "left": 331.3500061035156, "height": 28, "width": 148.433, "children": [{"name": "box22", "top": 426.5, "left": 353.3500061035156, "height": 28, "width": 126.433, "children": []}]}, {"name": "box23", "top": 426.5, "left": 501.7833251953125, "height": 28, "width": 136.517, "children": [{"name": "box24", "top": 426.5, "left": 523.7833251953125, "height": 28, "width": 114.517, "children": []}]}]}, {"name": "box25", "top": 454.5, "left": 286.9666748046875, "height": 64, "width": 241.767, "children": [{"name": "box26", "top": 474.5, "left": 286.9666748046875, "height": 44, "width": 241.767, "children": []}]}, {"name": "box27", "top": 534.5, "left": 92.31666564941406, "height": 19.2, "width": 631.083, "children": [{"name": "box28", "top": 536, "left": 336.66668701171875, "height": 16.2, "width": 70, "children": []}, {"name": "box29", "top": 534.5, "left": 416.66668701171875, "height": 19.2, "width": 62.3833, "children": []}]}]}, {"name": "box15", "top": 349.5, "left": 115.75, "height": 204.2, "width": 631.083, "children": [{"name": "box16", "top": 349.5, "left": 115.75, "height": 44, "width": 631.083, "children": []}, {"name": "box17", "top": 398.5, "left": 115.75, "height": 28, "width": 631.083, "children": []}, {"name": "box18", "top": 426.5, "left": 115.75, "height": 28, "width": 631.083, "children": [{"name": "box19", "top": 426.5, "left": 200.85000610351562, "height": 28, "width": 131.933, "children": [{"name": "box20", "top": 426.5, "left": 222.85000610351562, "height": 28, "width": 109.933, "children": []}]}, {"name": "box21", "top": 426.5, "left": 354.7833251953125, "height": 28, "width": 148.433, "children": [{"name": "box22", "top": 426.5, "left": 376.7833251953125, "height": 28, "width": 126.433, "children": []}]}, {"name": "box23", "top": 426.5, "left": 525.2166748046875, "height": 28, "width": 136.517, "children": [{"name": "box24", "top": 426.5, "left": 547.2166748046875, "height": 28, "width": 114.517, "children": []}]}]}, {"name": "box25", "top": 454.5, "left": 310.3999938964844, "height": 64, "width": 241.767, "children": [{"name": "box26", "top": 474.5, "left": 310.3999938964844, "height": 44, "width": 241.767, "children": []}]}, {"name": "box27", "top": 534.5, "left": 115.75, "height": 19.2, "width": 631.083, "children": [{"name": "box28", "top": 536, "left": 360.1000061035156, "height": 16.2, "width": 70, "children": []}, {"name": "box29", "top": 534.5, "left": 440.1000061035156, "height": 19.2, "width": 62.3833, "children": []}]}]}, {"name": "box15", "top": 349.5, "left": 47.98333740234375, "height": 204.2, "width": 631.083, "children": [{"name": "box16", "top": 349.5, "left": 47.98333740234375, "height": 44, "width": 631.083, "children": []}, {"name": "box17", "top": 398.5, "left": 47.98333740234375, "height": 28, "width": 631.083, "children": []}, {"name": "box18", "top": 426.5, "left": 47.98333740234375, "height": 28, "width": 631.083, "children": [{"name": "box19", "top": 426.5, "left": 133.0833282470703, "height": 28, "width": 131.933, "children": [{"name": "box20", "top": 426.5, "left": 155.0833282470703, "height": 28, "width": 109.933, "children": []}]}, {"name": "box21", "top": 426.5, "left": 287.01666259765625, "height": 28, "width": 148.433, "children": [{"name": "box22", "top": 426.5, "left": 309.01666259765625, "height": 28, "width": 126.433, "children": []}]}, {"name": "box23", "top": 426.5, "left": 457.45001220703125, "height": 28, "width": 136.517, "children": [{"name": "box24", "top": 426.5, "left": 479.45001220703125, "height": 28, "width": 114.517, "children": []}]}]}, {"name": "box25", "top": 454.5, "left": 242.63333129882812, "height": 64, "width": 241.767, "children": [{"name": "box26", "top": 474.5, "left": 242.63333129882812, "height": 44, "width": 241.767, "children": []}]}, {"name": "box27", "top": 534.5, "left": 47.98333740234375, "height": 19.2, "width": 631.083, "children": [{"name": "box28", "top": 536, "left": 292.33331298828125, "height": 16.2, "width": 70, "children": []}, {"name": "box29", "top": 534.5, "left": 372.33331298828125, "height": 19.2, "width": 62.3833, "children": []}]}]}, {"name": "box15", "top": 349.5, "left": 85.98333740234375, "height": 204.2, "width": 631.083, "children": [{"name": "box16", "top": 349.5, "left": 85.98333740234375, "height": 44, "width": 631.083, "children": []}, {"name": "box17", "top": 398.5, "left": 85.98333740234375, "height": 28, "width": 631.083, "children": []}, {"name": "box18", "top": 426.5, "left": 85.98333740234375, "height": 28, "width": 631.083, "children": [{"name": "box19", "top": 426.5, "left": 171.0833282470703, "height": 28, "width": 131.933, "children": [{"name": "box20", "top": 426.5, "left": 193.0833282470703, "height": 28, "width": 109.933, "children": []}]}, {"name": "box21", "top": 426.5, "left": 325.01666259765625, "height": 28, "width": 148.433, "children": [{"name": "box22", "top": 426.5, "left": 347.01666259765625, "height": 28, "width": 126.433, "children": []}]}, {"name": "box23", "top": 426.5, "left": 495.45001220703125, "height": 28, "width": 136.517, "children": [{"name": "box24", "top": 426.5, "left": 517.4500122070312, "height": 28, "width": 114.517, "children": []}]}]}, {"name": "box25", "top": 454.5, "left": 280.6333312988281, "height": 64, "width": 241.767, "children": [{"name": "box26", "top": 474.5, "left": 280.6333312988281, "height": 44, "width": 241.767, "children": []}]}, {"name": "box27", "top": 534.5, "left": 85.98333740234375, "height": 19.2, "width": 631.083, "children": [{"name": "box28", "top": 536, "left": 330.33331298828125, "height": 16.2, "width": 70, "children": []}, {"name": "box29", "top": 534.5, "left": 410.33331298828125, "height": 19.2, "width": 62.3833, "children": []}]}]}, {"name": "box15", "top": 349.5, "left": 96.75, "height": 204.2, "width": 631.083, "children": [{"name": "box16", "top": 349.5, "left": 96.75, "height": 44, "width": 631.083, "children": []}, {"name": "box17", "top": 398.5, "left": 96.75, "height": 28, "width": 631.083, "children": []}, {"name": "box18", "top": 426.5, "left": 96.75, "height": 28, "width": 631.083, "children": [{"name": "box19", "top": 426.5, "left": 181.85000610351562, "height": 28, "width": 131.933, "children": [{"name": "box20", "top": 426.5, "left": 203.85000610351562, "height": 28, "width": 109.933, "children": []}]}, {"name": "box21", "top": 426.5, "left": 335.7833251953125, "height": 28, "width": 148.433, "children": [{"name": "box22", "top": 426.5, "left": 357.7833251953125, "height": 28, "width": 126.433, "children": []}]}, {"name": "box23", "top": 426.5, "left": 506.2166748046875, "height": 28, "width": 136.517, "children": [{"name": "box24", "top": 426.5, "left": 528.2166748046875, "height": 28, "width": 114.517, "children": []}]}]}, {"name": "box25", "top": 454.5, "left": 291.3999938964844, "height": 64, "width": 241.767, "children": [{"name": "box26", "top": 474.5, "left": 291.3999938964844, "height": 44, "width": 241.767, "children": []}]}, {"name": "box27", "top": 534.5, "left": 96.75, "height": 19.2, "width": 631.083, "children": [{"name": "box28", "top": 536, "left": 341.1000061035156, "height": 16.2, "width": 70, "children": []}, {"name": "box29", "top": 534.5, "left": 421.1000061035156, "height": 19.2, "width": 62.3833, "children": []}]}]}, {"name": "box15", "top": 349.5, "left": 82.18333435058594, "height": 204.2, "width": 631.083, "children": [{"name": "box16", "top": 349.5, "left": 82.18333435058594, "height": 44, "width": 631.083, "children": []}, {"name": "box17", "top": 398.5, "left": 82.18333435058594, "height": 28, "width": 631.083, "children": []}, {"name": "box18", "top": 426.5, "left": 82.18333435058594, "height": 28, "width": 631.083, "children": [{"name": "box19", "top": 426.5, "left": 167.28334045410156, "height": 28, "width": 131.933, "children": [{"name": "box20", "top": 426.5, "left": 189.28334045410156, "height": 28, "width": 109.933, "children": []}]}, {"name": "box21", "top": 426.5, "left": 321.2166748046875, "height": 28, "width": 148.433, "children": [{"name": "box22", "top": 426.5, "left": 343.2166748046875, "height": 28, "width": 126.433, "children": []}]}, {"name": "box23", "top": 426.5, "left": 491.6499938964844, "height": 28, "width": 136.517, "children": [{"name": "box24", "top": 426.5, "left": 513.6500244140625, "height": 28, "width": 114.517, "children": []}]}]}, {"name": "box25", "top": 454.5, "left": 276.83331298828125, "height": 64, "width": 241.767, "children": [{"name": "box26", "top": 474.5, "left": 276.83331298828125, "height": 44, "width": 241.767, "children": []}]}, {"name": "box27", "top": 534.5, "left": 82.18333435058594, "height": 19.2, "width": 631.083, "children": [{"name": "box28", "top": 536, "left": 326.5333251953125, "height": 16.2, "width": 70, "children": []}, {"name": "box29", "top": 534.5, "left": 406.5333251953125, "height": 19.2, "width": 62.3833, "children": []}]}]}]}