{"name": "duckduckgo-logo", "bench": {"height": {"low": 261.967, "high": 261.967}, "width": {"low": 708, "high": 848.6}, "trainSeed": 235775, "testSeed": 17250987, "testSize": 10, "trainSize": 10}, "train": [{"name": "box10", "top": 57.53334045410156, "left": 7, "height": 261.967, "width": 718.133, "children": [{"name": "box11", "top": 71.53334045410156, "left": 266.066650390625, "height": 162, "width": 200, "children": []}, {"name": "box12", "top": 273.5333251953125, "left": 7, "height": 45.9667, "width": 718.133, "children": [{"name": "search_form_homepage", "top": 273.5333251953125, "left": 33.56666564941406, "height": 45.9667, "width": 665, "children": [{"name": "search_form_input_homepage", "top": 274.16668701171875, "left": 50.616668701171875, "height": 45.95, "width": 589.85, "children": []}, {"name": "search_button_homepage", "top": 273.5333251953125, "left": 659.7999870117187, "height": 45.9667, "width": 26, "children": []}]}]}]}, {"name": "box10", "top": 57.53334045410156, "left": 7, "height": 261.967, "width": 844.8, "children": [{"name": "box11", "top": 71.53334045410156, "left": 329.3999938964844, "height": 162, "width": 200, "children": []}, {"name": "box12", "top": 273.5333251953125, "left": 7, "height": 45.9667, "width": 844.8, "children": [{"name": "search_form_homepage", "top": 273.5333251953125, "left": 96.89999389648438, "height": 45.9667, "width": 665, "children": [{"name": "search_form_input_homepage", "top": 274.16668701171875, "left": 113.94999694824219, "height": 45.95, "width": 589.85, "children": []}, {"name": "search_button_homepage", "top": 273.5333251953125, "left": 723.1333, "height": 45.9667, "width": 26, "children": []}]}]}]}, {"name": "box10", "top": 57.53334045410156, "left": 7, "height": 261.967, "width": 754.867, "children": [{"name": "box11", "top": 71.53334045410156, "left": 284.433349609375, "height": 162, "width": 200, "children": []}, {"name": "box12", "top": 273.5333251953125, "left": 7, "height": 45.9667, "width": 754.867, "children": [{"name": "search_form_homepage", "top": 273.5333251953125, "left": 51.93333435058594, "height": 45.9667, "width": 665, "children": [{"name": "search_form_input_homepage", "top": 274.16668701171875, "left": 68.98333740234375, "height": 45.95, "width": 589.85, "children": []}, {"name": "search_button_homepage", "top": 273.5333251953125, "left": 678.1666251953125, "height": 45.9667, "width": 26, "children": []}]}]}]}, {"name": "box10", "top": 57.53334045410156, "left": 7, "height": 261.967, "width": 829.6, "children": [{"name": "box11", "top": 71.53334045410156, "left": 321.79998779296875, "height": 162, "width": 200, "children": []}, {"name": "box12", "top": 273.5333251953125, "left": 7, "height": 45.9667, "width": 829.6, "children": [{"name": "search_form_homepage", "top": 273.5333251953125, "left": 89.30000305175781, "height": 45.9667, "width": 665, "children": [{"name": "search_form_input_homepage", "top": 274.16668701171875, "left": 106.35000610351562, "height": 45.95, "width": 589.85, "children": []}, {"name": "search_button_homepage", "top": 273.5333251953125, "left": 715.5333244140625, "height": 45.9667, "width": 26, "children": []}]}]}]}, {"name": "box10", "top": 57.53334045410156, "left": 7, "height": 261.967, "width": 784, "children": [{"name": "box11", "top": 71.53334045410156, "left": 299, "height": 162, "width": 200, "children": []}, {"name": "box12", "top": 273.5333251953125, "left": 7, "height": 45.9667, "width": 784, "children": [{"name": "search_form_homepage", "top": 273.5333251953125, "left": 66.5, "height": 45.9667, "width": 665, "children": [{"name": "search_form_input_homepage", "top": 274.16668701171875, "left": 83.55000305175781, "height": 45.95, "width": 589.85, "children": []}, {"name": "search_button_homepage", "top": 273.5333251953125, "left": 692.7332755859375, "height": 45.9667, "width": 26, "children": []}]}]}]}, {"name": "box10", "top": 57.53334045410156, "left": 7, "height": 261.967, "width": 738.4, "children": [{"name": "box11", "top": 71.53334045410156, "left": 276.20001220703125, "height": 162, "width": 200, "children": []}, {"name": "box12", "top": 273.5333251953125, "left": 7, "height": 45.9667, "width": 738.4, "children": [{"name": "search_form_homepage", "top": 273.5333251953125, "left": 43.69999694824219, "height": 45.9667, "width": 665, "children": [{"name": "search_form_input_homepage", "top": 274.16668701171875, "left": 60.75, "height": 45.95, "width": 589.85, "children": []}, {"name": "search_button_homepage", "top": 273.5333251953125, "left": 669.9332877929687, "height": 45.9667, "width": 26, "children": []}]}]}]}, {"name": "box10", "top": 57.53334045410156, "left": 7, "height": 261.967, "width": 708, "children": [{"name": "box11", "top": 71.53334045410156, "left": 261, "height": 162, "width": 200, "children": []}, {"name": "box12", "top": 273.5333251953125, "left": 7, "height": 45.9667, "width": 708, "children": [{"name": "search_form_homepage", "top": 273.5333251953125, "left": 28.5, "height": 45.9667, "width": 665, "children": [{"name": "search_form_input_homepage", "top": 274.16668701171875, "left": 45.55000305175781, "height": 45.95, "width": 589.85, "children": []}, {"name": "search_button_homepage", "top": 273.5333251953125, "left": 654.7332755859375, "height": 45.9667, "width": 26, "children": []}]}]}]}, {"name": "box10", "top": 57.53334045410156, "left": 7, "height": 261.967, "width": 819.467, "children": [{"name": "box11", "top": 71.53334045410156, "left": 316.73333740234375, "height": 162, "width": 200, "children": []}, {"name": "box12", "top": 273.5333251953125, "left": 7, "height": 45.9667, "width": 819.467, "children": [{"name": "search_form_homepage", "top": 273.5333251953125, "left": 84.23333740234375, "height": 45.9667, "width": 665, "children": [{"name": "search_form_input_homepage", "top": 274.16668701171875, "left": 101.28334045410156, "height": 45.95, "width": 589.85, "children": []}, {"name": "search_button_homepage", "top": 273.5333251953125, "left": 710.4666129882812, "height": 45.9667, "width": 26, "children": []}]}]}]}, {"name": "box10", "top": 57.53334045410156, "left": 7, "height": 261.967, "width": 743.467, "children": [{"name": "box11", "top": 71.53334045410156, "left": 278.73333740234375, "height": 162, "width": 200, "children": []}, {"name": "box12", "top": 273.5333251953125, "left": 7, "height": 45.9667, "width": 743.467, "children": [{"name": "search_form_homepage", "top": 273.5333251953125, "left": 46.23333740234375, "height": 45.9667, "width": 665, "children": [{"name": "search_form_input_homepage", "top": 274.16668701171875, "left": 63.28334045410156, "height": 45.95, "width": 589.85, "children": []}, {"name": "search_button_homepage", "top": 273.5333251953125, "left": 672.4666129882812, "height": 45.9667, "width": 26, "children": []}]}]}]}, {"name": "box10", "top": 57.53334045410156, "left": 7, "height": 261.967, "width": 721.933, "children": [{"name": "box11", "top": 71.53334045410156, "left": 267.9666748046875, "height": 162, "width": 200, "children": []}, {"name": "box12", "top": 273.5333251953125, "left": 7, "height": 45.9667, "width": 721.933, "children": [{"name": "search_form_homepage", "top": 273.5333251953125, "left": 35.46665954589844, "height": 45.9667, "width": 665, "children": [{"name": "search_form_input_homepage", "top": 274.16668701171875, "left": 52.51666259765625, "height": 45.95, "width": 589.85, "children": []}, {"name": "search_button_homepage", "top": 273.5333251953125, "left": 661.699950390625, "height": 45.9667, "width": 26, "children": []}]}]}]}], "test": [{"name": "box10", "top": 57.53334045410156, "left": 7, "height": 261.967, "width": 799.2, "children": [{"name": "box11", "top": 71.53334045410156, "left": 306.6000061035156, "height": 162, "width": 200, "children": []}, {"name": "box12", "top": 273.5333251953125, "left": 7, "height": 45.9667, "width": 799.2, "children": [{"name": "search_form_homepage", "top": 273.5333251953125, "left": 74.10000610351562, "height": 45.9667, "width": 665, "children": [{"name": "search_form_input_homepage", "top": 274.16668701171875, "left": 91.14999389648438, "height": 45.95, "width": 589.85, "children": []}, {"name": "search_button_homepage", "top": 273.5333251953125, "left": 700.3333122070312, "height": 45.9667, "width": 26, "children": []}]}]}]}, {"name": "box10", "top": 57.53334045410156, "left": 7, "height": 261.967, "width": 710.533, "children": [{"name": "box11", "top": 71.53334045410156, "left": 262.26666259765625, "height": 162, "width": 200, "children": []}, {"name": "box12", "top": 273.5333251953125, "left": 7, "height": 45.9667, "width": 710.533, "children": [{"name": "search_form_homepage", "top": 273.5333251953125, "left": 29.76666259765625, "height": 45.9667, "width": 665, "children": [{"name": "search_form_input_homepage", "top": 274.16668701171875, "left": 46.81666564941406, "height": 45.95, "width": 589.85, "children": []}, {"name": "search_button_homepage", "top": 273.5333251953125, "left": 655.99999921875, "height": 45.9667, "width": 26, "children": []}]}]}]}, {"name": "box10", "top": 57.53334045410156, "left": 7, "height": 261.967, "width": 803, "children": [{"name": "box11", "top": 71.53334045410156, "left": 308.5, "height": 162, "width": 200, "children": []}, {"name": "box12", "top": 273.5333251953125, "left": 7, "height": 45.9667, "width": 803, "children": [{"name": "search_form_homepage", "top": 273.5333251953125, "left": 76, "height": 45.9667, "width": 665, "children": [{"name": "search_form_input_homepage", "top": 274.16668701171875, "left": 93.05000305175781, "height": 45.95, "width": 589.85, "children": []}, {"name": "search_button_homepage", "top": 273.5333251953125, "left": 702.2332755859375, "height": 45.9667, "width": 26, "children": []}]}]}]}, {"name": "box10", "top": 57.53334045410156, "left": 7, "height": 261.967, "width": 719.4, "children": [{"name": "box11", "top": 71.53334045410156, "left": 266.70001220703125, "height": 162, "width": 200, "children": []}, {"name": "box12", "top": 273.5333251953125, "left": 7, "height": 45.9667, "width": 719.4, "children": [{"name": "search_form_homepage", "top": 273.5333251953125, "left": 34.19999694824219, "height": 45.9667, "width": 665, "children": [{"name": "search_form_input_homepage", "top": 274.16668701171875, "left": 51.25, "height": 45.95, "width": 589.85, "children": []}, {"name": "search_button_homepage", "top": 273.5333251953125, "left": 660.4332877929687, "height": 45.9667, "width": 26, "children": []}]}]}]}, {"name": "box10", "top": 57.53334045410156, "left": 7, "height": 261.967, "width": 801.733, "children": [{"name": "box11", "top": 71.53334045410156, "left": 307.8666687011719, "height": 162, "width": 200, "children": []}, {"name": "box12", "top": 273.5333251953125, "left": 7, "height": 45.9667, "width": 801.733, "children": [{"name": "search_form_homepage", "top": 273.5333251953125, "left": 75.36666870117188, "height": 45.9667, "width": 665, "children": [{"name": "search_form_input_homepage", "top": 274.16668701171875, "left": 92.41667175292969, "height": 45.95, "width": 589.85, "children": []}, {"name": "search_button_homepage", "top": 273.5333251953125, "left": 701.5999748046875, "height": 45.9667, "width": 26, "children": []}]}]}]}, {"name": "box10", "top": 57.53334045410156, "left": 7, "height": 261.967, "width": 848.6, "children": [{"name": "box11", "top": 71.53334045410156, "left": 331.29998779296875, "height": 162, "width": 200, "children": []}, {"name": "box12", "top": 273.5333251953125, "left": 7, "height": 45.9667, "width": 848.6, "children": [{"name": "search_form_homepage", "top": 273.5333251953125, "left": 98.80000305175781, "height": 45.9667, "width": 665, "children": [{"name": "search_form_input_homepage", "top": 274.16668701171875, "left": 115.85000610351562, "height": 45.95, "width": 589.85, "children": []}, {"name": "search_button_homepage", "top": 273.5333251953125, "left": 725.0333244140625, "height": 45.9667, "width": 26, "children": []}]}]}]}, {"name": "box10", "top": 57.53334045410156, "left": 7, "height": 261.967, "width": 713.067, "children": [{"name": "box11", "top": 71.53334045410156, "left": 263.5333251953125, "height": 162, "width": 200, "children": []}, {"name": "box12", "top": 273.5333251953125, "left": 7, "height": 45.9667, "width": 713.067, "children": [{"name": "search_form_homepage", "top": 273.5333251953125, "left": 31.033340454101562, "height": 45.9667, "width": 665, "children": [{"name": "search_form_input_homepage", "top": 274.16668701171875, "left": 48.08332824707031, "height": 45.95, "width": 589.85, "children": []}, {"name": "search_button_homepage", "top": 273.5333251953125, "left": 657.26660078125, "height": 45.9667, "width": 26, "children": []}]}]}]}, {"name": "box10", "top": 57.53334045410156, "left": 7, "height": 261.967, "width": 789.067, "children": [{"name": "box11", "top": 71.53334045410156, "left": 301.5333251953125, "height": 162, "width": 200, "children": []}, {"name": "box12", "top": 273.5333251953125, "left": 7, "height": 45.9667, "width": 789.067, "children": [{"name": "search_form_homepage", "top": 273.5333251953125, "left": 69.03334045410156, "height": 45.9667, "width": 665, "children": [{"name": "search_form_input_homepage", "top": 274.16668701171875, "left": 86.08332824707031, "height": 45.95, "width": 589.85, "children": []}, {"name": "search_button_homepage", "top": 273.5333251953125, "left": 695.26660078125, "height": 45.9667, "width": 26, "children": []}]}]}]}, {"name": "box10", "top": 57.53334045410156, "left": 7, "height": 261.967, "width": 810.6, "children": [{"name": "box11", "top": 71.53334045410156, "left": 312.29998779296875, "height": 162, "width": 200, "children": []}, {"name": "box12", "top": 273.5333251953125, "left": 7, "height": 45.9667, "width": 810.6, "children": [{"name": "search_form_homepage", "top": 273.5333251953125, "left": 79.80000305175781, "height": 45.9667, "width": 665, "children": [{"name": "search_form_input_homepage", "top": 274.16668701171875, "left": 96.85000610351562, "height": 45.95, "width": 589.85, "children": []}, {"name": "search_button_homepage", "top": 273.5333251953125, "left": 706.0333244140625, "height": 45.9667, "width": 26, "children": []}]}]}]}, {"name": "box10", "top": 57.53334045410156, "left": 7, "height": 261.967, "width": 781.467, "children": [{"name": "box11", "top": 71.53334045410156, "left": 297.73333740234375, "height": 162, "width": 200, "children": []}, {"name": "box12", "top": 273.5333251953125, "left": 7, "height": 45.9667, "width": 781.467, "children": [{"name": "search_form_homepage", "top": 273.5333251953125, "left": 65.23333740234375, "height": 45.9667, "width": 665, "children": [{"name": "search_form_input_homepage", "top": 274.16668701171875, "left": 82.28334045410156, "height": 45.95, "width": 589.85, "children": []}, {"name": "search_button_homepage", "top": 273.5333251953125, "left": 691.4666129882812, "height": 45.9667, "width": 26, "children": []}]}]}]}]}