{
  "name": "ddg",
  "bench": {
    "height": {
      "low": 2600,
      "high": 2601
    },
    "width": {
      "low": 710,
      "high": 870
    },
    "trainSeed": 235775,
    "trainSize": 10,
    "testSeed": 17250987,
    "testSize": 10
  },
  "train": [
    {
      "name": "search_form_homepage",
      "top": 273.5333251953125,
      "left": 33.56666564941406,
      "height": 45.9667,
      "width": 665,
      "children": [
        {
          "name": "search_form_input_homepage",
          "top": 274.16668701171875,
          "left": 50.616668701171875,
          "height": 45.95,
          "width": 589.85,
          "children": []
        },
        {
          "name": "search_button_homepage",
          "top": 273.16668701171875,
          "left": 659.7999870117187,
          "height": 46.7,
          "width": 26,
          "children": []
        }
      ]
    },
    {
      "name": "search_form_homepage",
      "top": 273.5333251953125,
      "left": 96.89999389648438,
      "height": 45.9667,
      "width": 665,
      "children": [
        {
          "name": "search_form_input_homepage",
          "top": 274.16668701171875,
          "left": 113.94999694824219,
          "height": 45.95,
          "width": 589.85,
          "children": []
        },
        {
          "name": "search_button_homepage",
          "top": 273.16668701171875,
          "left": 723.1333,
          "height": 46.7,
          "width": 26,
          "children": []
        }
      ]
    },
    {
      "name": "search_form_homepage",
      "top": 273.5333251953125,
      "left": 51.93333435058594,
      "height": 45.9667,
      "width": 665,
      "children": [
        {
          "name": "search_form_input_homepage",
          "top": 274.16668701171875,
          "left": 68.98333740234375,
          "height": 45.95,
          "width": 589.85,
          "children": []
        },
        {
          "name": "search_button_homepage",
          "top": 273.16668701171875,
          "left": 678.1666251953125,
          "height": 46.7,
          "width": 26,
          "children": []
        }
      ]
    },
    {
      "name": "search_form_homepage",
      "top": 273.5333251953125,
      "left": 89.30000305175781,
      "height": 45.9667,
      "width": 665,
      "children": [
        {
          "name": "search_form_input_homepage",
          "top": 274.16668701171875,
          "left": 106.35000610351562,
          "height": 45.95,
          "width": 589.85,
          "children": []
        },
        {
          "name": "search_button_homepage",
          "top": 273.16668701171875,
          "left": 715.5333244140625,
          "height": 46.7,
          "width": 26,
          "children": []
        }
      ]
    },
    {
      "name": "search_form_homepage",
      "top": 273.5333251953125,
      "left": 66.5,
      "height": 45.9667,
      "width": 665,
      "children": [
        {
          "name": "search_form_input_homepage",
          "top": 274.16668701171875,
          "left": 83.55000305175781,
          "height": 45.95,
          "width": 589.85,
          "children": []
        },
        {
          "name": "search_button_homepage",
          "top": 273.16668701171875,
          "left": 692.7332755859375,
          "height": 46.7,
          "width": 26,
          "children": []
        }
      ]
    },
    {
      "name": "search_form_homepage",
      "top": 273.5333251953125,
      "left": 43.69999694824219,
      "height": 45.9667,
      "width": 665,
      "children": [
        {
          "name": "search_form_input_homepage",
          "top": 274.16668701171875,
          "left": 60.75,
          "height": 45.95,
          "width": 589.85,
          "children": []
        },
        {
          "name": "search_button_homepage",
          "top": 273.16668701171875,
          "left": 669.9332877929687,
          "height": 46.7,
          "width": 26,
          "children": []
        }
      ]
    },
    {
      "name": "search_form_homepage",
      "top": 273.5333251953125,
      "left": 28.5,
      "height": 45.9667,
      "width": 665,
      "children": [
        {
          "name": "search_form_input_homepage",
          "top": 274.16668701171875,
          "left": 45.55000305175781,
          "height": 45.95,
          "width": 589.85,
          "children": []
        },
        {
          "name": "search_button_homepage",
          "top": 273.16668701171875,
          "left": 654.7332755859375,
          "height": 46.7,
          "width": 26,
          "children": []
        }
      ]
    },
    {
      "name": "search_form_homepage",
      "top": 273.5333251953125,
      "left": 84.23333740234375,
      "height": 45.9667,
      "width": 665,
      "children": [
        {
          "name": "search_form_input_homepage",
          "top": 274.16668701171875,
          "left": 101.28334045410156,
          "height": 45.95,
          "width": 589.85,
          "children": []
        },
        {
          "name": "search_button_homepage",
          "top": 273.16668701171875,
          "left": 710.4666129882812,
          "height": 46.7,
          "width": 26,
          "children": []
        }
      ]
    },
    {
      "name": "search_form_homepage",
      "top": 273.5333251953125,
      "left": 46.23333740234375,
      "height": 45.9667,
      "width": 665,
      "children": [
        {
          "name": "search_form_input_homepage",
          "top": 274.16668701171875,
          "left": 63.28334045410156,
          "height": 45.95,
          "width": 589.85,
          "children": []
        },
        {
          "name": "search_button_homepage",
          "top": 273.16668701171875,
          "left": 672.4666129882812,
          "height": 46.7,
          "width": 26,
          "children": []
        }
      ]
    },
    {
      "name": "search_form_homepage",
      "top": 273.5333251953125,
      "left": 35.46665954589844,
      "height": 45.9667,
      "width": 665,
      "children": [
        {
          "name": "search_form_input_homepage",
          "top": 274.16668701171875,
          "left": 52.51666259765625,
          "height": 45.95,
          "width": 589.85,
          "children": []
        },
        {
          "name": "search_button_homepage",
          "top": 273.16668701171875,
          "left": 661.699950390625,
          "height": 46.7,
          "width": 26,
          "children": []
        }
      ]
    }
  ],
  "test": [
    {
      "name": "search_form_homepage",
      "top": 273.5333251953125,
      "left": 74.10000610351562,
      "height": 45.9667,
      "width": 665,
      "children": [
        {
          "name": "search_form_input_homepage",
          "top": 274.16668701171875,
          "left": 91.14999389648438,
          "height": 45.95,
          "width": 589.85,
          "children": []
        },
        {
          "name": "search_button_homepage",
          "top": 273.16668701171875,
          "left": 700.3333122070312,
          "height": 46.7,
          "width": 26,
          "children": []
        }
      ]
    },
    {
      "name": "search_form_homepage",
      "top": 273.5333251953125,
      "left": 29.76666259765625,
      "height": 45.9667,
      "width": 665,
      "children": [
        {
          "name": "search_form_input_homepage",
          "top": 274.16668701171875,
          "left": 46.81666564941406,
          "height": 45.95,
          "width": 589.85,
          "children": []
        },
        {
          "name": "search_button_homepage",
          "top": 273.16668701171875,
          "left": 655.99999921875,
          "height": 46.7,
          "width": 26,
          "children": []
        }
      ]
    },
    {
      "name": "search_form_homepage",
      "top": 273.5333251953125,
      "left": 76,
      "height": 45.9667,
      "width": 665,
      "children": [
        {
          "name": "search_form_input_homepage",
          "top": 274.16668701171875,
          "left": 93.05000305175781,
          "height": 45.95,
          "width": 589.85,
          "children": []
        },
        {
          "name": "search_button_homepage",
          "top": 273.16668701171875,
          "left": 702.2332755859375,
          "height": 46.7,
          "width": 26,
          "children": []
        }
      ]
    },
    {
      "name": "search_form_homepage",
      "top": 273.5333251953125,
      "left": 34.19999694824219,
      "height": 45.9667,
      "width": 665,
      "children": [
        {
          "name": "search_form_input_homepage",
          "top": 274.16668701171875,
          "left": 51.25,
          "height": 45.95,
          "width": 589.85,
          "children": []
        },
        {
          "name": "search_button_homepage",
          "top": 273.16668701171875,
          "left": 660.4332877929687,
          "height": 46.7,
          "width": 26,
          "children": []
        }
      ]
    },
    {
      "name": "search_form_homepage",
      "top": 273.5333251953125,
      "left": 75.36666870117188,
      "height": 45.9667,
      "width": 665,
      "children": [
        {
          "name": "search_form_input_homepage",
          "top": 274.16668701171875,
          "left": 92.41667175292969,
          "height": 45.95,
          "width": 589.85,
          "children": []
        },
        {
          "name": "search_button_homepage",
          "top": 273.16668701171875,
          "left": 701.5999748046875,
          "height": 46.7,
          "width": 26,
          "children": []
        }
      ]
    },
    {
      "name": "search_form_homepage",
      "top": 273.5333251953125,
      "left": 98.80000305175781,
      "height": 45.9667,
      "width": 665,
      "children": [
        {
          "name": "search_form_input_homepage",
          "top": 274.16668701171875,
          "left": 115.85000610351562,
          "height": 45.95,
          "width": 589.85,
          "children": []
        },
        {
          "name": "search_button_homepage",
          "top": 273.16668701171875,
          "left": 725.0333244140625,
          "height": 46.7,
          "width": 26,
          "children": []
        }
      ]
    },
    {
      "name": "search_form_homepage",
      "top": 273.5333251953125,
      "left": 31.033340454101562,
      "height": 45.9667,
      "width": 665,
      "children": [
        {
          "name": "search_form_input_homepage",
          "top": 274.16668701171875,
          "left": 48.08332824707031,
          "height": 45.95,
          "width": 589.85,
          "children": []
        },
        {
          "name": "search_button_homepage",
          "top": 273.16668701171875,
          "left": 657.26660078125,
          "height": 46.7,
          "width": 26,
          "children": []
        }
      ]
    },
    {
      "name": "search_form_homepage",
      "top": 273.5333251953125,
      "left": 69.03334045410156,
      "height": 45.9667,
      "width": 665,
      "children": [
        {
          "name": "search_form_input_homepage",
          "top": 274.16668701171875,
          "left": 86.08332824707031,
          "height": 45.95,
          "width": 589.85,
          "children": []
        },
        {
          "name": "search_button_homepage",
          "top": 273.16668701171875,
          "left": 695.26660078125,
          "height": 46.7,
          "width": 26,
          "children": []
        }
      ]
    },
    {
      "name": "search_form_homepage",
      "top": 273.5333251953125,
      "left": 79.80000305175781,
      "height": 45.9667,
      "width": 665,
      "children": [
        {
          "name": "search_form_input_homepage",
          "top": 274.16668701171875,
          "left": 96.85000610351562,
          "height": 45.95,
          "width": 589.85,
          "children": []
        },
        {
          "name": "search_button_homepage",
          "top": 273.16668701171875,
          "left": 706.0333244140625,
          "height": 46.7,
          "width": 26,
          "children": []
        }
      ]
    },
    {
      "name": "search_form_homepage",
      "top": 273.5333251953125,
      "left": 65.23333740234375,
      "height": 45.9667,
      "width": 665,
      "children": [
        {
          "name": "search_form_input_homepage",
          "top": 274.16668701171875,
          "left": 82.28334045410156,
          "height": 45.95,
          "width": 589.85,
          "children": []
        },
        {
          "name": "search_button_homepage",
          "top": 273.16668701171875,
          "left": 691.4666129882812,
          "height": 46.7,
          "width": 26,
          "children": []
        }
      ]
    }
  ]
}
