{"name": "fwt-space-social", "bench": {"height": {"low": 84, "high": 84}, "width": {"low": 984, "high": 1252}, "trainSeed": 235775, "testSeed": 17250987, "testSize": 10, "trainSize": 10}, "train": [{"name": "box53", "top": 1409, "left": 0, "height": 84, "width": 1138, "children": [{"name": "box54", "top": 1433, "left": 89, "height": 36, "width": 960, "children": [{"name": "box55", "top": 1441, "left": 89, "height": 23, "width": 525, "children": []}, {"name": "box56", "top": 1433, "left": 659, "height": 36, "width": 380, "children": [{"name": "box57", "top": 1433, "left": 675, "height": 36, "width": 18, "children": []}, {"name": "box58", "top": 1433, "left": 721, "height": 36, "width": 44, "children": []}, {"name": "box59", "top": 1433, "left": 792, "height": 36, "width": 37, "children": []}, {"name": "box60", "top": 1433, "left": 858, "height": 36, "width": 30, "children": []}]}]}]}, {"name": "box53", "top": 1409, "left": 0, "height": 84, "width": 1207, "children": [{"name": "box54", "top": 1433, "left": 123.5, "height": 36, "width": 960, "children": [{"name": "box55", "top": 1441, "left": 123.5, "height": 23, "width": 525, "children": []}, {"name": "box56", "top": 1433, "left": 693.5, "height": 36, "width": 380, "children": [{"name": "box57", "top": 1433, "left": 709.5, "height": 36, "width": 18, "children": []}, {"name": "box58", "top": 1433, "left": 755.5, "height": 36, "width": 44, "children": []}, {"name": "box59", "top": 1433, "left": 826.5, "height": 36, "width": 37, "children": []}, {"name": "box60", "top": 1433, "left": 892.5, "height": 36, "width": 30, "children": []}]}]}]}, {"name": "box53", "top": 1409, "left": 0, "height": 84, "width": 1199, "children": [{"name": "box54", "top": 1433, "left": 119.5, "height": 36, "width": 960, "children": [{"name": "box55", "top": 1441, "left": 119.5, "height": 23, "width": 525, "children": []}, {"name": "box56", "top": 1433, "left": 689.5, "height": 36, "width": 380, "children": [{"name": "box57", "top": 1433, "left": 705.5, "height": 36, "width": 18, "children": []}, {"name": "box58", "top": 1433, "left": 751.5, "height": 36, "width": 44, "children": []}, {"name": "box59", "top": 1433, "left": 822.5, "height": 36, "width": 37, "children": []}, {"name": "box60", "top": 1433, "left": 888.5, "height": 36, "width": 30, "children": []}]}]}]}, {"name": "box53", "top": 1409, "left": 0, "height": 84, "width": 1058, "children": [{"name": "box54", "top": 1433, "left": 49, "height": 36, "width": 960, "children": [{"name": "box55", "top": 1441, "left": 49, "height": 23, "width": 525, "children": []}, {"name": "box56", "top": 1433, "left": 619, "height": 36, "width": 380, "children": [{"name": "box57", "top": 1433, "left": 635, "height": 36, "width": 18, "children": []}, {"name": "box58", "top": 1433, "left": 681, "height": 36, "width": 44, "children": []}, {"name": "box59", "top": 1433, "left": 752, "height": 36, "width": 37, "children": []}, {"name": "box60", "top": 1433, "left": 818, "height": 36, "width": 30, "children": []}]}]}]}, {"name": "box53", "top": 1409, "left": 0, "height": 84, "width": 1252, "children": [{"name": "box54", "top": 1433, "left": 146, "height": 36, "width": 960, "children": [{"name": "box55", "top": 1441, "left": 146, "height": 23, "width": 525, "children": []}, {"name": "box56", "top": 1433, "left": 716, "height": 36, "width": 380, "children": [{"name": "box57", "top": 1433, "left": 732, "height": 36, "width": 18, "children": []}, {"name": "box58", "top": 1433, "left": 778, "height": 36, "width": 44, "children": []}, {"name": "box59", "top": 1433, "left": 849, "height": 36, "width": 37, "children": []}, {"name": "box60", "top": 1433, "left": 915, "height": 36, "width": 30, "children": []}]}]}]}, {"name": "box53", "top": 1409, "left": 0, "height": 84, "width": 1207, "children": [{"name": "box54", "top": 1433, "left": 123.5, "height": 36, "width": 960, "children": [{"name": "box55", "top": 1441, "left": 123.5, "height": 23, "width": 525, "children": []}, {"name": "box56", "top": 1433, "left": 693.5, "height": 36, "width": 380, "children": [{"name": "box57", "top": 1433, "left": 709.5, "height": 36, "width": 18, "children": []}, {"name": "box58", "top": 1433, "left": 755.5, "height": 36, "width": 44, "children": []}, {"name": "box59", "top": 1433, "left": 826.5, "height": 36, "width": 37, "children": []}, {"name": "box60", "top": 1433, "left": 892.5, "height": 36, "width": 30, "children": []}]}]}]}, {"name": "box53", "top": 1409, "left": 0, "height": 84, "width": 1238, "children": [{"name": "box54", "top": 1433, "left": 139, "height": 36, "width": 960, "children": [{"name": "box55", "top": 1441, "left": 139, "height": 23, "width": 525, "children": []}, {"name": "box56", "top": 1433, "left": 709, "height": 36, "width": 380, "children": [{"name": "box57", "top": 1433, "left": 725, "height": 36, "width": 18, "children": []}, {"name": "box58", "top": 1433, "left": 771, "height": 36, "width": 44, "children": []}, {"name": "box59", "top": 1433, "left": 842, "height": 36, "width": 37, "children": []}, {"name": "box60", "top": 1433, "left": 908, "height": 36, "width": 30, "children": []}]}]}]}, {"name": "box53", "top": 1409, "left": 0, "height": 84, "width": 1047, "children": [{"name": "box54", "top": 1433, "left": 43.5, "height": 36, "width": 960, "children": [{"name": "box55", "top": 1441, "left": 43.5, "height": 23, "width": 525, "children": []}, {"name": "box56", "top": 1433, "left": 613.5, "height": 36, "width": 380, "children": [{"name": "box57", "top": 1433, "left": 629.5, "height": 36, "width": 18, "children": []}, {"name": "box58", "top": 1433, "left": 675.5, "height": 36, "width": 44, "children": []}, {"name": "box59", "top": 1433, "left": 746.5, "height": 36, "width": 37, "children": []}, {"name": "box60", "top": 1433, "left": 812.5, "height": 36, "width": 30, "children": []}]}]}]}, {"name": "box53", "top": 1409, "left": 0, "height": 84, "width": 1172, "children": [{"name": "box54", "top": 1433, "left": 106, "height": 36, "width": 960, "children": [{"name": "box55", "top": 1441, "left": 106, "height": 23, "width": 525, "children": []}, {"name": "box56", "top": 1433, "left": 676, "height": 36, "width": 380, "children": [{"name": "box57", "top": 1433, "left": 692, "height": 36, "width": 18, "children": []}, {"name": "box58", "top": 1433, "left": 738, "height": 36, "width": 44, "children": []}, {"name": "box59", "top": 1433, "left": 809, "height": 36, "width": 37, "children": []}, {"name": "box60", "top": 1433, "left": 875, "height": 36, "width": 30, "children": []}]}]}]}, {"name": "box53", "top": 1409, "left": 0, "height": 84, "width": 1231, "children": [{"name": "box54", "top": 1433, "left": 135.5, "height": 36, "width": 960, "children": [{"name": "box55", "top": 1441, "left": 135.5, "height": 23, "width": 525, "children": []}, {"name": "box56", "top": 1433, "left": 705.5, "height": 36, "width": 380, "children": [{"name": "box57", "top": 1433, "left": 721.5, "height": 36, "width": 18, "children": []}, {"name": "box58", "top": 1433, "left": 767.5, "height": 36, "width": 44, "children": []}, {"name": "box59", "top": 1433, "left": 838.5, "height": 36, "width": 37, "children": []}, {"name": "box60", "top": 1433, "left": 904.5, "height": 36, "width": 30, "children": []}]}]}]}], "test": [{"name": "box53", "top": 1409, "left": 0, "height": 84, "width": 1043, "children": [{"name": "box54", "top": 1433, "left": 41.5, "height": 36, "width": 960, "children": [{"name": "box55", "top": 1441, "left": 41.5, "height": 23, "width": 525, "children": []}, {"name": "box56", "top": 1433, "left": 611.5, "height": 36, "width": 380, "children": [{"name": "box57", "top": 1433, "left": 627.5, "height": 36, "width": 18, "children": []}, {"name": "box58", "top": 1433, "left": 673.5, "height": 36, "width": 44, "children": []}, {"name": "box59", "top": 1433, "left": 744.5, "height": 36, "width": 37, "children": []}, {"name": "box60", "top": 1433, "left": 810.5, "height": 36, "width": 30, "children": []}]}]}]}, {"name": "box53", "top": 1409, "left": 0, "height": 84, "width": 1005, "children": [{"name": "box54", "top": 1433, "left": 22.5, "height": 36, "width": 960, "children": [{"name": "box55", "top": 1441, "left": 22.5, "height": 23, "width": 525, "children": []}, {"name": "box56", "top": 1433, "left": 592.5, "height": 36, "width": 380, "children": [{"name": "box57", "top": 1433, "left": 608.5, "height": 36, "width": 18, "children": []}, {"name": "box58", "top": 1433, "left": 654.5, "height": 36, "width": 44, "children": []}, {"name": "box59", "top": 1433, "left": 725.5, "height": 36, "width": 37, "children": []}, {"name": "box60", "top": 1433, "left": 791.5, "height": 36, "width": 30, "children": []}]}]}]}, {"name": "box53", "top": 1409, "left": 0, "height": 84, "width": 996, "children": [{"name": "box54", "top": 1433, "left": 18, "height": 36, "width": 960, "children": [{"name": "box55", "top": 1441, "left": 18, "height": 23, "width": 525, "children": []}, {"name": "box56", "top": 1433, "left": 588, "height": 36, "width": 380, "children": [{"name": "box57", "top": 1433, "left": 604, "height": 36, "width": 18, "children": []}, {"name": "box58", "top": 1433, "left": 650, "height": 36, "width": 44, "children": []}, {"name": "box59", "top": 1433, "left": 721, "height": 36, "width": 37, "children": []}, {"name": "box60", "top": 1433, "left": 787, "height": 36, "width": 30, "children": []}]}]}]}, {"name": "box53", "top": 1409, "left": 0, "height": 84, "width": 984, "children": [{"name": "box54", "top": 1433, "left": 12, "height": 36, "width": 960, "children": [{"name": "box55", "top": 1441, "left": 12, "height": 23, "width": 525, "children": []}, {"name": "box56", "top": 1433, "left": 582, "height": 36, "width": 380, "children": [{"name": "box57", "top": 1433, "left": 598, "height": 36, "width": 18, "children": []}, {"name": "box58", "top": 1433, "left": 644, "height": 36, "width": 44, "children": []}, {"name": "box59", "top": 1433, "left": 715, "height": 36, "width": 37, "children": []}, {"name": "box60", "top": 1433, "left": 781, "height": 36, "width": 30, "children": []}]}]}]}, {"name": "box53", "top": 1409, "left": 0, "height": 84, "width": 1140, "children": [{"name": "box54", "top": 1433, "left": 90, "height": 36, "width": 960, "children": [{"name": "box55", "top": 1441, "left": 90, "height": 23, "width": 525, "children": []}, {"name": "box56", "top": 1433, "left": 660, "height": 36, "width": 380, "children": [{"name": "box57", "top": 1433, "left": 676, "height": 36, "width": 18, "children": []}, {"name": "box58", "top": 1433, "left": 722, "height": 36, "width": 44, "children": []}, {"name": "box59", "top": 1433, "left": 793, "height": 36, "width": 37, "children": []}, {"name": "box60", "top": 1433, "left": 859, "height": 36, "width": 30, "children": []}]}]}]}, {"name": "box53", "top": 1409, "left": 0, "height": 84, "width": 1036, "children": [{"name": "box54", "top": 1433, "left": 38, "height": 36, "width": 960, "children": [{"name": "box55", "top": 1441, "left": 38, "height": 23, "width": 525, "children": []}, {"name": "box56", "top": 1433, "left": 608, "height": 36, "width": 380, "children": [{"name": "box57", "top": 1433, "left": 624, "height": 36, "width": 18, "children": []}, {"name": "box58", "top": 1433, "left": 670, "height": 36, "width": 44, "children": []}, {"name": "box59", "top": 1433, "left": 741, "height": 36, "width": 37, "children": []}, {"name": "box60", "top": 1433, "left": 807, "height": 36, "width": 30, "children": []}]}]}]}, {"name": "box53", "top": 1409, "left": 0, "height": 84, "width": 1118, "children": [{"name": "box54", "top": 1433, "left": 79, "height": 36, "width": 960, "children": [{"name": "box55", "top": 1441, "left": 79, "height": 23, "width": 525, "children": []}, {"name": "box56", "top": 1433, "left": 649, "height": 36, "width": 380, "children": [{"name": "box57", "top": 1433, "left": 665, "height": 36, "width": 18, "children": []}, {"name": "box58", "top": 1433, "left": 711, "height": 36, "width": 44, "children": []}, {"name": "box59", "top": 1433, "left": 782, "height": 36, "width": 37, "children": []}, {"name": "box60", "top": 1433, "left": 848, "height": 36, "width": 30, "children": []}]}]}]}, {"name": "box53", "top": 1409, "left": 0, "height": 84, "width": 1172, "children": [{"name": "box54", "top": 1433, "left": 106, "height": 36, "width": 960, "children": [{"name": "box55", "top": 1441, "left": 106, "height": 23, "width": 525, "children": []}, {"name": "box56", "top": 1433, "left": 676, "height": 36, "width": 380, "children": [{"name": "box57", "top": 1433, "left": 692, "height": 36, "width": 18, "children": []}, {"name": "box58", "top": 1433, "left": 738, "height": 36, "width": 44, "children": []}, {"name": "box59", "top": 1433, "left": 809, "height": 36, "width": 37, "children": []}, {"name": "box60", "top": 1433, "left": 875, "height": 36, "width": 30, "children": []}]}]}]}, {"name": "box53", "top": 1409, "left": 0, "height": 84, "width": 1209, "children": [{"name": "box54", "top": 1433, "left": 124.5, "height": 36, "width": 960, "children": [{"name": "box55", "top": 1441, "left": 124.5, "height": 23, "width": 525, "children": []}, {"name": "box56", "top": 1433, "left": 694.5, "height": 36, "width": 380, "children": [{"name": "box57", "top": 1433, "left": 710.5, "height": 36, "width": 18, "children": []}, {"name": "box58", "top": 1433, "left": 756.5, "height": 36, "width": 44, "children": []}, {"name": "box59", "top": 1433, "left": 827.5, "height": 36, "width": 37, "children": []}, {"name": "box60", "top": 1433, "left": 893.5, "height": 36, "width": 30, "children": []}]}]}]}, {"name": "box53", "top": 1409, "left": 0, "height": 84, "width": 995, "children": [{"name": "box54", "top": 1433, "left": 17.5, "height": 36, "width": 960, "children": [{"name": "box55", "top": 1441, "left": 17.5, "height": 23, "width": 525, "children": []}, {"name": "box56", "top": 1433, "left": 587.5, "height": 36, "width": 380, "children": [{"name": "box57", "top": 1433, "left": 603.5, "height": 36, "width": 18, "children": []}, {"name": "box58", "top": 1433, "left": 649.5, "height": 36, "width": 44, "children": []}, {"name": "box59", "top": 1433, "left": 720.5, "height": 36, "width": 37, "children": []}, {"name": "box60", "top": 1433, "left": 786.5, "height": 36, "width": 30, "children": []}]}]}]}]}