{"name": "fwt-running-navigation", "bench": {"height": {"low": 227, "high": 227}, "width": {"low": 984, "high": 1252}, "trainSeed": 235775, "testSeed": 17250987, "testSize": 10, "trainSize": 10}, "train": [{"name": "header", "top": 41, "left": 0, "height": 227, "width": 1138, "children": [{"name": "navigation", "top": 41, "left": 99, "height": 227, "width": 940, "children": [{"name": "box10", "top": 85, "left": 99, "height": 106, "width": 320, "children": []}, {"name": "menu", "top": 143, "left": 541.683349609375, "height": 19.2, "width": 497.317, "children": [{"name": "box11", "top": 143, "left": 578.683349609375, "height": 19.2, "width": 46.6667, "children": [{"name": "box12", "top": 141.10000610351562, "left": 578.683349609375, "height": 20, "width": 47, "children": []}]}, {"name": "box13", "top": 143, "left": 666.3499755859375, "height": 19.2, "width": 55.2167, "children": [{"name": "box14", "top": 141.10000610351562, "left": 666.3499755859375, "height": 20, "width": 55, "children": []}]}, {"name": "box15", "top": 143, "left": 762.566650390625, "height": 19.2, "width": 74.6667, "children": [{"name": "box16", "top": 141.10000610351562, "left": 762.566650390625, "height": 20, "width": 75, "children": []}]}, {"name": "box17", "top": 143, "left": 878.2333374023438, "height": 19.2, "width": 43.55, "children": [{"name": "box18", "top": 141.10000610351562, "left": 878.2333374023438, "height": 20, "width": 44, "children": []}]}, {"name": "box19", "top": 143, "left": 962.7833251953125, "height": 19.2, "width": 76.2167, "children": [{"name": "box20", "top": 141.10000610351562, "left": 962.7833251953125, "height": 20, "width": 76, "children": []}]}]}]}]}, {"name": "header", "top": 41, "left": 0, "height": 227, "width": 1207, "children": [{"name": "navigation", "top": 41, "left": 133.5, "height": 227, "width": 940, "children": [{"name": "box10", "top": 85, "left": 133.5, "height": 106, "width": 320, "children": []}, {"name": "menu", "top": 143, "left": 576.183349609375, "height": 19.2, "width": 497.317, "children": [{"name": "box11", "top": 143, "left": 613.183349609375, "height": 19.2, "width": 46.6667, "children": [{"name": "box12", "top": 141.10000610351562, "left": 613.183349609375, "height": 20, "width": 47, "children": []}]}, {"name": "box13", "top": 143, "left": 700.8499755859375, "height": 19.2, "width": 55.2167, "children": [{"name": "box14", "top": 141.10000610351562, "left": 700.8499755859375, "height": 20, "width": 55, "children": []}]}, {"name": "box15", "top": 143, "left": 797.066650390625, "height": 19.2, "width": 74.6667, "children": [{"name": "box16", "top": 141.10000610351562, "left": 797.066650390625, "height": 20, "width": 75, "children": []}]}, {"name": "box17", "top": 143, "left": 912.7333374023438, "height": 19.2, "width": 43.55, "children": [{"name": "box18", "top": 141.10000610351562, "left": 912.7333374023438, "height": 20, "width": 44, "children": []}]}, {"name": "box19", "top": 143, "left": 997.2833251953125, "height": 19.2, "width": 76.2167, "children": [{"name": "box20", "top": 141.10000610351562, "left": 997.2833251953125, "height": 20, "width": 76, "children": []}]}]}]}]}, {"name": "header", "top": 41, "left": 0, "height": 227, "width": 1199, "children": [{"name": "navigation", "top": 41, "left": 129.5, "height": 227, "width": 940, "children": [{"name": "box10", "top": 85, "left": 129.5, "height": 106, "width": 320, "children": []}, {"name": "menu", "top": 143, "left": 572.183349609375, "height": 19.2, "width": 497.317, "children": [{"name": "box11", "top": 143, "left": 609.183349609375, "height": 19.2, "width": 46.6667, "children": [{"name": "box12", "top": 141.10000610351562, "left": 609.183349609375, "height": 20, "width": 47, "children": []}]}, {"name": "box13", "top": 143, "left": 696.8499755859375, "height": 19.2, "width": 55.2167, "children": [{"name": "box14", "top": 141.10000610351562, "left": 696.8499755859375, "height": 20, "width": 55, "children": []}]}, {"name": "box15", "top": 143, "left": 793.066650390625, "height": 19.2, "width": 74.6667, "children": [{"name": "box16", "top": 141.10000610351562, "left": 793.066650390625, "height": 20, "width": 75, "children": []}]}, {"name": "box17", "top": 143, "left": 908.7333374023438, "height": 19.2, "width": 43.55, "children": [{"name": "box18", "top": 141.10000610351562, "left": 908.7333374023438, "height": 20, "width": 44, "children": []}]}, {"name": "box19", "top": 143, "left": 993.2833251953125, "height": 19.2, "width": 76.2167, "children": [{"name": "box20", "top": 141.10000610351562, "left": 993.2833251953125, "height": 20, "width": 76, "children": []}]}]}]}]}, {"name": "header", "top": 41, "left": 0, "height": 227, "width": 1058, "children": [{"name": "navigation", "top": 41, "left": 59, "height": 227, "width": 940, "children": [{"name": "box10", "top": 85, "left": 59, "height": 106, "width": 320, "children": []}, {"name": "menu", "top": 143, "left": 501.683349609375, "height": 19.2, "width": 497.317, "children": [{"name": "box11", "top": 143, "left": 538.683349609375, "height": 19.2, "width": 46.6667, "children": [{"name": "box12", "top": 141.10000610351562, "left": 538.683349609375, "height": 20, "width": 47, "children": []}]}, {"name": "box13", "top": 143, "left": 626.3499755859375, "height": 19.2, "width": 55.2167, "children": [{"name": "box14", "top": 141.10000610351562, "left": 626.3499755859375, "height": 20, "width": 55, "children": []}]}, {"name": "box15", "top": 143, "left": 722.566650390625, "height": 19.2, "width": 74.6667, "children": [{"name": "box16", "top": 141.10000610351562, "left": 722.566650390625, "height": 20, "width": 75, "children": []}]}, {"name": "box17", "top": 143, "left": 838.2333374023438, "height": 19.2, "width": 43.55, "children": [{"name": "box18", "top": 141.10000610351562, "left": 838.2333374023438, "height": 20, "width": 44, "children": []}]}, {"name": "box19", "top": 143, "left": 922.7833251953125, "height": 19.2, "width": 76.2167, "children": [{"name": "box20", "top": 141.10000610351562, "left": 922.7833251953125, "height": 20, "width": 76, "children": []}]}]}]}]}, {"name": "header", "top": 41, "left": 0, "height": 227, "width": 1252, "children": [{"name": "navigation", "top": 41, "left": 156, "height": 227, "width": 940, "children": [{"name": "box10", "top": 85, "left": 156, "height": 106, "width": 320, "children": []}, {"name": "menu", "top": 143, "left": 598.683349609375, "height": 19.2, "width": 497.317, "children": [{"name": "box11", "top": 143, "left": 635.683349609375, "height": 19.2, "width": 46.6667, "children": [{"name": "box12", "top": 141.10000610351562, "left": 635.683349609375, "height": 20, "width": 47, "children": []}]}, {"name": "box13", "top": 143, "left": 723.3499755859375, "height": 19.2, "width": 55.2167, "children": [{"name": "box14", "top": 141.10000610351562, "left": 723.3499755859375, "height": 20, "width": 55, "children": []}]}, {"name": "box15", "top": 143, "left": 819.566650390625, "height": 19.2, "width": 74.6667, "children": [{"name": "box16", "top": 141.10000610351562, "left": 819.566650390625, "height": 20, "width": 75, "children": []}]}, {"name": "box17", "top": 143, "left": 935.2333374023438, "height": 19.2, "width": 43.55, "children": [{"name": "box18", "top": 141.10000610351562, "left": 935.2333374023438, "height": 20, "width": 44, "children": []}]}, {"name": "box19", "top": 143, "left": 1019.7833251953125, "height": 19.2, "width": 76.2167, "children": [{"name": "box20", "top": 141.10000610351562, "left": 1019.7833251953125, "height": 20, "width": 76, "children": []}]}]}]}]}, {"name": "header", "top": 41, "left": 0, "height": 227, "width": 1207, "children": [{"name": "navigation", "top": 41, "left": 133.5, "height": 227, "width": 940, "children": [{"name": "box10", "top": 85, "left": 133.5, "height": 106, "width": 320, "children": []}, {"name": "menu", "top": 143, "left": 576.183349609375, "height": 19.2, "width": 497.317, "children": [{"name": "box11", "top": 143, "left": 613.183349609375, "height": 19.2, "width": 46.6667, "children": [{"name": "box12", "top": 141.10000610351562, "left": 613.183349609375, "height": 20, "width": 47, "children": []}]}, {"name": "box13", "top": 143, "left": 700.8499755859375, "height": 19.2, "width": 55.2167, "children": [{"name": "box14", "top": 141.10000610351562, "left": 700.8499755859375, "height": 20, "width": 55, "children": []}]}, {"name": "box15", "top": 143, "left": 797.066650390625, "height": 19.2, "width": 74.6667, "children": [{"name": "box16", "top": 141.10000610351562, "left": 797.066650390625, "height": 20, "width": 75, "children": []}]}, {"name": "box17", "top": 143, "left": 912.7333374023438, "height": 19.2, "width": 43.55, "children": [{"name": "box18", "top": 141.10000610351562, "left": 912.7333374023438, "height": 20, "width": 44, "children": []}]}, {"name": "box19", "top": 143, "left": 997.2833251953125, "height": 19.2, "width": 76.2167, "children": [{"name": "box20", "top": 141.10000610351562, "left": 997.2833251953125, "height": 20, "width": 76, "children": []}]}]}]}]}, {"name": "header", "top": 41, "left": 0, "height": 227, "width": 1238, "children": [{"name": "navigation", "top": 41, "left": 149, "height": 227, "width": 940, "children": [{"name": "box10", "top": 85, "left": 149, "height": 106, "width": 320, "children": []}, {"name": "menu", "top": 143, "left": 591.683349609375, "height": 19.2, "width": 497.317, "children": [{"name": "box11", "top": 143, "left": 628.683349609375, "height": 19.2, "width": 46.6667, "children": [{"name": "box12", "top": 141.10000610351562, "left": 628.683349609375, "height": 20, "width": 47, "children": []}]}, {"name": "box13", "top": 143, "left": 716.3499755859375, "height": 19.2, "width": 55.2167, "children": [{"name": "box14", "top": 141.10000610351562, "left": 716.3499755859375, "height": 20, "width": 55, "children": []}]}, {"name": "box15", "top": 143, "left": 812.566650390625, "height": 19.2, "width": 74.6667, "children": [{"name": "box16", "top": 141.10000610351562, "left": 812.566650390625, "height": 20, "width": 75, "children": []}]}, {"name": "box17", "top": 143, "left": 928.2333374023438, "height": 19.2, "width": 43.55, "children": [{"name": "box18", "top": 141.10000610351562, "left": 928.2333374023438, "height": 20, "width": 44, "children": []}]}, {"name": "box19", "top": 143, "left": 1012.7833251953125, "height": 19.2, "width": 76.2167, "children": [{"name": "box20", "top": 141.10000610351562, "left": 1012.7833251953125, "height": 20, "width": 76, "children": []}]}]}]}]}, {"name": "header", "top": 41, "left": 0, "height": 227, "width": 1047, "children": [{"name": "navigation", "top": 41, "left": 53.5, "height": 227, "width": 940, "children": [{"name": "box10", "top": 85, "left": 53.5, "height": 106, "width": 320, "children": []}, {"name": "menu", "top": 143, "left": 496.183349609375, "height": 19.2, "width": 497.317, "children": [{"name": "box11", "top": 143, "left": 533.183349609375, "height": 19.2, "width": 46.6667, "children": [{"name": "box12", "top": 141.10000610351562, "left": 533.183349609375, "height": 20, "width": 47, "children": []}]}, {"name": "box13", "top": 143, "left": 620.8499755859375, "height": 19.2, "width": 55.2167, "children": [{"name": "box14", "top": 141.10000610351562, "left": 620.8499755859375, "height": 20, "width": 55, "children": []}]}, {"name": "box15", "top": 143, "left": 717.066650390625, "height": 19.2, "width": 74.6667, "children": [{"name": "box16", "top": 141.10000610351562, "left": 717.066650390625, "height": 20, "width": 75, "children": []}]}, {"name": "box17", "top": 143, "left": 832.7333374023438, "height": 19.2, "width": 43.55, "children": [{"name": "box18", "top": 141.10000610351562, "left": 832.7333374023438, "height": 20, "width": 44, "children": []}]}, {"name": "box19", "top": 143, "left": 917.2833251953125, "height": 19.2, "width": 76.2167, "children": [{"name": "box20", "top": 141.10000610351562, "left": 917.2833251953125, "height": 20, "width": 76, "children": []}]}]}]}]}, {"name": "header", "top": 41, "left": 0, "height": 227, "width": 1172, "children": [{"name": "navigation", "top": 41, "left": 116, "height": 227, "width": 940, "children": [{"name": "box10", "top": 85, "left": 116, "height": 106, "width": 320, "children": []}, {"name": "menu", "top": 143, "left": 558.683349609375, "height": 19.2, "width": 497.317, "children": [{"name": "box11", "top": 143, "left": 595.683349609375, "height": 19.2, "width": 46.6667, "children": [{"name": "box12", "top": 141.10000610351562, "left": 595.683349609375, "height": 20, "width": 47, "children": []}]}, {"name": "box13", "top": 143, "left": 683.3499755859375, "height": 19.2, "width": 55.2167, "children": [{"name": "box14", "top": 141.10000610351562, "left": 683.3499755859375, "height": 20, "width": 55, "children": []}]}, {"name": "box15", "top": 143, "left": 779.566650390625, "height": 19.2, "width": 74.6667, "children": [{"name": "box16", "top": 141.10000610351562, "left": 779.566650390625, "height": 20, "width": 75, "children": []}]}, {"name": "box17", "top": 143, "left": 895.2333374023438, "height": 19.2, "width": 43.55, "children": [{"name": "box18", "top": 141.10000610351562, "left": 895.2333374023438, "height": 20, "width": 44, "children": []}]}, {"name": "box19", "top": 143, "left": 979.7833251953125, "height": 19.2, "width": 76.2167, "children": [{"name": "box20", "top": 141.10000610351562, "left": 979.7833251953125, "height": 20, "width": 76, "children": []}]}]}]}]}, {"name": "header", "top": 41, "left": 0, "height": 227, "width": 1231, "children": [{"name": "navigation", "top": 41, "left": 145.5, "height": 227, "width": 940, "children": [{"name": "box10", "top": 85, "left": 145.5, "height": 106, "width": 320, "children": []}, {"name": "menu", "top": 143, "left": 588.183349609375, "height": 19.2, "width": 497.317, "children": [{"name": "box11", "top": 143, "left": 625.183349609375, "height": 19.2, "width": 46.6667, "children": [{"name": "box12", "top": 141.10000610351562, "left": 625.183349609375, "height": 20, "width": 47, "children": []}]}, {"name": "box13", "top": 143, "left": 712.8499755859375, "height": 19.2, "width": 55.2167, "children": [{"name": "box14", "top": 141.10000610351562, "left": 712.8499755859375, "height": 20, "width": 55, "children": []}]}, {"name": "box15", "top": 143, "left": 809.066650390625, "height": 19.2, "width": 74.6667, "children": [{"name": "box16", "top": 141.10000610351562, "left": 809.066650390625, "height": 20, "width": 75, "children": []}]}, {"name": "box17", "top": 143, "left": 924.7333374023438, "height": 19.2, "width": 43.55, "children": [{"name": "box18", "top": 141.10000610351562, "left": 924.7333374023438, "height": 20, "width": 44, "children": []}]}, {"name": "box19", "top": 143, "left": 1009.2833251953125, "height": 19.2, "width": 76.2167, "children": [{"name": "box20", "top": 141.10000610351562, "left": 1009.2833251953125, "height": 20, "width": 76, "children": []}]}]}]}]}], "test": [{"name": "header", "top": 41, "left": 0, "height": 227, "width": 1043, "children": [{"name": "navigation", "top": 41, "left": 51.5, "height": 227, "width": 940, "children": [{"name": "box10", "top": 85, "left": 51.5, "height": 106, "width": 320, "children": []}, {"name": "menu", "top": 143, "left": 494.183349609375, "height": 19.2, "width": 497.317, "children": [{"name": "box11", "top": 143, "left": 531.183349609375, "height": 19.2, "width": 46.6667, "children": [{"name": "box12", "top": 141.10000610351562, "left": 531.183349609375, "height": 20, "width": 47, "children": []}]}, {"name": "box13", "top": 143, "left": 618.8499755859375, "height": 19.2, "width": 55.2167, "children": [{"name": "box14", "top": 141.10000610351562, "left": 618.8499755859375, "height": 20, "width": 55, "children": []}]}, {"name": "box15", "top": 143, "left": 715.066650390625, "height": 19.2, "width": 74.6667, "children": [{"name": "box16", "top": 141.10000610351562, "left": 715.066650390625, "height": 20, "width": 75, "children": []}]}, {"name": "box17", "top": 143, "left": 830.7333374023438, "height": 19.2, "width": 43.55, "children": [{"name": "box18", "top": 141.10000610351562, "left": 830.7333374023438, "height": 20, "width": 44, "children": []}]}, {"name": "box19", "top": 143, "left": 915.2833251953125, "height": 19.2, "width": 76.2167, "children": [{"name": "box20", "top": 141.10000610351562, "left": 915.2833251953125, "height": 20, "width": 76, "children": []}]}]}]}]}, {"name": "header", "top": 41, "left": 0, "height": 227, "width": 1005, "children": [{"name": "navigation", "top": 41, "left": 32.5, "height": 227, "width": 940, "children": [{"name": "box10", "top": 85, "left": 32.5, "height": 106, "width": 320, "children": []}, {"name": "menu", "top": 143, "left": 475.183349609375, "height": 19.2, "width": 497.317, "children": [{"name": "box11", "top": 143, "left": 512.183349609375, "height": 19.2, "width": 46.6667, "children": [{"name": "box12", "top": 141.10000610351562, "left": 512.183349609375, "height": 20, "width": 47, "children": []}]}, {"name": "box13", "top": 143, "left": 599.8499755859375, "height": 19.2, "width": 55.2167, "children": [{"name": "box14", "top": 141.10000610351562, "left": 599.8499755859375, "height": 20, "width": 55, "children": []}]}, {"name": "box15", "top": 143, "left": 696.066650390625, "height": 19.2, "width": 74.6667, "children": [{"name": "box16", "top": 141.10000610351562, "left": 696.066650390625, "height": 20, "width": 75, "children": []}]}, {"name": "box17", "top": 143, "left": 811.7333374023438, "height": 19.2, "width": 43.55, "children": [{"name": "box18", "top": 141.10000610351562, "left": 811.7333374023438, "height": 20, "width": 44, "children": []}]}, {"name": "box19", "top": 143, "left": 896.2833251953125, "height": 19.2, "width": 76.2167, "children": [{"name": "box20", "top": 141.10000610351562, "left": 896.2833251953125, "height": 20, "width": 76, "children": []}]}]}]}]}, {"name": "header", "top": 41, "left": 0, "height": 227, "width": 996, "children": [{"name": "navigation", "top": 41, "left": 28, "height": 227, "width": 940, "children": [{"name": "box10", "top": 85, "left": 28, "height": 106, "width": 320, "children": []}, {"name": "menu", "top": 143, "left": 470.683349609375, "height": 19.2, "width": 497.317, "children": [{"name": "box11", "top": 143, "left": 507.683349609375, "height": 19.2, "width": 46.6667, "children": [{"name": "box12", "top": 141.10000610351562, "left": 507.683349609375, "height": 20, "width": 47, "children": []}]}, {"name": "box13", "top": 143, "left": 595.3499755859375, "height": 19.2, "width": 55.2167, "children": [{"name": "box14", "top": 141.10000610351562, "left": 595.3499755859375, "height": 20, "width": 55, "children": []}]}, {"name": "box15", "top": 143, "left": 691.566650390625, "height": 19.2, "width": 74.6667, "children": [{"name": "box16", "top": 141.10000610351562, "left": 691.566650390625, "height": 20, "width": 75, "children": []}]}, {"name": "box17", "top": 143, "left": 807.2333374023438, "height": 19.2, "width": 43.55, "children": [{"name": "box18", "top": 141.10000610351562, "left": 807.2333374023438, "height": 20, "width": 44, "children": []}]}, {"name": "box19", "top": 143, "left": 891.7833251953125, "height": 19.2, "width": 76.2167, "children": [{"name": "box20", "top": 141.10000610351562, "left": 891.7833251953125, "height": 20, "width": 76, "children": []}]}]}]}]}, {"name": "header", "top": 41, "left": 0, "height": 227, "width": 984, "children": [{"name": "navigation", "top": 41, "left": 22, "height": 227, "width": 940, "children": [{"name": "box10", "top": 85, "left": 22, "height": 106, "width": 320, "children": []}, {"name": "menu", "top": 143, "left": 464.683349609375, "height": 19.2, "width": 497.317, "children": [{"name": "box11", "top": 143, "left": 501.683349609375, "height": 19.2, "width": 46.6667, "children": [{"name": "box12", "top": 141.10000610351562, "left": 501.683349609375, "height": 20, "width": 47, "children": []}]}, {"name": "box13", "top": 143, "left": 589.3499755859375, "height": 19.2, "width": 55.2167, "children": [{"name": "box14", "top": 141.10000610351562, "left": 589.3499755859375, "height": 20, "width": 55, "children": []}]}, {"name": "box15", "top": 143, "left": 685.566650390625, "height": 19.2, "width": 74.6667, "children": [{"name": "box16", "top": 141.10000610351562, "left": 685.566650390625, "height": 20, "width": 75, "children": []}]}, {"name": "box17", "top": 143, "left": 801.2333374023438, "height": 19.2, "width": 43.55, "children": [{"name": "box18", "top": 141.10000610351562, "left": 801.2333374023438, "height": 20, "width": 44, "children": []}]}, {"name": "box19", "top": 143, "left": 885.7833251953125, "height": 19.2, "width": 76.2167, "children": [{"name": "box20", "top": 141.10000610351562, "left": 885.7833251953125, "height": 20, "width": 76, "children": []}]}]}]}]}, {"name": "header", "top": 41, "left": 0, "height": 227, "width": 1140, "children": [{"name": "navigation", "top": 41, "left": 100, "height": 227, "width": 940, "children": [{"name": "box10", "top": 85, "left": 100, "height": 106, "width": 320, "children": []}, {"name": "menu", "top": 143, "left": 542.683349609375, "height": 19.2, "width": 497.317, "children": [{"name": "box11", "top": 143, "left": 579.683349609375, "height": 19.2, "width": 46.6667, "children": [{"name": "box12", "top": 141.10000610351562, "left": 579.683349609375, "height": 20, "width": 47, "children": []}]}, {"name": "box13", "top": 143, "left": 667.3499755859375, "height": 19.2, "width": 55.2167, "children": [{"name": "box14", "top": 141.10000610351562, "left": 667.3499755859375, "height": 20, "width": 55, "children": []}]}, {"name": "box15", "top": 143, "left": 763.566650390625, "height": 19.2, "width": 74.6667, "children": [{"name": "box16", "top": 141.10000610351562, "left": 763.566650390625, "height": 20, "width": 75, "children": []}]}, {"name": "box17", "top": 143, "left": 879.2333374023438, "height": 19.2, "width": 43.55, "children": [{"name": "box18", "top": 141.10000610351562, "left": 879.2333374023438, "height": 20, "width": 44, "children": []}]}, {"name": "box19", "top": 143, "left": 963.7833251953125, "height": 19.2, "width": 76.2167, "children": [{"name": "box20", "top": 141.10000610351562, "left": 963.7833251953125, "height": 20, "width": 76, "children": []}]}]}]}]}, {"name": "header", "top": 41, "left": 0, "height": 227, "width": 1036, "children": [{"name": "navigation", "top": 41, "left": 48, "height": 227, "width": 940, "children": [{"name": "box10", "top": 85, "left": 48, "height": 106, "width": 320, "children": []}, {"name": "menu", "top": 143, "left": 490.683349609375, "height": 19.2, "width": 497.317, "children": [{"name": "box11", "top": 143, "left": 527.683349609375, "height": 19.2, "width": 46.6667, "children": [{"name": "box12", "top": 141.10000610351562, "left": 527.683349609375, "height": 20, "width": 47, "children": []}]}, {"name": "box13", "top": 143, "left": 615.3499755859375, "height": 19.2, "width": 55.2167, "children": [{"name": "box14", "top": 141.10000610351562, "left": 615.3499755859375, "height": 20, "width": 55, "children": []}]}, {"name": "box15", "top": 143, "left": 711.566650390625, "height": 19.2, "width": 74.6667, "children": [{"name": "box16", "top": 141.10000610351562, "left": 711.566650390625, "height": 20, "width": 75, "children": []}]}, {"name": "box17", "top": 143, "left": 827.2333374023438, "height": 19.2, "width": 43.55, "children": [{"name": "box18", "top": 141.10000610351562, "left": 827.2333374023438, "height": 20, "width": 44, "children": []}]}, {"name": "box19", "top": 143, "left": 911.7833251953125, "height": 19.2, "width": 76.2167, "children": [{"name": "box20", "top": 141.10000610351562, "left": 911.7833251953125, "height": 20, "width": 76, "children": []}]}]}]}]}, {"name": "header", "top": 41, "left": 0, "height": 227, "width": 1118, "children": [{"name": "navigation", "top": 41, "left": 89, "height": 227, "width": 940, "children": [{"name": "box10", "top": 85, "left": 89, "height": 106, "width": 320, "children": []}, {"name": "menu", "top": 143, "left": 531.683349609375, "height": 19.2, "width": 497.317, "children": [{"name": "box11", "top": 143, "left": 568.683349609375, "height": 19.2, "width": 46.6667, "children": [{"name": "box12", "top": 141.10000610351562, "left": 568.683349609375, "height": 20, "width": 47, "children": []}]}, {"name": "box13", "top": 143, "left": 656.3499755859375, "height": 19.2, "width": 55.2167, "children": [{"name": "box14", "top": 141.10000610351562, "left": 656.3499755859375, "height": 20, "width": 55, "children": []}]}, {"name": "box15", "top": 143, "left": 752.566650390625, "height": 19.2, "width": 74.6667, "children": [{"name": "box16", "top": 141.10000610351562, "left": 752.566650390625, "height": 20, "width": 75, "children": []}]}, {"name": "box17", "top": 143, "left": 868.2333374023438, "height": 19.2, "width": 43.55, "children": [{"name": "box18", "top": 141.10000610351562, "left": 868.2333374023438, "height": 20, "width": 44, "children": []}]}, {"name": "box19", "top": 143, "left": 952.7833251953125, "height": 19.2, "width": 76.2167, "children": [{"name": "box20", "top": 141.10000610351562, "left": 952.7833251953125, "height": 20, "width": 76, "children": []}]}]}]}]}, {"name": "header", "top": 41, "left": 0, "height": 227, "width": 1172, "children": [{"name": "navigation", "top": 41, "left": 116, "height": 227, "width": 940, "children": [{"name": "box10", "top": 85, "left": 116, "height": 106, "width": 320, "children": []}, {"name": "menu", "top": 143, "left": 558.683349609375, "height": 19.2, "width": 497.317, "children": [{"name": "box11", "top": 143, "left": 595.683349609375, "height": 19.2, "width": 46.6667, "children": [{"name": "box12", "top": 141.10000610351562, "left": 595.683349609375, "height": 20, "width": 47, "children": []}]}, {"name": "box13", "top": 143, "left": 683.3499755859375, "height": 19.2, "width": 55.2167, "children": [{"name": "box14", "top": 141.10000610351562, "left": 683.3499755859375, "height": 20, "width": 55, "children": []}]}, {"name": "box15", "top": 143, "left": 779.566650390625, "height": 19.2, "width": 74.6667, "children": [{"name": "box16", "top": 141.10000610351562, "left": 779.566650390625, "height": 20, "width": 75, "children": []}]}, {"name": "box17", "top": 143, "left": 895.2333374023438, "height": 19.2, "width": 43.55, "children": [{"name": "box18", "top": 141.10000610351562, "left": 895.2333374023438, "height": 20, "width": 44, "children": []}]}, {"name": "box19", "top": 143, "left": 979.7833251953125, "height": 19.2, "width": 76.2167, "children": [{"name": "box20", "top": 141.10000610351562, "left": 979.7833251953125, "height": 20, "width": 76, "children": []}]}]}]}]}, {"name": "header", "top": 41, "left": 0, "height": 227, "width": 1209, "children": [{"name": "navigation", "top": 41, "left": 134.5, "height": 227, "width": 940, "children": [{"name": "box10", "top": 85, "left": 134.5, "height": 106, "width": 320, "children": []}, {"name": "menu", "top": 143, "left": 577.183349609375, "height": 19.2, "width": 497.317, "children": [{"name": "box11", "top": 143, "left": 614.183349609375, "height": 19.2, "width": 46.6667, "children": [{"name": "box12", "top": 141.10000610351562, "left": 614.183349609375, "height": 20, "width": 47, "children": []}]}, {"name": "box13", "top": 143, "left": 701.8499755859375, "height": 19.2, "width": 55.2167, "children": [{"name": "box14", "top": 141.10000610351562, "left": 701.8499755859375, "height": 20, "width": 55, "children": []}]}, {"name": "box15", "top": 143, "left": 798.066650390625, "height": 19.2, "width": 74.6667, "children": [{"name": "box16", "top": 141.10000610351562, "left": 798.066650390625, "height": 20, "width": 75, "children": []}]}, {"name": "box17", "top": 143, "left": 913.7333374023438, "height": 19.2, "width": 43.55, "children": [{"name": "box18", "top": 141.10000610351562, "left": 913.7333374023438, "height": 20, "width": 44, "children": []}]}, {"name": "box19", "top": 143, "left": 998.2833251953125, "height": 19.2, "width": 76.2167, "children": [{"name": "box20", "top": 141.10000610351562, "left": 998.2833251953125, "height": 20, "width": 76, "children": []}]}]}]}]}, {"name": "header", "top": 41, "left": 0, "height": 227, "width": 995, "children": [{"name": "navigation", "top": 41, "left": 27.5, "height": 227, "width": 940, "children": [{"name": "box10", "top": 85, "left": 27.5, "height": 106, "width": 320, "children": []}, {"name": "menu", "top": 143, "left": 470.183349609375, "height": 19.2, "width": 497.317, "children": [{"name": "box11", "top": 143, "left": 507.183349609375, "height": 19.2, "width": 46.6667, "children": [{"name": "box12", "top": 141.10000610351562, "left": 507.183349609375, "height": 20, "width": 47, "children": []}]}, {"name": "box13", "top": 143, "left": 594.8499755859375, "height": 19.2, "width": 55.2167, "children": [{"name": "box14", "top": 141.10000610351562, "left": 594.8499755859375, "height": 20, "width": 55, "children": []}]}, {"name": "box15", "top": 143, "left": 691.066650390625, "height": 19.2, "width": 74.6667, "children": [{"name": "box16", "top": 141.10000610351562, "left": 691.066650390625, "height": 20, "width": 75, "children": []}]}, {"name": "box17", "top": 143, "left": 806.7333374023438, "height": 19.2, "width": 43.55, "children": [{"name": "box18", "top": 141.10000610351562, "left": 806.7333374023438, "height": 20, "width": 44, "children": []}]}, {"name": "box19", "top": 143, "left": 891.2833251953125, "height": 19.2, "width": 76.2167, "children": [{"name": "box20", "top": 141.10000610351562, "left": 891.2833251953125, "height": 20, "width": 76, "children": []}]}]}]}]}]}