{"name": "fwt-running-header", "bench": {"height": {"low": 41, "high": 41}, "width": {"low": 984, "high": 1252}, "trainSeed": 235775, "testSeed": 17250987, "testSize": 10, "trainSize": 10}, "train": [{"name": "templateInfo", "top": 0, "left": 0, "height": 41, "width": 1138, "children": [{"name": "box0", "top": 0, "left": 89, "height": 41, "width": 960, "children": [{"name": "box1", "top": 0, "left": 89, "height": 41, "width": 251, "children": []}, {"name": "box2", "top": 0, "left": 747.6666870117188, "height": 41, "width": 301.333, "children": [{"name": "box3", "top": 0, "left": 757.6666870117188, "height": 41, "width": 67.3333, "children": [{"name": "box4", "top": 0, "left": 767.6666870117188, "height": 41, "width": 27.3333, "children": []}]}, {"name": "box5", "top": 0, "left": 835, "height": 41, "width": 110.667, "children": [{"name": "box6", "top": 0, "left": 845, "height": 41, "width": 70.6667, "children": []}]}, {"name": "box7", "top": 0, "left": 955.6666870117188, "height": 41, "width": 93.3333, "children": [{"name": "box8", "top": 0, "left": 965.6666870117188, "height": 41, "width": 53.3333, "children": []}]}]}]}]}, {"name": "templateInfo", "top": 0, "left": 0, "height": 41, "width": 1207, "children": [{"name": "box0", "top": 0, "left": 123.5, "height": 41, "width": 960, "children": [{"name": "box1", "top": 0, "left": 123.5, "height": 41, "width": 251, "children": []}, {"name": "box2", "top": 0, "left": 782.1666870117188, "height": 41, "width": 301.333, "children": [{"name": "box3", "top": 0, "left": 792.1666870117188, "height": 41, "width": 67.3333, "children": [{"name": "box4", "top": 0, "left": 802.1666870117188, "height": 41, "width": 27.3333, "children": []}]}, {"name": "box5", "top": 0, "left": 869.5, "height": 41, "width": 110.667, "children": [{"name": "box6", "top": 0, "left": 879.5, "height": 41, "width": 70.6667, "children": []}]}, {"name": "box7", "top": 0, "left": 990.1666870117188, "height": 41, "width": 93.3333, "children": [{"name": "box8", "top": 0, "left": 1000.1666870117188, "height": 41, "width": 53.3333, "children": []}]}]}]}]}, {"name": "templateInfo", "top": 0, "left": 0, "height": 41, "width": 1199, "children": [{"name": "box0", "top": 0, "left": 119.5, "height": 41, "width": 960, "children": [{"name": "box1", "top": 0, "left": 119.5, "height": 41, "width": 251, "children": []}, {"name": "box2", "top": 0, "left": 778.1666870117188, "height": 41, "width": 301.333, "children": [{"name": "box3", "top": 0, "left": 788.1666870117188, "height": 41, "width": 67.3333, "children": [{"name": "box4", "top": 0, "left": 798.1666870117188, "height": 41, "width": 27.3333, "children": []}]}, {"name": "box5", "top": 0, "left": 865.5, "height": 41, "width": 110.667, "children": [{"name": "box6", "top": 0, "left": 875.5, "height": 41, "width": 70.6667, "children": []}]}, {"name": "box7", "top": 0, "left": 986.1666870117188, "height": 41, "width": 93.3333, "children": [{"name": "box8", "top": 0, "left": 996.1666870117188, "height": 41, "width": 53.3333, "children": []}]}]}]}]}, {"name": "templateInfo", "top": 0, "left": 0, "height": 41, "width": 1058, "children": [{"name": "box0", "top": 0, "left": 49, "height": 41, "width": 960, "children": [{"name": "box1", "top": 0, "left": 49, "height": 41, "width": 251, "children": []}, {"name": "box2", "top": 0, "left": 707.6666870117188, "height": 41, "width": 301.333, "children": [{"name": "box3", "top": 0, "left": 717.6666870117188, "height": 41, "width": 67.3333, "children": [{"name": "box4", "top": 0, "left": 727.6666870117188, "height": 41, "width": 27.3333, "children": []}]}, {"name": "box5", "top": 0, "left": 795, "height": 41, "width": 110.667, "children": [{"name": "box6", "top": 0, "left": 805, "height": 41, "width": 70.6667, "children": []}]}, {"name": "box7", "top": 0, "left": 915.6666870117188, "height": 41, "width": 93.3333, "children": [{"name": "box8", "top": 0, "left": 925.6666870117188, "height": 41, "width": 53.3333, "children": []}]}]}]}]}, {"name": "templateInfo", "top": 0, "left": 0, "height": 41, "width": 1252, "children": [{"name": "box0", "top": 0, "left": 146, "height": 41, "width": 960, "children": [{"name": "box1", "top": 0, "left": 146, "height": 41, "width": 251, "children": []}, {"name": "box2", "top": 0, "left": 804.6666870117188, "height": 41, "width": 301.333, "children": [{"name": "box3", "top": 0, "left": 814.6666870117188, "height": 41, "width": 67.3333, "children": [{"name": "box4", "top": 0, "left": 824.6666870117188, "height": 41, "width": 27.3333, "children": []}]}, {"name": "box5", "top": 0, "left": 892, "height": 41, "width": 110.667, "children": [{"name": "box6", "top": 0, "left": 902, "height": 41, "width": 70.6667, "children": []}]}, {"name": "box7", "top": 0, "left": 1012.6666870117188, "height": 41, "width": 93.3333, "children": [{"name": "box8", "top": 0, "left": 1022.6666870117188, "height": 41, "width": 53.3333, "children": []}]}]}]}]}, {"name": "templateInfo", "top": 0, "left": 0, "height": 41, "width": 1207, "children": [{"name": "box0", "top": 0, "left": 123.5, "height": 41, "width": 960, "children": [{"name": "box1", "top": 0, "left": 123.5, "height": 41, "width": 251, "children": []}, {"name": "box2", "top": 0, "left": 782.1666870117188, "height": 41, "width": 301.333, "children": [{"name": "box3", "top": 0, "left": 792.1666870117188, "height": 41, "width": 67.3333, "children": [{"name": "box4", "top": 0, "left": 802.1666870117188, "height": 41, "width": 27.3333, "children": []}]}, {"name": "box5", "top": 0, "left": 869.5, "height": 41, "width": 110.667, "children": [{"name": "box6", "top": 0, "left": 879.5, "height": 41, "width": 70.6667, "children": []}]}, {"name": "box7", "top": 0, "left": 990.1666870117188, "height": 41, "width": 93.3333, "children": [{"name": "box8", "top": 0, "left": 1000.1666870117188, "height": 41, "width": 53.3333, "children": []}]}]}]}]}, {"name": "templateInfo", "top": 0, "left": 0, "height": 41, "width": 1238, "children": [{"name": "box0", "top": 0, "left": 139, "height": 41, "width": 960, "children": [{"name": "box1", "top": 0, "left": 139, "height": 41, "width": 251, "children": []}, {"name": "box2", "top": 0, "left": 797.6666870117188, "height": 41, "width": 301.333, "children": [{"name": "box3", "top": 0, "left": 807.6666870117188, "height": 41, "width": 67.3333, "children": [{"name": "box4", "top": 0, "left": 817.6666870117188, "height": 41, "width": 27.3333, "children": []}]}, {"name": "box5", "top": 0, "left": 885, "height": 41, "width": 110.667, "children": [{"name": "box6", "top": 0, "left": 895, "height": 41, "width": 70.6667, "children": []}]}, {"name": "box7", "top": 0, "left": 1005.6666870117188, "height": 41, "width": 93.3333, "children": [{"name": "box8", "top": 0, "left": 1015.6666870117188, "height": 41, "width": 53.3333, "children": []}]}]}]}]}, {"name": "templateInfo", "top": 0, "left": 0, "height": 41, "width": 1047, "children": [{"name": "box0", "top": 0, "left": 43.5, "height": 41, "width": 960, "children": [{"name": "box1", "top": 0, "left": 43.5, "height": 41, "width": 251, "children": []}, {"name": "box2", "top": 0, "left": 702.1666870117188, "height": 41, "width": 301.333, "children": [{"name": "box3", "top": 0, "left": 712.1666870117188, "height": 41, "width": 67.3333, "children": [{"name": "box4", "top": 0, "left": 722.1666870117188, "height": 41, "width": 27.3333, "children": []}]}, {"name": "box5", "top": 0, "left": 789.5, "height": 41, "width": 110.667, "children": [{"name": "box6", "top": 0, "left": 799.5, "height": 41, "width": 70.6667, "children": []}]}, {"name": "box7", "top": 0, "left": 910.1666870117188, "height": 41, "width": 93.3333, "children": [{"name": "box8", "top": 0, "left": 920.1666870117188, "height": 41, "width": 53.3333, "children": []}]}]}]}]}, {"name": "templateInfo", "top": 0, "left": 0, "height": 41, "width": 1172, "children": [{"name": "box0", "top": 0, "left": 106, "height": 41, "width": 960, "children": [{"name": "box1", "top": 0, "left": 106, "height": 41, "width": 251, "children": []}, {"name": "box2", "top": 0, "left": 764.6666870117188, "height": 41, "width": 301.333, "children": [{"name": "box3", "top": 0, "left": 774.6666870117188, "height": 41, "width": 67.3333, "children": [{"name": "box4", "top": 0, "left": 784.6666870117188, "height": 41, "width": 27.3333, "children": []}]}, {"name": "box5", "top": 0, "left": 852, "height": 41, "width": 110.667, "children": [{"name": "box6", "top": 0, "left": 862, "height": 41, "width": 70.6667, "children": []}]}, {"name": "box7", "top": 0, "left": 972.6666870117188, "height": 41, "width": 93.3333, "children": [{"name": "box8", "top": 0, "left": 982.6666870117188, "height": 41, "width": 53.3333, "children": []}]}]}]}]}, {"name": "templateInfo", "top": 0, "left": 0, "height": 41, "width": 1231, "children": [{"name": "box0", "top": 0, "left": 135.5, "height": 41, "width": 960, "children": [{"name": "box1", "top": 0, "left": 135.5, "height": 41, "width": 251, "children": []}, {"name": "box2", "top": 0, "left": 794.1666870117188, "height": 41, "width": 301.333, "children": [{"name": "box3", "top": 0, "left": 804.1666870117188, "height": 41, "width": 67.3333, "children": [{"name": "box4", "top": 0, "left": 814.1666870117188, "height": 41, "width": 27.3333, "children": []}]}, {"name": "box5", "top": 0, "left": 881.5, "height": 41, "width": 110.667, "children": [{"name": "box6", "top": 0, "left": 891.5, "height": 41, "width": 70.6667, "children": []}]}, {"name": "box7", "top": 0, "left": 1002.1666870117188, "height": 41, "width": 93.3333, "children": [{"name": "box8", "top": 0, "left": 1012.1666870117188, "height": 41, "width": 53.3333, "children": []}]}]}]}]}], "test": [{"name": "templateInfo", "top": 0, "left": 0, "height": 41, "width": 1043, "children": [{"name": "box0", "top": 0, "left": 41.5, "height": 41, "width": 960, "children": [{"name": "box1", "top": 0, "left": 41.5, "height": 41, "width": 251, "children": []}, {"name": "box2", "top": 0, "left": 700.1666870117188, "height": 41, "width": 301.333, "children": [{"name": "box3", "top": 0, "left": 710.1666870117188, "height": 41, "width": 67.3333, "children": [{"name": "box4", "top": 0, "left": 720.1666870117188, "height": 41, "width": 27.3333, "children": []}]}, {"name": "box5", "top": 0, "left": 787.5, "height": 41, "width": 110.667, "children": [{"name": "box6", "top": 0, "left": 797.5, "height": 41, "width": 70.6667, "children": []}]}, {"name": "box7", "top": 0, "left": 908.1666870117188, "height": 41, "width": 93.3333, "children": [{"name": "box8", "top": 0, "left": 918.1666870117188, "height": 41, "width": 53.3333, "children": []}]}]}]}]}, {"name": "templateInfo", "top": 0, "left": 0, "height": 41, "width": 1005, "children": [{"name": "box0", "top": 0, "left": 22.5, "height": 41, "width": 960, "children": [{"name": "box1", "top": 0, "left": 22.5, "height": 41, "width": 251, "children": []}, {"name": "box2", "top": 0, "left": 681.1666870117188, "height": 41, "width": 301.333, "children": [{"name": "box3", "top": 0, "left": 691.1666870117188, "height": 41, "width": 67.3333, "children": [{"name": "box4", "top": 0, "left": 701.1666870117188, "height": 41, "width": 27.3333, "children": []}]}, {"name": "box5", "top": 0, "left": 768.5, "height": 41, "width": 110.667, "children": [{"name": "box6", "top": 0, "left": 778.5, "height": 41, "width": 70.6667, "children": []}]}, {"name": "box7", "top": 0, "left": 889.1666870117188, "height": 41, "width": 93.3333, "children": [{"name": "box8", "top": 0, "left": 899.1666870117188, "height": 41, "width": 53.3333, "children": []}]}]}]}]}, {"name": "templateInfo", "top": 0, "left": 0, "height": 41, "width": 996, "children": [{"name": "box0", "top": 0, "left": 18, "height": 41, "width": 960, "children": [{"name": "box1", "top": 0, "left": 18, "height": 41, "width": 251, "children": []}, {"name": "box2", "top": 0, "left": 676.6666870117188, "height": 41, "width": 301.333, "children": [{"name": "box3", "top": 0, "left": 686.6666870117188, "height": 41, "width": 67.3333, "children": [{"name": "box4", "top": 0, "left": 696.6666870117188, "height": 41, "width": 27.3333, "children": []}]}, {"name": "box5", "top": 0, "left": 764, "height": 41, "width": 110.667, "children": [{"name": "box6", "top": 0, "left": 774, "height": 41, "width": 70.6667, "children": []}]}, {"name": "box7", "top": 0, "left": 884.6666870117188, "height": 41, "width": 93.3333, "children": [{"name": "box8", "top": 0, "left": 894.6666870117188, "height": 41, "width": 53.3333, "children": []}]}]}]}]}, {"name": "templateInfo", "top": 0, "left": 0, "height": 41, "width": 984, "children": [{"name": "box0", "top": 0, "left": 12, "height": 41, "width": 960, "children": [{"name": "box1", "top": 0, "left": 12, "height": 41, "width": 251, "children": []}, {"name": "box2", "top": 0, "left": 670.6666870117188, "height": 41, "width": 301.333, "children": [{"name": "box3", "top": 0, "left": 680.6666870117188, "height": 41, "width": 67.3333, "children": [{"name": "box4", "top": 0, "left": 690.6666870117188, "height": 41, "width": 27.3333, "children": []}]}, {"name": "box5", "top": 0, "left": 758, "height": 41, "width": 110.667, "children": [{"name": "box6", "top": 0, "left": 768, "height": 41, "width": 70.6667, "children": []}]}, {"name": "box7", "top": 0, "left": 878.6666870117188, "height": 41, "width": 93.3333, "children": [{"name": "box8", "top": 0, "left": 888.6666870117188, "height": 41, "width": 53.3333, "children": []}]}]}]}]}, {"name": "templateInfo", "top": 0, "left": 0, "height": 41, "width": 1140, "children": [{"name": "box0", "top": 0, "left": 90, "height": 41, "width": 960, "children": [{"name": "box1", "top": 0, "left": 90, "height": 41, "width": 251, "children": []}, {"name": "box2", "top": 0, "left": 748.6666870117188, "height": 41, "width": 301.333, "children": [{"name": "box3", "top": 0, "left": 758.6666870117188, "height": 41, "width": 67.3333, "children": [{"name": "box4", "top": 0, "left": 768.6666870117188, "height": 41, "width": 27.3333, "children": []}]}, {"name": "box5", "top": 0, "left": 836, "height": 41, "width": 110.667, "children": [{"name": "box6", "top": 0, "left": 846, "height": 41, "width": 70.6667, "children": []}]}, {"name": "box7", "top": 0, "left": 956.6666870117188, "height": 41, "width": 93.3333, "children": [{"name": "box8", "top": 0, "left": 966.6666870117188, "height": 41, "width": 53.3333, "children": []}]}]}]}]}, {"name": "templateInfo", "top": 0, "left": 0, "height": 41, "width": 1036, "children": [{"name": "box0", "top": 0, "left": 38, "height": 41, "width": 960, "children": [{"name": "box1", "top": 0, "left": 38, "height": 41, "width": 251, "children": []}, {"name": "box2", "top": 0, "left": 696.6666870117188, "height": 41, "width": 301.333, "children": [{"name": "box3", "top": 0, "left": 706.6666870117188, "height": 41, "width": 67.3333, "children": [{"name": "box4", "top": 0, "left": 716.6666870117188, "height": 41, "width": 27.3333, "children": []}]}, {"name": "box5", "top": 0, "left": 784, "height": 41, "width": 110.667, "children": [{"name": "box6", "top": 0, "left": 794, "height": 41, "width": 70.6667, "children": []}]}, {"name": "box7", "top": 0, "left": 904.6666870117188, "height": 41, "width": 93.3333, "children": [{"name": "box8", "top": 0, "left": 914.6666870117188, "height": 41, "width": 53.3333, "children": []}]}]}]}]}, {"name": "templateInfo", "top": 0, "left": 0, "height": 41, "width": 1118, "children": [{"name": "box0", "top": 0, "left": 79, "height": 41, "width": 960, "children": [{"name": "box1", "top": 0, "left": 79, "height": 41, "width": 251, "children": []}, {"name": "box2", "top": 0, "left": 737.6666870117188, "height": 41, "width": 301.333, "children": [{"name": "box3", "top": 0, "left": 747.6666870117188, "height": 41, "width": 67.3333, "children": [{"name": "box4", "top": 0, "left": 757.6666870117188, "height": 41, "width": 27.3333, "children": []}]}, {"name": "box5", "top": 0, "left": 825, "height": 41, "width": 110.667, "children": [{"name": "box6", "top": 0, "left": 835, "height": 41, "width": 70.6667, "children": []}]}, {"name": "box7", "top": 0, "left": 945.6666870117188, "height": 41, "width": 93.3333, "children": [{"name": "box8", "top": 0, "left": 955.6666870117188, "height": 41, "width": 53.3333, "children": []}]}]}]}]}, {"name": "templateInfo", "top": 0, "left": 0, "height": 41, "width": 1172, "children": [{"name": "box0", "top": 0, "left": 106, "height": 41, "width": 960, "children": [{"name": "box1", "top": 0, "left": 106, "height": 41, "width": 251, "children": []}, {"name": "box2", "top": 0, "left": 764.6666870117188, "height": 41, "width": 301.333, "children": [{"name": "box3", "top": 0, "left": 774.6666870117188, "height": 41, "width": 67.3333, "children": [{"name": "box4", "top": 0, "left": 784.6666870117188, "height": 41, "width": 27.3333, "children": []}]}, {"name": "box5", "top": 0, "left": 852, "height": 41, "width": 110.667, "children": [{"name": "box6", "top": 0, "left": 862, "height": 41, "width": 70.6667, "children": []}]}, {"name": "box7", "top": 0, "left": 972.6666870117188, "height": 41, "width": 93.3333, "children": [{"name": "box8", "top": 0, "left": 982.6666870117188, "height": 41, "width": 53.3333, "children": []}]}]}]}]}, {"name": "templateInfo", "top": 0, "left": 0, "height": 41, "width": 1209, "children": [{"name": "box0", "top": 0, "left": 124.5, "height": 41, "width": 960, "children": [{"name": "box1", "top": 0, "left": 124.5, "height": 41, "width": 251, "children": []}, {"name": "box2", "top": 0, "left": 783.1666870117188, "height": 41, "width": 301.333, "children": [{"name": "box3", "top": 0, "left": 793.1666870117188, "height": 41, "width": 67.3333, "children": [{"name": "box4", "top": 0, "left": 803.1666870117188, "height": 41, "width": 27.3333, "children": []}]}, {"name": "box5", "top": 0, "left": 870.5, "height": 41, "width": 110.667, "children": [{"name": "box6", "top": 0, "left": 880.5, "height": 41, "width": 70.6667, "children": []}]}, {"name": "box7", "top": 0, "left": 991.1666870117188, "height": 41, "width": 93.3333, "children": [{"name": "box8", "top": 0, "left": 1001.1666870117188, "height": 41, "width": 53.3333, "children": []}]}]}]}]}, {"name": "templateInfo", "top": 0, "left": 0, "height": 41, "width": 995, "children": [{"name": "box0", "top": 0, "left": 17.5, "height": 41, "width": 960, "children": [{"name": "box1", "top": 0, "left": 17.5, "height": 41, "width": 251, "children": []}, {"name": "box2", "top": 0, "left": 676.1666870117188, "height": 41, "width": 301.333, "children": [{"name": "box3", "top": 0, "left": 686.1666870117188, "height": 41, "width": 67.3333, "children": [{"name": "box4", "top": 0, "left": 696.1666870117188, "height": 41, "width": 27.3333, "children": []}]}, {"name": "box5", "top": 0, "left": 763.5, "height": 41, "width": 110.667, "children": [{"name": "box6", "top": 0, "left": 773.5, "height": 41, "width": 70.6667, "children": []}]}, {"name": "box7", "top": 0, "left": 884.1666870117188, "height": 41, "width": 93.3333, "children": [{"name": "box8", "top": 0, "left": 894.1666870117188, "height": 41, "width": 53.3333, "children": []}]}]}]}]}]}