{"name": "fwt-main-item", "bench": {"height": {"low": 409.2, "high": 409.2}, "width": {"low": 276, "high": 276}, "trainSeed": 235775, "testSeed": 17250987, "testSize": 10, "trainSize": 10}, "train": [{"name": "box14", "top": 356.3666687011719, "left": 108.5, "height": 409.2, "width": 276, "children": [{"name": "box15", "top": 359.3666687011719, "left": 108.5, "height": 368.2, "width": 276, "children": [{"name": "box16", "top": 364.3666687011719, "left": 108.5, "height": 17.4667, "width": 276, "children": []}, {"name": "box17", "top": 391.83331298828125, "left": 108.5, "height": 330, "width": 276, "children": []}]}, {"name": "box18", "top": 730.566650390625, "left": 108.5, "height": 35, "width": 276, "children": [{"name": "box19", "top": 730.566650390625, "left": 108.5, "height": 33, "width": 276, "children": [{"name": "box20", "top": 731.566650390625, "left": 144, "height": 31.4167, "width": 69, "children": [{"name": "box21", "top": 747.566650390625, "left": 144, "height": 15.4167, "width": 69, "children": []}]}, {"name": "box22", "top": 731.566650390625, "left": 213, "height": 31.4167, "width": 69, "children": [{"name": "box23", "top": 747.566650390625, "left": 213, "height": 15.4167, "width": 69, "children": []}]}, {"name": "box24", "top": 731.566650390625, "left": 282, "height": 31.4167, "width": 69, "children": [{"name": "box25", "top": 747.566650390625, "left": 282, "height": 15.4167, "width": 69, "children": []}]}]}]}]}, {"name": "box14", "top": 356.3666687011719, "left": 120.5, "height": 409.2, "width": 276, "children": [{"name": "box15", "top": 359.3666687011719, "left": 120.5, "height": 368.2, "width": 276, "children": [{"name": "box16", "top": 364.3666687011719, "left": 120.5, "height": 17.4667, "width": 276, "children": []}, {"name": "box17", "top": 391.83331298828125, "left": 120.5, "height": 330, "width": 276, "children": []}]}, {"name": "box18", "top": 730.566650390625, "left": 120.5, "height": 35, "width": 276, "children": [{"name": "box19", "top": 730.566650390625, "left": 120.5, "height": 33, "width": 276, "children": [{"name": "box20", "top": 731.566650390625, "left": 156, "height": 31.4167, "width": 69, "children": [{"name": "box21", "top": 747.566650390625, "left": 156, "height": 15.4167, "width": 69, "children": []}]}, {"name": "box22", "top": 731.566650390625, "left": 225, "height": 31.4167, "width": 69, "children": [{"name": "box23", "top": 747.566650390625, "left": 225, "height": 15.4167, "width": 69, "children": []}]}, {"name": "box24", "top": 731.566650390625, "left": 294, "height": 31.4167, "width": 69, "children": [{"name": "box25", "top": 747.566650390625, "left": 294, "height": 15.4167, "width": 69, "children": []}]}]}]}]}, {"name": "box14", "top": 356.3666687011719, "left": 156.5, "height": 409.2, "width": 276, "children": [{"name": "box15", "top": 359.3666687011719, "left": 156.5, "height": 368.2, "width": 276, "children": [{"name": "box16", "top": 364.3666687011719, "left": 156.5, "height": 17.4667, "width": 276, "children": []}, {"name": "box17", "top": 391.83331298828125, "left": 156.5, "height": 330, "width": 276, "children": []}]}, {"name": "box18", "top": 730.566650390625, "left": 156.5, "height": 35, "width": 276, "children": [{"name": "box19", "top": 730.566650390625, "left": 156.5, "height": 33, "width": 276, "children": [{"name": "box20", "top": 731.566650390625, "left": 192, "height": 31.4167, "width": 69, "children": [{"name": "box21", "top": 747.566650390625, "left": 192, "height": 15.4167, "width": 69, "children": []}]}, {"name": "box22", "top": 731.566650390625, "left": 261, "height": 31.4167, "width": 69, "children": [{"name": "box23", "top": 747.566650390625, "left": 261, "height": 15.4167, "width": 69, "children": []}]}, {"name": "box24", "top": 731.566650390625, "left": 330, "height": 31.4167, "width": 69, "children": [{"name": "box25", "top": 747.566650390625, "left": 330, "height": 15.4167, "width": 69, "children": []}]}]}]}]}, {"name": "box14", "top": 356.3666687011719, "left": 53.5, "height": 409.2, "width": 276, "children": [{"name": "box15", "top": 359.3666687011719, "left": 53.5, "height": 368.2, "width": 276, "children": [{"name": "box16", "top": 364.3666687011719, "left": 53.5, "height": 17.4667, "width": 276, "children": []}, {"name": "box17", "top": 391.83331298828125, "left": 53.5, "height": 330, "width": 276, "children": []}]}, {"name": "box18", "top": 730.566650390625, "left": 53.5, "height": 35, "width": 276, "children": [{"name": "box19", "top": 730.566650390625, "left": 53.5, "height": 33, "width": 276, "children": [{"name": "box20", "top": 731.566650390625, "left": 89, "height": 31.4167, "width": 69, "children": [{"name": "box21", "top": 747.566650390625, "left": 89, "height": 15.4167, "width": 69, "children": []}]}, {"name": "box22", "top": 731.566650390625, "left": 158, "height": 31.4167, "width": 69, "children": [{"name": "box23", "top": 747.566650390625, "left": 158, "height": 15.4167, "width": 69, "children": []}]}, {"name": "box24", "top": 731.566650390625, "left": 227, "height": 31.4167, "width": 69, "children": [{"name": "box25", "top": 747.566650390625, "left": 227, "height": 15.4167, "width": 69, "children": []}]}]}]}]}, {"name": "box14", "top": 356.3666687011719, "left": 170.5, "height": 409.2, "width": 276, "children": [{"name": "box15", "top": 359.3666687011719, "left": 170.5, "height": 368.2, "width": 276, "children": [{"name": "box16", "top": 364.3666687011719, "left": 170.5, "height": 17.4667, "width": 276, "children": []}, {"name": "box17", "top": 391.83331298828125, "left": 170.5, "height": 330, "width": 276, "children": []}]}, {"name": "box18", "top": 730.566650390625, "left": 170.5, "height": 35, "width": 276, "children": [{"name": "box19", "top": 730.566650390625, "left": 170.5, "height": 33, "width": 276, "children": [{"name": "box20", "top": 731.566650390625, "left": 206, "height": 31.4167, "width": 69, "children": [{"name": "box21", "top": 747.566650390625, "left": 206, "height": 15.4167, "width": 69, "children": []}]}, {"name": "box22", "top": 731.566650390625, "left": 275, "height": 31.4167, "width": 69, "children": [{"name": "box23", "top": 747.566650390625, "left": 275, "height": 15.4167, "width": 69, "children": []}]}, {"name": "box24", "top": 731.566650390625, "left": 344, "height": 31.4167, "width": 69, "children": [{"name": "box25", "top": 747.566650390625, "left": 344, "height": 15.4167, "width": 69, "children": []}]}]}]}]}, {"name": "box14", "top": 356.3666687011719, "left": 98, "height": 409.2, "width": 276, "children": [{"name": "box15", "top": 359.3666687011719, "left": 98, "height": 368.2, "width": 276, "children": [{"name": "box16", "top": 364.3666687011719, "left": 98, "height": 17.4667, "width": 276, "children": []}, {"name": "box17", "top": 391.83331298828125, "left": 98, "height": 330, "width": 276, "children": []}]}, {"name": "box18", "top": 730.566650390625, "left": 98, "height": 35, "width": 276, "children": [{"name": "box19", "top": 730.566650390625, "left": 98, "height": 33, "width": 276, "children": [{"name": "box20", "top": 731.566650390625, "left": 133.5, "height": 31.4167, "width": 69, "children": [{"name": "box21", "top": 747.566650390625, "left": 133.5, "height": 15.4167, "width": 69, "children": []}]}, {"name": "box22", "top": 731.566650390625, "left": 202.5, "height": 31.4167, "width": 69, "children": [{"name": "box23", "top": 747.566650390625, "left": 202.5, "height": 15.4167, "width": 69, "children": []}]}, {"name": "box24", "top": 731.566650390625, "left": 271.5, "height": 31.4167, "width": 69, "children": [{"name": "box25", "top": 747.566650390625, "left": 271.5, "height": 15.4167, "width": 69, "children": []}]}]}]}]}, {"name": "box14", "top": 356.3666687011719, "left": 153.5, "height": 409.2, "width": 276, "children": [{"name": "box15", "top": 359.3666687011719, "left": 153.5, "height": 368.2, "width": 276, "children": [{"name": "box16", "top": 364.3666687011719, "left": 153.5, "height": 17.4667, "width": 276, "children": []}, {"name": "box17", "top": 391.83331298828125, "left": 153.5, "height": 330, "width": 276, "children": []}]}, {"name": "box18", "top": 730.566650390625, "left": 153.5, "height": 35, "width": 276, "children": [{"name": "box19", "top": 730.566650390625, "left": 153.5, "height": 33, "width": 276, "children": [{"name": "box20", "top": 731.566650390625, "left": 189, "height": 31.4167, "width": 69, "children": [{"name": "box21", "top": 747.566650390625, "left": 189, "height": 15.4167, "width": 69, "children": []}]}, {"name": "box22", "top": 731.566650390625, "left": 258, "height": 31.4167, "width": 69, "children": [{"name": "box23", "top": 747.566650390625, "left": 258, "height": 15.4167, "width": 69, "children": []}]}, {"name": "box24", "top": 731.566650390625, "left": 327, "height": 31.4167, "width": 69, "children": [{"name": "box25", "top": 747.566650390625, "left": 327, "height": 15.4167, "width": 69, "children": []}]}]}]}]}, {"name": "box14", "top": 356.3666687011719, "left": 168, "height": 409.2, "width": 276, "children": [{"name": "box15", "top": 359.3666687011719, "left": 168, "height": 368.2, "width": 276, "children": [{"name": "box16", "top": 364.3666687011719, "left": 168, "height": 17.4667, "width": 276, "children": []}, {"name": "box17", "top": 391.83331298828125, "left": 168, "height": 330, "width": 276, "children": []}]}, {"name": "box18", "top": 730.566650390625, "left": 168, "height": 35, "width": 276, "children": [{"name": "box19", "top": 730.566650390625, "left": 168, "height": 33, "width": 276, "children": [{"name": "box20", "top": 731.566650390625, "left": 203.5, "height": 31.4167, "width": 69, "children": [{"name": "box21", "top": 747.566650390625, "left": 203.5, "height": 15.4167, "width": 69, "children": []}]}, {"name": "box22", "top": 731.566650390625, "left": 272.5, "height": 31.4167, "width": 69, "children": [{"name": "box23", "top": 747.566650390625, "left": 272.5, "height": 15.4167, "width": 69, "children": []}]}, {"name": "box24", "top": 731.566650390625, "left": 341.5, "height": 31.4167, "width": 69, "children": [{"name": "box25", "top": 747.566650390625, "left": 341.5, "height": 15.4167, "width": 69, "children": []}]}]}]}]}, {"name": "box14", "top": 356.3666687011719, "left": 90.5, "height": 409.2, "width": 276, "children": [{"name": "box15", "top": 359.3666687011719, "left": 90.5, "height": 368.2, "width": 276, "children": [{"name": "box16", "top": 364.3666687011719, "left": 90.5, "height": 17.4667, "width": 276, "children": []}, {"name": "box17", "top": 391.83331298828125, "left": 90.5, "height": 330, "width": 276, "children": []}]}, {"name": "box18", "top": 730.566650390625, "left": 90.5, "height": 35, "width": 276, "children": [{"name": "box19", "top": 730.566650390625, "left": 90.5, "height": 33, "width": 276, "children": [{"name": "box20", "top": 731.566650390625, "left": 126, "height": 31.4167, "width": 69, "children": [{"name": "box21", "top": 747.566650390625, "left": 126, "height": 15.4167, "width": 69, "children": []}]}, {"name": "box22", "top": 731.566650390625, "left": 195, "height": 31.4167, "width": 69, "children": [{"name": "box23", "top": 747.566650390625, "left": 195, "height": 15.4167, "width": 69, "children": []}]}, {"name": "box24", "top": 731.566650390625, "left": 264, "height": 31.4167, "width": 69, "children": [{"name": "box25", "top": 747.566650390625, "left": 264, "height": 15.4167, "width": 69, "children": []}]}]}]}]}, {"name": "box14", "top": 356.3666687011719, "left": 170, "height": 409.2, "width": 276, "children": [{"name": "box15", "top": 359.3666687011719, "left": 170, "height": 368.2, "width": 276, "children": [{"name": "box16", "top": 364.3666687011719, "left": 170, "height": 17.4667, "width": 276, "children": []}, {"name": "box17", "top": 391.83331298828125, "left": 170, "height": 330, "width": 276, "children": []}]}, {"name": "box18", "top": 730.566650390625, "left": 170, "height": 35, "width": 276, "children": [{"name": "box19", "top": 730.566650390625, "left": 170, "height": 33, "width": 276, "children": [{"name": "box20", "top": 731.566650390625, "left": 205.5, "height": 31.4167, "width": 69, "children": [{"name": "box21", "top": 747.566650390625, "left": 205.5, "height": 15.4167, "width": 69, "children": []}]}, {"name": "box22", "top": 731.566650390625, "left": 274.5, "height": 31.4167, "width": 69, "children": [{"name": "box23", "top": 747.566650390625, "left": 274.5, "height": 15.4167, "width": 69, "children": []}]}, {"name": "box24", "top": 731.566650390625, "left": 343.5, "height": 31.4167, "width": 69, "children": [{"name": "box25", "top": 747.566650390625, "left": 343.5, "height": 15.4167, "width": 69, "children": []}]}]}]}]}], "test": [{"name": "box14", "top": 356.3666687011719, "left": 118.5, "height": 409.2, "width": 276, "children": [{"name": "box15", "top": 359.3666687011719, "left": 118.5, "height": 368.2, "width": 276, "children": [{"name": "box16", "top": 364.3666687011719, "left": 118.5, "height": 17.4667, "width": 276, "children": []}, {"name": "box17", "top": 391.83331298828125, "left": 118.5, "height": 330, "width": 276, "children": []}]}, {"name": "box18", "top": 730.566650390625, "left": 118.5, "height": 35, "width": 276, "children": [{"name": "box19", "top": 730.566650390625, "left": 118.5, "height": 33, "width": 276, "children": [{"name": "box20", "top": 731.566650390625, "left": 154, "height": 31.4167, "width": 69, "children": [{"name": "box21", "top": 747.566650390625, "left": 154, "height": 15.4167, "width": 69, "children": []}]}, {"name": "box22", "top": 731.566650390625, "left": 223, "height": 31.4167, "width": 69, "children": [{"name": "box23", "top": 747.566650390625, "left": 223, "height": 15.4167, "width": 69, "children": []}]}, {"name": "box24", "top": 731.566650390625, "left": 292, "height": 31.4167, "width": 69, "children": [{"name": "box25", "top": 747.566650390625, "left": 292, "height": 15.4167, "width": 69, "children": []}]}]}]}]}, {"name": "box14", "top": 356.3666687011719, "left": 154.5, "height": 409.2, "width": 276, "children": [{"name": "box15", "top": 359.3666687011719, "left": 154.5, "height": 368.2, "width": 276, "children": [{"name": "box16", "top": 364.3666687011719, "left": 154.5, "height": 17.4667, "width": 276, "children": []}, {"name": "box17", "top": 391.83331298828125, "left": 154.5, "height": 330, "width": 276, "children": []}]}, {"name": "box18", "top": 730.566650390625, "left": 154.5, "height": 35, "width": 276, "children": [{"name": "box19", "top": 730.566650390625, "left": 154.5, "height": 33, "width": 276, "children": [{"name": "box20", "top": 731.566650390625, "left": 190, "height": 31.4167, "width": 69, "children": [{"name": "box21", "top": 747.566650390625, "left": 190, "height": 15.4167, "width": 69, "children": []}]}, {"name": "box22", "top": 731.566650390625, "left": 259, "height": 31.4167, "width": 69, "children": [{"name": "box23", "top": 747.566650390625, "left": 259, "height": 15.4167, "width": 69, "children": []}]}, {"name": "box24", "top": 731.566650390625, "left": 328, "height": 31.4167, "width": 69, "children": [{"name": "box25", "top": 747.566650390625, "left": 328, "height": 15.4167, "width": 69, "children": []}]}]}]}]}, {"name": "box14", "top": 356.3666687011719, "left": 100, "height": 409.2, "width": 276, "children": [{"name": "box15", "top": 359.3666687011719, "left": 100, "height": 368.2, "width": 276, "children": [{"name": "box16", "top": 364.3666687011719, "left": 100, "height": 17.4667, "width": 276, "children": []}, {"name": "box17", "top": 391.83331298828125, "left": 100, "height": 330, "width": 276, "children": []}]}, {"name": "box18", "top": 730.566650390625, "left": 100, "height": 35, "width": 276, "children": [{"name": "box19", "top": 730.566650390625, "left": 100, "height": 33, "width": 276, "children": [{"name": "box20", "top": 731.566650390625, "left": 135.5, "height": 31.4167, "width": 69, "children": [{"name": "box21", "top": 747.566650390625, "left": 135.5, "height": 15.4167, "width": 69, "children": []}]}, {"name": "box22", "top": 731.566650390625, "left": 204.5, "height": 31.4167, "width": 69, "children": [{"name": "box23", "top": 747.566650390625, "left": 204.5, "height": 15.4167, "width": 69, "children": []}]}, {"name": "box24", "top": 731.566650390625, "left": 273.5, "height": 31.4167, "width": 69, "children": [{"name": "box25", "top": 747.566650390625, "left": 273.5, "height": 15.4167, "width": 69, "children": []}]}]}]}]}, {"name": "box14", "top": 356.3666687011719, "left": 179, "height": 409.2, "width": 276, "children": [{"name": "box15", "top": 359.3666687011719, "left": 179, "height": 368.2, "width": 276, "children": [{"name": "box16", "top": 364.3666687011719, "left": 179, "height": 17.4667, "width": 276, "children": []}, {"name": "box17", "top": 391.83331298828125, "left": 179, "height": 330, "width": 276, "children": []}]}, {"name": "box18", "top": 730.566650390625, "left": 179, "height": 35, "width": 276, "children": [{"name": "box19", "top": 730.566650390625, "left": 179, "height": 33, "width": 276, "children": [{"name": "box20", "top": 731.566650390625, "left": 214.5, "height": 31.4167, "width": 69, "children": [{"name": "box21", "top": 747.566650390625, "left": 214.5, "height": 15.4167, "width": 69, "children": []}]}, {"name": "box22", "top": 731.566650390625, "left": 283.5, "height": 31.4167, "width": 69, "children": [{"name": "box23", "top": 747.566650390625, "left": 283.5, "height": 15.4167, "width": 69, "children": []}]}, {"name": "box24", "top": 731.566650390625, "left": 352.5, "height": 31.4167, "width": 69, "children": [{"name": "box25", "top": 747.566650390625, "left": 352.5, "height": 15.4167, "width": 69, "children": []}]}]}]}]}, {"name": "box14", "top": 356.3666687011719, "left": 129.5, "height": 409.2, "width": 276, "children": [{"name": "box15", "top": 359.3666687011719, "left": 129.5, "height": 368.2, "width": 276, "children": [{"name": "box16", "top": 364.3666687011719, "left": 129.5, "height": 17.4667, "width": 276, "children": []}, {"name": "box17", "top": 391.83331298828125, "left": 129.5, "height": 330, "width": 276, "children": []}]}, {"name": "box18", "top": 730.566650390625, "left": 129.5, "height": 35, "width": 276, "children": [{"name": "box19", "top": 730.566650390625, "left": 129.5, "height": 33, "width": 276, "children": [{"name": "box20", "top": 731.566650390625, "left": 165, "height": 31.4167, "width": 69, "children": [{"name": "box21", "top": 747.566650390625, "left": 165, "height": 15.4167, "width": 69, "children": []}]}, {"name": "box22", "top": 731.566650390625, "left": 234, "height": 31.4167, "width": 69, "children": [{"name": "box23", "top": 747.566650390625, "left": 234, "height": 15.4167, "width": 69, "children": []}]}, {"name": "box24", "top": 731.566650390625, "left": 303, "height": 31.4167, "width": 69, "children": [{"name": "box25", "top": 747.566650390625, "left": 303, "height": 15.4167, "width": 69, "children": []}]}]}]}]}, {"name": "box14", "top": 356.3666687011719, "left": 102.5, "height": 409.2, "width": 276, "children": [{"name": "box15", "top": 359.3666687011719, "left": 102.5, "height": 368.2, "width": 276, "children": [{"name": "box16", "top": 364.3666687011719, "left": 102.5, "height": 17.4667, "width": 276, "children": []}, {"name": "box17", "top": 391.83331298828125, "left": 102.5, "height": 330, "width": 276, "children": []}]}, {"name": "box18", "top": 730.566650390625, "left": 102.5, "height": 35, "width": 276, "children": [{"name": "box19", "top": 730.566650390625, "left": 102.5, "height": 33, "width": 276, "children": [{"name": "box20", "top": 731.566650390625, "left": 138, "height": 31.4167, "width": 69, "children": [{"name": "box21", "top": 747.566650390625, "left": 138, "height": 15.4167, "width": 69, "children": []}]}, {"name": "box22", "top": 731.566650390625, "left": 207, "height": 31.4167, "width": 69, "children": [{"name": "box23", "top": 747.566650390625, "left": 207, "height": 15.4167, "width": 69, "children": []}]}, {"name": "box24", "top": 731.566650390625, "left": 276, "height": 31.4167, "width": 69, "children": [{"name": "box25", "top": 747.566650390625, "left": 276, "height": 15.4167, "width": 69, "children": []}]}]}]}]}, {"name": "box14", "top": 356.3666687011719, "left": 166, "height": 409.2, "width": 276, "children": [{"name": "box15", "top": 359.3666687011719, "left": 166, "height": 368.2, "width": 276, "children": [{"name": "box16", "top": 364.3666687011719, "left": 166, "height": 17.4667, "width": 276, "children": []}, {"name": "box17", "top": 391.83331298828125, "left": 166, "height": 330, "width": 276, "children": []}]}, {"name": "box18", "top": 730.566650390625, "left": 166, "height": 35, "width": 276, "children": [{"name": "box19", "top": 730.566650390625, "left": 166, "height": 33, "width": 276, "children": [{"name": "box20", "top": 731.566650390625, "left": 201.5, "height": 31.4167, "width": 69, "children": [{"name": "box21", "top": 747.566650390625, "left": 201.5, "height": 15.4167, "width": 69, "children": []}]}, {"name": "box22", "top": 731.566650390625, "left": 270.5, "height": 31.4167, "width": 69, "children": [{"name": "box23", "top": 747.566650390625, "left": 270.5, "height": 15.4167, "width": 69, "children": []}]}, {"name": "box24", "top": 731.566650390625, "left": 339.5, "height": 31.4167, "width": 69, "children": [{"name": "box25", "top": 747.566650390625, "left": 339.5, "height": 15.4167, "width": 69, "children": []}]}]}]}]}, {"name": "box14", "top": 356.3666687011719, "left": 163, "height": 409.2, "width": 276, "children": [{"name": "box15", "top": 359.3666687011719, "left": 163, "height": 368.2, "width": 276, "children": [{"name": "box16", "top": 364.3666687011719, "left": 163, "height": 17.4667, "width": 276, "children": []}, {"name": "box17", "top": 391.83331298828125, "left": 163, "height": 330, "width": 276, "children": []}]}, {"name": "box18", "top": 730.566650390625, "left": 163, "height": 35, "width": 276, "children": [{"name": "box19", "top": 730.566650390625, "left": 163, "height": 33, "width": 276, "children": [{"name": "box20", "top": 731.566650390625, "left": 198.5, "height": 31.4167, "width": 69, "children": [{"name": "box21", "top": 747.566650390625, "left": 198.5, "height": 15.4167, "width": 69, "children": []}]}, {"name": "box22", "top": 731.566650390625, "left": 267.5, "height": 31.4167, "width": 69, "children": [{"name": "box23", "top": 747.566650390625, "left": 267.5, "height": 15.4167, "width": 69, "children": []}]}, {"name": "box24", "top": 731.566650390625, "left": 336.5, "height": 31.4167, "width": 69, "children": [{"name": "box25", "top": 747.566650390625, "left": 336.5, "height": 15.4167, "width": 69, "children": []}]}]}]}]}, {"name": "box14", "top": 356.3666687011719, "left": 154, "height": 409.2, "width": 276, "children": [{"name": "box15", "top": 359.3666687011719, "left": 154, "height": 368.2, "width": 276, "children": [{"name": "box16", "top": 364.3666687011719, "left": 154, "height": 17.4667, "width": 276, "children": []}, {"name": "box17", "top": 391.83331298828125, "left": 154, "height": 330, "width": 276, "children": []}]}, {"name": "box18", "top": 730.566650390625, "left": 154, "height": 35, "width": 276, "children": [{"name": "box19", "top": 730.566650390625, "left": 154, "height": 33, "width": 276, "children": [{"name": "box20", "top": 731.566650390625, "left": 189.5, "height": 31.4167, "width": 69, "children": [{"name": "box21", "top": 747.566650390625, "left": 189.5, "height": 15.4167, "width": 69, "children": []}]}, {"name": "box22", "top": 731.566650390625, "left": 258.5, "height": 31.4167, "width": 69, "children": [{"name": "box23", "top": 747.566650390625, "left": 258.5, "height": 15.4167, "width": 69, "children": []}]}, {"name": "box24", "top": 731.566650390625, "left": 327.5, "height": 31.4167, "width": 69, "children": [{"name": "box25", "top": 747.566650390625, "left": 327.5, "height": 15.4167, "width": 69, "children": []}]}]}]}]}, {"name": "box14", "top": 356.3666687011719, "left": 169.5, "height": 409.2, "width": 276, "children": [{"name": "box15", "top": 359.3666687011719, "left": 169.5, "height": 368.2, "width": 276, "children": [{"name": "box16", "top": 364.3666687011719, "left": 169.5, "height": 17.4667, "width": 276, "children": []}, {"name": "box17", "top": 391.83331298828125, "left": 169.5, "height": 330, "width": 276, "children": []}]}, {"name": "box18", "top": 730.566650390625, "left": 169.5, "height": 35, "width": 276, "children": [{"name": "box19", "top": 730.566650390625, "left": 169.5, "height": 33, "width": 276, "children": [{"name": "box20", "top": 731.566650390625, "left": 205, "height": 31.4167, "width": 69, "children": [{"name": "box21", "top": 747.566650390625, "left": 205, "height": 15.4167, "width": 69, "children": []}]}, {"name": "box22", "top": 731.566650390625, "left": 274, "height": 31.4167, "width": 69, "children": [{"name": "box23", "top": 747.566650390625, "left": 274, "height": 15.4167, "width": 69, "children": []}]}, {"name": "box24", "top": 731.566650390625, "left": 343, "height": 31.4167, "width": 69, "children": [{"name": "box25", "top": 747.566650390625, "left": 343, "height": 15.4167, "width": 69, "children": []}]}]}]}]}]}