{"name": "fwt-main-logo", "bench": {"height": {"low": 220, "high": 220}, "width": {"low": 1023, "high": 1274}, "trainSeed": 235775, "testSeed": 17250987, "testSize": 10, "trainSize": 10}, "train": [{"name": "headerProxy", "top": 6, "left": 0, "height": 220, "width": 1133, "children": []}, {"name": "headerProxy", "top": 6, "left": 0, "height": 220, "width": 1157, "children": []}, {"name": "headerProxy", "top": 6, "left": 0, "height": 220, "width": 1229, "children": []}, {"name": "headerProxy", "top": 6, "left": 0, "height": 220, "width": 1023, "children": []}, {"name": "headerProxy", "top": 6, "left": 0, "height": 220, "width": 1257, "children": []}, {"name": "headerProxy", "top": 6, "left": 0, "height": 220, "width": 1112, "children": []}, {"name": "headerProxy", "top": 6, "left": 0, "height": 220, "width": 1223, "children": []}, {"name": "headerProxy", "top": 6, "left": 0, "height": 220, "width": 1252, "children": []}, {"name": "headerProxy", "top": 6, "left": 0, "height": 220, "width": 1097, "children": []}, {"name": "headerProxy", "top": 6, "left": 0, "height": 220, "width": 1256, "children": []}], "test": [{"name": "headerProxy", "top": 6, "left": 0, "height": 220, "width": 1153, "children": []}, {"name": "headerProxy", "top": 6, "left": 0, "height": 220, "width": 1225, "children": []}, {"name": "headerProxy", "top": 6, "left": 0, "height": 220, "width": 1116, "children": []}, {"name": "headerProxy", "top": 6, "left": 0, "height": 220, "width": 1274, "children": []}, {"name": "headerProxy", "top": 6, "left": 0, "height": 220, "width": 1175, "children": []}, {"name": "headerProxy", "top": 6, "left": 0, "height": 220, "width": 1121, "children": []}, {"name": "headerProxy", "top": 6, "left": 0, "height": 220, "width": 1248, "children": []}, {"name": "headerProxy", "top": 6, "left": 0, "height": 220, "width": 1242, "children": []}, {"name": "headerProxy", "top": 6, "left": 0, "height": 220, "width": 1224, "children": []}, {"name": "headerProxy", "top": 6, "left": 0, "height": 220, "width": 1255, "children": []}]}