{"name": "fwt-space-logo", "bench": {"height": {"low": 707.6, "high": 707.6}, "width": {"low": 940, "high": 940}, "trainSeed": 235775, "testSeed": 17250987, "testSize": 10, "trainSize": 10}, "train": [{"name": "box7", "top": 101, "left": 99, "height": 707.6, "width": 940, "children": [{"name": "box8", "top": 142, "left": 99, "height": 484, "width": 418, "children": []}, {"name": "box9", "top": 288, "left": 498, "height": 60, "width": 503, "children": []}, {"name": "box10", "top": 375, "left": 605, "height": 43, "width": 288, "children": []}, {"name": "box11", "top": 454, "left": 659, "height": 49, "width": 180, "children": []}, {"name": "box12", "top": 616, "left": 99, "height": 27, "width": 940, "children": []}, {"name": "box13", "top": 653, "left": 99, "height": 156, "width": 940, "children": [{"name": "box16", "top": 653, "left": 99, "height": 156, "width": 235, "children": []}, {"name": "box19", "top": 653, "left": 334, "height": 156, "width": 235, "children": []}, {"name": "box22", "top": 653, "left": 569, "height": 156, "width": 235, "children": []}, {"name": "box25", "top": 653, "left": 804, "height": 156, "width": 235, "children": []}]}]}, {"name": "box7", "top": 101, "left": 133.5, "height": 707.6, "width": 940, "children": [{"name": "box8", "top": 142, "left": 133.5, "height": 484, "width": 418, "children": []}, {"name": "box9", "top": 288, "left": 532.5, "height": 60, "width": 503, "children": []}, {"name": "box10", "top": 375, "left": 639.5, "height": 43, "width": 288, "children": []}, {"name": "box11", "top": 454, "left": 693.5, "height": 49, "width": 180, "children": []}, {"name": "box12", "top": 616, "left": 133.5, "height": 27, "width": 940, "children": []}, {"name": "box13", "top": 653, "left": 133.5, "height": 156, "width": 940, "children": [{"name": "box16", "top": 653, "left": 133.5, "height": 156, "width": 235, "children": []}, {"name": "box19", "top": 653, "left": 368.5, "height": 156, "width": 235, "children": []}, {"name": "box22", "top": 653, "left": 603.5, "height": 156, "width": 235, "children": []}, {"name": "box25", "top": 653, "left": 838.5, "height": 156, "width": 235, "children": []}]}]}, {"name": "box7", "top": 101, "left": 129.5, "height": 707.6, "width": 940, "children": [{"name": "box8", "top": 142, "left": 129.5, "height": 484, "width": 418, "children": []}, {"name": "box9", "top": 288, "left": 528.5, "height": 60, "width": 503, "children": []}, {"name": "box10", "top": 375, "left": 635.5, "height": 43, "width": 288, "children": []}, {"name": "box11", "top": 454, "left": 689.5, "height": 49, "width": 180, "children": []}, {"name": "box12", "top": 616, "left": 129.5, "height": 27, "width": 940, "children": []}, {"name": "box13", "top": 653, "left": 129.5, "height": 156, "width": 940, "children": [{"name": "box16", "top": 653, "left": 129.5, "height": 156, "width": 235, "children": []}, {"name": "box19", "top": 653, "left": 364.5, "height": 156, "width": 235, "children": []}, {"name": "box22", "top": 653, "left": 599.5, "height": 156, "width": 235, "children": []}, {"name": "box25", "top": 653, "left": 834.5, "height": 156, "width": 235, "children": []}]}]}, {"name": "box7", "top": 101, "left": 59, "height": 707.6, "width": 940, "children": [{"name": "box8", "top": 142, "left": 59, "height": 484, "width": 418, "children": []}, {"name": "box9", "top": 288, "left": 458, "height": 60, "width": 503, "children": []}, {"name": "box10", "top": 375, "left": 565, "height": 43, "width": 288, "children": []}, {"name": "box11", "top": 454, "left": 619, "height": 49, "width": 180, "children": []}, {"name": "box12", "top": 616, "left": 59, "height": 27, "width": 940, "children": []}, {"name": "box13", "top": 653, "left": 59, "height": 156, "width": 940, "children": [{"name": "box16", "top": 653, "left": 59, "height": 156, "width": 235, "children": []}, {"name": "box19", "top": 653, "left": 294, "height": 156, "width": 235, "children": []}, {"name": "box22", "top": 653, "left": 529, "height": 156, "width": 235, "children": []}, {"name": "box25", "top": 653, "left": 764, "height": 156, "width": 235, "children": []}]}]}, {"name": "box7", "top": 101, "left": 156, "height": 707.6, "width": 940, "children": [{"name": "box8", "top": 142, "left": 156, "height": 484, "width": 418, "children": []}, {"name": "box9", "top": 288, "left": 555, "height": 60, "width": 503, "children": []}, {"name": "box10", "top": 375, "left": 662, "height": 43, "width": 288, "children": []}, {"name": "box11", "top": 454, "left": 716, "height": 49, "width": 180, "children": []}, {"name": "box12", "top": 616, "left": 156, "height": 27, "width": 940, "children": []}, {"name": "box13", "top": 653, "left": 156, "height": 156, "width": 940, "children": [{"name": "box16", "top": 653, "left": 156, "height": 156, "width": 235, "children": []}, {"name": "box19", "top": 653, "left": 391, "height": 156, "width": 235, "children": []}, {"name": "box22", "top": 653, "left": 626, "height": 156, "width": 235, "children": []}, {"name": "box25", "top": 653, "left": 861, "height": 156, "width": 235, "children": []}]}]}, {"name": "box7", "top": 101, "left": 133.5, "height": 707.6, "width": 940, "children": [{"name": "box8", "top": 142, "left": 133.5, "height": 484, "width": 418, "children": []}, {"name": "box9", "top": 288, "left": 532.5, "height": 60, "width": 503, "children": []}, {"name": "box10", "top": 375, "left": 639.5, "height": 43, "width": 288, "children": []}, {"name": "box11", "top": 454, "left": 693.5, "height": 49, "width": 180, "children": []}, {"name": "box12", "top": 616, "left": 133.5, "height": 27, "width": 940, "children": []}, {"name": "box13", "top": 653, "left": 133.5, "height": 156, "width": 940, "children": [{"name": "box16", "top": 653, "left": 133.5, "height": 156, "width": 235, "children": []}, {"name": "box19", "top": 653, "left": 368.5, "height": 156, "width": 235, "children": []}, {"name": "box22", "top": 653, "left": 603.5, "height": 156, "width": 235, "children": []}, {"name": "box25", "top": 653, "left": 838.5, "height": 156, "width": 235, "children": []}]}]}, {"name": "box7", "top": 101, "left": 149, "height": 707.6, "width": 940, "children": [{"name": "box8", "top": 142, "left": 149, "height": 484, "width": 418, "children": []}, {"name": "box9", "top": 288, "left": 548, "height": 60, "width": 503, "children": []}, {"name": "box10", "top": 375, "left": 655, "height": 43, "width": 288, "children": []}, {"name": "box11", "top": 454, "left": 709, "height": 49, "width": 180, "children": []}, {"name": "box12", "top": 616, "left": 149, "height": 27, "width": 940, "children": []}, {"name": "box13", "top": 653, "left": 149, "height": 156, "width": 940, "children": [{"name": "box16", "top": 653, "left": 149, "height": 156, "width": 235, "children": []}, {"name": "box19", "top": 653, "left": 384, "height": 156, "width": 235, "children": []}, {"name": "box22", "top": 653, "left": 619, "height": 156, "width": 235, "children": []}, {"name": "box25", "top": 653, "left": 854, "height": 156, "width": 235, "children": []}]}]}, {"name": "box7", "top": 101, "left": 53.5, "height": 707.6, "width": 940, "children": [{"name": "box8", "top": 142, "left": 53.5, "height": 484, "width": 418, "children": []}, {"name": "box9", "top": 288, "left": 452.5, "height": 60, "width": 503, "children": []}, {"name": "box10", "top": 375, "left": 559.5, "height": 43, "width": 288, "children": []}, {"name": "box11", "top": 454, "left": 613.5, "height": 49, "width": 180, "children": []}, {"name": "box12", "top": 616, "left": 53.5, "height": 27, "width": 940, "children": []}, {"name": "box13", "top": 653, "left": 53.5, "height": 156, "width": 940, "children": [{"name": "box16", "top": 653, "left": 53.5, "height": 156, "width": 235, "children": []}, {"name": "box19", "top": 653, "left": 288.5, "height": 156, "width": 235, "children": []}, {"name": "box22", "top": 653, "left": 523.5, "height": 156, "width": 235, "children": []}, {"name": "box25", "top": 653, "left": 758.5, "height": 156, "width": 235, "children": []}]}]}, {"name": "box7", "top": 101, "left": 116, "height": 707.6, "width": 940, "children": [{"name": "box8", "top": 142, "left": 116, "height": 484, "width": 418, "children": []}, {"name": "box9", "top": 288, "left": 515, "height": 60, "width": 503, "children": []}, {"name": "box10", "top": 375, "left": 622, "height": 43, "width": 288, "children": []}, {"name": "box11", "top": 454, "left": 676, "height": 49, "width": 180, "children": []}, {"name": "box12", "top": 616, "left": 116, "height": 27, "width": 940, "children": []}, {"name": "box13", "top": 653, "left": 116, "height": 156, "width": 940, "children": [{"name": "box16", "top": 653, "left": 116, "height": 156, "width": 235, "children": []}, {"name": "box19", "top": 653, "left": 351, "height": 156, "width": 235, "children": []}, {"name": "box22", "top": 653, "left": 586, "height": 156, "width": 235, "children": []}, {"name": "box25", "top": 653, "left": 821, "height": 156, "width": 235, "children": []}]}]}, {"name": "box7", "top": 101, "left": 145.5, "height": 707.6, "width": 940, "children": [{"name": "box8", "top": 142, "left": 145.5, "height": 484, "width": 418, "children": []}, {"name": "box9", "top": 288, "left": 544.5, "height": 60, "width": 503, "children": []}, {"name": "box10", "top": 375, "left": 651.5, "height": 43, "width": 288, "children": []}, {"name": "box11", "top": 454, "left": 705.5, "height": 49, "width": 180, "children": []}, {"name": "box12", "top": 616, "left": 145.5, "height": 27, "width": 940, "children": []}, {"name": "box13", "top": 653, "left": 145.5, "height": 156, "width": 940, "children": [{"name": "box16", "top": 653, "left": 145.5, "height": 156, "width": 235, "children": []}, {"name": "box19", "top": 653, "left": 380.5, "height": 156, "width": 235, "children": []}, {"name": "box22", "top": 653, "left": 615.5, "height": 156, "width": 235, "children": []}, {"name": "box25", "top": 653, "left": 850.5, "height": 156, "width": 235, "children": []}]}]}], "test": [{"name": "box7", "top": 101, "left": 51.5, "height": 707.6, "width": 940, "children": [{"name": "box8", "top": 142, "left": 51.5, "height": 484, "width": 418, "children": []}, {"name": "box9", "top": 288, "left": 450.5, "height": 60, "width": 503, "children": []}, {"name": "box10", "top": 375, "left": 557.5, "height": 43, "width": 288, "children": []}, {"name": "box11", "top": 454, "left": 611.5, "height": 49, "width": 180, "children": []}, {"name": "box12", "top": 616, "left": 51.5, "height": 27, "width": 940, "children": []}, {"name": "box13", "top": 653, "left": 51.5, "height": 156, "width": 940, "children": [{"name": "box16", "top": 653, "left": 51.5, "height": 156, "width": 235, "children": []}, {"name": "box19", "top": 653, "left": 286.5, "height": 156, "width": 235, "children": []}, {"name": "box22", "top": 653, "left": 521.5, "height": 156, "width": 235, "children": []}, {"name": "box25", "top": 653, "left": 756.5, "height": 156, "width": 235, "children": []}]}]}, {"name": "box7", "top": 101, "left": 32.5, "height": 707.6, "width": 940, "children": [{"name": "box8", "top": 142, "left": 32.5, "height": 484, "width": 418, "children": []}, {"name": "box9", "top": 288, "left": 431.5, "height": 60, "width": 503, "children": []}, {"name": "box10", "top": 375, "left": 538.5, "height": 43, "width": 288, "children": []}, {"name": "box11", "top": 454, "left": 592.5, "height": 49, "width": 180, "children": []}, {"name": "box12", "top": 616, "left": 32.5, "height": 27, "width": 940, "children": []}, {"name": "box13", "top": 653, "left": 32.5, "height": 156, "width": 940, "children": [{"name": "box16", "top": 653, "left": 32.5, "height": 156, "width": 235, "children": []}, {"name": "box19", "top": 653, "left": 267.5, "height": 156, "width": 235, "children": []}, {"name": "box22", "top": 653, "left": 502.5, "height": 156, "width": 235, "children": []}, {"name": "box25", "top": 653, "left": 737.5, "height": 156, "width": 235, "children": []}]}]}, {"name": "box7", "top": 101, "left": 28, "height": 707.6, "width": 940, "children": [{"name": "box8", "top": 142, "left": 28, "height": 484, "width": 418, "children": []}, {"name": "box9", "top": 288, "left": 427, "height": 60, "width": 503, "children": []}, {"name": "box10", "top": 375, "left": 534, "height": 43, "width": 288, "children": []}, {"name": "box11", "top": 454, "left": 588, "height": 49, "width": 180, "children": []}, {"name": "box12", "top": 616, "left": 28, "height": 27, "width": 940, "children": []}, {"name": "box13", "top": 653, "left": 28, "height": 156, "width": 940, "children": [{"name": "box16", "top": 653, "left": 28, "height": 156, "width": 235, "children": []}, {"name": "box19", "top": 653, "left": 263, "height": 156, "width": 235, "children": []}, {"name": "box22", "top": 653, "left": 498, "height": 156, "width": 235, "children": []}, {"name": "box25", "top": 653, "left": 733, "height": 156, "width": 235, "children": []}]}]}, {"name": "box7", "top": 101, "left": 22, "height": 707.6, "width": 940, "children": [{"name": "box8", "top": 142, "left": 22, "height": 484, "width": 418, "children": []}, {"name": "box9", "top": 288, "left": 421, "height": 60, "width": 503, "children": []}, {"name": "box10", "top": 375, "left": 528, "height": 43, "width": 288, "children": []}, {"name": "box11", "top": 454, "left": 582, "height": 49, "width": 180, "children": []}, {"name": "box12", "top": 616, "left": 22, "height": 27, "width": 940, "children": []}, {"name": "box13", "top": 653, "left": 22, "height": 156, "width": 940, "children": [{"name": "box16", "top": 653, "left": 22, "height": 156, "width": 235, "children": []}, {"name": "box19", "top": 653, "left": 257, "height": 156, "width": 235, "children": []}, {"name": "box22", "top": 653, "left": 492, "height": 156, "width": 235, "children": []}, {"name": "box25", "top": 653, "left": 727, "height": 156, "width": 235, "children": []}]}]}, {"name": "box7", "top": 101, "left": 100, "height": 707.6, "width": 940, "children": [{"name": "box8", "top": 142, "left": 100, "height": 484, "width": 418, "children": []}, {"name": "box9", "top": 288, "left": 499, "height": 60, "width": 503, "children": []}, {"name": "box10", "top": 375, "left": 606, "height": 43, "width": 288, "children": []}, {"name": "box11", "top": 454, "left": 660, "height": 49, "width": 180, "children": []}, {"name": "box12", "top": 616, "left": 100, "height": 27, "width": 940, "children": []}, {"name": "box13", "top": 653, "left": 100, "height": 156, "width": 940, "children": [{"name": "box16", "top": 653, "left": 100, "height": 156, "width": 235, "children": []}, {"name": "box19", "top": 653, "left": 335, "height": 156, "width": 235, "children": []}, {"name": "box22", "top": 653, "left": 570, "height": 156, "width": 235, "children": []}, {"name": "box25", "top": 653, "left": 805, "height": 156, "width": 235, "children": []}]}]}, {"name": "box7", "top": 101, "left": 48, "height": 707.6, "width": 940, "children": [{"name": "box8", "top": 142, "left": 48, "height": 484, "width": 418, "children": []}, {"name": "box9", "top": 288, "left": 447, "height": 60, "width": 503, "children": []}, {"name": "box10", "top": 375, "left": 554, "height": 43, "width": 288, "children": []}, {"name": "box11", "top": 454, "left": 608, "height": 49, "width": 180, "children": []}, {"name": "box12", "top": 616, "left": 48, "height": 27, "width": 940, "children": []}, {"name": "box13", "top": 653, "left": 48, "height": 156, "width": 940, "children": [{"name": "box16", "top": 653, "left": 48, "height": 156, "width": 235, "children": []}, {"name": "box19", "top": 653, "left": 283, "height": 156, "width": 235, "children": []}, {"name": "box22", "top": 653, "left": 518, "height": 156, "width": 235, "children": []}, {"name": "box25", "top": 653, "left": 753, "height": 156, "width": 235, "children": []}]}]}, {"name": "box7", "top": 101, "left": 89, "height": 707.6, "width": 940, "children": [{"name": "box8", "top": 142, "left": 89, "height": 484, "width": 418, "children": []}, {"name": "box9", "top": 288, "left": 488, "height": 60, "width": 503, "children": []}, {"name": "box10", "top": 375, "left": 595, "height": 43, "width": 288, "children": []}, {"name": "box11", "top": 454, "left": 649, "height": 49, "width": 180, "children": []}, {"name": "box12", "top": 616, "left": 89, "height": 27, "width": 940, "children": []}, {"name": "box13", "top": 653, "left": 89, "height": 156, "width": 940, "children": [{"name": "box16", "top": 653, "left": 89, "height": 156, "width": 235, "children": []}, {"name": "box19", "top": 653, "left": 324, "height": 156, "width": 235, "children": []}, {"name": "box22", "top": 653, "left": 559, "height": 156, "width": 235, "children": []}, {"name": "box25", "top": 653, "left": 794, "height": 156, "width": 235, "children": []}]}]}, {"name": "box7", "top": 101, "left": 116, "height": 707.6, "width": 940, "children": [{"name": "box8", "top": 142, "left": 116, "height": 484, "width": 418, "children": []}, {"name": "box9", "top": 288, "left": 515, "height": 60, "width": 503, "children": []}, {"name": "box10", "top": 375, "left": 622, "height": 43, "width": 288, "children": []}, {"name": "box11", "top": 454, "left": 676, "height": 49, "width": 180, "children": []}, {"name": "box12", "top": 616, "left": 116, "height": 27, "width": 940, "children": []}, {"name": "box13", "top": 653, "left": 116, "height": 156, "width": 940, "children": [{"name": "box16", "top": 653, "left": 116, "height": 156, "width": 235, "children": []}, {"name": "box19", "top": 653, "left": 351, "height": 156, "width": 235, "children": []}, {"name": "box22", "top": 653, "left": 586, "height": 156, "width": 235, "children": []}, {"name": "box25", "top": 653, "left": 821, "height": 156, "width": 235, "children": []}]}]}, {"name": "box7", "top": 101, "left": 134.5, "height": 707.6, "width": 940, "children": [{"name": "box8", "top": 142, "left": 134.5, "height": 484, "width": 418, "children": []}, {"name": "box9", "top": 288, "left": 533.5, "height": 60, "width": 503, "children": []}, {"name": "box10", "top": 375, "left": 640.5, "height": 43, "width": 288, "children": []}, {"name": "box11", "top": 454, "left": 694.5, "height": 49, "width": 180, "children": []}, {"name": "box12", "top": 616, "left": 134.5, "height": 27, "width": 940, "children": []}, {"name": "box13", "top": 653, "left": 134.5, "height": 156, "width": 940, "children": [{"name": "box16", "top": 653, "left": 134.5, "height": 156, "width": 235, "children": []}, {"name": "box19", "top": 653, "left": 369.5, "height": 156, "width": 235, "children": []}, {"name": "box22", "top": 653, "left": 604.5, "height": 156, "width": 235, "children": []}, {"name": "box25", "top": 653, "left": 839.5, "height": 156, "width": 235, "children": []}]}]}, {"name": "box7", "top": 101, "left": 27.5, "height": 707.6, "width": 940, "children": [{"name": "box8", "top": 142, "left": 27.5, "height": 484, "width": 418, "children": []}, {"name": "box9", "top": 288, "left": 426.5, "height": 60, "width": 503, "children": []}, {"name": "box10", "top": 375, "left": 533.5, "height": 43, "width": 288, "children": []}, {"name": "box11", "top": 454, "left": 587.5, "height": 49, "width": 180, "children": []}, {"name": "box12", "top": 616, "left": 27.5, "height": 27, "width": 940, "children": []}, {"name": "box13", "top": 653, "left": 27.5, "height": 156, "width": 940, "children": [{"name": "box16", "top": 653, "left": 27.5, "height": 156, "width": 235, "children": []}, {"name": "box19", "top": 653, "left": 262.5, "height": 156, "width": 235, "children": []}, {"name": "box22", "top": 653, "left": 497.5, "height": 156, "width": 235, "children": []}, {"name": "box25", "top": 653, "left": 732.5, "height": 156, "width": 235, "children": []}]}]}]}