{"name": "fwt-space-blogs", "bench": {"height": {"low": 377.6, "high": 377.6}, "width": {"low": 440, "high": 440}, "trainSeed": 235775, "testSeed": 17250987, "testSize": 10, "trainSize": 10}, "train": [{"name": "box38", "top": 1008.5999755859375, "left": 599, "height": 377.6, "width": 440, "children": [{"name": "box39", "top": 1008.5999755859375, "left": 599, "height": 32, "width": 440, "children": []}, {"name": "box40", "top": 1084.5999755859375, "left": 599, "height": 296, "width": 440, "children": [{"name": "box41", "top": 1084.5999755859375, "left": 599, "height": 90, "width": 440, "children": [{"name": "box43", "top": 1084.5999755859375, "left": 599, "height": 90, "width": 100, "children": []}, {"name": "box44", "top": 1088.5999755859375, "left": 719, "height": 23, "width": 310, "children": []}, {"name": "box45", "top": 1119.5999755859375, "left": 719, "height": 14, "width": 310, "children": []}, {"name": "box46", "top": 1143.5999755859375, "left": 919, "height": 31, "width": 120, "children": []}]}, {"name": "box47", "top": 1251.5999755859375, "left": 599, "height": 90, "width": 440, "children": [{"name": "box49", "top": 1252.5999755859375, "left": 599, "height": 90, "width": 100, "children": []}, {"name": "box50", "top": 1256.5999755859375, "left": 719, "height": 23, "width": 310, "children": []}, {"name": "box51", "top": 1287.5999755859375, "left": 719, "height": 14, "width": 310, "children": []}, {"name": "box52", "top": 1311.5999755859375, "left": 919, "height": 31, "width": 120, "children": []}]}]}]}, {"name": "box38", "top": 1008.5999755859375, "left": 633.5, "height": 377.6, "width": 440, "children": [{"name": "box39", "top": 1008.5999755859375, "left": 633.5, "height": 32, "width": 440, "children": []}, {"name": "box40", "top": 1084.5999755859375, "left": 633.5, "height": 296, "width": 440, "children": [{"name": "box41", "top": 1084.5999755859375, "left": 633.5, "height": 90, "width": 440, "children": [{"name": "box43", "top": 1084.5999755859375, "left": 633.5, "height": 90, "width": 100, "children": []}, {"name": "box44", "top": 1088.5999755859375, "left": 753.5, "height": 23, "width": 310, "children": []}, {"name": "box45", "top": 1119.5999755859375, "left": 753.5, "height": 14, "width": 310, "children": []}, {"name": "box46", "top": 1143.5999755859375, "left": 953.5, "height": 31, "width": 120, "children": []}]}, {"name": "box47", "top": 1251.5999755859375, "left": 633.5, "height": 90, "width": 440, "children": [{"name": "box49", "top": 1252.5999755859375, "left": 633.5, "height": 90, "width": 100, "children": []}, {"name": "box50", "top": 1256.5999755859375, "left": 753.5, "height": 23, "width": 310, "children": []}, {"name": "box51", "top": 1287.5999755859375, "left": 753.5, "height": 14, "width": 310, "children": []}, {"name": "box52", "top": 1311.5999755859375, "left": 953.5, "height": 31, "width": 120, "children": []}]}]}]}, {"name": "box38", "top": 1008.5999755859375, "left": 629.5, "height": 377.6, "width": 440, "children": [{"name": "box39", "top": 1008.5999755859375, "left": 629.5, "height": 32, "width": 440, "children": []}, {"name": "box40", "top": 1084.5999755859375, "left": 629.5, "height": 296, "width": 440, "children": [{"name": "box41", "top": 1084.5999755859375, "left": 629.5, "height": 90, "width": 440, "children": [{"name": "box43", "top": 1084.5999755859375, "left": 629.5, "height": 90, "width": 100, "children": []}, {"name": "box44", "top": 1088.5999755859375, "left": 749.5, "height": 23, "width": 310, "children": []}, {"name": "box45", "top": 1119.5999755859375, "left": 749.5, "height": 14, "width": 310, "children": []}, {"name": "box46", "top": 1143.5999755859375, "left": 949.5, "height": 31, "width": 120, "children": []}]}, {"name": "box47", "top": 1251.5999755859375, "left": 629.5, "height": 90, "width": 440, "children": [{"name": "box49", "top": 1252.5999755859375, "left": 629.5, "height": 90, "width": 100, "children": []}, {"name": "box50", "top": 1256.5999755859375, "left": 749.5, "height": 23, "width": 310, "children": []}, {"name": "box51", "top": 1287.5999755859375, "left": 749.5, "height": 14, "width": 310, "children": []}, {"name": "box52", "top": 1311.5999755859375, "left": 949.5, "height": 31, "width": 120, "children": []}]}]}]}, {"name": "box38", "top": 1008.5999755859375, "left": 559, "height": 377.6, "width": 440, "children": [{"name": "box39", "top": 1008.5999755859375, "left": 559, "height": 32, "width": 440, "children": []}, {"name": "box40", "top": 1084.5999755859375, "left": 559, "height": 296, "width": 440, "children": [{"name": "box41", "top": 1084.5999755859375, "left": 559, "height": 90, "width": 440, "children": [{"name": "box43", "top": 1084.5999755859375, "left": 559, "height": 90, "width": 100, "children": []}, {"name": "box44", "top": 1088.5999755859375, "left": 679, "height": 23, "width": 310, "children": []}, {"name": "box45", "top": 1119.5999755859375, "left": 679, "height": 14, "width": 310, "children": []}, {"name": "box46", "top": 1143.5999755859375, "left": 879, "height": 31, "width": 120, "children": []}]}, {"name": "box47", "top": 1251.5999755859375, "left": 559, "height": 90, "width": 440, "children": [{"name": "box49", "top": 1252.5999755859375, "left": 559, "height": 90, "width": 100, "children": []}, {"name": "box50", "top": 1256.5999755859375, "left": 679, "height": 23, "width": 310, "children": []}, {"name": "box51", "top": 1287.5999755859375, "left": 679, "height": 14, "width": 310, "children": []}, {"name": "box52", "top": 1311.5999755859375, "left": 879, "height": 31, "width": 120, "children": []}]}]}]}, {"name": "box38", "top": 1008.5999755859375, "left": 656, "height": 377.6, "width": 440, "children": [{"name": "box39", "top": 1008.5999755859375, "left": 656, "height": 32, "width": 440, "children": []}, {"name": "box40", "top": 1084.5999755859375, "left": 656, "height": 296, "width": 440, "children": [{"name": "box41", "top": 1084.5999755859375, "left": 656, "height": 90, "width": 440, "children": [{"name": "box43", "top": 1084.5999755859375, "left": 656, "height": 90, "width": 100, "children": []}, {"name": "box44", "top": 1088.5999755859375, "left": 776, "height": 23, "width": 310, "children": []}, {"name": "box45", "top": 1119.5999755859375, "left": 776, "height": 14, "width": 310, "children": []}, {"name": "box46", "top": 1143.5999755859375, "left": 976, "height": 31, "width": 120, "children": []}]}, {"name": "box47", "top": 1251.5999755859375, "left": 656, "height": 90, "width": 440, "children": [{"name": "box49", "top": 1252.5999755859375, "left": 656, "height": 90, "width": 100, "children": []}, {"name": "box50", "top": 1256.5999755859375, "left": 776, "height": 23, "width": 310, "children": []}, {"name": "box51", "top": 1287.5999755859375, "left": 776, "height": 14, "width": 310, "children": []}, {"name": "box52", "top": 1311.5999755859375, "left": 976, "height": 31, "width": 120, "children": []}]}]}]}, {"name": "box38", "top": 1008.5999755859375, "left": 633.5, "height": 377.6, "width": 440, "children": [{"name": "box39", "top": 1008.5999755859375, "left": 633.5, "height": 32, "width": 440, "children": []}, {"name": "box40", "top": 1084.5999755859375, "left": 633.5, "height": 296, "width": 440, "children": [{"name": "box41", "top": 1084.5999755859375, "left": 633.5, "height": 90, "width": 440, "children": [{"name": "box43", "top": 1084.5999755859375, "left": 633.5, "height": 90, "width": 100, "children": []}, {"name": "box44", "top": 1088.5999755859375, "left": 753.5, "height": 23, "width": 310, "children": []}, {"name": "box45", "top": 1119.5999755859375, "left": 753.5, "height": 14, "width": 310, "children": []}, {"name": "box46", "top": 1143.5999755859375, "left": 953.5, "height": 31, "width": 120, "children": []}]}, {"name": "box47", "top": 1251.5999755859375, "left": 633.5, "height": 90, "width": 440, "children": [{"name": "box49", "top": 1252.5999755859375, "left": 633.5, "height": 90, "width": 100, "children": []}, {"name": "box50", "top": 1256.5999755859375, "left": 753.5, "height": 23, "width": 310, "children": []}, {"name": "box51", "top": 1287.5999755859375, "left": 753.5, "height": 14, "width": 310, "children": []}, {"name": "box52", "top": 1311.5999755859375, "left": 953.5, "height": 31, "width": 120, "children": []}]}]}]}, {"name": "box38", "top": 1008.5999755859375, "left": 649, "height": 377.6, "width": 440, "children": [{"name": "box39", "top": 1008.5999755859375, "left": 649, "height": 32, "width": 440, "children": []}, {"name": "box40", "top": 1084.5999755859375, "left": 649, "height": 296, "width": 440, "children": [{"name": "box41", "top": 1084.5999755859375, "left": 649, "height": 90, "width": 440, "children": [{"name": "box43", "top": 1084.5999755859375, "left": 649, "height": 90, "width": 100, "children": []}, {"name": "box44", "top": 1088.5999755859375, "left": 769, "height": 23, "width": 310, "children": []}, {"name": "box45", "top": 1119.5999755859375, "left": 769, "height": 14, "width": 310, "children": []}, {"name": "box46", "top": 1143.5999755859375, "left": 969, "height": 31, "width": 120, "children": []}]}, {"name": "box47", "top": 1251.5999755859375, "left": 649, "height": 90, "width": 440, "children": [{"name": "box49", "top": 1252.5999755859375, "left": 649, "height": 90, "width": 100, "children": []}, {"name": "box50", "top": 1256.5999755859375, "left": 769, "height": 23, "width": 310, "children": []}, {"name": "box51", "top": 1287.5999755859375, "left": 769, "height": 14, "width": 310, "children": []}, {"name": "box52", "top": 1311.5999755859375, "left": 969, "height": 31, "width": 120, "children": []}]}]}]}, {"name": "box38", "top": 1008.5999755859375, "left": 553.5, "height": 377.6, "width": 440, "children": [{"name": "box39", "top": 1008.5999755859375, "left": 553.5, "height": 32, "width": 440, "children": []}, {"name": "box40", "top": 1084.5999755859375, "left": 553.5, "height": 296, "width": 440, "children": [{"name": "box41", "top": 1084.5999755859375, "left": 553.5, "height": 90, "width": 440, "children": [{"name": "box43", "top": 1084.5999755859375, "left": 553.5, "height": 90, "width": 100, "children": []}, {"name": "box44", "top": 1088.5999755859375, "left": 673.5, "height": 23, "width": 310, "children": []}, {"name": "box45", "top": 1119.5999755859375, "left": 673.5, "height": 14, "width": 310, "children": []}, {"name": "box46", "top": 1143.5999755859375, "left": 873.5, "height": 31, "width": 120, "children": []}]}, {"name": "box47", "top": 1251.5999755859375, "left": 553.5, "height": 90, "width": 440, "children": [{"name": "box49", "top": 1252.5999755859375, "left": 553.5, "height": 90, "width": 100, "children": []}, {"name": "box50", "top": 1256.5999755859375, "left": 673.5, "height": 23, "width": 310, "children": []}, {"name": "box51", "top": 1287.5999755859375, "left": 673.5, "height": 14, "width": 310, "children": []}, {"name": "box52", "top": 1311.5999755859375, "left": 873.5, "height": 31, "width": 120, "children": []}]}]}]}, {"name": "box38", "top": 1008.5999755859375, "left": 616, "height": 377.6, "width": 440, "children": [{"name": "box39", "top": 1008.5999755859375, "left": 616, "height": 32, "width": 440, "children": []}, {"name": "box40", "top": 1084.5999755859375, "left": 616, "height": 296, "width": 440, "children": [{"name": "box41", "top": 1084.5999755859375, "left": 616, "height": 90, "width": 440, "children": [{"name": "box43", "top": 1084.5999755859375, "left": 616, "height": 90, "width": 100, "children": []}, {"name": "box44", "top": 1088.5999755859375, "left": 736, "height": 23, "width": 310, "children": []}, {"name": "box45", "top": 1119.5999755859375, "left": 736, "height": 14, "width": 310, "children": []}, {"name": "box46", "top": 1143.5999755859375, "left": 936, "height": 31, "width": 120, "children": []}]}, {"name": "box47", "top": 1251.5999755859375, "left": 616, "height": 90, "width": 440, "children": [{"name": "box49", "top": 1252.5999755859375, "left": 616, "height": 90, "width": 100, "children": []}, {"name": "box50", "top": 1256.5999755859375, "left": 736, "height": 23, "width": 310, "children": []}, {"name": "box51", "top": 1287.5999755859375, "left": 736, "height": 14, "width": 310, "children": []}, {"name": "box52", "top": 1311.5999755859375, "left": 936, "height": 31, "width": 120, "children": []}]}]}]}, {"name": "box38", "top": 1008.5999755859375, "left": 645.5, "height": 377.6, "width": 440, "children": [{"name": "box39", "top": 1008.5999755859375, "left": 645.5, "height": 32, "width": 440, "children": []}, {"name": "box40", "top": 1084.5999755859375, "left": 645.5, "height": 296, "width": 440, "children": [{"name": "box41", "top": 1084.5999755859375, "left": 645.5, "height": 90, "width": 440, "children": [{"name": "box43", "top": 1084.5999755859375, "left": 645.5, "height": 90, "width": 100, "children": []}, {"name": "box44", "top": 1088.5999755859375, "left": 765.5, "height": 23, "width": 310, "children": []}, {"name": "box45", "top": 1119.5999755859375, "left": 765.5, "height": 14, "width": 310, "children": []}, {"name": "box46", "top": 1143.5999755859375, "left": 965.5, "height": 31, "width": 120, "children": []}]}, {"name": "box47", "top": 1251.5999755859375, "left": 645.5, "height": 90, "width": 440, "children": [{"name": "box49", "top": 1252.5999755859375, "left": 645.5, "height": 90, "width": 100, "children": []}, {"name": "box50", "top": 1256.5999755859375, "left": 765.5, "height": 23, "width": 310, "children": []}, {"name": "box51", "top": 1287.5999755859375, "left": 765.5, "height": 14, "width": 310, "children": []}, {"name": "box52", "top": 1311.5999755859375, "left": 965.5, "height": 31, "width": 120, "children": []}]}]}]}], "test": [{"name": "box38", "top": 1008.5999755859375, "left": 551.5, "height": 377.6, "width": 440, "children": [{"name": "box39", "top": 1008.5999755859375, "left": 551.5, "height": 32, "width": 440, "children": []}, {"name": "box40", "top": 1084.5999755859375, "left": 551.5, "height": 296, "width": 440, "children": [{"name": "box41", "top": 1084.5999755859375, "left": 551.5, "height": 90, "width": 440, "children": [{"name": "box43", "top": 1084.5999755859375, "left": 551.5, "height": 90, "width": 100, "children": []}, {"name": "box44", "top": 1088.5999755859375, "left": 671.5, "height": 23, "width": 310, "children": []}, {"name": "box45", "top": 1119.5999755859375, "left": 671.5, "height": 14, "width": 310, "children": []}, {"name": "box46", "top": 1143.5999755859375, "left": 871.5, "height": 31, "width": 120, "children": []}]}, {"name": "box47", "top": 1251.5999755859375, "left": 551.5, "height": 90, "width": 440, "children": [{"name": "box49", "top": 1252.5999755859375, "left": 551.5, "height": 90, "width": 100, "children": []}, {"name": "box50", "top": 1256.5999755859375, "left": 671.5, "height": 23, "width": 310, "children": []}, {"name": "box51", "top": 1287.5999755859375, "left": 671.5, "height": 14, "width": 310, "children": []}, {"name": "box52", "top": 1311.5999755859375, "left": 871.5, "height": 31, "width": 120, "children": []}]}]}]}, {"name": "box38", "top": 1008.5999755859375, "left": 532.5, "height": 377.6, "width": 440, "children": [{"name": "box39", "top": 1008.5999755859375, "left": 532.5, "height": 32, "width": 440, "children": []}, {"name": "box40", "top": 1084.5999755859375, "left": 532.5, "height": 296, "width": 440, "children": [{"name": "box41", "top": 1084.5999755859375, "left": 532.5, "height": 90, "width": 440, "children": [{"name": "box43", "top": 1084.5999755859375, "left": 532.5, "height": 90, "width": 100, "children": []}, {"name": "box44", "top": 1088.5999755859375, "left": 652.5, "height": 23, "width": 310, "children": []}, {"name": "box45", "top": 1119.5999755859375, "left": 652.5, "height": 14, "width": 310, "children": []}, {"name": "box46", "top": 1143.5999755859375, "left": 852.5, "height": 31, "width": 120, "children": []}]}, {"name": "box47", "top": 1251.5999755859375, "left": 532.5, "height": 90, "width": 440, "children": [{"name": "box49", "top": 1252.5999755859375, "left": 532.5, "height": 90, "width": 100, "children": []}, {"name": "box50", "top": 1256.5999755859375, "left": 652.5, "height": 23, "width": 310, "children": []}, {"name": "box51", "top": 1287.5999755859375, "left": 652.5, "height": 14, "width": 310, "children": []}, {"name": "box52", "top": 1311.5999755859375, "left": 852.5, "height": 31, "width": 120, "children": []}]}]}]}, {"name": "box38", "top": 1008.5999755859375, "left": 528, "height": 377.6, "width": 440, "children": [{"name": "box39", "top": 1008.5999755859375, "left": 528, "height": 32, "width": 440, "children": []}, {"name": "box40", "top": 1084.5999755859375, "left": 528, "height": 296, "width": 440, "children": [{"name": "box41", "top": 1084.5999755859375, "left": 528, "height": 90, "width": 440, "children": [{"name": "box43", "top": 1084.5999755859375, "left": 528, "height": 90, "width": 100, "children": []}, {"name": "box44", "top": 1088.5999755859375, "left": 648, "height": 23, "width": 310, "children": []}, {"name": "box45", "top": 1119.5999755859375, "left": 648, "height": 14, "width": 310, "children": []}, {"name": "box46", "top": 1143.5999755859375, "left": 848, "height": 31, "width": 120, "children": []}]}, {"name": "box47", "top": 1251.5999755859375, "left": 528, "height": 90, "width": 440, "children": [{"name": "box49", "top": 1252.5999755859375, "left": 528, "height": 90, "width": 100, "children": []}, {"name": "box50", "top": 1256.5999755859375, "left": 648, "height": 23, "width": 310, "children": []}, {"name": "box51", "top": 1287.5999755859375, "left": 648, "height": 14, "width": 310, "children": []}, {"name": "box52", "top": 1311.5999755859375, "left": 848, "height": 31, "width": 120, "children": []}]}]}]}, {"name": "box38", "top": 1008.5999755859375, "left": 522, "height": 377.6, "width": 440, "children": [{"name": "box39", "top": 1008.5999755859375, "left": 522, "height": 32, "width": 440, "children": []}, {"name": "box40", "top": 1084.5999755859375, "left": 522, "height": 296, "width": 440, "children": [{"name": "box41", "top": 1084.5999755859375, "left": 522, "height": 90, "width": 440, "children": [{"name": "box43", "top": 1084.5999755859375, "left": 522, "height": 90, "width": 100, "children": []}, {"name": "box44", "top": 1088.5999755859375, "left": 642, "height": 23, "width": 310, "children": []}, {"name": "box45", "top": 1119.5999755859375, "left": 642, "height": 14, "width": 310, "children": []}, {"name": "box46", "top": 1143.5999755859375, "left": 842, "height": 31, "width": 120, "children": []}]}, {"name": "box47", "top": 1251.5999755859375, "left": 522, "height": 90, "width": 440, "children": [{"name": "box49", "top": 1252.5999755859375, "left": 522, "height": 90, "width": 100, "children": []}, {"name": "box50", "top": 1256.5999755859375, "left": 642, "height": 23, "width": 310, "children": []}, {"name": "box51", "top": 1287.5999755859375, "left": 642, "height": 14, "width": 310, "children": []}, {"name": "box52", "top": 1311.5999755859375, "left": 842, "height": 31, "width": 120, "children": []}]}]}]}, {"name": "box38", "top": 1008.5999755859375, "left": 600, "height": 377.6, "width": 440, "children": [{"name": "box39", "top": 1008.5999755859375, "left": 600, "height": 32, "width": 440, "children": []}, {"name": "box40", "top": 1084.5999755859375, "left": 600, "height": 296, "width": 440, "children": [{"name": "box41", "top": 1084.5999755859375, "left": 600, "height": 90, "width": 440, "children": [{"name": "box43", "top": 1084.5999755859375, "left": 600, "height": 90, "width": 100, "children": []}, {"name": "box44", "top": 1088.5999755859375, "left": 720, "height": 23, "width": 310, "children": []}, {"name": "box45", "top": 1119.5999755859375, "left": 720, "height": 14, "width": 310, "children": []}, {"name": "box46", "top": 1143.5999755859375, "left": 920, "height": 31, "width": 120, "children": []}]}, {"name": "box47", "top": 1251.5999755859375, "left": 600, "height": 90, "width": 440, "children": [{"name": "box49", "top": 1252.5999755859375, "left": 600, "height": 90, "width": 100, "children": []}, {"name": "box50", "top": 1256.5999755859375, "left": 720, "height": 23, "width": 310, "children": []}, {"name": "box51", "top": 1287.5999755859375, "left": 720, "height": 14, "width": 310, "children": []}, {"name": "box52", "top": 1311.5999755859375, "left": 920, "height": 31, "width": 120, "children": []}]}]}]}, {"name": "box38", "top": 1008.5999755859375, "left": 548, "height": 377.6, "width": 440, "children": [{"name": "box39", "top": 1008.5999755859375, "left": 548, "height": 32, "width": 440, "children": []}, {"name": "box40", "top": 1084.5999755859375, "left": 548, "height": 296, "width": 440, "children": [{"name": "box41", "top": 1084.5999755859375, "left": 548, "height": 90, "width": 440, "children": [{"name": "box43", "top": 1084.5999755859375, "left": 548, "height": 90, "width": 100, "children": []}, {"name": "box44", "top": 1088.5999755859375, "left": 668, "height": 23, "width": 310, "children": []}, {"name": "box45", "top": 1119.5999755859375, "left": 668, "height": 14, "width": 310, "children": []}, {"name": "box46", "top": 1143.5999755859375, "left": 868, "height": 31, "width": 120, "children": []}]}, {"name": "box47", "top": 1251.5999755859375, "left": 548, "height": 90, "width": 440, "children": [{"name": "box49", "top": 1252.5999755859375, "left": 548, "height": 90, "width": 100, "children": []}, {"name": "box50", "top": 1256.5999755859375, "left": 668, "height": 23, "width": 310, "children": []}, {"name": "box51", "top": 1287.5999755859375, "left": 668, "height": 14, "width": 310, "children": []}, {"name": "box52", "top": 1311.5999755859375, "left": 868, "height": 31, "width": 120, "children": []}]}]}]}, {"name": "box38", "top": 1008.5999755859375, "left": 589, "height": 377.6, "width": 440, "children": [{"name": "box39", "top": 1008.5999755859375, "left": 589, "height": 32, "width": 440, "children": []}, {"name": "box40", "top": 1084.5999755859375, "left": 589, "height": 296, "width": 440, "children": [{"name": "box41", "top": 1084.5999755859375, "left": 589, "height": 90, "width": 440, "children": [{"name": "box43", "top": 1084.5999755859375, "left": 589, "height": 90, "width": 100, "children": []}, {"name": "box44", "top": 1088.5999755859375, "left": 709, "height": 23, "width": 310, "children": []}, {"name": "box45", "top": 1119.5999755859375, "left": 709, "height": 14, "width": 310, "children": []}, {"name": "box46", "top": 1143.5999755859375, "left": 909, "height": 31, "width": 120, "children": []}]}, {"name": "box47", "top": 1251.5999755859375, "left": 589, "height": 90, "width": 440, "children": [{"name": "box49", "top": 1252.5999755859375, "left": 589, "height": 90, "width": 100, "children": []}, {"name": "box50", "top": 1256.5999755859375, "left": 709, "height": 23, "width": 310, "children": []}, {"name": "box51", "top": 1287.5999755859375, "left": 709, "height": 14, "width": 310, "children": []}, {"name": "box52", "top": 1311.5999755859375, "left": 909, "height": 31, "width": 120, "children": []}]}]}]}, {"name": "box38", "top": 1008.5999755859375, "left": 616, "height": 377.6, "width": 440, "children": [{"name": "box39", "top": 1008.5999755859375, "left": 616, "height": 32, "width": 440, "children": []}, {"name": "box40", "top": 1084.5999755859375, "left": 616, "height": 296, "width": 440, "children": [{"name": "box41", "top": 1084.5999755859375, "left": 616, "height": 90, "width": 440, "children": [{"name": "box43", "top": 1084.5999755859375, "left": 616, "height": 90, "width": 100, "children": []}, {"name": "box44", "top": 1088.5999755859375, "left": 736, "height": 23, "width": 310, "children": []}, {"name": "box45", "top": 1119.5999755859375, "left": 736, "height": 14, "width": 310, "children": []}, {"name": "box46", "top": 1143.5999755859375, "left": 936, "height": 31, "width": 120, "children": []}]}, {"name": "box47", "top": 1251.5999755859375, "left": 616, "height": 90, "width": 440, "children": [{"name": "box49", "top": 1252.5999755859375, "left": 616, "height": 90, "width": 100, "children": []}, {"name": "box50", "top": 1256.5999755859375, "left": 736, "height": 23, "width": 310, "children": []}, {"name": "box51", "top": 1287.5999755859375, "left": 736, "height": 14, "width": 310, "children": []}, {"name": "box52", "top": 1311.5999755859375, "left": 936, "height": 31, "width": 120, "children": []}]}]}]}, {"name": "box38", "top": 1008.5999755859375, "left": 634.5, "height": 377.6, "width": 440, "children": [{"name": "box39", "top": 1008.5999755859375, "left": 634.5, "height": 32, "width": 440, "children": []}, {"name": "box40", "top": 1084.5999755859375, "left": 634.5, "height": 296, "width": 440, "children": [{"name": "box41", "top": 1084.5999755859375, "left": 634.5, "height": 90, "width": 440, "children": [{"name": "box43", "top": 1084.5999755859375, "left": 634.5, "height": 90, "width": 100, "children": []}, {"name": "box44", "top": 1088.5999755859375, "left": 754.5, "height": 23, "width": 310, "children": []}, {"name": "box45", "top": 1119.5999755859375, "left": 754.5, "height": 14, "width": 310, "children": []}, {"name": "box46", "top": 1143.5999755859375, "left": 954.5, "height": 31, "width": 120, "children": []}]}, {"name": "box47", "top": 1251.5999755859375, "left": 634.5, "height": 90, "width": 440, "children": [{"name": "box49", "top": 1252.5999755859375, "left": 634.5, "height": 90, "width": 100, "children": []}, {"name": "box50", "top": 1256.5999755859375, "left": 754.5, "height": 23, "width": 310, "children": []}, {"name": "box51", "top": 1287.5999755859375, "left": 754.5, "height": 14, "width": 310, "children": []}, {"name": "box52", "top": 1311.5999755859375, "left": 954.5, "height": 31, "width": 120, "children": []}]}]}]}, {"name": "box38", "top": 1008.5999755859375, "left": 527.5, "height": 377.6, "width": 440, "children": [{"name": "box39", "top": 1008.5999755859375, "left": 527.5, "height": 32, "width": 440, "children": []}, {"name": "box40", "top": 1084.5999755859375, "left": 527.5, "height": 296, "width": 440, "children": [{"name": "box41", "top": 1084.5999755859375, "left": 527.5, "height": 90, "width": 440, "children": [{"name": "box43", "top": 1084.5999755859375, "left": 527.5, "height": 90, "width": 100, "children": []}, {"name": "box44", "top": 1088.5999755859375, "left": 647.5, "height": 23, "width": 310, "children": []}, {"name": "box45", "top": 1119.5999755859375, "left": 647.5, "height": 14, "width": 310, "children": []}, {"name": "box46", "top": 1143.5999755859375, "left": 847.5, "height": 31, "width": 120, "children": []}]}, {"name": "box47", "top": 1251.5999755859375, "left": 527.5, "height": 90, "width": 440, "children": [{"name": "box49", "top": 1252.5999755859375, "left": 527.5, "height": 90, "width": 100, "children": []}, {"name": "box50", "top": 1256.5999755859375, "left": 647.5, "height": 23, "width": 310, "children": []}, {"name": "box51", "top": 1287.5999755859375, "left": 647.5, "height": 14, "width": 310, "children": []}, {"name": "box52", "top": 1311.5999755859375, "left": 847.5, "height": 31, "width": 120, "children": []}]}]}]}]}