{"name": "fwt-space-featured", "bench": {"height": {"low": 156, "high": 156}, "width": {"low": 940, "high": 940}, "trainSeed": 235775, "testSeed": 17250987, "testSize": 10, "trainSize": 10}, "train": [{"name": "box13", "top": 653, "left": 99, "height": 156, "width": 940, "children": [{"name": "box16", "top": 653, "left": 99, "height": 156, "width": 235, "children": []}, {"name": "box19", "top": 653, "left": 334, "height": 156, "width": 235, "children": []}, {"name": "box22", "top": 653, "left": 569, "height": 156, "width": 235, "children": []}, {"name": "box25", "top": 653, "left": 804, "height": 156, "width": 235, "children": []}]}, {"name": "box13", "top": 653, "left": 133.5, "height": 156, "width": 940, "children": [{"name": "box16", "top": 653, "left": 133.5, "height": 156, "width": 235, "children": []}, {"name": "box19", "top": 653, "left": 368.5, "height": 156, "width": 235, "children": []}, {"name": "box22", "top": 653, "left": 603.5, "height": 156, "width": 235, "children": []}, {"name": "box25", "top": 653, "left": 838.5, "height": 156, "width": 235, "children": []}]}, {"name": "box13", "top": 653, "left": 129.5, "height": 156, "width": 940, "children": [{"name": "box16", "top": 653, "left": 129.5, "height": 156, "width": 235, "children": []}, {"name": "box19", "top": 653, "left": 364.5, "height": 156, "width": 235, "children": []}, {"name": "box22", "top": 653, "left": 599.5, "height": 156, "width": 235, "children": []}, {"name": "box25", "top": 653, "left": 834.5, "height": 156, "width": 235, "children": []}]}, {"name": "box13", "top": 653, "left": 59, "height": 156, "width": 940, "children": [{"name": "box16", "top": 653, "left": 59, "height": 156, "width": 235, "children": []}, {"name": "box19", "top": 653, "left": 294, "height": 156, "width": 235, "children": []}, {"name": "box22", "top": 653, "left": 529, "height": 156, "width": 235, "children": []}, {"name": "box25", "top": 653, "left": 764, "height": 156, "width": 235, "children": []}]}, {"name": "box13", "top": 653, "left": 156, "height": 156, "width": 940, "children": [{"name": "box16", "top": 653, "left": 156, "height": 156, "width": 235, "children": []}, {"name": "box19", "top": 653, "left": 391, "height": 156, "width": 235, "children": []}, {"name": "box22", "top": 653, "left": 626, "height": 156, "width": 235, "children": []}, {"name": "box25", "top": 653, "left": 861, "height": 156, "width": 235, "children": []}]}, {"name": "box13", "top": 653, "left": 133.5, "height": 156, "width": 940, "children": [{"name": "box16", "top": 653, "left": 133.5, "height": 156, "width": 235, "children": []}, {"name": "box19", "top": 653, "left": 368.5, "height": 156, "width": 235, "children": []}, {"name": "box22", "top": 653, "left": 603.5, "height": 156, "width": 235, "children": []}, {"name": "box25", "top": 653, "left": 838.5, "height": 156, "width": 235, "children": []}]}, {"name": "box13", "top": 653, "left": 149, "height": 156, "width": 940, "children": [{"name": "box16", "top": 653, "left": 149, "height": 156, "width": 235, "children": []}, {"name": "box19", "top": 653, "left": 384, "height": 156, "width": 235, "children": []}, {"name": "box22", "top": 653, "left": 619, "height": 156, "width": 235, "children": []}, {"name": "box25", "top": 653, "left": 854, "height": 156, "width": 235, "children": []}]}, {"name": "box13", "top": 653, "left": 53.5, "height": 156, "width": 940, "children": [{"name": "box16", "top": 653, "left": 53.5, "height": 156, "width": 235, "children": []}, {"name": "box19", "top": 653, "left": 288.5, "height": 156, "width": 235, "children": []}, {"name": "box22", "top": 653, "left": 523.5, "height": 156, "width": 235, "children": []}, {"name": "box25", "top": 653, "left": 758.5, "height": 156, "width": 235, "children": []}]}, {"name": "box13", "top": 653, "left": 116, "height": 156, "width": 940, "children": [{"name": "box16", "top": 653, "left": 116, "height": 156, "width": 235, "children": []}, {"name": "box19", "top": 653, "left": 351, "height": 156, "width": 235, "children": []}, {"name": "box22", "top": 653, "left": 586, "height": 156, "width": 235, "children": []}, {"name": "box25", "top": 653, "left": 821, "height": 156, "width": 235, "children": []}]}, {"name": "box13", "top": 653, "left": 145.5, "height": 156, "width": 940, "children": [{"name": "box16", "top": 653, "left": 145.5, "height": 156, "width": 235, "children": []}, {"name": "box19", "top": 653, "left": 380.5, "height": 156, "width": 235, "children": []}, {"name": "box22", "top": 653, "left": 615.5, "height": 156, "width": 235, "children": []}, {"name": "box25", "top": 653, "left": 850.5, "height": 156, "width": 235, "children": []}]}], "test": [{"name": "box13", "top": 653, "left": 51.5, "height": 156, "width": 940, "children": [{"name": "box16", "top": 653, "left": 51.5, "height": 156, "width": 235, "children": []}, {"name": "box19", "top": 653, "left": 286.5, "height": 156, "width": 235, "children": []}, {"name": "box22", "top": 653, "left": 521.5, "height": 156, "width": 235, "children": []}, {"name": "box25", "top": 653, "left": 756.5, "height": 156, "width": 235, "children": []}]}, {"name": "box13", "top": 653, "left": 32.5, "height": 156, "width": 940, "children": [{"name": "box16", "top": 653, "left": 32.5, "height": 156, "width": 235, "children": []}, {"name": "box19", "top": 653, "left": 267.5, "height": 156, "width": 235, "children": []}, {"name": "box22", "top": 653, "left": 502.5, "height": 156, "width": 235, "children": []}, {"name": "box25", "top": 653, "left": 737.5, "height": 156, "width": 235, "children": []}]}, {"name": "box13", "top": 653, "left": 28, "height": 156, "width": 940, "children": [{"name": "box16", "top": 653, "left": 28, "height": 156, "width": 235, "children": []}, {"name": "box19", "top": 653, "left": 263, "height": 156, "width": 235, "children": []}, {"name": "box22", "top": 653, "left": 498, "height": 156, "width": 235, "children": []}, {"name": "box25", "top": 653, "left": 733, "height": 156, "width": 235, "children": []}]}, {"name": "box13", "top": 653, "left": 22, "height": 156, "width": 940, "children": [{"name": "box16", "top": 653, "left": 22, "height": 156, "width": 235, "children": []}, {"name": "box19", "top": 653, "left": 257, "height": 156, "width": 235, "children": []}, {"name": "box22", "top": 653, "left": 492, "height": 156, "width": 235, "children": []}, {"name": "box25", "top": 653, "left": 727, "height": 156, "width": 235, "children": []}]}, {"name": "box13", "top": 653, "left": 100, "height": 156, "width": 940, "children": [{"name": "box16", "top": 653, "left": 100, "height": 156, "width": 235, "children": []}, {"name": "box19", "top": 653, "left": 335, "height": 156, "width": 235, "children": []}, {"name": "box22", "top": 653, "left": 570, "height": 156, "width": 235, "children": []}, {"name": "box25", "top": 653, "left": 805, "height": 156, "width": 235, "children": []}]}, {"name": "box13", "top": 653, "left": 48, "height": 156, "width": 940, "children": [{"name": "box16", "top": 653, "left": 48, "height": 156, "width": 235, "children": []}, {"name": "box19", "top": 653, "left": 283, "height": 156, "width": 235, "children": []}, {"name": "box22", "top": 653, "left": 518, "height": 156, "width": 235, "children": []}, {"name": "box25", "top": 653, "left": 753, "height": 156, "width": 235, "children": []}]}, {"name": "box13", "top": 653, "left": 89, "height": 156, "width": 940, "children": [{"name": "box16", "top": 653, "left": 89, "height": 156, "width": 235, "children": []}, {"name": "box19", "top": 653, "left": 324, "height": 156, "width": 235, "children": []}, {"name": "box22", "top": 653, "left": 559, "height": 156, "width": 235, "children": []}, {"name": "box25", "top": 653, "left": 794, "height": 156, "width": 235, "children": []}]}, {"name": "box13", "top": 653, "left": 116, "height": 156, "width": 940, "children": [{"name": "box16", "top": 653, "left": 116, "height": 156, "width": 235, "children": []}, {"name": "box19", "top": 653, "left": 351, "height": 156, "width": 235, "children": []}, {"name": "box22", "top": 653, "left": 586, "height": 156, "width": 235, "children": []}, {"name": "box25", "top": 653, "left": 821, "height": 156, "width": 235, "children": []}]}, {"name": "box13", "top": 653, "left": 134.5, "height": 156, "width": 940, "children": [{"name": "box16", "top": 653, "left": 134.5, "height": 156, "width": 235, "children": []}, {"name": "box19", "top": 653, "left": 369.5, "height": 156, "width": 235, "children": []}, {"name": "box22", "top": 653, "left": 604.5, "height": 156, "width": 235, "children": []}, {"name": "box25", "top": 653, "left": 839.5, "height": 156, "width": 235, "children": []}]}, {"name": "box13", "top": 653, "left": 27.5, "height": 156, "width": 940, "children": [{"name": "box16", "top": 653, "left": 27.5, "height": 156, "width": 235, "children": []}, {"name": "box19", "top": 653, "left": 262.5, "height": 156, "width": 235, "children": []}, {"name": "box22", "top": 653, "left": 497.5, "height": 156, "width": 235, "children": []}, {"name": "box25", "top": 653, "left": 732.5, "height": 156, "width": 235, "children": []}]}]}