{"name": "fwt-running-content", "bench": {"height": {"low": 1449, "high": 1449}, "width": {"low": 984, "high": 1252}, "trainSeed": 235775, "testSeed": 17250987, "testSize": 10, "trainSize": 10}, "train": [{"name": "body", "top": 268, "left": 0, "height": 1449, "width": 1138, "children": [{"name": "box21", "top": 328, "left": 89, "height": 1387, "width": 960, "children": [{"name": "box22", "top": 328, "left": 89, "height": 40, "width": 960, "children": []}, {"name": "box23", "top": 456, "left": 266, "height": 300, "width": 606, "children": []}, {"name": "box24", "top": 803, "left": 89, "height": 20, "width": 960, "children": []}, {"name": "box25", "top": 838, "left": 186.5, "height": 192, "width": 765, "children": []}, {"name": "box26", "top": 1067, "left": 89, "height": 20, "width": 960, "children": []}, {"name": "box27", "top": 1102, "left": 186.5, "height": 192, "width": 765, "children": []}, {"name": "box28", "top": 1331, "left": 89, "height": 20, "width": 960, "children": []}, {"name": "box29", "top": 1366, "left": 186.5, "height": 96, "width": 765, "children": []}, {"name": "box30", "top": 1499, "left": 89, "height": 20, "width": 960, "children": []}, {"name": "box31", "top": 1534, "left": 186.5, "height": 144, "width": 765, "children": []}]}]}, {"name": "body", "top": 268, "left": 0, "height": 1449, "width": 1207, "children": [{"name": "box21", "top": 328, "left": 123.5, "height": 1387, "width": 960, "children": [{"name": "box22", "top": 328, "left": 123.5, "height": 40, "width": 960, "children": []}, {"name": "box23", "top": 456, "left": 300.5, "height": 300, "width": 606, "children": []}, {"name": "box24", "top": 803, "left": 123.5, "height": 20, "width": 960, "children": []}, {"name": "box25", "top": 838, "left": 221, "height": 192, "width": 765, "children": []}, {"name": "box26", "top": 1067, "left": 123.5, "height": 20, "width": 960, "children": []}, {"name": "box27", "top": 1102, "left": 221, "height": 192, "width": 765, "children": []}, {"name": "box28", "top": 1331, "left": 123.5, "height": 20, "width": 960, "children": []}, {"name": "box29", "top": 1366, "left": 221, "height": 96, "width": 765, "children": []}, {"name": "box30", "top": 1499, "left": 123.5, "height": 20, "width": 960, "children": []}, {"name": "box31", "top": 1534, "left": 221, "height": 144, "width": 765, "children": []}]}]}, {"name": "body", "top": 268, "left": 0, "height": 1449, "width": 1199, "children": [{"name": "box21", "top": 328, "left": 119.5, "height": 1387, "width": 960, "children": [{"name": "box22", "top": 328, "left": 119.5, "height": 40, "width": 960, "children": []}, {"name": "box23", "top": 456, "left": 296.5, "height": 300, "width": 606, "children": []}, {"name": "box24", "top": 803, "left": 119.5, "height": 20, "width": 960, "children": []}, {"name": "box25", "top": 838, "left": 217, "height": 192, "width": 765, "children": []}, {"name": "box26", "top": 1067, "left": 119.5, "height": 20, "width": 960, "children": []}, {"name": "box27", "top": 1102, "left": 217, "height": 192, "width": 765, "children": []}, {"name": "box28", "top": 1331, "left": 119.5, "height": 20, "width": 960, "children": []}, {"name": "box29", "top": 1366, "left": 217, "height": 96, "width": 765, "children": []}, {"name": "box30", "top": 1499, "left": 119.5, "height": 20, "width": 960, "children": []}, {"name": "box31", "top": 1534, "left": 217, "height": 144, "width": 765, "children": []}]}]}, {"name": "body", "top": 268, "left": 0, "height": 1449, "width": 1058, "children": [{"name": "box21", "top": 328, "left": 49, "height": 1387, "width": 960, "children": [{"name": "box22", "top": 328, "left": 49, "height": 40, "width": 960, "children": []}, {"name": "box23", "top": 456, "left": 226, "height": 300, "width": 606, "children": []}, {"name": "box24", "top": 803, "left": 49, "height": 20, "width": 960, "children": []}, {"name": "box25", "top": 838, "left": 146.5, "height": 192, "width": 765, "children": []}, {"name": "box26", "top": 1067, "left": 49, "height": 20, "width": 960, "children": []}, {"name": "box27", "top": 1102, "left": 146.5, "height": 192, "width": 765, "children": []}, {"name": "box28", "top": 1331, "left": 49, "height": 20, "width": 960, "children": []}, {"name": "box29", "top": 1366, "left": 146.5, "height": 96, "width": 765, "children": []}, {"name": "box30", "top": 1499, "left": 49, "height": 20, "width": 960, "children": []}, {"name": "box31", "top": 1534, "left": 146.5, "height": 144, "width": 765, "children": []}]}]}, {"name": "body", "top": 268, "left": 0, "height": 1449, "width": 1252, "children": [{"name": "box21", "top": 328, "left": 146, "height": 1387, "width": 960, "children": [{"name": "box22", "top": 328, "left": 146, "height": 40, "width": 960, "children": []}, {"name": "box23", "top": 456, "left": 323, "height": 300, "width": 606, "children": []}, {"name": "box24", "top": 803, "left": 146, "height": 20, "width": 960, "children": []}, {"name": "box25", "top": 838, "left": 243.5, "height": 192, "width": 765, "children": []}, {"name": "box26", "top": 1067, "left": 146, "height": 20, "width": 960, "children": []}, {"name": "box27", "top": 1102, "left": 243.5, "height": 192, "width": 765, "children": []}, {"name": "box28", "top": 1331, "left": 146, "height": 20, "width": 960, "children": []}, {"name": "box29", "top": 1366, "left": 243.5, "height": 96, "width": 765, "children": []}, {"name": "box30", "top": 1499, "left": 146, "height": 20, "width": 960, "children": []}, {"name": "box31", "top": 1534, "left": 243.5, "height": 144, "width": 765, "children": []}]}]}, {"name": "body", "top": 268, "left": 0, "height": 1449, "width": 1207, "children": [{"name": "box21", "top": 328, "left": 123.5, "height": 1387, "width": 960, "children": [{"name": "box22", "top": 328, "left": 123.5, "height": 40, "width": 960, "children": []}, {"name": "box23", "top": 456, "left": 300.5, "height": 300, "width": 606, "children": []}, {"name": "box24", "top": 803, "left": 123.5, "height": 20, "width": 960, "children": []}, {"name": "box25", "top": 838, "left": 221, "height": 192, "width": 765, "children": []}, {"name": "box26", "top": 1067, "left": 123.5, "height": 20, "width": 960, "children": []}, {"name": "box27", "top": 1102, "left": 221, "height": 192, "width": 765, "children": []}, {"name": "box28", "top": 1331, "left": 123.5, "height": 20, "width": 960, "children": []}, {"name": "box29", "top": 1366, "left": 221, "height": 96, "width": 765, "children": []}, {"name": "box30", "top": 1499, "left": 123.5, "height": 20, "width": 960, "children": []}, {"name": "box31", "top": 1534, "left": 221, "height": 144, "width": 765, "children": []}]}]}, {"name": "body", "top": 268, "left": 0, "height": 1449, "width": 1238, "children": [{"name": "box21", "top": 328, "left": 139, "height": 1387, "width": 960, "children": [{"name": "box22", "top": 328, "left": 139, "height": 40, "width": 960, "children": []}, {"name": "box23", "top": 456, "left": 316, "height": 300, "width": 606, "children": []}, {"name": "box24", "top": 803, "left": 139, "height": 20, "width": 960, "children": []}, {"name": "box25", "top": 838, "left": 236.5, "height": 192, "width": 765, "children": []}, {"name": "box26", "top": 1067, "left": 139, "height": 20, "width": 960, "children": []}, {"name": "box27", "top": 1102, "left": 236.5, "height": 192, "width": 765, "children": []}, {"name": "box28", "top": 1331, "left": 139, "height": 20, "width": 960, "children": []}, {"name": "box29", "top": 1366, "left": 236.5, "height": 96, "width": 765, "children": []}, {"name": "box30", "top": 1499, "left": 139, "height": 20, "width": 960, "children": []}, {"name": "box31", "top": 1534, "left": 236.5, "height": 144, "width": 765, "children": []}]}]}, {"name": "body", "top": 268, "left": 0, "height": 1449, "width": 1047, "children": [{"name": "box21", "top": 328, "left": 43.5, "height": 1387, "width": 960, "children": [{"name": "box22", "top": 328, "left": 43.5, "height": 40, "width": 960, "children": []}, {"name": "box23", "top": 456, "left": 220.5, "height": 300, "width": 606, "children": []}, {"name": "box24", "top": 803, "left": 43.5, "height": 20, "width": 960, "children": []}, {"name": "box25", "top": 838, "left": 141, "height": 192, "width": 765, "children": []}, {"name": "box26", "top": 1067, "left": 43.5, "height": 20, "width": 960, "children": []}, {"name": "box27", "top": 1102, "left": 141, "height": 192, "width": 765, "children": []}, {"name": "box28", "top": 1331, "left": 43.5, "height": 20, "width": 960, "children": []}, {"name": "box29", "top": 1366, "left": 141, "height": 96, "width": 765, "children": []}, {"name": "box30", "top": 1499, "left": 43.5, "height": 20, "width": 960, "children": []}, {"name": "box31", "top": 1534, "left": 141, "height": 144, "width": 765, "children": []}]}]}, {"name": "body", "top": 268, "left": 0, "height": 1449, "width": 1172, "children": [{"name": "box21", "top": 328, "left": 106, "height": 1387, "width": 960, "children": [{"name": "box22", "top": 328, "left": 106, "height": 40, "width": 960, "children": []}, {"name": "box23", "top": 456, "left": 283, "height": 300, "width": 606, "children": []}, {"name": "box24", "top": 803, "left": 106, "height": 20, "width": 960, "children": []}, {"name": "box25", "top": 838, "left": 203.5, "height": 192, "width": 765, "children": []}, {"name": "box26", "top": 1067, "left": 106, "height": 20, "width": 960, "children": []}, {"name": "box27", "top": 1102, "left": 203.5, "height": 192, "width": 765, "children": []}, {"name": "box28", "top": 1331, "left": 106, "height": 20, "width": 960, "children": []}, {"name": "box29", "top": 1366, "left": 203.5, "height": 96, "width": 765, "children": []}, {"name": "box30", "top": 1499, "left": 106, "height": 20, "width": 960, "children": []}, {"name": "box31", "top": 1534, "left": 203.5, "height": 144, "width": 765, "children": []}]}]}, {"name": "body", "top": 268, "left": 0, "height": 1449, "width": 1231, "children": [{"name": "box21", "top": 328, "left": 135.5, "height": 1387, "width": 960, "children": [{"name": "box22", "top": 328, "left": 135.5, "height": 40, "width": 960, "children": []}, {"name": "box23", "top": 456, "left": 312.5, "height": 300, "width": 606, "children": []}, {"name": "box24", "top": 803, "left": 135.5, "height": 20, "width": 960, "children": []}, {"name": "box25", "top": 838, "left": 233, "height": 192, "width": 765, "children": []}, {"name": "box26", "top": 1067, "left": 135.5, "height": 20, "width": 960, "children": []}, {"name": "box27", "top": 1102, "left": 233, "height": 192, "width": 765, "children": []}, {"name": "box28", "top": 1331, "left": 135.5, "height": 20, "width": 960, "children": []}, {"name": "box29", "top": 1366, "left": 233, "height": 96, "width": 765, "children": []}, {"name": "box30", "top": 1499, "left": 135.5, "height": 20, "width": 960, "children": []}, {"name": "box31", "top": 1534, "left": 233, "height": 144, "width": 765, "children": []}]}]}], "test": [{"name": "body", "top": 268, "left": 0, "height": 1449, "width": 1043, "children": [{"name": "box21", "top": 328, "left": 41.5, "height": 1387, "width": 960, "children": [{"name": "box22", "top": 328, "left": 41.5, "height": 40, "width": 960, "children": []}, {"name": "box23", "top": 456, "left": 218.5, "height": 300, "width": 606, "children": []}, {"name": "box24", "top": 803, "left": 41.5, "height": 20, "width": 960, "children": []}, {"name": "box25", "top": 838, "left": 139, "height": 192, "width": 765, "children": []}, {"name": "box26", "top": 1067, "left": 41.5, "height": 20, "width": 960, "children": []}, {"name": "box27", "top": 1102, "left": 139, "height": 192, "width": 765, "children": []}, {"name": "box28", "top": 1331, "left": 41.5, "height": 20, "width": 960, "children": []}, {"name": "box29", "top": 1366, "left": 139, "height": 96, "width": 765, "children": []}, {"name": "box30", "top": 1499, "left": 41.5, "height": 20, "width": 960, "children": []}, {"name": "box31", "top": 1534, "left": 139, "height": 144, "width": 765, "children": []}]}]}, {"name": "body", "top": 268, "left": 0, "height": 1449, "width": 1005, "children": [{"name": "box21", "top": 328, "left": 22.5, "height": 1387, "width": 960, "children": [{"name": "box22", "top": 328, "left": 22.5, "height": 40, "width": 960, "children": []}, {"name": "box23", "top": 456, "left": 199.5, "height": 300, "width": 606, "children": []}, {"name": "box24", "top": 803, "left": 22.5, "height": 20, "width": 960, "children": []}, {"name": "box25", "top": 838, "left": 120, "height": 192, "width": 765, "children": []}, {"name": "box26", "top": 1067, "left": 22.5, "height": 20, "width": 960, "children": []}, {"name": "box27", "top": 1102, "left": 120, "height": 192, "width": 765, "children": []}, {"name": "box28", "top": 1331, "left": 22.5, "height": 20, "width": 960, "children": []}, {"name": "box29", "top": 1366, "left": 120, "height": 96, "width": 765, "children": []}, {"name": "box30", "top": 1499, "left": 22.5, "height": 20, "width": 960, "children": []}, {"name": "box31", "top": 1534, "left": 120, "height": 144, "width": 765, "children": []}]}]}, {"name": "body", "top": 268, "left": 0, "height": 1449, "width": 996, "children": [{"name": "box21", "top": 328, "left": 18, "height": 1387, "width": 960, "children": [{"name": "box22", "top": 328, "left": 18, "height": 40, "width": 960, "children": []}, {"name": "box23", "top": 456, "left": 195, "height": 300, "width": 606, "children": []}, {"name": "box24", "top": 803, "left": 18, "height": 20, "width": 960, "children": []}, {"name": "box25", "top": 838, "left": 115.5, "height": 192, "width": 765, "children": []}, {"name": "box26", "top": 1067, "left": 18, "height": 20, "width": 960, "children": []}, {"name": "box27", "top": 1102, "left": 115.5, "height": 192, "width": 765, "children": []}, {"name": "box28", "top": 1331, "left": 18, "height": 20, "width": 960, "children": []}, {"name": "box29", "top": 1366, "left": 115.5, "height": 96, "width": 765, "children": []}, {"name": "box30", "top": 1499, "left": 18, "height": 20, "width": 960, "children": []}, {"name": "box31", "top": 1534, "left": 115.5, "height": 144, "width": 765, "children": []}]}]}, {"name": "body", "top": 268, "left": 0, "height": 1449, "width": 984, "children": [{"name": "box21", "top": 328, "left": 12, "height": 1387, "width": 960, "children": [{"name": "box22", "top": 328, "left": 12, "height": 40, "width": 960, "children": []}, {"name": "box23", "top": 456, "left": 189, "height": 300, "width": 606, "children": []}, {"name": "box24", "top": 803, "left": 12, "height": 20, "width": 960, "children": []}, {"name": "box25", "top": 838, "left": 109.5, "height": 192, "width": 765, "children": []}, {"name": "box26", "top": 1067, "left": 12, "height": 20, "width": 960, "children": []}, {"name": "box27", "top": 1102, "left": 109.5, "height": 192, "width": 765, "children": []}, {"name": "box28", "top": 1331, "left": 12, "height": 20, "width": 960, "children": []}, {"name": "box29", "top": 1366, "left": 109.5, "height": 96, "width": 765, "children": []}, {"name": "box30", "top": 1499, "left": 12, "height": 20, "width": 960, "children": []}, {"name": "box31", "top": 1534, "left": 109.5, "height": 144, "width": 765, "children": []}]}]}, {"name": "body", "top": 268, "left": 0, "height": 1449, "width": 1140, "children": [{"name": "box21", "top": 328, "left": 90, "height": 1387, "width": 960, "children": [{"name": "box22", "top": 328, "left": 90, "height": 40, "width": 960, "children": []}, {"name": "box23", "top": 456, "left": 267, "height": 300, "width": 606, "children": []}, {"name": "box24", "top": 803, "left": 90, "height": 20, "width": 960, "children": []}, {"name": "box25", "top": 838, "left": 187.5, "height": 192, "width": 765, "children": []}, {"name": "box26", "top": 1067, "left": 90, "height": 20, "width": 960, "children": []}, {"name": "box27", "top": 1102, "left": 187.5, "height": 192, "width": 765, "children": []}, {"name": "box28", "top": 1331, "left": 90, "height": 20, "width": 960, "children": []}, {"name": "box29", "top": 1366, "left": 187.5, "height": 96, "width": 765, "children": []}, {"name": "box30", "top": 1499, "left": 90, "height": 20, "width": 960, "children": []}, {"name": "box31", "top": 1534, "left": 187.5, "height": 144, "width": 765, "children": []}]}]}, {"name": "body", "top": 268, "left": 0, "height": 1449, "width": 1036, "children": [{"name": "box21", "top": 328, "left": 38, "height": 1387, "width": 960, "children": [{"name": "box22", "top": 328, "left": 38, "height": 40, "width": 960, "children": []}, {"name": "box23", "top": 456, "left": 215, "height": 300, "width": 606, "children": []}, {"name": "box24", "top": 803, "left": 38, "height": 20, "width": 960, "children": []}, {"name": "box25", "top": 838, "left": 135.5, "height": 192, "width": 765, "children": []}, {"name": "box26", "top": 1067, "left": 38, "height": 20, "width": 960, "children": []}, {"name": "box27", "top": 1102, "left": 135.5, "height": 192, "width": 765, "children": []}, {"name": "box28", "top": 1331, "left": 38, "height": 20, "width": 960, "children": []}, {"name": "box29", "top": 1366, "left": 135.5, "height": 96, "width": 765, "children": []}, {"name": "box30", "top": 1499, "left": 38, "height": 20, "width": 960, "children": []}, {"name": "box31", "top": 1534, "left": 135.5, "height": 144, "width": 765, "children": []}]}]}, {"name": "body", "top": 268, "left": 0, "height": 1449, "width": 1118, "children": [{"name": "box21", "top": 328, "left": 79, "height": 1387, "width": 960, "children": [{"name": "box22", "top": 328, "left": 79, "height": 40, "width": 960, "children": []}, {"name": "box23", "top": 456, "left": 256, "height": 300, "width": 606, "children": []}, {"name": "box24", "top": 803, "left": 79, "height": 20, "width": 960, "children": []}, {"name": "box25", "top": 838, "left": 176.5, "height": 192, "width": 765, "children": []}, {"name": "box26", "top": 1067, "left": 79, "height": 20, "width": 960, "children": []}, {"name": "box27", "top": 1102, "left": 176.5, "height": 192, "width": 765, "children": []}, {"name": "box28", "top": 1331, "left": 79, "height": 20, "width": 960, "children": []}, {"name": "box29", "top": 1366, "left": 176.5, "height": 96, "width": 765, "children": []}, {"name": "box30", "top": 1499, "left": 79, "height": 20, "width": 960, "children": []}, {"name": "box31", "top": 1534, "left": 176.5, "height": 144, "width": 765, "children": []}]}]}, {"name": "body", "top": 268, "left": 0, "height": 1449, "width": 1172, "children": [{"name": "box21", "top": 328, "left": 106, "height": 1387, "width": 960, "children": [{"name": "box22", "top": 328, "left": 106, "height": 40, "width": 960, "children": []}, {"name": "box23", "top": 456, "left": 283, "height": 300, "width": 606, "children": []}, {"name": "box24", "top": 803, "left": 106, "height": 20, "width": 960, "children": []}, {"name": "box25", "top": 838, "left": 203.5, "height": 192, "width": 765, "children": []}, {"name": "box26", "top": 1067, "left": 106, "height": 20, "width": 960, "children": []}, {"name": "box27", "top": 1102, "left": 203.5, "height": 192, "width": 765, "children": []}, {"name": "box28", "top": 1331, "left": 106, "height": 20, "width": 960, "children": []}, {"name": "box29", "top": 1366, "left": 203.5, "height": 96, "width": 765, "children": []}, {"name": "box30", "top": 1499, "left": 106, "height": 20, "width": 960, "children": []}, {"name": "box31", "top": 1534, "left": 203.5, "height": 144, "width": 765, "children": []}]}]}, {"name": "body", "top": 268, "left": 0, "height": 1449, "width": 1209, "children": [{"name": "box21", "top": 328, "left": 124.5, "height": 1387, "width": 960, "children": [{"name": "box22", "top": 328, "left": 124.5, "height": 40, "width": 960, "children": []}, {"name": "box23", "top": 456, "left": 301.5, "height": 300, "width": 606, "children": []}, {"name": "box24", "top": 803, "left": 124.5, "height": 20, "width": 960, "children": []}, {"name": "box25", "top": 838, "left": 222, "height": 192, "width": 765, "children": []}, {"name": "box26", "top": 1067, "left": 124.5, "height": 20, "width": 960, "children": []}, {"name": "box27", "top": 1102, "left": 222, "height": 192, "width": 765, "children": []}, {"name": "box28", "top": 1331, "left": 124.5, "height": 20, "width": 960, "children": []}, {"name": "box29", "top": 1366, "left": 222, "height": 96, "width": 765, "children": []}, {"name": "box30", "top": 1499, "left": 124.5, "height": 20, "width": 960, "children": []}, {"name": "box31", "top": 1534, "left": 222, "height": 144, "width": 765, "children": []}]}]}, {"name": "body", "top": 268, "left": 0, "height": 1449, "width": 995, "children": [{"name": "box21", "top": 328, "left": 17.5, "height": 1387, "width": 960, "children": [{"name": "box22", "top": 328, "left": 17.5, "height": 40, "width": 960, "children": []}, {"name": "box23", "top": 456, "left": 194.5, "height": 300, "width": 606, "children": []}, {"name": "box24", "top": 803, "left": 17.5, "height": 20, "width": 960, "children": []}, {"name": "box25", "top": 838, "left": 115, "height": 192, "width": 765, "children": []}, {"name": "box26", "top": 1067, "left": 17.5, "height": 20, "width": 960, "children": []}, {"name": "box27", "top": 1102, "left": 115, "height": 192, "width": 765, "children": []}, {"name": "box28", "top": 1331, "left": 17.5, "height": 20, "width": 960, "children": []}, {"name": "box29", "top": 1366, "left": 115, "height": 96, "width": 765, "children": []}, {"name": "box30", "top": 1499, "left": 17.5, "height": 20, "width": 960, "children": []}, {"name": "box31", "top": 1534, "left": 115, "height": 144, "width": 765, "children": []}]}]}]}