{"name": "fwt-space-footer", "bench": {"height": {"low": 19.2, "high": 19.2}, "width": {"low": 960, "high": 960}, "trainSeed": 235775, "testSeed": 17250987, "testSize": 10, "trainSize": 10}, "train": [{"name": "box64", "top": 1575.4000244140625, "left": 89, "height": 19.2, "width": 960, "children": [{"name": "box65", "top": 1575.4000244140625, "left": 568.9833374023438, "height": 19.2, "width": 0.0166667, "children": []}]}, {"name": "box64", "top": 1575.4000244140625, "left": 123.5, "height": 19.2, "width": 960, "children": [{"name": "box65", "top": 1575.4000244140625, "left": 603.4833374023438, "height": 19.2, "width": 0.0166667, "children": []}]}, {"name": "box64", "top": 1575.4000244140625, "left": 119.5, "height": 19.2, "width": 960, "children": [{"name": "box65", "top": 1575.4000244140625, "left": 599.4833374023438, "height": 19.2, "width": 0.0166667, "children": []}]}, {"name": "box64", "top": 1575.4000244140625, "left": 49, "height": 19.2, "width": 960, "children": [{"name": "box65", "top": 1575.4000244140625, "left": 528.9833374023438, "height": 19.2, "width": 0.0166667, "children": []}]}, {"name": "box64", "top": 1575.4000244140625, "left": 146, "height": 19.2, "width": 960, "children": [{"name": "box65", "top": 1575.4000244140625, "left": 625.9833374023438, "height": 19.2, "width": 0.0166667, "children": []}]}, {"name": "box64", "top": 1575.4000244140625, "left": 123.5, "height": 19.2, "width": 960, "children": [{"name": "box65", "top": 1575.4000244140625, "left": 603.4833374023438, "height": 19.2, "width": 0.0166667, "children": []}]}, {"name": "box64", "top": 1575.4000244140625, "left": 139, "height": 19.2, "width": 960, "children": [{"name": "box65", "top": 1575.4000244140625, "left": 618.9833374023438, "height": 19.2, "width": 0.0166667, "children": []}]}, {"name": "box64", "top": 1575.4000244140625, "left": 43.5, "height": 19.2, "width": 960, "children": [{"name": "box65", "top": 1575.4000244140625, "left": 523.4833374023438, "height": 19.2, "width": 0.0166667, "children": []}]}, {"name": "box64", "top": 1575.4000244140625, "left": 106, "height": 19.2, "width": 960, "children": [{"name": "box65", "top": 1575.4000244140625, "left": 585.9833374023438, "height": 19.2, "width": 0.0166667, "children": []}]}, {"name": "box64", "top": 1575.4000244140625, "left": 135.5, "height": 19.2, "width": 960, "children": [{"name": "box65", "top": 1575.4000244140625, "left": 615.4833374023438, "height": 19.2, "width": 0.0166667, "children": []}]}], "test": [{"name": "box64", "top": 1575.4000244140625, "left": 41.5, "height": 19.2, "width": 960, "children": [{"name": "box65", "top": 1575.4000244140625, "left": 521.4833374023438, "height": 19.2, "width": 0.0166667, "children": []}]}, {"name": "box64", "top": 1575.4000244140625, "left": 22.5, "height": 19.2, "width": 960, "children": [{"name": "box65", "top": 1575.4000244140625, "left": 502.48333740234375, "height": 19.2, "width": 0.0166667, "children": []}]}, {"name": "box64", "top": 1575.4000244140625, "left": 18, "height": 19.2, "width": 960, "children": [{"name": "box65", "top": 1575.4000244140625, "left": 497.98333740234375, "height": 19.2, "width": 0.0166667, "children": []}]}, {"name": "box64", "top": 1575.4000244140625, "left": 12, "height": 19.2, "width": 960, "children": [{"name": "box65", "top": 1575.4000244140625, "left": 491.98333740234375, "height": 19.2, "width": 0.0166667, "children": []}]}, {"name": "box64", "top": 1575.4000244140625, "left": 90, "height": 19.2, "width": 960, "children": [{"name": "box65", "top": 1575.4000244140625, "left": 569.9833374023438, "height": 19.2, "width": 0.0166667, "children": []}]}, {"name": "box64", "top": 1575.4000244140625, "left": 38, "height": 19.2, "width": 960, "children": [{"name": "box65", "top": 1575.4000244140625, "left": 517.9833374023438, "height": 19.2, "width": 0.0166667, "children": []}]}, {"name": "box64", "top": 1575.4000244140625, "left": 79, "height": 19.2, "width": 960, "children": [{"name": "box65", "top": 1575.4000244140625, "left": 558.9833374023438, "height": 19.2, "width": 0.0166667, "children": []}]}, {"name": "box64", "top": 1575.4000244140625, "left": 106, "height": 19.2, "width": 960, "children": [{"name": "box65", "top": 1575.4000244140625, "left": 585.9833374023438, "height": 19.2, "width": 0.0166667, "children": []}]}, {"name": "box64", "top": 1575.4000244140625, "left": 124.5, "height": 19.2, "width": 960, "children": [{"name": "box65", "top": 1575.4000244140625, "left": 604.4833374023438, "height": 19.2, "width": 0.0166667, "children": []}]}, {"name": "box64", "top": 1575.4000244140625, "left": 17.5, "height": 19.2, "width": 960, "children": [{"name": "box65", "top": 1575.4000244140625, "left": 497.48333740234375, "height": 19.2, "width": 0.0166667, "children": []}]}]}