{
  "name": "hackernews-footer",
  "bench": {
    "height": {
      "low": 14,
      "high": 14
    },
    "width": {
      "low": 516,
      "high": 516
    },
    "trainSeed": 235775,
    "testSeed": 17250987,
    "testSize": 10,
    "trainSize": 10
  },
  "train": [
    {
      "name": "yclinks",
      "top": 1162,
      "left": 228.35000610351562,
      "height": 14,
      "width": 516,
      "children": [
        {
          "name": "box606",
          "top": 1162,
          "left": 228.35000610351562,
          "height": 14,
          "width": 55,
          "children": []
        },
        {
          "name": "box607",
          "top": 1162,
          "left": 296.16668701171875,
          "height": 14,
          "width": 22,
          "children": []
        },
        {
          "name": "box608",
          "top": 1162,
          "left": 330.33331298828125,
          "height": 14,
          "width": 43,
          "children": []
        },
        {
          "name": "box609",
          "top": 1162,
          "left": 385.23333740234375,
          "height": 14,
          "width": 18,
          "children": []
        },
        {
          "name": "box610",
          "top": 1162,
          "left": 415.7833251953125,
          "height": 14,
          "width": 44,
          "children": []
        },
        {
          "name": "box611",
          "top": 1162,
          "left": 472.066650390625,
          "height": 14,
          "width": 24,
          "children": []
        },
        {
          "name": "box612",
          "top": 1162,
          "left": 508.58331298828125,
          "height": 14,
          "width": 68,
          "children": []
        },
        {
          "name": "box613",
          "top": 1162,
          "left": 588.63330078125,
          "height": 14,
          "width": 28,
          "children": []
        },
        {
          "name": "box614",
          "top": 1162,
          "left": 629.25,
          "height": 14,
          "width": 62,
          "children": []
        },
        {
          "name": "box615",
          "top": 1162,
          "left": 703.61669921875,
          "height": 14,
          "width": 41,
          "children": []
        }
      ]
    },
    {
      "name": "yclinks",
      "top": 1162,
      "left": 250.35000610351562,
      "height": 14,
      "width": 516,
      "children": [
        {
          "name": "box606",
          "top": 1162,
          "left": 250.35000610351562,
          "height": 14,
          "width": 55,
          "children": []
        },
        {
          "name": "box607",
          "top": 1162,
          "left": 318.16668701171875,
          "height": 14,
          "width": 22,
          "children": []
        },
        {
          "name": "box608",
          "top": 1162,
          "left": 352.33331298828125,
          "height": 14,
          "width": 43,
          "children": []
        },
        {
          "name": "box609",
          "top": 1162,
          "left": 407.23333740234375,
          "height": 14,
          "width": 18,
          "children": []
        },
        {
          "name": "box610",
          "top": 1162,
          "left": 437.7833251953125,
          "height": 14,
          "width": 44,
          "children": []
        },
        {
          "name": "box611",
          "top": 1162,
          "left": 494.066650390625,
          "height": 14,
          "width": 24,
          "children": []
        },
        {
          "name": "box612",
          "top": 1162,
          "left": 530.5833129882812,
          "height": 14,
          "width": 68,
          "children": []
        },
        {
          "name": "box613",
          "top": 1162,
          "left": 610.63330078125,
          "height": 14,
          "width": 28,
          "children": []
        },
        {
          "name": "box614",
          "top": 1162,
          "left": 651.25,
          "height": 14,
          "width": 62,
          "children": []
        },
        {
          "name": "box615",
          "top": 1162,
          "left": 725.61669921875,
          "height": 14,
          "width": 41,
          "children": []
        }
      ]
    },
    {
      "name": "yclinks",
      "top": 1162,
      "left": 166.35000610351562,
      "height": 14,
      "width": 516,
      "children": [
        {
          "name": "box606",
          "top": 1162,
          "left": 166.35000610351562,
          "height": 14,
          "width": 55,
          "children": []
        },
        {
          "name": "box607",
          "top": 1162,
          "left": 234.1666717529297,
          "height": 14,
          "width": 22,
          "children": []
        },
        {
          "name": "box608",
          "top": 1162,
          "left": 268.33331298828125,
          "height": 14,
          "width": 43,
          "children": []
        },
        {
          "name": "box609",
          "top": 1162,
          "left": 323.23333740234375,
          "height": 14,
          "width": 18,
          "children": []
        },
        {
          "name": "box610",
          "top": 1162,
          "left": 353.7833251953125,
          "height": 14,
          "width": 44,
          "children": []
        },
        {
          "name": "box611",
          "top": 1162,
          "left": 410.066650390625,
          "height": 14,
          "width": 24,
          "children": []
        },
        {
          "name": "box612",
          "top": 1162,
          "left": 446.58331298828125,
          "height": 14,
          "width": 68,
          "children": []
        },
        {
          "name": "box613",
          "top": 1162,
          "left": 526.63330078125,
          "height": 14,
          "width": 28,
          "children": []
        },
        {
          "name": "box614",
          "top": 1162,
          "left": 567.25,
          "height": 14,
          "width": 62,
          "children": []
        },
        {
          "name": "box615",
          "top": 1162,
          "left": 641.61669921875,
          "height": 14,
          "width": 41,
          "children": []
        }
      ]
    },
    {
      "name": "yclinks",
      "top": 1162,
      "left": 203.35000610351562,
      "height": 14,
      "width": 516,
      "children": [
        {
          "name": "box606",
          "top": 1162,
          "left": 203.35000610351562,
          "height": 14,
          "width": 55,
          "children": []
        },
        {
          "name": "box607",
          "top": 1162,
          "left": 271.16668701171875,
          "height": 14,
          "width": 22,
          "children": []
        },
        {
          "name": "box608",
          "top": 1162,
          "left": 305.33331298828125,
          "height": 14,
          "width": 43,
          "children": []
        },
        {
          "name": "box609",
          "top": 1162,
          "left": 360.23333740234375,
          "height": 14,
          "width": 18,
          "children": []
        },
        {
          "name": "box610",
          "top": 1162,
          "left": 390.7833251953125,
          "height": 14,
          "width": 44,
          "children": []
        },
        {
          "name": "box611",
          "top": 1162,
          "left": 447.066650390625,
          "height": 14,
          "width": 24,
          "children": []
        },
        {
          "name": "box612",
          "top": 1162,
          "left": 483.58331298828125,
          "height": 14,
          "width": 68,
          "children": []
        },
        {
          "name": "box613",
          "top": 1162,
          "left": 563.63330078125,
          "height": 14,
          "width": 28,
          "children": []
        },
        {
          "name": "box614",
          "top": 1162,
          "left": 604.25,
          "height": 14,
          "width": 62,
          "children": []
        },
        {
          "name": "box615",
          "top": 1162,
          "left": 678.61669921875,
          "height": 14,
          "width": 41,
          "children": []
        }
      ]
    },
    {
      "name": "yclinks",
      "top": 1162,
      "left": 260.3500061035156,
      "height": 14,
      "width": 516,
      "children": [
        {
          "name": "box606",
          "top": 1162,
          "left": 260.3500061035156,
          "height": 14,
          "width": 55,
          "children": []
        },
        {
          "name": "box607",
          "top": 1162,
          "left": 328.16668701171875,
          "height": 14,
          "width": 22,
          "children": []
        },
        {
          "name": "box608",
          "top": 1162,
          "left": 362.33331298828125,
          "height": 14,
          "width": 43,
          "children": []
        },
        {
          "name": "box609",
          "top": 1162,
          "left": 417.23333740234375,
          "height": 14,
          "width": 18,
          "children": []
        },
        {
          "name": "box610",
          "top": 1162,
          "left": 447.7833251953125,
          "height": 14,
          "width": 44,
          "children": []
        },
        {
          "name": "box611",
          "top": 1162,
          "left": 504.066650390625,
          "height": 14,
          "width": 24,
          "children": []
        },
        {
          "name": "box612",
          "top": 1162,
          "left": 540.5833129882812,
          "height": 14,
          "width": 68,
          "children": []
        },
        {
          "name": "box613",
          "top": 1162,
          "left": 620.63330078125,
          "height": 14,
          "width": 28,
          "children": []
        },
        {
          "name": "box614",
          "top": 1162,
          "left": 661.25,
          "height": 14,
          "width": 62,
          "children": []
        },
        {
          "name": "box615",
          "top": 1162,
          "left": 735.61669921875,
          "height": 14,
          "width": 41,
          "children": []
        }
      ]
    },
    {
      "name": "yclinks",
      "top": 1162,
      "left": 317.8500061035156,
      "height": 14,
      "width": 516,
      "children": [
        {
          "name": "box606",
          "top": 1162,
          "left": 317.8500061035156,
          "height": 14,
          "width": 55,
          "children": []
        },
        {
          "name": "box607",
          "top": 1162,
          "left": 385.66668701171875,
          "height": 14,
          "width": 22,
          "children": []
        },
        {
          "name": "box608",
          "top": 1162,
          "left": 419.83331298828125,
          "height": 14,
          "width": 43,
          "children": []
        },
        {
          "name": "box609",
          "top": 1162,
          "left": 474.73333740234375,
          "height": 14,
          "width": 18,
          "children": []
        },
        {
          "name": "box610",
          "top": 1162,
          "left": 505.2833251953125,
          "height": 14,
          "width": 44,
          "children": []
        },
        {
          "name": "box611",
          "top": 1162,
          "left": 561.566650390625,
          "height": 14,
          "width": 24,
          "children": []
        },
        {
          "name": "box612",
          "top": 1162,
          "left": 598.0833129882812,
          "height": 14,
          "width": 68,
          "children": []
        },
        {
          "name": "box613",
          "top": 1162,
          "left": 678.13330078125,
          "height": 14,
          "width": 28,
          "children": []
        },
        {
          "name": "box614",
          "top": 1162,
          "left": 718.75,
          "height": 14,
          "width": 62,
          "children": []
        },
        {
          "name": "box615",
          "top": 1162,
          "left": 793.11669921875,
          "height": 14,
          "width": 41,
          "children": []
        }
      ]
    },
    {
      "name": "yclinks",
      "top": 1162,
      "left": 303.3500061035156,
      "height": 14,
      "width": 516,
      "children": [
        {
          "name": "box606",
          "top": 1162,
          "left": 303.3500061035156,
          "height": 14,
          "width": 55,
          "children": []
        },
        {
          "name": "box607",
          "top": 1162,
          "left": 371.16668701171875,
          "height": 14,
          "width": 22,
          "children": []
        },
        {
          "name": "box608",
          "top": 1162,
          "left": 405.33331298828125,
          "height": 14,
          "width": 43,
          "children": []
        },
        {
          "name": "box609",
          "top": 1162,
          "left": 460.23333740234375,
          "height": 14,
          "width": 18,
          "children": []
        },
        {
          "name": "box610",
          "top": 1162,
          "left": 490.7833251953125,
          "height": 14,
          "width": 44,
          "children": []
        },
        {
          "name": "box611",
          "top": 1162,
          "left": 547.066650390625,
          "height": 14,
          "width": 24,
          "children": []
        },
        {
          "name": "box612",
          "top": 1162,
          "left": 583.5833129882812,
          "height": 14,
          "width": 68,
          "children": []
        },
        {
          "name": "box613",
          "top": 1162,
          "left": 663.63330078125,
          "height": 14,
          "width": 28,
          "children": []
        },
        {
          "name": "box614",
          "top": 1162,
          "left": 704.25,
          "height": 14,
          "width": 62,
          "children": []
        },
        {
          "name": "box615",
          "top": 1162,
          "left": 778.61669921875,
          "height": 14,
          "width": 41,
          "children": []
        }
      ]
    },
    {
      "name": "yclinks",
      "top": 1162,
      "left": 197.85000610351562,
      "height": 14,
      "width": 516,
      "children": [
        {
          "name": "box606",
          "top": 1162,
          "left": 197.85000610351562,
          "height": 14,
          "width": 55,
          "children": []
        },
        {
          "name": "box607",
          "top": 1162,
          "left": 265.66668701171875,
          "height": 14,
          "width": 22,
          "children": []
        },
        {
          "name": "box608",
          "top": 1162,
          "left": 299.83331298828125,
          "height": 14,
          "width": 43,
          "children": []
        },
        {
          "name": "box609",
          "top": 1162,
          "left": 354.73333740234375,
          "height": 14,
          "width": 18,
          "children": []
        },
        {
          "name": "box610",
          "top": 1162,
          "left": 385.2833251953125,
          "height": 14,
          "width": 44,
          "children": []
        },
        {
          "name": "box611",
          "top": 1162,
          "left": 441.566650390625,
          "height": 14,
          "width": 24,
          "children": []
        },
        {
          "name": "box612",
          "top": 1162,
          "left": 478.08331298828125,
          "height": 14,
          "width": 68,
          "children": []
        },
        {
          "name": "box613",
          "top": 1162,
          "left": 558.13330078125,
          "height": 14,
          "width": 28,
          "children": []
        },
        {
          "name": "box614",
          "top": 1162,
          "left": 598.75,
          "height": 14,
          "width": 62,
          "children": []
        },
        {
          "name": "box615",
          "top": 1162,
          "left": 673.11669921875,
          "height": 14,
          "width": 41,
          "children": []
        }
      ]
    },
    {
      "name": "yclinks",
      "top": 1162,
      "left": 280.3500061035156,
      "height": 14,
      "width": 516,
      "children": [
        {
          "name": "box606",
          "top": 1162,
          "left": 280.3500061035156,
          "height": 14,
          "width": 55,
          "children": []
        },
        {
          "name": "box607",
          "top": 1162,
          "left": 348.16668701171875,
          "height": 14,
          "width": 22,
          "children": []
        },
        {
          "name": "box608",
          "top": 1162,
          "left": 382.33331298828125,
          "height": 14,
          "width": 43,
          "children": []
        },
        {
          "name": "box609",
          "top": 1162,
          "left": 437.23333740234375,
          "height": 14,
          "width": 18,
          "children": []
        },
        {
          "name": "box610",
          "top": 1162,
          "left": 467.7833251953125,
          "height": 14,
          "width": 44,
          "children": []
        },
        {
          "name": "box611",
          "top": 1162,
          "left": 524.066650390625,
          "height": 14,
          "width": 24,
          "children": []
        },
        {
          "name": "box612",
          "top": 1162,
          "left": 560.5833129882812,
          "height": 14,
          "width": 68,
          "children": []
        },
        {
          "name": "box613",
          "top": 1162,
          "left": 640.63330078125,
          "height": 14,
          "width": 28,
          "children": []
        },
        {
          "name": "box614",
          "top": 1162,
          "left": 681.25,
          "height": 14,
          "width": 62,
          "children": []
        },
        {
          "name": "box615",
          "top": 1162,
          "left": 755.61669921875,
          "height": 14,
          "width": 41,
          "children": []
        }
      ]
    },
    {
      "name": "yclinks",
      "top": 1162,
      "left": 189.85000610351562,
      "height": 14,
      "width": 516,
      "children": [
        {
          "name": "box606",
          "top": 1162,
          "left": 189.85000610351562,
          "height": 14,
          "width": 55,
          "children": []
        },
        {
          "name": "box607",
          "top": 1162,
          "left": 257.66668701171875,
          "height": 14,
          "width": 22,
          "children": []
        },
        {
          "name": "box608",
          "top": 1162,
          "left": 291.83331298828125,
          "height": 14,
          "width": 43,
          "children": []
        },
        {
          "name": "box609",
          "top": 1162,
          "left": 346.73333740234375,
          "height": 14,
          "width": 18,
          "children": []
        },
        {
          "name": "box610",
          "top": 1162,
          "left": 377.2833251953125,
          "height": 14,
          "width": 44,
          "children": []
        },
        {
          "name": "box611",
          "top": 1162,
          "left": 433.566650390625,
          "height": 14,
          "width": 24,
          "children": []
        },
        {
          "name": "box612",
          "top": 1162,
          "left": 470.08331298828125,
          "height": 14,
          "width": 68,
          "children": []
        },
        {
          "name": "box613",
          "top": 1162,
          "left": 550.13330078125,
          "height": 14,
          "width": 28,
          "children": []
        },
        {
          "name": "box614",
          "top": 1162,
          "left": 590.75,
          "height": 14,
          "width": 62,
          "children": []
        },
        {
          "name": "box615",
          "top": 1162,
          "left": 665.11669921875,
          "height": 14,
          "width": 41,
          "children": []
        }
      ]
    }
  ],
  "test": [
    {
      "name": "yclinks",
      "top": 1162,
      "left": 228.35000610351562,
      "height": 14,
      "width": 516,
      "children": [
        {
          "name": "box606",
          "top": 1162,
          "left": 228.35000610351562,
          "height": 14,
          "width": 55,
          "children": []
        },
        {
          "name": "box607",
          "top": 1162,
          "left": 296.16668701171875,
          "height": 14,
          "width": 22,
          "children": []
        },
        {
          "name": "box608",
          "top": 1162,
          "left": 330.33331298828125,
          "height": 14,
          "width": 43,
          "children": []
        },
        {
          "name": "box609",
          "top": 1162,
          "left": 385.23333740234375,
          "height": 14,
          "width": 18,
          "children": []
        },
        {
          "name": "box610",
          "top": 1162,
          "left": 415.7833251953125,
          "height": 14,
          "width": 44,
          "children": []
        },
        {
          "name": "box611",
          "top": 1162,
          "left": 472.066650390625,
          "height": 14,
          "width": 24,
          "children": []
        },
        {
          "name": "box612",
          "top": 1162,
          "left": 508.58331298828125,
          "height": 14,
          "width": 68,
          "children": []
        },
        {
          "name": "box613",
          "top": 1162,
          "left": 588.63330078125,
          "height": 14,
          "width": 28,
          "children": []
        },
        {
          "name": "box614",
          "top": 1162,
          "left": 629.25,
          "height": 14,
          "width": 62,
          "children": []
        },
        {
          "name": "box615",
          "top": 1162,
          "left": 703.61669921875,
          "height": 14,
          "width": 41,
          "children": []
        }
      ]
    },
    {
      "name": "yclinks",
      "top": 1162,
      "left": 224.35000610351562,
      "height": 14,
      "width": 516,
      "children": [
        {
          "name": "box606",
          "top": 1162,
          "left": 224.35000610351562,
          "height": 14,
          "width": 55,
          "children": []
        },
        {
          "name": "box607",
          "top": 1162,
          "left": 292.16668701171875,
          "height": 14,
          "width": 22,
          "children": []
        },
        {
          "name": "box608",
          "top": 1162,
          "left": 326.33331298828125,
          "height": 14,
          "width": 43,
          "children": []
        },
        {
          "name": "box609",
          "top": 1162,
          "left": 381.23333740234375,
          "height": 14,
          "width": 18,
          "children": []
        },
        {
          "name": "box610",
          "top": 1162,
          "left": 411.7833251953125,
          "height": 14,
          "width": 44,
          "children": []
        },
        {
          "name": "box611",
          "top": 1162,
          "left": 468.066650390625,
          "height": 14,
          "width": 24,
          "children": []
        },
        {
          "name": "box612",
          "top": 1162,
          "left": 504.58331298828125,
          "height": 14,
          "width": 68,
          "children": []
        },
        {
          "name": "box613",
          "top": 1162,
          "left": 584.63330078125,
          "height": 14,
          "width": 28,
          "children": []
        },
        {
          "name": "box614",
          "top": 1162,
          "left": 625.25,
          "height": 14,
          "width": 62,
          "children": []
        },
        {
          "name": "box615",
          "top": 1162,
          "left": 699.61669921875,
          "height": 14,
          "width": 41,
          "children": []
        }
      ]
    },
    {
      "name": "yclinks",
      "top": 1162,
      "left": 149.85000610351562,
      "height": 14,
      "width": 516,
      "children": [
        {
          "name": "box606",
          "top": 1162,
          "left": 149.85000610351562,
          "height": 14,
          "width": 55,
          "children": []
        },
        {
          "name": "box607",
          "top": 1162,
          "left": 217.6666717529297,
          "height": 14,
          "width": 22,
          "children": []
        },
        {
          "name": "box608",
          "top": 1162,
          "left": 251.8333282470703,
          "height": 14,
          "width": 43,
          "children": []
        },
        {
          "name": "box609",
          "top": 1162,
          "left": 306.73333740234375,
          "height": 14,
          "width": 18,
          "children": []
        },
        {
          "name": "box610",
          "top": 1162,
          "left": 337.2833251953125,
          "height": 14,
          "width": 44,
          "children": []
        },
        {
          "name": "box611",
          "top": 1162,
          "left": 393.566650390625,
          "height": 14,
          "width": 24,
          "children": []
        },
        {
          "name": "box612",
          "top": 1162,
          "left": 430.08331298828125,
          "height": 14,
          "width": 68,
          "children": []
        },
        {
          "name": "box613",
          "top": 1162,
          "left": 510.1333312988281,
          "height": 14,
          "width": 28,
          "children": []
        },
        {
          "name": "box614",
          "top": 1162,
          "left": 550.75,
          "height": 14,
          "width": 62,
          "children": []
        },
        {
          "name": "box615",
          "top": 1162,
          "left": 625.11669921875,
          "height": 14,
          "width": 41,
          "children": []
        }
      ]
    },
    {
      "name": "yclinks",
      "top": 1162,
      "left": 148.85000610351562,
      "height": 14,
      "width": 516,
      "children": [
        {
          "name": "box606",
          "top": 1162,
          "left": 148.85000610351562,
          "height": 14,
          "width": 55,
          "children": []
        },
        {
          "name": "box607",
          "top": 1162,
          "left": 216.6666717529297,
          "height": 14,
          "width": 22,
          "children": []
        },
        {
          "name": "box608",
          "top": 1162,
          "left": 250.8333282470703,
          "height": 14,
          "width": 43,
          "children": []
        },
        {
          "name": "box609",
          "top": 1162,
          "left": 305.73333740234375,
          "height": 14,
          "width": 18,
          "children": []
        },
        {
          "name": "box610",
          "top": 1162,
          "left": 336.2833251953125,
          "height": 14,
          "width": 44,
          "children": []
        },
        {
          "name": "box611",
          "top": 1162,
          "left": 392.566650390625,
          "height": 14,
          "width": 24,
          "children": []
        },
        {
          "name": "box612",
          "top": 1162,
          "left": 429.08331298828125,
          "height": 14,
          "width": 68,
          "children": []
        },
        {
          "name": "box613",
          "top": 1162,
          "left": 509.1333312988281,
          "height": 14,
          "width": 28,
          "children": []
        },
        {
          "name": "box614",
          "top": 1162,
          "left": 549.75,
          "height": 14,
          "width": 62,
          "children": []
        },
        {
          "name": "box615",
          "top": 1162,
          "left": 624.11669921875,
          "height": 14,
          "width": 41,
          "children": []
        }
      ]
    },
    {
      "name": "yclinks",
      "top": 1162,
      "left": 229.35000610351562,
      "height": 14,
      "width": 516,
      "children": [
        {
          "name": "box606",
          "top": 1162,
          "left": 229.35000610351562,
          "height": 14,
          "width": 55,
          "children": []
        },
        {
          "name": "box607",
          "top": 1162,
          "left": 297.16668701171875,
          "height": 14,
          "width": 22,
          "children": []
        },
        {
          "name": "box608",
          "top": 1162,
          "left": 331.33331298828125,
          "height": 14,
          "width": 43,
          "children": []
        },
        {
          "name": "box609",
          "top": 1162,
          "left": 386.23333740234375,
          "height": 14,
          "width": 18,
          "children": []
        },
        {
          "name": "box610",
          "top": 1162,
          "left": 416.7833251953125,
          "height": 14,
          "width": 44,
          "children": []
        },
        {
          "name": "box611",
          "top": 1162,
          "left": 473.066650390625,
          "height": 14,
          "width": 24,
          "children": []
        },
        {
          "name": "box612",
          "top": 1162,
          "left": 509.58331298828125,
          "height": 14,
          "width": 68,
          "children": []
        },
        {
          "name": "box613",
          "top": 1162,
          "left": 589.63330078125,
          "height": 14,
          "width": 28,
          "children": []
        },
        {
          "name": "box614",
          "top": 1162,
          "left": 630.25,
          "height": 14,
          "width": 62,
          "children": []
        },
        {
          "name": "box615",
          "top": 1162,
          "left": 704.61669921875,
          "height": 14,
          "width": 41,
          "children": []
        }
      ]
    },
    {
      "name": "yclinks",
      "top": 1162,
      "left": 172.35000610351562,
      "height": 14,
      "width": 516,
      "children": [
        {
          "name": "box606",
          "top": 1162,
          "left": 172.35000610351562,
          "height": 14,
          "width": 55,
          "children": []
        },
        {
          "name": "box607",
          "top": 1162,
          "left": 240.1666717529297,
          "height": 14,
          "width": 22,
          "children": []
        },
        {
          "name": "box608",
          "top": 1162,
          "left": 274.33331298828125,
          "height": 14,
          "width": 43,
          "children": []
        },
        {
          "name": "box609",
          "top": 1162,
          "left": 329.23333740234375,
          "height": 14,
          "width": 18,
          "children": []
        },
        {
          "name": "box610",
          "top": 1162,
          "left": 359.7833251953125,
          "height": 14,
          "width": 44,
          "children": []
        },
        {
          "name": "box611",
          "top": 1162,
          "left": 416.066650390625,
          "height": 14,
          "width": 24,
          "children": []
        },
        {
          "name": "box612",
          "top": 1162,
          "left": 452.58331298828125,
          "height": 14,
          "width": 68,
          "children": []
        },
        {
          "name": "box613",
          "top": 1162,
          "left": 532.63330078125,
          "height": 14,
          "width": 28,
          "children": []
        },
        {
          "name": "box614",
          "top": 1162,
          "left": 573.25,
          "height": 14,
          "width": 62,
          "children": []
        },
        {
          "name": "box615",
          "top": 1162,
          "left": 647.61669921875,
          "height": 14,
          "width": 41,
          "children": []
        }
      ]
    },
    {
      "name": "yclinks",
      "top": 1162,
      "left": 185.85000610351562,
      "height": 14,
      "width": 516,
      "children": [
        {
          "name": "box606",
          "top": 1162,
          "left": 185.85000610351562,
          "height": 14,
          "width": 55,
          "children": []
        },
        {
          "name": "box607",
          "top": 1162,
          "left": 253.6666717529297,
          "height": 14,
          "width": 22,
          "children": []
        },
        {
          "name": "box608",
          "top": 1162,
          "left": 287.83331298828125,
          "height": 14,
          "width": 43,
          "children": []
        },
        {
          "name": "box609",
          "top": 1162,
          "left": 342.73333740234375,
          "height": 14,
          "width": 18,
          "children": []
        },
        {
          "name": "box610",
          "top": 1162,
          "left": 373.2833251953125,
          "height": 14,
          "width": 44,
          "children": []
        },
        {
          "name": "box611",
          "top": 1162,
          "left": 429.566650390625,
          "height": 14,
          "width": 24,
          "children": []
        },
        {
          "name": "box612",
          "top": 1162,
          "left": 466.08331298828125,
          "height": 14,
          "width": 68,
          "children": []
        },
        {
          "name": "box613",
          "top": 1162,
          "left": 546.13330078125,
          "height": 14,
          "width": 28,
          "children": []
        },
        {
          "name": "box614",
          "top": 1162,
          "left": 586.75,
          "height": 14,
          "width": 62,
          "children": []
        },
        {
          "name": "box615",
          "top": 1162,
          "left": 661.11669921875,
          "height": 14,
          "width": 41,
          "children": []
        }
      ]
    },
    {
      "name": "yclinks",
      "top": 1162,
      "left": 302.8500061035156,
      "height": 14,
      "width": 516,
      "children": [
        {
          "name": "box606",
          "top": 1162,
          "left": 302.8500061035156,
          "height": 14,
          "width": 55,
          "children": []
        },
        {
          "name": "box607",
          "top": 1162,
          "left": 370.66668701171875,
          "height": 14,
          "width": 22,
          "children": []
        },
        {
          "name": "box608",
          "top": 1162,
          "left": 404.83331298828125,
          "height": 14,
          "width": 43,
          "children": []
        },
        {
          "name": "box609",
          "top": 1162,
          "left": 459.73333740234375,
          "height": 14,
          "width": 18,
          "children": []
        },
        {
          "name": "box610",
          "top": 1162,
          "left": 490.2833251953125,
          "height": 14,
          "width": 44,
          "children": []
        },
        {
          "name": "box611",
          "top": 1162,
          "left": 546.566650390625,
          "height": 14,
          "width": 24,
          "children": []
        },
        {
          "name": "box612",
          "top": 1162,
          "left": 583.0833129882812,
          "height": 14,
          "width": 68,
          "children": []
        },
        {
          "name": "box613",
          "top": 1162,
          "left": 663.13330078125,
          "height": 14,
          "width": 28,
          "children": []
        },
        {
          "name": "box614",
          "top": 1162,
          "left": 703.75,
          "height": 14,
          "width": 62,
          "children": []
        },
        {
          "name": "box615",
          "top": 1162,
          "left": 778.11669921875,
          "height": 14,
          "width": 41,
          "children": []
        }
      ]
    },
    {
      "name": "yclinks",
      "top": 1162,
      "left": 313.8500061035156,
      "height": 14,
      "width": 516,
      "children": [
        {
          "name": "box606",
          "top": 1162,
          "left": 313.8500061035156,
          "height": 14,
          "width": 55,
          "children": []
        },
        {
          "name": "box607",
          "top": 1162,
          "left": 381.66668701171875,
          "height": 14,
          "width": 22,
          "children": []
        },
        {
          "name": "box608",
          "top": 1162,
          "left": 415.83331298828125,
          "height": 14,
          "width": 43,
          "children": []
        },
        {
          "name": "box609",
          "top": 1162,
          "left": 470.73333740234375,
          "height": 14,
          "width": 18,
          "children": []
        },
        {
          "name": "box610",
          "top": 1162,
          "left": 501.2833251953125,
          "height": 14,
          "width": 44,
          "children": []
        },
        {
          "name": "box611",
          "top": 1162,
          "left": 557.566650390625,
          "height": 14,
          "width": 24,
          "children": []
        },
        {
          "name": "box612",
          "top": 1162,
          "left": 594.0833129882812,
          "height": 14,
          "width": 68,
          "children": []
        },
        {
          "name": "box613",
          "top": 1162,
          "left": 674.13330078125,
          "height": 14,
          "width": 28,
          "children": []
        },
        {
          "name": "box614",
          "top": 1162,
          "left": 714.75,
          "height": 14,
          "width": 62,
          "children": []
        },
        {
          "name": "box615",
          "top": 1162,
          "left": 789.11669921875,
          "height": 14,
          "width": 41,
          "children": []
        }
      ]
    },
    {
      "name": "yclinks",
      "top": 1162,
      "left": 339.3500061035156,
      "height": 14,
      "width": 516,
      "children": [
        {
          "name": "box606",
          "top": 1162,
          "left": 339.3500061035156,
          "height": 14,
          "width": 55,
          "children": []
        },
        {
          "name": "box607",
          "top": 1162,
          "left": 407.16668701171875,
          "height": 14,
          "width": 22,
          "children": []
        },
        {
          "name": "box608",
          "top": 1162,
          "left": 441.33331298828125,
          "height": 14,
          "width": 43,
          "children": []
        },
        {
          "name": "box609",
          "top": 1162,
          "left": 496.23333740234375,
          "height": 14,
          "width": 18,
          "children": []
        },
        {
          "name": "box610",
          "top": 1162,
          "left": 526.7833251953125,
          "height": 14,
          "width": 44,
          "children": []
        },
        {
          "name": "box611",
          "top": 1162,
          "left": 583.066650390625,
          "height": 14,
          "width": 24,
          "children": []
        },
        {
          "name": "box612",
          "top": 1162,
          "left": 619.5833129882812,
          "height": 14,
          "width": 68,
          "children": []
        },
        {
          "name": "box613",
          "top": 1162,
          "left": 699.63330078125,
          "height": 14,
          "width": 28,
          "children": []
        },
        {
          "name": "box614",
          "top": 1162,
          "left": 740.25,
          "height": 14,
          "width": 62,
          "children": []
        },
        {
          "name": "box615",
          "top": 1162,
          "left": 814.61669921875,
          "height": 14,
          "width": 41,
          "children": []
        }
      ]
    }
  ]
}
