{"name": "icse-content", "bench": {"height": {"low": 1625.5, "high": 1625.5}, "width": {"low": 437.5, "high": 437.5}, "trainSeed": 235775, "testSeed": 17250987, "testSize": 10, "trainSize": 10}, "train": [{"name": "box56", "top": 659, "left": 36.5, "height": 1625.5, "width": 437.5, "children": [{"name": "box57", "top": 699, "left": 51.5, "height": 20, "width": 407.5, "children": []}, {"name": "box58", "top": 739, "left": 51.5, "height": 198, "width": 407.5, "children": []}, {"name": "box59", "top": 947, "left": 51.5, "height": 20, "width": 407.5, "children": []}, {"name": "box60", "top": 987, "left": 51.5, "height": 1, "width": 407.5, "children": []}, {"name": "box61", "top": 1008, "left": 51.5, "height": 65.7, "width": 407.5, "children": []}, {"name": "box62", "top": 1083.699951171875, "left": 51.5, "height": 140, "width": 407.5, "children": []}, {"name": "box63", "top": 1233.699951171875, "left": 51.5, "height": 140, "width": 407.5, "children": [{"name": "box64", "top": 1233.699951171875, "left": 91.5, "height": 40, "width": 367.5, "children": [{"name": "box65", "top": 1235.449951171875, "left": 91.5, "height": 37, "width": 367, "children": []}]}, {"name": "box66", "top": 1273.699951171875, "left": 91.5, "height": 60, "width": 367.5, "children": [{"name": "box67", "top": 1275.449951171875, "left": 91.5, "height": 57, "width": 364, "children": []}]}, {"name": "box68", "top": 1333.699951171875, "left": 91.5, "height": 40, "width": 367.5, "children": [{"name": "box69", "top": 1335.449951171875, "left": 91.5, "height": 37, "width": 351, "children": []}]}]}, {"name": "box70", "top": 1383.699951171875, "left": 51.5, "height": 120, "width": 407.5, "children": []}, {"name": "box71", "top": 1513.699951171875, "left": 51.5, "height": 120, "width": 407.5, "children": []}, {"name": "box72", "top": 1643.699951171875, "left": 51.5, "height": 40, "width": 407.5, "children": []}, {"name": "box73", "top": 1703.699951171875, "left": 51.5, "height": 1, "width": 407.5, "children": []}, {"name": "box74", "top": 1724.699951171875, "left": 51.5, "height": 120, "width": 407.5, "children": []}, {"name": "box75", "top": 1854.699951171875, "left": 51.5, "height": 220, "width": 407.5, "children": []}, {"name": "box76", "top": 2084.699951171875, "left": 51.5, "height": 19.8, "width": 407.5, "children": []}, {"name": "box77", "top": 2114.5, "left": 51.5, "height": 160, "width": 407.5, "children": []}]}, {"name": "box56", "top": 659, "left": 83.5, "height": 1625.5, "width": 437.5, "children": [{"name": "box57", "top": 699, "left": 98.5, "height": 20, "width": 407.5, "children": []}, {"name": "box58", "top": 739, "left": 98.5, "height": 198, "width": 407.5, "children": []}, {"name": "box59", "top": 947, "left": 98.5, "height": 20, "width": 407.5, "children": []}, {"name": "box60", "top": 987, "left": 98.5, "height": 1, "width": 407.5, "children": []}, {"name": "box61", "top": 1008, "left": 98.5, "height": 65.7, "width": 407.5, "children": []}, {"name": "box62", "top": 1083.699951171875, "left": 98.5, "height": 140, "width": 407.5, "children": []}, {"name": "box63", "top": 1233.699951171875, "left": 98.5, "height": 140, "width": 407.5, "children": [{"name": "box64", "top": 1233.699951171875, "left": 138.5, "height": 40, "width": 367.5, "children": [{"name": "box65", "top": 1235.449951171875, "left": 138.5, "height": 37, "width": 367, "children": []}]}, {"name": "box66", "top": 1273.699951171875, "left": 138.5, "height": 60, "width": 367.5, "children": [{"name": "box67", "top": 1275.449951171875, "left": 138.5, "height": 57, "width": 364, "children": []}]}, {"name": "box68", "top": 1333.699951171875, "left": 138.5, "height": 40, "width": 367.5, "children": [{"name": "box69", "top": 1335.449951171875, "left": 138.5, "height": 37, "width": 351, "children": []}]}]}, {"name": "box70", "top": 1383.699951171875, "left": 98.5, "height": 120, "width": 407.5, "children": []}, {"name": "box71", "top": 1513.699951171875, "left": 98.5, "height": 120, "width": 407.5, "children": []}, {"name": "box72", "top": 1643.699951171875, "left": 98.5, "height": 40, "width": 407.5, "children": []}, {"name": "box73", "top": 1703.699951171875, "left": 98.5, "height": 1, "width": 407.5, "children": []}, {"name": "box74", "top": 1724.699951171875, "left": 98.5, "height": 120, "width": 407.5, "children": []}, {"name": "box75", "top": 1854.699951171875, "left": 98.5, "height": 220, "width": 407.5, "children": []}, {"name": "box76", "top": 2084.699951171875, "left": 98.5, "height": 19.8, "width": 407.5, "children": []}, {"name": "box77", "top": 2114.5, "left": 98.5, "height": 160, "width": 407.5, "children": []}]}, {"name": "box56", "top": 659, "left": 99.5, "height": 1625.5, "width": 437.5, "children": [{"name": "box57", "top": 699, "left": 114.5, "height": 20, "width": 407.5, "children": []}, {"name": "box58", "top": 739, "left": 114.5, "height": 198, "width": 407.5, "children": []}, {"name": "box59", "top": 947, "left": 114.5, "height": 20, "width": 407.5, "children": []}, {"name": "box60", "top": 987, "left": 114.5, "height": 1, "width": 407.5, "children": []}, {"name": "box61", "top": 1008, "left": 114.5, "height": 65.7, "width": 407.5, "children": []}, {"name": "box62", "top": 1083.699951171875, "left": 114.5, "height": 140, "width": 407.5, "children": []}, {"name": "box63", "top": 1233.699951171875, "left": 114.5, "height": 140, "width": 407.5, "children": [{"name": "box64", "top": 1233.699951171875, "left": 154.5, "height": 40, "width": 367.5, "children": [{"name": "box65", "top": 1235.449951171875, "left": 154.5, "height": 37, "width": 367, "children": []}]}, {"name": "box66", "top": 1273.699951171875, "left": 154.5, "height": 60, "width": 367.5, "children": [{"name": "box67", "top": 1275.449951171875, "left": 154.5, "height": 57, "width": 364, "children": []}]}, {"name": "box68", "top": 1333.699951171875, "left": 154.5, "height": 40, "width": 367.5, "children": [{"name": "box69", "top": 1335.449951171875, "left": 154.5, "height": 37, "width": 351, "children": []}]}]}, {"name": "box70", "top": 1383.699951171875, "left": 114.5, "height": 120, "width": 407.5, "children": []}, {"name": "box71", "top": 1513.699951171875, "left": 114.5, "height": 120, "width": 407.5, "children": []}, {"name": "box72", "top": 1643.699951171875, "left": 114.5, "height": 40, "width": 407.5, "children": []}, {"name": "box73", "top": 1703.699951171875, "left": 114.5, "height": 1, "width": 407.5, "children": []}, {"name": "box74", "top": 1724.699951171875, "left": 114.5, "height": 120, "width": 407.5, "children": []}, {"name": "box75", "top": 1854.699951171875, "left": 114.5, "height": 220, "width": 407.5, "children": []}, {"name": "box76", "top": 2084.699951171875, "left": 114.5, "height": 19.8, "width": 407.5, "children": []}, {"name": "box77", "top": 2114.5, "left": 114.5, "height": 160, "width": 407.5, "children": []}]}, {"name": "box56", "top": 659, "left": 86.5, "height": 1625.5, "width": 437.5, "children": [{"name": "box57", "top": 699, "left": 101.5, "height": 20, "width": 407.5, "children": []}, {"name": "box58", "top": 739, "left": 101.5, "height": 198, "width": 407.5, "children": []}, {"name": "box59", "top": 947, "left": 101.5, "height": 20, "width": 407.5, "children": []}, {"name": "box60", "top": 987, "left": 101.5, "height": 1, "width": 407.5, "children": []}, {"name": "box61", "top": 1008, "left": 101.5, "height": 65.7, "width": 407.5, "children": []}, {"name": "box62", "top": 1083.699951171875, "left": 101.5, "height": 140, "width": 407.5, "children": []}, {"name": "box63", "top": 1233.699951171875, "left": 101.5, "height": 140, "width": 407.5, "children": [{"name": "box64", "top": 1233.699951171875, "left": 141.5, "height": 40, "width": 367.5, "children": [{"name": "box65", "top": 1235.449951171875, "left": 141.5, "height": 37, "width": 367, "children": []}]}, {"name": "box66", "top": 1273.699951171875, "left": 141.5, "height": 60, "width": 367.5, "children": [{"name": "box67", "top": 1275.449951171875, "left": 141.5, "height": 57, "width": 364, "children": []}]}, {"name": "box68", "top": 1333.699951171875, "left": 141.5, "height": 40, "width": 367.5, "children": [{"name": "box69", "top": 1335.449951171875, "left": 141.5, "height": 37, "width": 351, "children": []}]}]}, {"name": "box70", "top": 1383.699951171875, "left": 101.5, "height": 120, "width": 407.5, "children": []}, {"name": "box71", "top": 1513.699951171875, "left": 101.5, "height": 120, "width": 407.5, "children": []}, {"name": "box72", "top": 1643.699951171875, "left": 101.5, "height": 40, "width": 407.5, "children": []}, {"name": "box73", "top": 1703.699951171875, "left": 101.5, "height": 1, "width": 407.5, "children": []}, {"name": "box74", "top": 1724.699951171875, "left": 101.5, "height": 120, "width": 407.5, "children": []}, {"name": "box75", "top": 1854.699951171875, "left": 101.5, "height": 220, "width": 407.5, "children": []}, {"name": "box76", "top": 2084.699951171875, "left": 101.5, "height": 19.8, "width": 407.5, "children": []}, {"name": "box77", "top": 2114.5, "left": 101.5, "height": 160, "width": 407.5, "children": []}]}, {"name": "box56", "top": 659, "left": 68.5, "height": 1625.5, "width": 437.5, "children": [{"name": "box57", "top": 699, "left": 83.5, "height": 20, "width": 407.5, "children": []}, {"name": "box58", "top": 739, "left": 83.5, "height": 198, "width": 407.5, "children": []}, {"name": "box59", "top": 947, "left": 83.5, "height": 20, "width": 407.5, "children": []}, {"name": "box60", "top": 987, "left": 83.5, "height": 1, "width": 407.5, "children": []}, {"name": "box61", "top": 1008, "left": 83.5, "height": 65.7, "width": 407.5, "children": []}, {"name": "box62", "top": 1083.699951171875, "left": 83.5, "height": 140, "width": 407.5, "children": []}, {"name": "box63", "top": 1233.699951171875, "left": 83.5, "height": 140, "width": 407.5, "children": [{"name": "box64", "top": 1233.699951171875, "left": 123.5, "height": 40, "width": 367.5, "children": [{"name": "box65", "top": 1235.449951171875, "left": 123.5, "height": 37, "width": 367, "children": []}]}, {"name": "box66", "top": 1273.699951171875, "left": 123.5, "height": 60, "width": 367.5, "children": [{"name": "box67", "top": 1275.449951171875, "left": 123.5, "height": 57, "width": 364, "children": []}]}, {"name": "box68", "top": 1333.699951171875, "left": 123.5, "height": 40, "width": 367.5, "children": [{"name": "box69", "top": 1335.449951171875, "left": 123.5, "height": 37, "width": 351, "children": []}]}]}, {"name": "box70", "top": 1383.699951171875, "left": 83.5, "height": 120, "width": 407.5, "children": []}, {"name": "box71", "top": 1513.699951171875, "left": 83.5, "height": 120, "width": 407.5, "children": []}, {"name": "box72", "top": 1643.699951171875, "left": 83.5, "height": 40, "width": 407.5, "children": []}, {"name": "box73", "top": 1703.699951171875, "left": 83.5, "height": 1, "width": 407.5, "children": []}, {"name": "box74", "top": 1724.699951171875, "left": 83.5, "height": 120, "width": 407.5, "children": []}, {"name": "box75", "top": 1854.699951171875, "left": 83.5, "height": 220, "width": 407.5, "children": []}, {"name": "box76", "top": 2084.699951171875, "left": 83.5, "height": 19.8, "width": 407.5, "children": []}, {"name": "box77", "top": 2114.5, "left": 83.5, "height": 160, "width": 407.5, "children": []}]}, {"name": "box56", "top": 659, "left": 26, "height": 1625.5, "width": 437.5, "children": [{"name": "box57", "top": 699, "left": 41, "height": 20, "width": 407.5, "children": []}, {"name": "box58", "top": 739, "left": 41, "height": 198, "width": 407.5, "children": []}, {"name": "box59", "top": 947, "left": 41, "height": 20, "width": 407.5, "children": []}, {"name": "box60", "top": 987, "left": 41, "height": 1, "width": 407.5, "children": []}, {"name": "box61", "top": 1008, "left": 41, "height": 65.7, "width": 407.5, "children": []}, {"name": "box62", "top": 1083.699951171875, "left": 41, "height": 140, "width": 407.5, "children": []}, {"name": "box63", "top": 1233.699951171875, "left": 41, "height": 140, "width": 407.5, "children": [{"name": "box64", "top": 1233.699951171875, "left": 81, "height": 40, "width": 367.5, "children": [{"name": "box65", "top": 1235.449951171875, "left": 81, "height": 37, "width": 367, "children": []}]}, {"name": "box66", "top": 1273.699951171875, "left": 81, "height": 60, "width": 367.5, "children": [{"name": "box67", "top": 1275.449951171875, "left": 81, "height": 57, "width": 364, "children": []}]}, {"name": "box68", "top": 1333.699951171875, "left": 81, "height": 40, "width": 367.5, "children": [{"name": "box69", "top": 1335.449951171875, "left": 81, "height": 37, "width": 351, "children": []}]}]}, {"name": "box70", "top": 1383.699951171875, "left": 41, "height": 120, "width": 407.5, "children": []}, {"name": "box71", "top": 1513.699951171875, "left": 41, "height": 120, "width": 407.5, "children": []}, {"name": "box72", "top": 1643.699951171875, "left": 41, "height": 40, "width": 407.5, "children": []}, {"name": "box73", "top": 1703.699951171875, "left": 41, "height": 1, "width": 407.5, "children": []}, {"name": "box74", "top": 1724.699951171875, "left": 41, "height": 120, "width": 407.5, "children": []}, {"name": "box75", "top": 1854.699951171875, "left": 41, "height": 220, "width": 407.5, "children": []}, {"name": "box76", "top": 2084.699951171875, "left": 41, "height": 19.8, "width": 407.5, "children": []}, {"name": "box77", "top": 2114.5, "left": 41, "height": 160, "width": 407.5, "children": []}]}, {"name": "box56", "top": 659, "left": 86.5, "height": 1625.5, "width": 437.5, "children": [{"name": "box57", "top": 699, "left": 101.5, "height": 20, "width": 407.5, "children": []}, {"name": "box58", "top": 739, "left": 101.5, "height": 198, "width": 407.5, "children": []}, {"name": "box59", "top": 947, "left": 101.5, "height": 20, "width": 407.5, "children": []}, {"name": "box60", "top": 987, "left": 101.5, "height": 1, "width": 407.5, "children": []}, {"name": "box61", "top": 1008, "left": 101.5, "height": 65.7, "width": 407.5, "children": []}, {"name": "box62", "top": 1083.699951171875, "left": 101.5, "height": 140, "width": 407.5, "children": []}, {"name": "box63", "top": 1233.699951171875, "left": 101.5, "height": 140, "width": 407.5, "children": [{"name": "box64", "top": 1233.699951171875, "left": 141.5, "height": 40, "width": 367.5, "children": [{"name": "box65", "top": 1235.449951171875, "left": 141.5, "height": 37, "width": 367, "children": []}]}, {"name": "box66", "top": 1273.699951171875, "left": 141.5, "height": 60, "width": 367.5, "children": [{"name": "box67", "top": 1275.449951171875, "left": 141.5, "height": 57, "width": 364, "children": []}]}, {"name": "box68", "top": 1333.699951171875, "left": 141.5, "height": 40, "width": 367.5, "children": [{"name": "box69", "top": 1335.449951171875, "left": 141.5, "height": 37, "width": 351, "children": []}]}]}, {"name": "box70", "top": 1383.699951171875, "left": 101.5, "height": 120, "width": 407.5, "children": []}, {"name": "box71", "top": 1513.699951171875, "left": 101.5, "height": 120, "width": 407.5, "children": []}, {"name": "box72", "top": 1643.699951171875, "left": 101.5, "height": 40, "width": 407.5, "children": []}, {"name": "box73", "top": 1703.699951171875, "left": 101.5, "height": 1, "width": 407.5, "children": []}, {"name": "box74", "top": 1724.699951171875, "left": 101.5, "height": 120, "width": 407.5, "children": []}, {"name": "box75", "top": 1854.699951171875, "left": 101.5, "height": 220, "width": 407.5, "children": []}, {"name": "box76", "top": 2084.699951171875, "left": 101.5, "height": 19.8, "width": 407.5, "children": []}, {"name": "box77", "top": 2114.5, "left": 101.5, "height": 160, "width": 407.5, "children": []}]}, {"name": "box56", "top": 659, "left": 81, "height": 1625.5, "width": 437.5, "children": [{"name": "box57", "top": 699, "left": 96, "height": 20, "width": 407.5, "children": []}, {"name": "box58", "top": 739, "left": 96, "height": 198, "width": 407.5, "children": []}, {"name": "box59", "top": 947, "left": 96, "height": 20, "width": 407.5, "children": []}, {"name": "box60", "top": 987, "left": 96, "height": 1, "width": 407.5, "children": []}, {"name": "box61", "top": 1008, "left": 96, "height": 65.7, "width": 407.5, "children": []}, {"name": "box62", "top": 1083.699951171875, "left": 96, "height": 140, "width": 407.5, "children": []}, {"name": "box63", "top": 1233.699951171875, "left": 96, "height": 140, "width": 407.5, "children": [{"name": "box64", "top": 1233.699951171875, "left": 136, "height": 40, "width": 367.5, "children": [{"name": "box65", "top": 1235.449951171875, "left": 136, "height": 37, "width": 367, "children": []}]}, {"name": "box66", "top": 1273.699951171875, "left": 136, "height": 60, "width": 367.5, "children": [{"name": "box67", "top": 1275.449951171875, "left": 136, "height": 57, "width": 364, "children": []}]}, {"name": "box68", "top": 1333.699951171875, "left": 136, "height": 40, "width": 367.5, "children": [{"name": "box69", "top": 1335.449951171875, "left": 136, "height": 37, "width": 351, "children": []}]}]}, {"name": "box70", "top": 1383.699951171875, "left": 96, "height": 120, "width": 407.5, "children": []}, {"name": "box71", "top": 1513.699951171875, "left": 96, "height": 120, "width": 407.5, "children": []}, {"name": "box72", "top": 1643.699951171875, "left": 96, "height": 40, "width": 407.5, "children": []}, {"name": "box73", "top": 1703.699951171875, "left": 96, "height": 1, "width": 407.5, "children": []}, {"name": "box74", "top": 1724.699951171875, "left": 96, "height": 120, "width": 407.5, "children": []}, {"name": "box75", "top": 1854.699951171875, "left": 96, "height": 220, "width": 407.5, "children": []}, {"name": "box76", "top": 2084.699951171875, "left": 96, "height": 19.8, "width": 407.5, "children": []}, {"name": "box77", "top": 2114.5, "left": 96, "height": 160, "width": 407.5, "children": []}]}, {"name": "box56", "top": 659, "left": 38.5, "height": 1625.5, "width": 437.5, "children": [{"name": "box57", "top": 699, "left": 53.5, "height": 20, "width": 407.5, "children": []}, {"name": "box58", "top": 739, "left": 53.5, "height": 198, "width": 407.5, "children": []}, {"name": "box59", "top": 947, "left": 53.5, "height": 20, "width": 407.5, "children": []}, {"name": "box60", "top": 987, "left": 53.5, "height": 1, "width": 407.5, "children": []}, {"name": "box61", "top": 1008, "left": 53.5, "height": 65.7, "width": 407.5, "children": []}, {"name": "box62", "top": 1083.699951171875, "left": 53.5, "height": 140, "width": 407.5, "children": []}, {"name": "box63", "top": 1233.699951171875, "left": 53.5, "height": 140, "width": 407.5, "children": [{"name": "box64", "top": 1233.699951171875, "left": 93.5, "height": 40, "width": 367.5, "children": [{"name": "box65", "top": 1235.449951171875, "left": 93.5, "height": 37, "width": 367, "children": []}]}, {"name": "box66", "top": 1273.699951171875, "left": 93.5, "height": 60, "width": 367.5, "children": [{"name": "box67", "top": 1275.449951171875, "left": 93.5, "height": 57, "width": 364, "children": []}]}, {"name": "box68", "top": 1333.699951171875, "left": 93.5, "height": 40, "width": 367.5, "children": [{"name": "box69", "top": 1335.449951171875, "left": 93.5, "height": 37, "width": 351, "children": []}]}]}, {"name": "box70", "top": 1383.699951171875, "left": 53.5, "height": 120, "width": 407.5, "children": []}, {"name": "box71", "top": 1513.699951171875, "left": 53.5, "height": 120, "width": 407.5, "children": []}, {"name": "box72", "top": 1643.699951171875, "left": 53.5, "height": 40, "width": 407.5, "children": []}, {"name": "box73", "top": 1703.699951171875, "left": 53.5, "height": 1, "width": 407.5, "children": []}, {"name": "box74", "top": 1724.699951171875, "left": 53.5, "height": 120, "width": 407.5, "children": []}, {"name": "box75", "top": 1854.699951171875, "left": 53.5, "height": 220, "width": 407.5, "children": []}, {"name": "box76", "top": 2084.699951171875, "left": 53.5, "height": 19.8, "width": 407.5, "children": []}, {"name": "box77", "top": 2114.5, "left": 53.5, "height": 160, "width": 407.5, "children": []}]}, {"name": "box56", "top": 659, "left": 98, "height": 1625.5, "width": 437.5, "children": [{"name": "box57", "top": 699, "left": 113, "height": 20, "width": 407.5, "children": []}, {"name": "box58", "top": 739, "left": 113, "height": 198, "width": 407.5, "children": []}, {"name": "box59", "top": 947, "left": 113, "height": 20, "width": 407.5, "children": []}, {"name": "box60", "top": 987, "left": 113, "height": 1, "width": 407.5, "children": []}, {"name": "box61", "top": 1008, "left": 113, "height": 65.7, "width": 407.5, "children": []}, {"name": "box62", "top": 1083.699951171875, "left": 113, "height": 140, "width": 407.5, "children": []}, {"name": "box63", "top": 1233.699951171875, "left": 113, "height": 140, "width": 407.5, "children": [{"name": "box64", "top": 1233.699951171875, "left": 153, "height": 40, "width": 367.5, "children": [{"name": "box65", "top": 1235.449951171875, "left": 153, "height": 37, "width": 367, "children": []}]}, {"name": "box66", "top": 1273.699951171875, "left": 153, "height": 60, "width": 367.5, "children": [{"name": "box67", "top": 1275.449951171875, "left": 153, "height": 57, "width": 364, "children": []}]}, {"name": "box68", "top": 1333.699951171875, "left": 153, "height": 40, "width": 367.5, "children": [{"name": "box69", "top": 1335.449951171875, "left": 153, "height": 37, "width": 351, "children": []}]}]}, {"name": "box70", "top": 1383.699951171875, "left": 113, "height": 120, "width": 407.5, "children": []}, {"name": "box71", "top": 1513.699951171875, "left": 113, "height": 120, "width": 407.5, "children": []}, {"name": "box72", "top": 1643.699951171875, "left": 113, "height": 40, "width": 407.5, "children": []}, {"name": "box73", "top": 1703.699951171875, "left": 113, "height": 1, "width": 407.5, "children": []}, {"name": "box74", "top": 1724.699951171875, "left": 113, "height": 120, "width": 407.5, "children": []}, {"name": "box75", "top": 1854.699951171875, "left": 113, "height": 220, "width": 407.5, "children": []}, {"name": "box76", "top": 2084.699951171875, "left": 113, "height": 19.8, "width": 407.5, "children": []}, {"name": "box77", "top": 2114.5, "left": 113, "height": 160, "width": 407.5, "children": []}]}], "test": [{"name": "box56", "top": 659, "left": 61.5, "height": 1625.5, "width": 437.5, "children": [{"name": "box57", "top": 699, "left": 76.5, "height": 20, "width": 407.5, "children": []}, {"name": "box58", "top": 739, "left": 76.5, "height": 198, "width": 407.5, "children": []}, {"name": "box59", "top": 947, "left": 76.5, "height": 20, "width": 407.5, "children": []}, {"name": "box60", "top": 987, "left": 76.5, "height": 1, "width": 407.5, "children": []}, {"name": "box61", "top": 1008, "left": 76.5, "height": 65.7, "width": 407.5, "children": []}, {"name": "box62", "top": 1083.699951171875, "left": 76.5, "height": 140, "width": 407.5, "children": []}, {"name": "box63", "top": 1233.699951171875, "left": 76.5, "height": 140, "width": 407.5, "children": [{"name": "box64", "top": 1233.699951171875, "left": 116.5, "height": 40, "width": 367.5, "children": [{"name": "box65", "top": 1235.449951171875, "left": 116.5, "height": 37, "width": 367, "children": []}]}, {"name": "box66", "top": 1273.699951171875, "left": 116.5, "height": 60, "width": 367.5, "children": [{"name": "box67", "top": 1275.449951171875, "left": 116.5, "height": 57, "width": 364, "children": []}]}, {"name": "box68", "top": 1333.699951171875, "left": 116.5, "height": 40, "width": 367.5, "children": [{"name": "box69", "top": 1335.449951171875, "left": 116.5, "height": 37, "width": 351, "children": []}]}]}, {"name": "box70", "top": 1383.699951171875, "left": 76.5, "height": 120, "width": 407.5, "children": []}, {"name": "box71", "top": 1513.699951171875, "left": 76.5, "height": 120, "width": 407.5, "children": []}, {"name": "box72", "top": 1643.699951171875, "left": 76.5, "height": 40, "width": 407.5, "children": []}, {"name": "box73", "top": 1703.699951171875, "left": 76.5, "height": 1, "width": 407.5, "children": []}, {"name": "box74", "top": 1724.699951171875, "left": 76.5, "height": 120, "width": 407.5, "children": []}, {"name": "box75", "top": 1854.699951171875, "left": 76.5, "height": 220, "width": 407.5, "children": []}, {"name": "box76", "top": 2084.699951171875, "left": 76.5, "height": 19.8, "width": 407.5, "children": []}, {"name": "box77", "top": 2114.5, "left": 76.5, "height": 160, "width": 407.5, "children": []}]}, {"name": "box56", "top": 659, "left": 32.5, "height": 1625.5, "width": 437.5, "children": [{"name": "box57", "top": 699, "left": 47.5, "height": 20, "width": 407.5, "children": []}, {"name": "box58", "top": 739, "left": 47.5, "height": 198, "width": 407.5, "children": []}, {"name": "box59", "top": 947, "left": 47.5, "height": 20, "width": 407.5, "children": []}, {"name": "box60", "top": 987, "left": 47.5, "height": 1, "width": 407.5, "children": []}, {"name": "box61", "top": 1008, "left": 47.5, "height": 65.7, "width": 407.5, "children": []}, {"name": "box62", "top": 1083.699951171875, "left": 47.5, "height": 140, "width": 407.5, "children": []}, {"name": "box63", "top": 1233.699951171875, "left": 47.5, "height": 140, "width": 407.5, "children": [{"name": "box64", "top": 1233.699951171875, "left": 87.5, "height": 40, "width": 367.5, "children": [{"name": "box65", "top": 1235.449951171875, "left": 87.5, "height": 37, "width": 367, "children": []}]}, {"name": "box66", "top": 1273.699951171875, "left": 87.5, "height": 60, "width": 367.5, "children": [{"name": "box67", "top": 1275.449951171875, "left": 87.5, "height": 57, "width": 364, "children": []}]}, {"name": "box68", "top": 1333.699951171875, "left": 87.5, "height": 40, "width": 367.5, "children": [{"name": "box69", "top": 1335.449951171875, "left": 87.5, "height": 37, "width": 351, "children": []}]}]}, {"name": "box70", "top": 1383.699951171875, "left": 47.5, "height": 120, "width": 407.5, "children": []}, {"name": "box71", "top": 1513.699951171875, "left": 47.5, "height": 120, "width": 407.5, "children": []}, {"name": "box72", "top": 1643.699951171875, "left": 47.5, "height": 40, "width": 407.5, "children": []}, {"name": "box73", "top": 1703.699951171875, "left": 47.5, "height": 1, "width": 407.5, "children": []}, {"name": "box74", "top": 1724.699951171875, "left": 47.5, "height": 120, "width": 407.5, "children": []}, {"name": "box75", "top": 1854.699951171875, "left": 47.5, "height": 220, "width": 407.5, "children": []}, {"name": "box76", "top": 2084.699951171875, "left": 47.5, "height": 19.8, "width": 407.5, "children": []}, {"name": "box77", "top": 2114.5, "left": 47.5, "height": 160, "width": 407.5, "children": []}]}, {"name": "box56", "top": 659, "left": 33, "height": 1625.5, "width": 437.5, "children": [{"name": "box57", "top": 699, "left": 48, "height": 20, "width": 407.5, "children": []}, {"name": "box58", "top": 739, "left": 48, "height": 198, "width": 407.5, "children": []}, {"name": "box59", "top": 947, "left": 48, "height": 20, "width": 407.5, "children": []}, {"name": "box60", "top": 987, "left": 48, "height": 1, "width": 407.5, "children": []}, {"name": "box61", "top": 1008, "left": 48, "height": 65.7, "width": 407.5, "children": []}, {"name": "box62", "top": 1083.699951171875, "left": 48, "height": 140, "width": 407.5, "children": []}, {"name": "box63", "top": 1233.699951171875, "left": 48, "height": 140, "width": 407.5, "children": [{"name": "box64", "top": 1233.699951171875, "left": 88, "height": 40, "width": 367.5, "children": [{"name": "box65", "top": 1235.449951171875, "left": 88, "height": 37, "width": 367, "children": []}]}, {"name": "box66", "top": 1273.699951171875, "left": 88, "height": 60, "width": 367.5, "children": [{"name": "box67", "top": 1275.449951171875, "left": 88, "height": 57, "width": 364, "children": []}]}, {"name": "box68", "top": 1333.699951171875, "left": 88, "height": 40, "width": 367.5, "children": [{"name": "box69", "top": 1335.449951171875, "left": 88, "height": 37, "width": 351, "children": []}]}]}, {"name": "box70", "top": 1383.699951171875, "left": 48, "height": 120, "width": 407.5, "children": []}, {"name": "box71", "top": 1513.699951171875, "left": 48, "height": 120, "width": 407.5, "children": []}, {"name": "box72", "top": 1643.699951171875, "left": 48, "height": 40, "width": 407.5, "children": []}, {"name": "box73", "top": 1703.699951171875, "left": 48, "height": 1, "width": 407.5, "children": []}, {"name": "box74", "top": 1724.699951171875, "left": 48, "height": 120, "width": 407.5, "children": []}, {"name": "box75", "top": 1854.699951171875, "left": 48, "height": 220, "width": 407.5, "children": []}, {"name": "box76", "top": 2084.699951171875, "left": 48, "height": 19.8, "width": 407.5, "children": []}, {"name": "box77", "top": 2114.5, "left": 48, "height": 160, "width": 407.5, "children": []}]}, {"name": "box56", "top": 659, "left": 32, "height": 1625.5, "width": 437.5, "children": [{"name": "box57", "top": 699, "left": 47, "height": 20, "width": 407.5, "children": []}, {"name": "box58", "top": 739, "left": 47, "height": 198, "width": 407.5, "children": []}, {"name": "box59", "top": 947, "left": 47, "height": 20, "width": 407.5, "children": []}, {"name": "box60", "top": 987, "left": 47, "height": 1, "width": 407.5, "children": []}, {"name": "box61", "top": 1008, "left": 47, "height": 65.7, "width": 407.5, "children": []}, {"name": "box62", "top": 1083.699951171875, "left": 47, "height": 140, "width": 407.5, "children": []}, {"name": "box63", "top": 1233.699951171875, "left": 47, "height": 140, "width": 407.5, "children": [{"name": "box64", "top": 1233.699951171875, "left": 87, "height": 40, "width": 367.5, "children": [{"name": "box65", "top": 1235.449951171875, "left": 87, "height": 37, "width": 367, "children": []}]}, {"name": "box66", "top": 1273.699951171875, "left": 87, "height": 60, "width": 367.5, "children": [{"name": "box67", "top": 1275.449951171875, "left": 87, "height": 57, "width": 364, "children": []}]}, {"name": "box68", "top": 1333.699951171875, "left": 87, "height": 40, "width": 367.5, "children": [{"name": "box69", "top": 1335.449951171875, "left": 87, "height": 37, "width": 351, "children": []}]}]}, {"name": "box70", "top": 1383.699951171875, "left": 47, "height": 120, "width": 407.5, "children": []}, {"name": "box71", "top": 1513.699951171875, "left": 47, "height": 120, "width": 407.5, "children": []}, {"name": "box72", "top": 1643.699951171875, "left": 47, "height": 40, "width": 407.5, "children": []}, {"name": "box73", "top": 1703.699951171875, "left": 47, "height": 1, "width": 407.5, "children": []}, {"name": "box74", "top": 1724.699951171875, "left": 47, "height": 120, "width": 407.5, "children": []}, {"name": "box75", "top": 1854.699951171875, "left": 47, "height": 220, "width": 407.5, "children": []}, {"name": "box76", "top": 2084.699951171875, "left": 47, "height": 19.8, "width": 407.5, "children": []}, {"name": "box77", "top": 2114.5, "left": 47, "height": 160, "width": 407.5, "children": []}]}, {"name": "box56", "top": 659, "left": 87.5, "height": 1625.5, "width": 437.5, "children": [{"name": "box57", "top": 699, "left": 102.5, "height": 20, "width": 407.5, "children": []}, {"name": "box58", "top": 739, "left": 102.5, "height": 198, "width": 407.5, "children": []}, {"name": "box59", "top": 947, "left": 102.5, "height": 20, "width": 407.5, "children": []}, {"name": "box60", "top": 987, "left": 102.5, "height": 1, "width": 407.5, "children": []}, {"name": "box61", "top": 1008, "left": 102.5, "height": 65.7, "width": 407.5, "children": []}, {"name": "box62", "top": 1083.699951171875, "left": 102.5, "height": 140, "width": 407.5, "children": []}, {"name": "box63", "top": 1233.699951171875, "left": 102.5, "height": 140, "width": 407.5, "children": [{"name": "box64", "top": 1233.699951171875, "left": 142.5, "height": 40, "width": 367.5, "children": [{"name": "box65", "top": 1235.449951171875, "left": 142.5, "height": 37, "width": 367, "children": []}]}, {"name": "box66", "top": 1273.699951171875, "left": 142.5, "height": 60, "width": 367.5, "children": [{"name": "box67", "top": 1275.449951171875, "left": 142.5, "height": 57, "width": 364, "children": []}]}, {"name": "box68", "top": 1333.699951171875, "left": 142.5, "height": 40, "width": 367.5, "children": [{"name": "box69", "top": 1335.449951171875, "left": 142.5, "height": 37, "width": 351, "children": []}]}]}, {"name": "box70", "top": 1383.699951171875, "left": 102.5, "height": 120, "width": 407.5, "children": []}, {"name": "box71", "top": 1513.699951171875, "left": 102.5, "height": 120, "width": 407.5, "children": []}, {"name": "box72", "top": 1643.699951171875, "left": 102.5, "height": 40, "width": 407.5, "children": []}, {"name": "box73", "top": 1703.699951171875, "left": 102.5, "height": 1, "width": 407.5, "children": []}, {"name": "box74", "top": 1724.699951171875, "left": 102.5, "height": 120, "width": 407.5, "children": []}, {"name": "box75", "top": 1854.699951171875, "left": 102.5, "height": 220, "width": 407.5, "children": []}, {"name": "box76", "top": 2084.699951171875, "left": 102.5, "height": 19.8, "width": 407.5, "children": []}, {"name": "box77", "top": 2114.5, "left": 102.5, "height": 160, "width": 407.5, "children": []}]}, {"name": "box56", "top": 659, "left": 80.5, "height": 1625.5, "width": 437.5, "children": [{"name": "box57", "top": 699, "left": 95.5, "height": 20, "width": 407.5, "children": []}, {"name": "box58", "top": 739, "left": 95.5, "height": 198, "width": 407.5, "children": []}, {"name": "box59", "top": 947, "left": 95.5, "height": 20, "width": 407.5, "children": []}, {"name": "box60", "top": 987, "left": 95.5, "height": 1, "width": 407.5, "children": []}, {"name": "box61", "top": 1008, "left": 95.5, "height": 65.7, "width": 407.5, "children": []}, {"name": "box62", "top": 1083.699951171875, "left": 95.5, "height": 140, "width": 407.5, "children": []}, {"name": "box63", "top": 1233.699951171875, "left": 95.5, "height": 140, "width": 407.5, "children": [{"name": "box64", "top": 1233.699951171875, "left": 135.5, "height": 40, "width": 367.5, "children": [{"name": "box65", "top": 1235.449951171875, "left": 135.5, "height": 37, "width": 367, "children": []}]}, {"name": "box66", "top": 1273.699951171875, "left": 135.5, "height": 60, "width": 367.5, "children": [{"name": "box67", "top": 1275.449951171875, "left": 135.5, "height": 57, "width": 364, "children": []}]}, {"name": "box68", "top": 1333.699951171875, "left": 135.5, "height": 40, "width": 367.5, "children": [{"name": "box69", "top": 1335.449951171875, "left": 135.5, "height": 37, "width": 351, "children": []}]}]}, {"name": "box70", "top": 1383.699951171875, "left": 95.5, "height": 120, "width": 407.5, "children": []}, {"name": "box71", "top": 1513.699951171875, "left": 95.5, "height": 120, "width": 407.5, "children": []}, {"name": "box72", "top": 1643.699951171875, "left": 95.5, "height": 40, "width": 407.5, "children": []}, {"name": "box73", "top": 1703.699951171875, "left": 95.5, "height": 1, "width": 407.5, "children": []}, {"name": "box74", "top": 1724.699951171875, "left": 95.5, "height": 120, "width": 407.5, "children": []}, {"name": "box75", "top": 1854.699951171875, "left": 95.5, "height": 220, "width": 407.5, "children": []}, {"name": "box76", "top": 2084.699951171875, "left": 95.5, "height": 19.8, "width": 407.5, "children": []}, {"name": "box77", "top": 2114.5, "left": 95.5, "height": 160, "width": 407.5, "children": []}]}, {"name": "box56", "top": 659, "left": 94, "height": 1625.5, "width": 437.5, "children": [{"name": "box57", "top": 699, "left": 109, "height": 20, "width": 407.5, "children": []}, {"name": "box58", "top": 739, "left": 109, "height": 198, "width": 407.5, "children": []}, {"name": "box59", "top": 947, "left": 109, "height": 20, "width": 407.5, "children": []}, {"name": "box60", "top": 987, "left": 109, "height": 1, "width": 407.5, "children": []}, {"name": "box61", "top": 1008, "left": 109, "height": 65.7, "width": 407.5, "children": []}, {"name": "box62", "top": 1083.699951171875, "left": 109, "height": 140, "width": 407.5, "children": []}, {"name": "box63", "top": 1233.699951171875, "left": 109, "height": 140, "width": 407.5, "children": [{"name": "box64", "top": 1233.699951171875, "left": 149, "height": 40, "width": 367.5, "children": [{"name": "box65", "top": 1235.449951171875, "left": 149, "height": 37, "width": 367, "children": []}]}, {"name": "box66", "top": 1273.699951171875, "left": 149, "height": 60, "width": 367.5, "children": [{"name": "box67", "top": 1275.449951171875, "left": 149, "height": 57, "width": 364, "children": []}]}, {"name": "box68", "top": 1333.699951171875, "left": 149, "height": 40, "width": 367.5, "children": [{"name": "box69", "top": 1335.449951171875, "left": 149, "height": 37, "width": 351, "children": []}]}]}, {"name": "box70", "top": 1383.699951171875, "left": 109, "height": 120, "width": 407.5, "children": []}, {"name": "box71", "top": 1513.699951171875, "left": 109, "height": 120, "width": 407.5, "children": []}, {"name": "box72", "top": 1643.699951171875, "left": 109, "height": 40, "width": 407.5, "children": []}, {"name": "box73", "top": 1703.699951171875, "left": 109, "height": 1, "width": 407.5, "children": []}, {"name": "box74", "top": 1724.699951171875, "left": 109, "height": 120, "width": 407.5, "children": []}, {"name": "box75", "top": 1854.699951171875, "left": 109, "height": 220, "width": 407.5, "children": []}, {"name": "box76", "top": 2084.699951171875, "left": 109, "height": 19.8, "width": 407.5, "children": []}, {"name": "box77", "top": 2114.5, "left": 109, "height": 160, "width": 407.5, "children": []}]}, {"name": "box56", "top": 659, "left": 61, "height": 1625.5, "width": 437.5, "children": [{"name": "box57", "top": 699, "left": 76, "height": 20, "width": 407.5, "children": []}, {"name": "box58", "top": 739, "left": 76, "height": 198, "width": 407.5, "children": []}, {"name": "box59", "top": 947, "left": 76, "height": 20, "width": 407.5, "children": []}, {"name": "box60", "top": 987, "left": 76, "height": 1, "width": 407.5, "children": []}, {"name": "box61", "top": 1008, "left": 76, "height": 65.7, "width": 407.5, "children": []}, {"name": "box62", "top": 1083.699951171875, "left": 76, "height": 140, "width": 407.5, "children": []}, {"name": "box63", "top": 1233.699951171875, "left": 76, "height": 140, "width": 407.5, "children": [{"name": "box64", "top": 1233.699951171875, "left": 116, "height": 40, "width": 367.5, "children": [{"name": "box65", "top": 1235.449951171875, "left": 116, "height": 37, "width": 367, "children": []}]}, {"name": "box66", "top": 1273.699951171875, "left": 116, "height": 60, "width": 367.5, "children": [{"name": "box67", "top": 1275.449951171875, "left": 116, "height": 57, "width": 364, "children": []}]}, {"name": "box68", "top": 1333.699951171875, "left": 116, "height": 40, "width": 367.5, "children": [{"name": "box69", "top": 1335.449951171875, "left": 116, "height": 37, "width": 351, "children": []}]}]}, {"name": "box70", "top": 1383.699951171875, "left": 76, "height": 120, "width": 407.5, "children": []}, {"name": "box71", "top": 1513.699951171875, "left": 76, "height": 120, "width": 407.5, "children": []}, {"name": "box72", "top": 1643.699951171875, "left": 76, "height": 40, "width": 407.5, "children": []}, {"name": "box73", "top": 1703.699951171875, "left": 76, "height": 1, "width": 407.5, "children": []}, {"name": "box74", "top": 1724.699951171875, "left": 76, "height": 120, "width": 407.5, "children": []}, {"name": "box75", "top": 1854.699951171875, "left": 76, "height": 220, "width": 407.5, "children": []}, {"name": "box76", "top": 2084.699951171875, "left": 76, "height": 19.8, "width": 407.5, "children": []}, {"name": "box77", "top": 2114.5, "left": 76, "height": 160, "width": 407.5, "children": []}]}, {"name": "box56", "top": 659, "left": 97, "height": 1625.5, "width": 437.5, "children": [{"name": "box57", "top": 699, "left": 112, "height": 20, "width": 407.5, "children": []}, {"name": "box58", "top": 739, "left": 112, "height": 198, "width": 407.5, "children": []}, {"name": "box59", "top": 947, "left": 112, "height": 20, "width": 407.5, "children": []}, {"name": "box60", "top": 987, "left": 112, "height": 1, "width": 407.5, "children": []}, {"name": "box61", "top": 1008, "left": 112, "height": 65.7, "width": 407.5, "children": []}, {"name": "box62", "top": 1083.699951171875, "left": 112, "height": 140, "width": 407.5, "children": []}, {"name": "box63", "top": 1233.699951171875, "left": 112, "height": 140, "width": 407.5, "children": [{"name": "box64", "top": 1233.699951171875, "left": 152, "height": 40, "width": 367.5, "children": [{"name": "box65", "top": 1235.449951171875, "left": 152, "height": 37, "width": 367, "children": []}]}, {"name": "box66", "top": 1273.699951171875, "left": 152, "height": 60, "width": 367.5, "children": [{"name": "box67", "top": 1275.449951171875, "left": 152, "height": 57, "width": 364, "children": []}]}, {"name": "box68", "top": 1333.699951171875, "left": 152, "height": 40, "width": 367.5, "children": [{"name": "box69", "top": 1335.449951171875, "left": 152, "height": 37, "width": 351, "children": []}]}]}, {"name": "box70", "top": 1383.699951171875, "left": 112, "height": 120, "width": 407.5, "children": []}, {"name": "box71", "top": 1513.699951171875, "left": 112, "height": 120, "width": 407.5, "children": []}, {"name": "box72", "top": 1643.699951171875, "left": 112, "height": 40, "width": 407.5, "children": []}, {"name": "box73", "top": 1703.699951171875, "left": 112, "height": 1, "width": 407.5, "children": []}, {"name": "box74", "top": 1724.699951171875, "left": 112, "height": 120, "width": 407.5, "children": []}, {"name": "box75", "top": 1854.699951171875, "left": 112, "height": 220, "width": 407.5, "children": []}, {"name": "box76", "top": 2084.699951171875, "left": 112, "height": 19.8, "width": 407.5, "children": []}, {"name": "box77", "top": 2114.5, "left": 112, "height": 160, "width": 407.5, "children": []}]}, {"name": "box56", "top": 659, "left": 72.5, "height": 1625.5, "width": 437.5, "children": [{"name": "box57", "top": 699, "left": 87.5, "height": 20, "width": 407.5, "children": []}, {"name": "box58", "top": 739, "left": 87.5, "height": 198, "width": 407.5, "children": []}, {"name": "box59", "top": 947, "left": 87.5, "height": 20, "width": 407.5, "children": []}, {"name": "box60", "top": 987, "left": 87.5, "height": 1, "width": 407.5, "children": []}, {"name": "box61", "top": 1008, "left": 87.5, "height": 65.7, "width": 407.5, "children": []}, {"name": "box62", "top": 1083.699951171875, "left": 87.5, "height": 140, "width": 407.5, "children": []}, {"name": "box63", "top": 1233.699951171875, "left": 87.5, "height": 140, "width": 407.5, "children": [{"name": "box64", "top": 1233.699951171875, "left": 127.5, "height": 40, "width": 367.5, "children": [{"name": "box65", "top": 1235.449951171875, "left": 127.5, "height": 37, "width": 367, "children": []}]}, {"name": "box66", "top": 1273.699951171875, "left": 127.5, "height": 60, "width": 367.5, "children": [{"name": "box67", "top": 1275.449951171875, "left": 127.5, "height": 57, "width": 364, "children": []}]}, {"name": "box68", "top": 1333.699951171875, "left": 127.5, "height": 40, "width": 367.5, "children": [{"name": "box69", "top": 1335.449951171875, "left": 127.5, "height": 37, "width": 351, "children": []}]}]}, {"name": "box70", "top": 1383.699951171875, "left": 87.5, "height": 120, "width": 407.5, "children": []}, {"name": "box71", "top": 1513.699951171875, "left": 87.5, "height": 120, "width": 407.5, "children": []}, {"name": "box72", "top": 1643.699951171875, "left": 87.5, "height": 40, "width": 407.5, "children": []}, {"name": "box73", "top": 1703.699951171875, "left": 87.5, "height": 1, "width": 407.5, "children": []}, {"name": "box74", "top": 1724.699951171875, "left": 87.5, "height": 120, "width": 407.5, "children": []}, {"name": "box75", "top": 1854.699951171875, "left": 87.5, "height": 220, "width": 407.5, "children": []}, {"name": "box76", "top": 2084.699951171875, "left": 87.5, "height": 19.8, "width": 407.5, "children": []}, {"name": "box77", "top": 2114.5, "left": 87.5, "height": 160, "width": 407.5, "children": []}]}]}