{"name": "icse-news", "bench": {"height": {"low": 252.85, "high": 252.85}, "width": {"low": 220, "high": 220}, "trainSeed": 235775, "testSeed": 17250987, "testSize": 10, "trainSize": 10}, "train": [{"name": "box175", "top": 2075.550048828125, "left": 551.5, "height": 252.85, "width": 220, "children": [{"name": "box176", "top": 2076.550048828125, "left": 552.5, "height": 43.85, "width": 218, "children": [{"name": "box177", "top": 2086.550048828125, "left": 567.5, "height": 22.85, "width": 188, "children": [{"name": "box178", "top": 2088.466552734375, "left": 567.5, "height": 19, "width": 108, "children": []}]}]}, {"name": "box180", "top": 2120.39990234375, "left": 552.5, "height": 207, "width": 218, "children": [{"name": "box182", "top": 2120.39990234375, "left": 552.5, "height": 36.5, "width": 218, "children": [{"name": "box183", "top": 2128.39990234375, "left": 676.2833251953125, "height": 20, "width": 86.2167, "children": [{"name": "box184", "top": 2132.14990234375, "left": 676.2833251953125, "height": 15, "width": 86, "children": []}]}]}, {"name": "box186", "top": 2156.89990234375, "left": 552.5, "height": 57, "width": 218, "children": [{"name": "box187", "top": 2185.39990234375, "left": 676.2833251953125, "height": 20, "width": 86.2167, "children": [{"name": "box188", "top": 2189.14990234375, "left": 676.2833251953125, "height": 15, "width": 86, "children": []}]}]}, {"name": "box190", "top": 2213.89990234375, "left": 552.5, "height": 57, "width": 218, "children": [{"name": "box191", "top": 2242.39990234375, "left": 676.2833251953125, "height": 20, "width": 86.2167, "children": [{"name": "box192", "top": 2246.14990234375, "left": 676.2833251953125, "height": 15, "width": 86, "children": []}]}]}, {"name": "box194", "top": 2270.89990234375, "left": 552.5, "height": 56.5, "width": 218, "children": [{"name": "box195", "top": 2299.39990234375, "left": 676.2833251953125, "height": 20, "width": 86.2167, "children": [{"name": "box196", "top": 2303.14990234375, "left": 676.2833251953125, "height": 15, "width": 86, "children": []}]}]}]}]}, {"name": "box175", "top": 2075.550048828125, "left": 598.5, "height": 252.85, "width": 220, "children": [{"name": "box176", "top": 2076.550048828125, "left": 599.5, "height": 43.85, "width": 218, "children": [{"name": "box177", "top": 2086.550048828125, "left": 614.5, "height": 22.85, "width": 188, "children": [{"name": "box178", "top": 2088.466552734375, "left": 614.5, "height": 19, "width": 108, "children": []}]}]}, {"name": "box180", "top": 2120.39990234375, "left": 599.5, "height": 207, "width": 218, "children": [{"name": "box182", "top": 2120.39990234375, "left": 599.5, "height": 36.5, "width": 218, "children": [{"name": "box183", "top": 2128.39990234375, "left": 723.2833251953125, "height": 20, "width": 86.2167, "children": [{"name": "box184", "top": 2132.14990234375, "left": 723.2833251953125, "height": 15, "width": 86, "children": []}]}]}, {"name": "box186", "top": 2156.89990234375, "left": 599.5, "height": 57, "width": 218, "children": [{"name": "box187", "top": 2185.39990234375, "left": 723.2833251953125, "height": 20, "width": 86.2167, "children": [{"name": "box188", "top": 2189.14990234375, "left": 723.2833251953125, "height": 15, "width": 86, "children": []}]}]}, {"name": "box190", "top": 2213.89990234375, "left": 599.5, "height": 57, "width": 218, "children": [{"name": "box191", "top": 2242.39990234375, "left": 723.2833251953125, "height": 20, "width": 86.2167, "children": [{"name": "box192", "top": 2246.14990234375, "left": 723.2833251953125, "height": 15, "width": 86, "children": []}]}]}, {"name": "box194", "top": 2270.89990234375, "left": 599.5, "height": 56.5, "width": 218, "children": [{"name": "box195", "top": 2299.39990234375, "left": 723.2833251953125, "height": 20, "width": 86.2167, "children": [{"name": "box196", "top": 2303.14990234375, "left": 723.2833251953125, "height": 15, "width": 86, "children": []}]}]}]}]}, {"name": "box175", "top": 2075.550048828125, "left": 614.5, "height": 252.85, "width": 220, "children": [{"name": "box176", "top": 2076.550048828125, "left": 615.5, "height": 43.85, "width": 218, "children": [{"name": "box177", "top": 2086.550048828125, "left": 630.5, "height": 22.85, "width": 188, "children": [{"name": "box178", "top": 2088.466552734375, "left": 630.5, "height": 19, "width": 108, "children": []}]}]}, {"name": "box180", "top": 2120.39990234375, "left": 615.5, "height": 207, "width": 218, "children": [{"name": "box182", "top": 2120.39990234375, "left": 615.5, "height": 36.5, "width": 218, "children": [{"name": "box183", "top": 2128.39990234375, "left": 739.2833251953125, "height": 20, "width": 86.2167, "children": [{"name": "box184", "top": 2132.14990234375, "left": 739.2833251953125, "height": 15, "width": 86, "children": []}]}]}, {"name": "box186", "top": 2156.89990234375, "left": 615.5, "height": 57, "width": 218, "children": [{"name": "box187", "top": 2185.39990234375, "left": 739.2833251953125, "height": 20, "width": 86.2167, "children": [{"name": "box188", "top": 2189.14990234375, "left": 739.2833251953125, "height": 15, "width": 86, "children": []}]}]}, {"name": "box190", "top": 2213.89990234375, "left": 615.5, "height": 57, "width": 218, "children": [{"name": "box191", "top": 2242.39990234375, "left": 739.2833251953125, "height": 20, "width": 86.2167, "children": [{"name": "box192", "top": 2246.14990234375, "left": 739.2833251953125, "height": 15, "width": 86, "children": []}]}]}, {"name": "box194", "top": 2270.89990234375, "left": 615.5, "height": 56.5, "width": 218, "children": [{"name": "box195", "top": 2299.39990234375, "left": 739.2833251953125, "height": 20, "width": 86.2167, "children": [{"name": "box196", "top": 2303.14990234375, "left": 739.2833251953125, "height": 15, "width": 86, "children": []}]}]}]}]}, {"name": "box175", "top": 2075.550048828125, "left": 601.5, "height": 252.85, "width": 220, "children": [{"name": "box176", "top": 2076.550048828125, "left": 602.5, "height": 43.85, "width": 218, "children": [{"name": "box177", "top": 2086.550048828125, "left": 617.5, "height": 22.85, "width": 188, "children": [{"name": "box178", "top": 2088.466552734375, "left": 617.5, "height": 19, "width": 108, "children": []}]}]}, {"name": "box180", "top": 2120.39990234375, "left": 602.5, "height": 207, "width": 218, "children": [{"name": "box182", "top": 2120.39990234375, "left": 602.5, "height": 36.5, "width": 218, "children": [{"name": "box183", "top": 2128.39990234375, "left": 726.2833251953125, "height": 20, "width": 86.2167, "children": [{"name": "box184", "top": 2132.14990234375, "left": 726.2833251953125, "height": 15, "width": 86, "children": []}]}]}, {"name": "box186", "top": 2156.89990234375, "left": 602.5, "height": 57, "width": 218, "children": [{"name": "box187", "top": 2185.39990234375, "left": 726.2833251953125, "height": 20, "width": 86.2167, "children": [{"name": "box188", "top": 2189.14990234375, "left": 726.2833251953125, "height": 15, "width": 86, "children": []}]}]}, {"name": "box190", "top": 2213.89990234375, "left": 602.5, "height": 57, "width": 218, "children": [{"name": "box191", "top": 2242.39990234375, "left": 726.2833251953125, "height": 20, "width": 86.2167, "children": [{"name": "box192", "top": 2246.14990234375, "left": 726.2833251953125, "height": 15, "width": 86, "children": []}]}]}, {"name": "box194", "top": 2270.89990234375, "left": 602.5, "height": 56.5, "width": 218, "children": [{"name": "box195", "top": 2299.39990234375, "left": 726.2833251953125, "height": 20, "width": 86.2167, "children": [{"name": "box196", "top": 2303.14990234375, "left": 726.2833251953125, "height": 15, "width": 86, "children": []}]}]}]}]}, {"name": "box175", "top": 2075.550048828125, "left": 583.5, "height": 252.85, "width": 220, "children": [{"name": "box176", "top": 2076.550048828125, "left": 584.5, "height": 43.85, "width": 218, "children": [{"name": "box177", "top": 2086.550048828125, "left": 599.5, "height": 22.85, "width": 188, "children": [{"name": "box178", "top": 2088.466552734375, "left": 599.5, "height": 19, "width": 108, "children": []}]}]}, {"name": "box180", "top": 2120.39990234375, "left": 584.5, "height": 207, "width": 218, "children": [{"name": "box182", "top": 2120.39990234375, "left": 584.5, "height": 36.5, "width": 218, "children": [{"name": "box183", "top": 2128.39990234375, "left": 708.2833251953125, "height": 20, "width": 86.2167, "children": [{"name": "box184", "top": 2132.14990234375, "left": 708.2833251953125, "height": 15, "width": 86, "children": []}]}]}, {"name": "box186", "top": 2156.89990234375, "left": 584.5, "height": 57, "width": 218, "children": [{"name": "box187", "top": 2185.39990234375, "left": 708.2833251953125, "height": 20, "width": 86.2167, "children": [{"name": "box188", "top": 2189.14990234375, "left": 708.2833251953125, "height": 15, "width": 86, "children": []}]}]}, {"name": "box190", "top": 2213.89990234375, "left": 584.5, "height": 57, "width": 218, "children": [{"name": "box191", "top": 2242.39990234375, "left": 708.2833251953125, "height": 20, "width": 86.2167, "children": [{"name": "box192", "top": 2246.14990234375, "left": 708.2833251953125, "height": 15, "width": 86, "children": []}]}]}, {"name": "box194", "top": 2270.89990234375, "left": 584.5, "height": 56.5, "width": 218, "children": [{"name": "box195", "top": 2299.39990234375, "left": 708.2833251953125, "height": 20, "width": 86.2167, "children": [{"name": "box196", "top": 2303.14990234375, "left": 708.2833251953125, "height": 15, "width": 86, "children": []}]}]}]}]}, {"name": "box175", "top": 2075.550048828125, "left": 541, "height": 252.85, "width": 220, "children": [{"name": "box176", "top": 2076.550048828125, "left": 542, "height": 43.85, "width": 218, "children": [{"name": "box177", "top": 2086.550048828125, "left": 557, "height": 22.85, "width": 188, "children": [{"name": "box178", "top": 2088.466552734375, "left": 557, "height": 19, "width": 108, "children": []}]}]}, {"name": "box180", "top": 2120.39990234375, "left": 542, "height": 207, "width": 218, "children": [{"name": "box182", "top": 2120.39990234375, "left": 542, "height": 36.5, "width": 218, "children": [{"name": "box183", "top": 2128.39990234375, "left": 665.7833251953125, "height": 20, "width": 86.2167, "children": [{"name": "box184", "top": 2132.14990234375, "left": 665.7833251953125, "height": 15, "width": 86, "children": []}]}]}, {"name": "box186", "top": 2156.89990234375, "left": 542, "height": 57, "width": 218, "children": [{"name": "box187", "top": 2185.39990234375, "left": 665.7833251953125, "height": 20, "width": 86.2167, "children": [{"name": "box188", "top": 2189.14990234375, "left": 665.7833251953125, "height": 15, "width": 86, "children": []}]}]}, {"name": "box190", "top": 2213.89990234375, "left": 542, "height": 57, "width": 218, "children": [{"name": "box191", "top": 2242.39990234375, "left": 665.7833251953125, "height": 20, "width": 86.2167, "children": [{"name": "box192", "top": 2246.14990234375, "left": 665.7833251953125, "height": 15, "width": 86, "children": []}]}]}, {"name": "box194", "top": 2270.89990234375, "left": 542, "height": 56.5, "width": 218, "children": [{"name": "box195", "top": 2299.39990234375, "left": 665.7833251953125, "height": 20, "width": 86.2167, "children": [{"name": "box196", "top": 2303.14990234375, "left": 665.7833251953125, "height": 15, "width": 86, "children": []}]}]}]}]}, {"name": "box175", "top": 2075.550048828125, "left": 601.5, "height": 252.85, "width": 220, "children": [{"name": "box176", "top": 2076.550048828125, "left": 602.5, "height": 43.85, "width": 218, "children": [{"name": "box177", "top": 2086.550048828125, "left": 617.5, "height": 22.85, "width": 188, "children": [{"name": "box178", "top": 2088.466552734375, "left": 617.5, "height": 19, "width": 108, "children": []}]}]}, {"name": "box180", "top": 2120.39990234375, "left": 602.5, "height": 207, "width": 218, "children": [{"name": "box182", "top": 2120.39990234375, "left": 602.5, "height": 36.5, "width": 218, "children": [{"name": "box183", "top": 2128.39990234375, "left": 726.2833251953125, "height": 20, "width": 86.2167, "children": [{"name": "box184", "top": 2132.14990234375, "left": 726.2833251953125, "height": 15, "width": 86, "children": []}]}]}, {"name": "box186", "top": 2156.89990234375, "left": 602.5, "height": 57, "width": 218, "children": [{"name": "box187", "top": 2185.39990234375, "left": 726.2833251953125, "height": 20, "width": 86.2167, "children": [{"name": "box188", "top": 2189.14990234375, "left": 726.2833251953125, "height": 15, "width": 86, "children": []}]}]}, {"name": "box190", "top": 2213.89990234375, "left": 602.5, "height": 57, "width": 218, "children": [{"name": "box191", "top": 2242.39990234375, "left": 726.2833251953125, "height": 20, "width": 86.2167, "children": [{"name": "box192", "top": 2246.14990234375, "left": 726.2833251953125, "height": 15, "width": 86, "children": []}]}]}, {"name": "box194", "top": 2270.89990234375, "left": 602.5, "height": 56.5, "width": 218, "children": [{"name": "box195", "top": 2299.39990234375, "left": 726.2833251953125, "height": 20, "width": 86.2167, "children": [{"name": "box196", "top": 2303.14990234375, "left": 726.2833251953125, "height": 15, "width": 86, "children": []}]}]}]}]}, {"name": "box175", "top": 2075.550048828125, "left": 596, "height": 252.85, "width": 220, "children": [{"name": "box176", "top": 2076.550048828125, "left": 597, "height": 43.85, "width": 218, "children": [{"name": "box177", "top": 2086.550048828125, "left": 612, "height": 22.85, "width": 188, "children": [{"name": "box178", "top": 2088.466552734375, "left": 612, "height": 19, "width": 108, "children": []}]}]}, {"name": "box180", "top": 2120.39990234375, "left": 597, "height": 207, "width": 218, "children": [{"name": "box182", "top": 2120.39990234375, "left": 597, "height": 36.5, "width": 218, "children": [{"name": "box183", "top": 2128.39990234375, "left": 720.7833251953125, "height": 20, "width": 86.2167, "children": [{"name": "box184", "top": 2132.14990234375, "left": 720.7833251953125, "height": 15, "width": 86, "children": []}]}]}, {"name": "box186", "top": 2156.89990234375, "left": 597, "height": 57, "width": 218, "children": [{"name": "box187", "top": 2185.39990234375, "left": 720.7833251953125, "height": 20, "width": 86.2167, "children": [{"name": "box188", "top": 2189.14990234375, "left": 720.7833251953125, "height": 15, "width": 86, "children": []}]}]}, {"name": "box190", "top": 2213.89990234375, "left": 597, "height": 57, "width": 218, "children": [{"name": "box191", "top": 2242.39990234375, "left": 720.7833251953125, "height": 20, "width": 86.2167, "children": [{"name": "box192", "top": 2246.14990234375, "left": 720.7833251953125, "height": 15, "width": 86, "children": []}]}]}, {"name": "box194", "top": 2270.89990234375, "left": 597, "height": 56.5, "width": 218, "children": [{"name": "box195", "top": 2299.39990234375, "left": 720.7833251953125, "height": 20, "width": 86.2167, "children": [{"name": "box196", "top": 2303.14990234375, "left": 720.7833251953125, "height": 15, "width": 86, "children": []}]}]}]}]}, {"name": "box175", "top": 2075.550048828125, "left": 553.5, "height": 252.85, "width": 220, "children": [{"name": "box176", "top": 2076.550048828125, "left": 554.5, "height": 43.85, "width": 218, "children": [{"name": "box177", "top": 2086.550048828125, "left": 569.5, "height": 22.85, "width": 188, "children": [{"name": "box178", "top": 2088.466552734375, "left": 569.5, "height": 19, "width": 108, "children": []}]}]}, {"name": "box180", "top": 2120.39990234375, "left": 554.5, "height": 207, "width": 218, "children": [{"name": "box182", "top": 2120.39990234375, "left": 554.5, "height": 36.5, "width": 218, "children": [{"name": "box183", "top": 2128.39990234375, "left": 678.2833251953125, "height": 20, "width": 86.2167, "children": [{"name": "box184", "top": 2132.14990234375, "left": 678.2833251953125, "height": 15, "width": 86, "children": []}]}]}, {"name": "box186", "top": 2156.89990234375, "left": 554.5, "height": 57, "width": 218, "children": [{"name": "box187", "top": 2185.39990234375, "left": 678.2833251953125, "height": 20, "width": 86.2167, "children": [{"name": "box188", "top": 2189.14990234375, "left": 678.2833251953125, "height": 15, "width": 86, "children": []}]}]}, {"name": "box190", "top": 2213.89990234375, "left": 554.5, "height": 57, "width": 218, "children": [{"name": "box191", "top": 2242.39990234375, "left": 678.2833251953125, "height": 20, "width": 86.2167, "children": [{"name": "box192", "top": 2246.14990234375, "left": 678.2833251953125, "height": 15, "width": 86, "children": []}]}]}, {"name": "box194", "top": 2270.89990234375, "left": 554.5, "height": 56.5, "width": 218, "children": [{"name": "box195", "top": 2299.39990234375, "left": 678.2833251953125, "height": 20, "width": 86.2167, "children": [{"name": "box196", "top": 2303.14990234375, "left": 678.2833251953125, "height": 15, "width": 86, "children": []}]}]}]}]}, {"name": "box175", "top": 2075.550048828125, "left": 613, "height": 252.85, "width": 220, "children": [{"name": "box176", "top": 2076.550048828125, "left": 614, "height": 43.85, "width": 218, "children": [{"name": "box177", "top": 2086.550048828125, "left": 629, "height": 22.85, "width": 188, "children": [{"name": "box178", "top": 2088.466552734375, "left": 629, "height": 19, "width": 108, "children": []}]}]}, {"name": "box180", "top": 2120.39990234375, "left": 614, "height": 207, "width": 218, "children": [{"name": "box182", "top": 2120.39990234375, "left": 614, "height": 36.5, "width": 218, "children": [{"name": "box183", "top": 2128.39990234375, "left": 737.7833251953125, "height": 20, "width": 86.2167, "children": [{"name": "box184", "top": 2132.14990234375, "left": 737.7833251953125, "height": 15, "width": 86, "children": []}]}]}, {"name": "box186", "top": 2156.89990234375, "left": 614, "height": 57, "width": 218, "children": [{"name": "box187", "top": 2185.39990234375, "left": 737.7833251953125, "height": 20, "width": 86.2167, "children": [{"name": "box188", "top": 2189.14990234375, "left": 737.7833251953125, "height": 15, "width": 86, "children": []}]}]}, {"name": "box190", "top": 2213.89990234375, "left": 614, "height": 57, "width": 218, "children": [{"name": "box191", "top": 2242.39990234375, "left": 737.7833251953125, "height": 20, "width": 86.2167, "children": [{"name": "box192", "top": 2246.14990234375, "left": 737.7833251953125, "height": 15, "width": 86, "children": []}]}]}, {"name": "box194", "top": 2270.89990234375, "left": 614, "height": 56.5, "width": 218, "children": [{"name": "box195", "top": 2299.39990234375, "left": 737.7833251953125, "height": 20, "width": 86.2167, "children": [{"name": "box196", "top": 2303.14990234375, "left": 737.7833251953125, "height": 15, "width": 86, "children": []}]}]}]}]}], "test": [{"name": "box175", "top": 2075.550048828125, "left": 576.5, "height": 252.85, "width": 220, "children": [{"name": "box176", "top": 2076.550048828125, "left": 577.5, "height": 43.85, "width": 218, "children": [{"name": "box177", "top": 2086.550048828125, "left": 592.5, "height": 22.85, "width": 188, "children": [{"name": "box178", "top": 2088.466552734375, "left": 592.5, "height": 19, "width": 108, "children": []}]}]}, {"name": "box180", "top": 2120.39990234375, "left": 577.5, "height": 207, "width": 218, "children": [{"name": "box182", "top": 2120.39990234375, "left": 577.5, "height": 36.5, "width": 218, "children": [{"name": "box183", "top": 2128.39990234375, "left": 701.2833251953125, "height": 20, "width": 86.2167, "children": [{"name": "box184", "top": 2132.14990234375, "left": 701.2833251953125, "height": 15, "width": 86, "children": []}]}]}, {"name": "box186", "top": 2156.89990234375, "left": 577.5, "height": 57, "width": 218, "children": [{"name": "box187", "top": 2185.39990234375, "left": 701.2833251953125, "height": 20, "width": 86.2167, "children": [{"name": "box188", "top": 2189.14990234375, "left": 701.2833251953125, "height": 15, "width": 86, "children": []}]}]}, {"name": "box190", "top": 2213.89990234375, "left": 577.5, "height": 57, "width": 218, "children": [{"name": "box191", "top": 2242.39990234375, "left": 701.2833251953125, "height": 20, "width": 86.2167, "children": [{"name": "box192", "top": 2246.14990234375, "left": 701.2833251953125, "height": 15, "width": 86, "children": []}]}]}, {"name": "box194", "top": 2270.89990234375, "left": 577.5, "height": 56.5, "width": 218, "children": [{"name": "box195", "top": 2299.39990234375, "left": 701.2833251953125, "height": 20, "width": 86.2167, "children": [{"name": "box196", "top": 2303.14990234375, "left": 701.2833251953125, "height": 15, "width": 86, "children": []}]}]}]}]}, {"name": "box175", "top": 2075.550048828125, "left": 547.5, "height": 252.85, "width": 220, "children": [{"name": "box176", "top": 2076.550048828125, "left": 548.5, "height": 43.85, "width": 218, "children": [{"name": "box177", "top": 2086.550048828125, "left": 563.5, "height": 22.85, "width": 188, "children": [{"name": "box178", "top": 2088.466552734375, "left": 563.5, "height": 19, "width": 108, "children": []}]}]}, {"name": "box180", "top": 2120.39990234375, "left": 548.5, "height": 207, "width": 218, "children": [{"name": "box182", "top": 2120.39990234375, "left": 548.5, "height": 36.5, "width": 218, "children": [{"name": "box183", "top": 2128.39990234375, "left": 672.2833251953125, "height": 20, "width": 86.2167, "children": [{"name": "box184", "top": 2132.14990234375, "left": 672.2833251953125, "height": 15, "width": 86, "children": []}]}]}, {"name": "box186", "top": 2156.89990234375, "left": 548.5, "height": 57, "width": 218, "children": [{"name": "box187", "top": 2185.39990234375, "left": 672.2833251953125, "height": 20, "width": 86.2167, "children": [{"name": "box188", "top": 2189.14990234375, "left": 672.2833251953125, "height": 15, "width": 86, "children": []}]}]}, {"name": "box190", "top": 2213.89990234375, "left": 548.5, "height": 57, "width": 218, "children": [{"name": "box191", "top": 2242.39990234375, "left": 672.2833251953125, "height": 20, "width": 86.2167, "children": [{"name": "box192", "top": 2246.14990234375, "left": 672.2833251953125, "height": 15, "width": 86, "children": []}]}]}, {"name": "box194", "top": 2270.89990234375, "left": 548.5, "height": 56.5, "width": 218, "children": [{"name": "box195", "top": 2299.39990234375, "left": 672.2833251953125, "height": 20, "width": 86.2167, "children": [{"name": "box196", "top": 2303.14990234375, "left": 672.2833251953125, "height": 15, "width": 86, "children": []}]}]}]}]}, {"name": "box175", "top": 2075.550048828125, "left": 548, "height": 252.85, "width": 220, "children": [{"name": "box176", "top": 2076.550048828125, "left": 549, "height": 43.85, "width": 218, "children": [{"name": "box177", "top": 2086.550048828125, "left": 564, "height": 22.85, "width": 188, "children": [{"name": "box178", "top": 2088.466552734375, "left": 564, "height": 19, "width": 108, "children": []}]}]}, {"name": "box180", "top": 2120.39990234375, "left": 549, "height": 207, "width": 218, "children": [{"name": "box182", "top": 2120.39990234375, "left": 549, "height": 36.5, "width": 218, "children": [{"name": "box183", "top": 2128.39990234375, "left": 672.7833251953125, "height": 20, "width": 86.2167, "children": [{"name": "box184", "top": 2132.14990234375, "left": 672.7833251953125, "height": 15, "width": 86, "children": []}]}]}, {"name": "box186", "top": 2156.89990234375, "left": 549, "height": 57, "width": 218, "children": [{"name": "box187", "top": 2185.39990234375, "left": 672.7833251953125, "height": 20, "width": 86.2167, "children": [{"name": "box188", "top": 2189.14990234375, "left": 672.7833251953125, "height": 15, "width": 86, "children": []}]}]}, {"name": "box190", "top": 2213.89990234375, "left": 549, "height": 57, "width": 218, "children": [{"name": "box191", "top": 2242.39990234375, "left": 672.7833251953125, "height": 20, "width": 86.2167, "children": [{"name": "box192", "top": 2246.14990234375, "left": 672.7833251953125, "height": 15, "width": 86, "children": []}]}]}, {"name": "box194", "top": 2270.89990234375, "left": 549, "height": 56.5, "width": 218, "children": [{"name": "box195", "top": 2299.39990234375, "left": 672.7833251953125, "height": 20, "width": 86.2167, "children": [{"name": "box196", "top": 2303.14990234375, "left": 672.7833251953125, "height": 15, "width": 86, "children": []}]}]}]}]}, {"name": "box175", "top": 2075.550048828125, "left": 547, "height": 252.85, "width": 220, "children": [{"name": "box176", "top": 2076.550048828125, "left": 548, "height": 43.85, "width": 218, "children": [{"name": "box177", "top": 2086.550048828125, "left": 563, "height": 22.85, "width": 188, "children": [{"name": "box178", "top": 2088.466552734375, "left": 563, "height": 19, "width": 108, "children": []}]}]}, {"name": "box180", "top": 2120.39990234375, "left": 548, "height": 207, "width": 218, "children": [{"name": "box182", "top": 2120.39990234375, "left": 548, "height": 36.5, "width": 218, "children": [{"name": "box183", "top": 2128.39990234375, "left": 671.7833251953125, "height": 20, "width": 86.2167, "children": [{"name": "box184", "top": 2132.14990234375, "left": 671.7833251953125, "height": 15, "width": 86, "children": []}]}]}, {"name": "box186", "top": 2156.89990234375, "left": 548, "height": 57, "width": 218, "children": [{"name": "box187", "top": 2185.39990234375, "left": 671.7833251953125, "height": 20, "width": 86.2167, "children": [{"name": "box188", "top": 2189.14990234375, "left": 671.7833251953125, "height": 15, "width": 86, "children": []}]}]}, {"name": "box190", "top": 2213.89990234375, "left": 548, "height": 57, "width": 218, "children": [{"name": "box191", "top": 2242.39990234375, "left": 671.7833251953125, "height": 20, "width": 86.2167, "children": [{"name": "box192", "top": 2246.14990234375, "left": 671.7833251953125, "height": 15, "width": 86, "children": []}]}]}, {"name": "box194", "top": 2270.89990234375, "left": 548, "height": 56.5, "width": 218, "children": [{"name": "box195", "top": 2299.39990234375, "left": 671.7833251953125, "height": 20, "width": 86.2167, "children": [{"name": "box196", "top": 2303.14990234375, "left": 671.7833251953125, "height": 15, "width": 86, "children": []}]}]}]}]}, {"name": "box175", "top": 2075.550048828125, "left": 602.5, "height": 252.85, "width": 220, "children": [{"name": "box176", "top": 2076.550048828125, "left": 603.5, "height": 43.85, "width": 218, "children": [{"name": "box177", "top": 2086.550048828125, "left": 618.5, "height": 22.85, "width": 188, "children": [{"name": "box178", "top": 2088.466552734375, "left": 618.5, "height": 19, "width": 108, "children": []}]}]}, {"name": "box180", "top": 2120.39990234375, "left": 603.5, "height": 207, "width": 218, "children": [{"name": "box182", "top": 2120.39990234375, "left": 603.5, "height": 36.5, "width": 218, "children": [{"name": "box183", "top": 2128.39990234375, "left": 727.2833251953125, "height": 20, "width": 86.2167, "children": [{"name": "box184", "top": 2132.14990234375, "left": 727.2833251953125, "height": 15, "width": 86, "children": []}]}]}, {"name": "box186", "top": 2156.89990234375, "left": 603.5, "height": 57, "width": 218, "children": [{"name": "box187", "top": 2185.39990234375, "left": 727.2833251953125, "height": 20, "width": 86.2167, "children": [{"name": "box188", "top": 2189.14990234375, "left": 727.2833251953125, "height": 15, "width": 86, "children": []}]}]}, {"name": "box190", "top": 2213.89990234375, "left": 603.5, "height": 57, "width": 218, "children": [{"name": "box191", "top": 2242.39990234375, "left": 727.2833251953125, "height": 20, "width": 86.2167, "children": [{"name": "box192", "top": 2246.14990234375, "left": 727.2833251953125, "height": 15, "width": 86, "children": []}]}]}, {"name": "box194", "top": 2270.89990234375, "left": 603.5, "height": 56.5, "width": 218, "children": [{"name": "box195", "top": 2299.39990234375, "left": 727.2833251953125, "height": 20, "width": 86.2167, "children": [{"name": "box196", "top": 2303.14990234375, "left": 727.2833251953125, "height": 15, "width": 86, "children": []}]}]}]}]}, {"name": "box175", "top": 2075.550048828125, "left": 595.5, "height": 252.85, "width": 220, "children": [{"name": "box176", "top": 2076.550048828125, "left": 596.5, "height": 43.85, "width": 218, "children": [{"name": "box177", "top": 2086.550048828125, "left": 611.5, "height": 22.85, "width": 188, "children": [{"name": "box178", "top": 2088.466552734375, "left": 611.5, "height": 19, "width": 108, "children": []}]}]}, {"name": "box180", "top": 2120.39990234375, "left": 596.5, "height": 207, "width": 218, "children": [{"name": "box182", "top": 2120.39990234375, "left": 596.5, "height": 36.5, "width": 218, "children": [{"name": "box183", "top": 2128.39990234375, "left": 720.2833251953125, "height": 20, "width": 86.2167, "children": [{"name": "box184", "top": 2132.14990234375, "left": 720.2833251953125, "height": 15, "width": 86, "children": []}]}]}, {"name": "box186", "top": 2156.89990234375, "left": 596.5, "height": 57, "width": 218, "children": [{"name": "box187", "top": 2185.39990234375, "left": 720.2833251953125, "height": 20, "width": 86.2167, "children": [{"name": "box188", "top": 2189.14990234375, "left": 720.2833251953125, "height": 15, "width": 86, "children": []}]}]}, {"name": "box190", "top": 2213.89990234375, "left": 596.5, "height": 57, "width": 218, "children": [{"name": "box191", "top": 2242.39990234375, "left": 720.2833251953125, "height": 20, "width": 86.2167, "children": [{"name": "box192", "top": 2246.14990234375, "left": 720.2833251953125, "height": 15, "width": 86, "children": []}]}]}, {"name": "box194", "top": 2270.89990234375, "left": 596.5, "height": 56.5, "width": 218, "children": [{"name": "box195", "top": 2299.39990234375, "left": 720.2833251953125, "height": 20, "width": 86.2167, "children": [{"name": "box196", "top": 2303.14990234375, "left": 720.2833251953125, "height": 15, "width": 86, "children": []}]}]}]}]}, {"name": "box175", "top": 2075.550048828125, "left": 609, "height": 252.85, "width": 220, "children": [{"name": "box176", "top": 2076.550048828125, "left": 610, "height": 43.85, "width": 218, "children": [{"name": "box177", "top": 2086.550048828125, "left": 625, "height": 22.85, "width": 188, "children": [{"name": "box178", "top": 2088.466552734375, "left": 625, "height": 19, "width": 108, "children": []}]}]}, {"name": "box180", "top": 2120.39990234375, "left": 610, "height": 207, "width": 218, "children": [{"name": "box182", "top": 2120.39990234375, "left": 610, "height": 36.5, "width": 218, "children": [{"name": "box183", "top": 2128.39990234375, "left": 733.7833251953125, "height": 20, "width": 86.2167, "children": [{"name": "box184", "top": 2132.14990234375, "left": 733.7833251953125, "height": 15, "width": 86, "children": []}]}]}, {"name": "box186", "top": 2156.89990234375, "left": 610, "height": 57, "width": 218, "children": [{"name": "box187", "top": 2185.39990234375, "left": 733.7833251953125, "height": 20, "width": 86.2167, "children": [{"name": "box188", "top": 2189.14990234375, "left": 733.7833251953125, "height": 15, "width": 86, "children": []}]}]}, {"name": "box190", "top": 2213.89990234375, "left": 610, "height": 57, "width": 218, "children": [{"name": "box191", "top": 2242.39990234375, "left": 733.7833251953125, "height": 20, "width": 86.2167, "children": [{"name": "box192", "top": 2246.14990234375, "left": 733.7833251953125, "height": 15, "width": 86, "children": []}]}]}, {"name": "box194", "top": 2270.89990234375, "left": 610, "height": 56.5, "width": 218, "children": [{"name": "box195", "top": 2299.39990234375, "left": 733.7833251953125, "height": 20, "width": 86.2167, "children": [{"name": "box196", "top": 2303.14990234375, "left": 733.7833251953125, "height": 15, "width": 86, "children": []}]}]}]}]}, {"name": "box175", "top": 2075.550048828125, "left": 576, "height": 252.85, "width": 220, "children": [{"name": "box176", "top": 2076.550048828125, "left": 577, "height": 43.85, "width": 218, "children": [{"name": "box177", "top": 2086.550048828125, "left": 592, "height": 22.85, "width": 188, "children": [{"name": "box178", "top": 2088.466552734375, "left": 592, "height": 19, "width": 108, "children": []}]}]}, {"name": "box180", "top": 2120.39990234375, "left": 577, "height": 207, "width": 218, "children": [{"name": "box182", "top": 2120.39990234375, "left": 577, "height": 36.5, "width": 218, "children": [{"name": "box183", "top": 2128.39990234375, "left": 700.7833251953125, "height": 20, "width": 86.2167, "children": [{"name": "box184", "top": 2132.14990234375, "left": 700.7833251953125, "height": 15, "width": 86, "children": []}]}]}, {"name": "box186", "top": 2156.89990234375, "left": 577, "height": 57, "width": 218, "children": [{"name": "box187", "top": 2185.39990234375, "left": 700.7833251953125, "height": 20, "width": 86.2167, "children": [{"name": "box188", "top": 2189.14990234375, "left": 700.7833251953125, "height": 15, "width": 86, "children": []}]}]}, {"name": "box190", "top": 2213.89990234375, "left": 577, "height": 57, "width": 218, "children": [{"name": "box191", "top": 2242.39990234375, "left": 700.7833251953125, "height": 20, "width": 86.2167, "children": [{"name": "box192", "top": 2246.14990234375, "left": 700.7833251953125, "height": 15, "width": 86, "children": []}]}]}, {"name": "box194", "top": 2270.89990234375, "left": 577, "height": 56.5, "width": 218, "children": [{"name": "box195", "top": 2299.39990234375, "left": 700.7833251953125, "height": 20, "width": 86.2167, "children": [{"name": "box196", "top": 2303.14990234375, "left": 700.7833251953125, "height": 15, "width": 86, "children": []}]}]}]}]}, {"name": "box175", "top": 2075.550048828125, "left": 612, "height": 252.85, "width": 220, "children": [{"name": "box176", "top": 2076.550048828125, "left": 613, "height": 43.85, "width": 218, "children": [{"name": "box177", "top": 2086.550048828125, "left": 628, "height": 22.85, "width": 188, "children": [{"name": "box178", "top": 2088.466552734375, "left": 628, "height": 19, "width": 108, "children": []}]}]}, {"name": "box180", "top": 2120.39990234375, "left": 613, "height": 207, "width": 218, "children": [{"name": "box182", "top": 2120.39990234375, "left": 613, "height": 36.5, "width": 218, "children": [{"name": "box183", "top": 2128.39990234375, "left": 736.7833251953125, "height": 20, "width": 86.2167, "children": [{"name": "box184", "top": 2132.14990234375, "left": 736.7833251953125, "height": 15, "width": 86, "children": []}]}]}, {"name": "box186", "top": 2156.89990234375, "left": 613, "height": 57, "width": 218, "children": [{"name": "box187", "top": 2185.39990234375, "left": 736.7833251953125, "height": 20, "width": 86.2167, "children": [{"name": "box188", "top": 2189.14990234375, "left": 736.7833251953125, "height": 15, "width": 86, "children": []}]}]}, {"name": "box190", "top": 2213.89990234375, "left": 613, "height": 57, "width": 218, "children": [{"name": "box191", "top": 2242.39990234375, "left": 736.7833251953125, "height": 20, "width": 86.2167, "children": [{"name": "box192", "top": 2246.14990234375, "left": 736.7833251953125, "height": 15, "width": 86, "children": []}]}]}, {"name": "box194", "top": 2270.89990234375, "left": 613, "height": 56.5, "width": 218, "children": [{"name": "box195", "top": 2299.39990234375, "left": 736.7833251953125, "height": 20, "width": 86.2167, "children": [{"name": "box196", "top": 2303.14990234375, "left": 736.7833251953125, "height": 15, "width": 86, "children": []}]}]}]}]}, {"name": "box175", "top": 2075.550048828125, "left": 587.5, "height": 252.85, "width": 220, "children": [{"name": "box176", "top": 2076.550048828125, "left": 588.5, "height": 43.85, "width": 218, "children": [{"name": "box177", "top": 2086.550048828125, "left": 603.5, "height": 22.85, "width": 188, "children": [{"name": "box178", "top": 2088.466552734375, "left": 603.5, "height": 19, "width": 108, "children": []}]}]}, {"name": "box180", "top": 2120.39990234375, "left": 588.5, "height": 207, "width": 218, "children": [{"name": "box182", "top": 2120.39990234375, "left": 588.5, "height": 36.5, "width": 218, "children": [{"name": "box183", "top": 2128.39990234375, "left": 712.2833251953125, "height": 20, "width": 86.2167, "children": [{"name": "box184", "top": 2132.14990234375, "left": 712.2833251953125, "height": 15, "width": 86, "children": []}]}]}, {"name": "box186", "top": 2156.89990234375, "left": 588.5, "height": 57, "width": 218, "children": [{"name": "box187", "top": 2185.39990234375, "left": 712.2833251953125, "height": 20, "width": 86.2167, "children": [{"name": "box188", "top": 2189.14990234375, "left": 712.2833251953125, "height": 15, "width": 86, "children": []}]}]}, {"name": "box190", "top": 2213.89990234375, "left": 588.5, "height": 57, "width": 218, "children": [{"name": "box191", "top": 2242.39990234375, "left": 712.2833251953125, "height": 20, "width": 86.2167, "children": [{"name": "box192", "top": 2246.14990234375, "left": 712.2833251953125, "height": 15, "width": 86, "children": []}]}]}, {"name": "box194", "top": 2270.89990234375, "left": 588.5, "height": 56.5, "width": 218, "children": [{"name": "box195", "top": 2299.39990234375, "left": 712.2833251953125, "height": 20, "width": 86.2167, "children": [{"name": "box196", "top": 2303.14990234375, "left": 712.2833251953125, "height": 15, "width": 86, "children": []}]}]}]}]}]}