{"name": "icse-logo", "bench": {"height": {"low": 138, "high": 138}, "width": {"low": 802, "high": 949}, "trainSeed": 235775, "testSeed": 17250987, "testSize": 10, "trainSize": 10}, "train": [{"name": "box0", "top": 0, "left": 0, "height": 138, "width": 823, "children": [{"name": "box1", "top": 0, "left": 36.5, "height": 138, "width": 750, "children": [{"name": "box2", "top": -12, "left": 51.5, "height": 150, "width": 720, "children": []}]}]}, {"name": "box0", "top": 0, "left": 0, "height": 138, "width": 917, "children": [{"name": "box1", "top": 0, "left": 83.5, "height": 138, "width": 750, "children": [{"name": "box2", "top": -12, "left": 98.5, "height": 150, "width": 720, "children": []}]}]}, {"name": "box0", "top": 0, "left": 0, "height": 138, "width": 949, "children": [{"name": "box1", "top": 0, "left": 99.5, "height": 138, "width": 750, "children": [{"name": "box2", "top": -12, "left": 114.5, "height": 150, "width": 720, "children": []}]}]}, {"name": "box0", "top": 0, "left": 0, "height": 138, "width": 923, "children": [{"name": "box1", "top": 0, "left": 86.5, "height": 138, "width": 750, "children": [{"name": "box2", "top": -12, "left": 101.5, "height": 150, "width": 720, "children": []}]}]}, {"name": "box0", "top": 0, "left": 0, "height": 138, "width": 887, "children": [{"name": "box1", "top": 0, "left": 68.5, "height": 138, "width": 750, "children": [{"name": "box2", "top": -12, "left": 83.5, "height": 150, "width": 720, "children": []}]}]}, {"name": "box0", "top": 0, "left": 0, "height": 138, "width": 802, "children": [{"name": "box1", "top": 0, "left": 26, "height": 138, "width": 750, "children": [{"name": "box2", "top": -12, "left": 41, "height": 150, "width": 720, "children": []}]}]}, {"name": "box0", "top": 0, "left": 0, "height": 138, "width": 923, "children": [{"name": "box1", "top": 0, "left": 86.5, "height": 138, "width": 750, "children": [{"name": "box2", "top": -12, "left": 101.5, "height": 150, "width": 720, "children": []}]}]}, {"name": "box0", "top": 0, "left": 0, "height": 138, "width": 912, "children": [{"name": "box1", "top": 0, "left": 81, "height": 138, "width": 750, "children": [{"name": "box2", "top": -12, "left": 96, "height": 150, "width": 720, "children": []}]}]}, {"name": "box0", "top": 0, "left": 0, "height": 138, "width": 827, "children": [{"name": "box1", "top": 0, "left": 38.5, "height": 138, "width": 750, "children": [{"name": "box2", "top": -12, "left": 53.5, "height": 150, "width": 720, "children": []}]}]}, {"name": "box0", "top": 0, "left": 0, "height": 138, "width": 946, "children": [{"name": "box1", "top": 0, "left": 98, "height": 138, "width": 750, "children": [{"name": "box2", "top": -12, "left": 113, "height": 150, "width": 720, "children": []}]}]}], "test": [{"name": "box0", "top": 0, "left": 0, "height": 138, "width": 873, "children": [{"name": "box1", "top": 0, "left": 61.5, "height": 138, "width": 750, "children": [{"name": "box2", "top": -12, "left": 76.5, "height": 150, "width": 720, "children": []}]}]}, {"name": "box0", "top": 0, "left": 0, "height": 138, "width": 815, "children": [{"name": "box1", "top": 0, "left": 32.5, "height": 138, "width": 750, "children": [{"name": "box2", "top": -12, "left": 47.5, "height": 150, "width": 720, "children": []}]}]}, {"name": "box0", "top": 0, "left": 0, "height": 138, "width": 816, "children": [{"name": "box1", "top": 0, "left": 33, "height": 138, "width": 750, "children": [{"name": "box2", "top": -12, "left": 48, "height": 150, "width": 720, "children": []}]}]}, {"name": "box0", "top": 0, "left": 0, "height": 138, "width": 814, "children": [{"name": "box1", "top": 0, "left": 32, "height": 138, "width": 750, "children": [{"name": "box2", "top": -12, "left": 47, "height": 150, "width": 720, "children": []}]}]}, {"name": "box0", "top": 0, "left": 0, "height": 138, "width": 925, "children": [{"name": "box1", "top": 0, "left": 87.5, "height": 138, "width": 750, "children": [{"name": "box2", "top": -12, "left": 102.5, "height": 150, "width": 720, "children": []}]}]}, {"name": "box0", "top": 0, "left": 0, "height": 138, "width": 911, "children": [{"name": "box1", "top": 0, "left": 80.5, "height": 138, "width": 750, "children": [{"name": "box2", "top": -12, "left": 95.5, "height": 150, "width": 720, "children": []}]}]}, {"name": "box0", "top": 0, "left": 0, "height": 138, "width": 938, "children": [{"name": "box1", "top": 0, "left": 94, "height": 138, "width": 750, "children": [{"name": "box2", "top": -12, "left": 109, "height": 150, "width": 720, "children": []}]}]}, {"name": "box0", "top": 0, "left": 0, "height": 138, "width": 872, "children": [{"name": "box1", "top": 0, "left": 61, "height": 138, "width": 750, "children": [{"name": "box2", "top": -12, "left": 76, "height": 150, "width": 720, "children": []}]}]}, {"name": "box0", "top": 0, "left": 0, "height": 138, "width": 944, "children": [{"name": "box1", "top": 0, "left": 97, "height": 138, "width": 750, "children": [{"name": "box2", "top": -12, "left": 112, "height": 150, "width": 720, "children": []}]}]}, {"name": "box0", "top": 0, "left": 0, "height": 138, "width": 895, "children": [{"name": "box1", "top": 0, "left": 72.5, "height": 138, "width": 750, "children": [{"name": "box2", "top": -12, "left": 87.5, "height": 150, "width": 720, "children": []}]}]}]}