{"name": "icse-navigation", "bench": {"height": {"low": 100, "high": 100}, "width": {"low": 720, "high": 720}, "trainSeed": 235775, "testSeed": 17250987, "testSize": 10, "trainSize": 10}, "train": [{"name": "navigationbar", "top": 139, "left": 51.5, "height": 100, "width": 720, "children": [{"name": "box5", "top": 139, "left": 66.5, "height": 50, "width": 643.333, "children": [{"name": "box7", "top": 139, "left": 66.5, "height": 50, "width": 108.733, "children": [{"name": "box8", "top": 163.63333129882812, "left": 152.23333740234375, "height": 4, "width": 8, "children": []}]}, {"name": "box10", "top": 139, "left": 175.23333740234375, "height": 50, "width": 104.317, "children": [{"name": "box11", "top": 163.63333129882812, "left": 256.54998779296875, "height": 4, "width": 8, "children": []}]}, {"name": "box13", "top": 139, "left": 279.54998779296875, "height": 50, "width": 122.967, "children": [{"name": "box14", "top": 163.63333129882812, "left": 379.51666259765625, "height": 4, "width": 8, "children": []}]}, {"name": "box15", "top": 139, "left": 402.51666259765625, "height": 50, "width": 84.6167, "children": [{"name": "box16", "top": 163.63333129882812, "left": 464.1333312988281, "height": 4, "width": 8, "children": []}]}, {"name": "box18", "top": 139, "left": 487.1333312988281, "height": 50, "width": 122.8, "children": [{"name": "box19", "top": 163.63333129882812, "left": 586.933349609375, "height": 4, "width": 8, "children": []}]}, {"name": "box21", "top": 139, "left": 609.933349609375, "height": 50, "width": 43, "children": [{"name": "box22", "top": 159.75, "left": 624.933349609375, "height": 14, "width": 13, "children": []}]}, {"name": "box24", "top": 139, "left": 652.933349609375, "height": 50, "width": 56.9, "children": [{"name": "box25", "top": 154, "left": 667.933349609375, "height": 20, "width": 26.9, "children": [{"name": "box26", "top": 159.75, "left": 667.933349609375, "height": 14, "width": 13, "children": []}, {"name": "box27", "top": 163.63333129882812, "left": 686.8333129882812, "height": 4, "width": 8, "children": []}]}]}]}, {"name": "box31", "top": 189, "left": 701.5, "height": 50, "width": 70, "children": [{"name": "box32", "top": 195.63333129882812, "left": 716.5, "height": 40, "width": 40, "children": []}]}]}, {"name": "navigationbar", "top": 139, "left": 98.5, "height": 100, "width": 720, "children": [{"name": "box5", "top": 139, "left": 113.5, "height": 50, "width": 643.333, "children": [{"name": "box7", "top": 139, "left": 113.5, "height": 50, "width": 108.733, "children": [{"name": "box8", "top": 163.63333129882812, "left": 199.23333740234375, "height": 4, "width": 8, "children": []}]}, {"name": "box10", "top": 139, "left": 222.23333740234375, "height": 50, "width": 104.317, "children": [{"name": "box11", "top": 163.63333129882812, "left": 303.54998779296875, "height": 4, "width": 8, "children": []}]}, {"name": "box13", "top": 139, "left": 326.54998779296875, "height": 50, "width": 122.967, "children": [{"name": "box14", "top": 163.63333129882812, "left": 426.51666259765625, "height": 4, "width": 8, "children": []}]}, {"name": "box15", "top": 139, "left": 449.51666259765625, "height": 50, "width": 84.6167, "children": [{"name": "box16", "top": 163.63333129882812, "left": 511.1333312988281, "height": 4, "width": 8, "children": []}]}, {"name": "box18", "top": 139, "left": 534.13330078125, "height": 50, "width": 122.8, "children": [{"name": "box19", "top": 163.63333129882812, "left": 633.933349609375, "height": 4, "width": 8, "children": []}]}, {"name": "box21", "top": 139, "left": 656.933349609375, "height": 50, "width": 43, "children": [{"name": "box22", "top": 159.75, "left": 671.933349609375, "height": 14, "width": 13, "children": []}]}, {"name": "box24", "top": 139, "left": 699.933349609375, "height": 50, "width": 56.9, "children": [{"name": "box25", "top": 154, "left": 714.933349609375, "height": 20, "width": 26.9, "children": [{"name": "box26", "top": 159.75, "left": 714.933349609375, "height": 14, "width": 13, "children": []}, {"name": "box27", "top": 163.63333129882812, "left": 733.8333129882812, "height": 4, "width": 8, "children": []}]}]}]}, {"name": "box31", "top": 189, "left": 748.5, "height": 50, "width": 70, "children": [{"name": "box32", "top": 195.63333129882812, "left": 763.5, "height": 40, "width": 40, "children": []}]}]}, {"name": "navigationbar", "top": 139, "left": 114.5, "height": 100, "width": 720, "children": [{"name": "box5", "top": 139, "left": 129.5, "height": 50, "width": 643.333, "children": [{"name": "box7", "top": 139, "left": 129.5, "height": 50, "width": 108.733, "children": [{"name": "box8", "top": 163.63333129882812, "left": 215.23333740234375, "height": 4, "width": 8, "children": []}]}, {"name": "box10", "top": 139, "left": 238.23333740234375, "height": 50, "width": 104.317, "children": [{"name": "box11", "top": 163.63333129882812, "left": 319.54998779296875, "height": 4, "width": 8, "children": []}]}, {"name": "box13", "top": 139, "left": 342.54998779296875, "height": 50, "width": 122.967, "children": [{"name": "box14", "top": 163.63333129882812, "left": 442.51666259765625, "height": 4, "width": 8, "children": []}]}, {"name": "box15", "top": 139, "left": 465.51666259765625, "height": 50, "width": 84.6167, "children": [{"name": "box16", "top": 163.63333129882812, "left": 527.13330078125, "height": 4, "width": 8, "children": []}]}, {"name": "box18", "top": 139, "left": 550.13330078125, "height": 50, "width": 122.8, "children": [{"name": "box19", "top": 163.63333129882812, "left": 649.933349609375, "height": 4, "width": 8, "children": []}]}, {"name": "box21", "top": 139, "left": 672.933349609375, "height": 50, "width": 43, "children": [{"name": "box22", "top": 159.75, "left": 687.933349609375, "height": 14, "width": 13, "children": []}]}, {"name": "box24", "top": 139, "left": 715.933349609375, "height": 50, "width": 56.9, "children": [{"name": "box25", "top": 154, "left": 730.933349609375, "height": 20, "width": 26.9, "children": [{"name": "box26", "top": 159.75, "left": 730.933349609375, "height": 14, "width": 13, "children": []}, {"name": "box27", "top": 163.63333129882812, "left": 749.8333129882812, "height": 4, "width": 8, "children": []}]}]}]}, {"name": "box31", "top": 189, "left": 764.5, "height": 50, "width": 70, "children": [{"name": "box32", "top": 195.63333129882812, "left": 779.5, "height": 40, "width": 40, "children": []}]}]}, {"name": "navigationbar", "top": 139, "left": 101.5, "height": 100, "width": 720, "children": [{"name": "box5", "top": 139, "left": 116.5, "height": 50, "width": 643.333, "children": [{"name": "box7", "top": 139, "left": 116.5, "height": 50, "width": 108.733, "children": [{"name": "box8", "top": 163.63333129882812, "left": 202.23333740234375, "height": 4, "width": 8, "children": []}]}, {"name": "box10", "top": 139, "left": 225.23333740234375, "height": 50, "width": 104.317, "children": [{"name": "box11", "top": 163.63333129882812, "left": 306.54998779296875, "height": 4, "width": 8, "children": []}]}, {"name": "box13", "top": 139, "left": 329.54998779296875, "height": 50, "width": 122.967, "children": [{"name": "box14", "top": 163.63333129882812, "left": 429.51666259765625, "height": 4, "width": 8, "children": []}]}, {"name": "box15", "top": 139, "left": 452.51666259765625, "height": 50, "width": 84.6167, "children": [{"name": "box16", "top": 163.63333129882812, "left": 514.13330078125, "height": 4, "width": 8, "children": []}]}, {"name": "box18", "top": 139, "left": 537.13330078125, "height": 50, "width": 122.8, "children": [{"name": "box19", "top": 163.63333129882812, "left": 636.933349609375, "height": 4, "width": 8, "children": []}]}, {"name": "box21", "top": 139, "left": 659.933349609375, "height": 50, "width": 43, "children": [{"name": "box22", "top": 159.75, "left": 674.933349609375, "height": 14, "width": 13, "children": []}]}, {"name": "box24", "top": 139, "left": 702.933349609375, "height": 50, "width": 56.9, "children": [{"name": "box25", "top": 154, "left": 717.933349609375, "height": 20, "width": 26.9, "children": [{"name": "box26", "top": 159.75, "left": 717.933349609375, "height": 14, "width": 13, "children": []}, {"name": "box27", "top": 163.63333129882812, "left": 736.8333129882812, "height": 4, "width": 8, "children": []}]}]}]}, {"name": "box31", "top": 189, "left": 751.5, "height": 50, "width": 70, "children": [{"name": "box32", "top": 195.63333129882812, "left": 766.5, "height": 40, "width": 40, "children": []}]}]}, {"name": "navigationbar", "top": 139, "left": 83.5, "height": 100, "width": 720, "children": [{"name": "box5", "top": 139, "left": 98.5, "height": 50, "width": 643.333, "children": [{"name": "box7", "top": 139, "left": 98.5, "height": 50, "width": 108.733, "children": [{"name": "box8", "top": 163.63333129882812, "left": 184.23333740234375, "height": 4, "width": 8, "children": []}]}, {"name": "box10", "top": 139, "left": 207.23333740234375, "height": 50, "width": 104.317, "children": [{"name": "box11", "top": 163.63333129882812, "left": 288.54998779296875, "height": 4, "width": 8, "children": []}]}, {"name": "box13", "top": 139, "left": 311.54998779296875, "height": 50, "width": 122.967, "children": [{"name": "box14", "top": 163.63333129882812, "left": 411.51666259765625, "height": 4, "width": 8, "children": []}]}, {"name": "box15", "top": 139, "left": 434.51666259765625, "height": 50, "width": 84.6167, "children": [{"name": "box16", "top": 163.63333129882812, "left": 496.1333312988281, "height": 4, "width": 8, "children": []}]}, {"name": "box18", "top": 139, "left": 519.13330078125, "height": 50, "width": 122.8, "children": [{"name": "box19", "top": 163.63333129882812, "left": 618.933349609375, "height": 4, "width": 8, "children": []}]}, {"name": "box21", "top": 139, "left": 641.933349609375, "height": 50, "width": 43, "children": [{"name": "box22", "top": 159.75, "left": 656.933349609375, "height": 14, "width": 13, "children": []}]}, {"name": "box24", "top": 139, "left": 684.933349609375, "height": 50, "width": 56.9, "children": [{"name": "box25", "top": 154, "left": 699.933349609375, "height": 20, "width": 26.9, "children": [{"name": "box26", "top": 159.75, "left": 699.933349609375, "height": 14, "width": 13, "children": []}, {"name": "box27", "top": 163.63333129882812, "left": 718.8333129882812, "height": 4, "width": 8, "children": []}]}]}]}, {"name": "box31", "top": 189, "left": 733.5, "height": 50, "width": 70, "children": [{"name": "box32", "top": 195.63333129882812, "left": 748.5, "height": 40, "width": 40, "children": []}]}]}, {"name": "navigationbar", "top": 139, "left": 41, "height": 100, "width": 720, "children": [{"name": "box5", "top": 139, "left": 56, "height": 50, "width": 643.333, "children": [{"name": "box7", "top": 139, "left": 56, "height": 50, "width": 108.733, "children": [{"name": "box8", "top": 163.63333129882812, "left": 141.73333740234375, "height": 4, "width": 8, "children": []}]}, {"name": "box10", "top": 139, "left": 164.73333740234375, "height": 50, "width": 104.317, "children": [{"name": "box11", "top": 163.63333129882812, "left": 246.0500030517578, "height": 4, "width": 8, "children": []}]}, {"name": "box13", "top": 139, "left": 269.04998779296875, "height": 50, "width": 122.967, "children": [{"name": "box14", "top": 163.63333129882812, "left": 369.01666259765625, "height": 4, "width": 8, "children": []}]}, {"name": "box15", "top": 139, "left": 392.01666259765625, "height": 50, "width": 84.6167, "children": [{"name": "box16", "top": 163.63333129882812, "left": 453.6333312988281, "height": 4, "width": 8, "children": []}]}, {"name": "box18", "top": 139, "left": 476.6333312988281, "height": 50, "width": 122.8, "children": [{"name": "box19", "top": 163.63333129882812, "left": 576.433349609375, "height": 4, "width": 8, "children": []}]}, {"name": "box21", "top": 139, "left": 599.433349609375, "height": 50, "width": 43, "children": [{"name": "box22", "top": 159.75, "left": 614.433349609375, "height": 14, "width": 13, "children": []}]}, {"name": "box24", "top": 139, "left": 642.433349609375, "height": 50, "width": 56.9, "children": [{"name": "box25", "top": 154, "left": 657.433349609375, "height": 20, "width": 26.9, "children": [{"name": "box26", "top": 159.75, "left": 657.433349609375, "height": 14, "width": 13, "children": []}, {"name": "box27", "top": 163.63333129882812, "left": 676.3333129882812, "height": 4, "width": 8, "children": []}]}]}]}, {"name": "box31", "top": 189, "left": 691, "height": 50, "width": 70, "children": [{"name": "box32", "top": 195.63333129882812, "left": 706, "height": 40, "width": 40, "children": []}]}]}, {"name": "navigationbar", "top": 139, "left": 101.5, "height": 100, "width": 720, "children": [{"name": "box5", "top": 139, "left": 116.5, "height": 50, "width": 643.333, "children": [{"name": "box7", "top": 139, "left": 116.5, "height": 50, "width": 108.733, "children": [{"name": "box8", "top": 163.63333129882812, "left": 202.23333740234375, "height": 4, "width": 8, "children": []}]}, {"name": "box10", "top": 139, "left": 225.23333740234375, "height": 50, "width": 104.317, "children": [{"name": "box11", "top": 163.63333129882812, "left": 306.54998779296875, "height": 4, "width": 8, "children": []}]}, {"name": "box13", "top": 139, "left": 329.54998779296875, "height": 50, "width": 122.967, "children": [{"name": "box14", "top": 163.63333129882812, "left": 429.51666259765625, "height": 4, "width": 8, "children": []}]}, {"name": "box15", "top": 139, "left": 452.51666259765625, "height": 50, "width": 84.6167, "children": [{"name": "box16", "top": 163.63333129882812, "left": 514.13330078125, "height": 4, "width": 8, "children": []}]}, {"name": "box18", "top": 139, "left": 537.13330078125, "height": 50, "width": 122.8, "children": [{"name": "box19", "top": 163.63333129882812, "left": 636.933349609375, "height": 4, "width": 8, "children": []}]}, {"name": "box21", "top": 139, "left": 659.933349609375, "height": 50, "width": 43, "children": [{"name": "box22", "top": 159.75, "left": 674.933349609375, "height": 14, "width": 13, "children": []}]}, {"name": "box24", "top": 139, "left": 702.933349609375, "height": 50, "width": 56.9, "children": [{"name": "box25", "top": 154, "left": 717.933349609375, "height": 20, "width": 26.9, "children": [{"name": "box26", "top": 159.75, "left": 717.933349609375, "height": 14, "width": 13, "children": []}, {"name": "box27", "top": 163.63333129882812, "left": 736.8333129882812, "height": 4, "width": 8, "children": []}]}]}]}, {"name": "box31", "top": 189, "left": 751.5, "height": 50, "width": 70, "children": [{"name": "box32", "top": 195.63333129882812, "left": 766.5, "height": 40, "width": 40, "children": []}]}]}, {"name": "navigationbar", "top": 139, "left": 96, "height": 100, "width": 720, "children": [{"name": "box5", "top": 139, "left": 111, "height": 50, "width": 643.333, "children": [{"name": "box7", "top": 139, "left": 111, "height": 50, "width": 108.733, "children": [{"name": "box8", "top": 163.63333129882812, "left": 196.73333740234375, "height": 4, "width": 8, "children": []}]}, {"name": "box10", "top": 139, "left": 219.73333740234375, "height": 50, "width": 104.317, "children": [{"name": "box11", "top": 163.63333129882812, "left": 301.04998779296875, "height": 4, "width": 8, "children": []}]}, {"name": "box13", "top": 139, "left": 324.04998779296875, "height": 50, "width": 122.967, "children": [{"name": "box14", "top": 163.63333129882812, "left": 424.01666259765625, "height": 4, "width": 8, "children": []}]}, {"name": "box15", "top": 139, "left": 447.01666259765625, "height": 50, "width": 84.6167, "children": [{"name": "box16", "top": 163.63333129882812, "left": 508.6333312988281, "height": 4, "width": 8, "children": []}]}, {"name": "box18", "top": 139, "left": 531.63330078125, "height": 50, "width": 122.8, "children": [{"name": "box19", "top": 163.63333129882812, "left": 631.433349609375, "height": 4, "width": 8, "children": []}]}, {"name": "box21", "top": 139, "left": 654.433349609375, "height": 50, "width": 43, "children": [{"name": "box22", "top": 159.75, "left": 669.433349609375, "height": 14, "width": 13, "children": []}]}, {"name": "box24", "top": 139, "left": 697.433349609375, "height": 50, "width": 56.9, "children": [{"name": "box25", "top": 154, "left": 712.433349609375, "height": 20, "width": 26.9, "children": [{"name": "box26", "top": 159.75, "left": 712.433349609375, "height": 14, "width": 13, "children": []}, {"name": "box27", "top": 163.63333129882812, "left": 731.3333129882812, "height": 4, "width": 8, "children": []}]}]}]}, {"name": "box31", "top": 189, "left": 746, "height": 50, "width": 70, "children": [{"name": "box32", "top": 195.63333129882812, "left": 761, "height": 40, "width": 40, "children": []}]}]}, {"name": "navigationbar", "top": 139, "left": 53.5, "height": 100, "width": 720, "children": [{"name": "box5", "top": 139, "left": 68.5, "height": 50, "width": 643.333, "children": [{"name": "box7", "top": 139, "left": 68.5, "height": 50, "width": 108.733, "children": [{"name": "box8", "top": 163.63333129882812, "left": 154.23333740234375, "height": 4, "width": 8, "children": []}]}, {"name": "box10", "top": 139, "left": 177.23333740234375, "height": 50, "width": 104.317, "children": [{"name": "box11", "top": 163.63333129882812, "left": 258.54998779296875, "height": 4, "width": 8, "children": []}]}, {"name": "box13", "top": 139, "left": 281.54998779296875, "height": 50, "width": 122.967, "children": [{"name": "box14", "top": 163.63333129882812, "left": 381.51666259765625, "height": 4, "width": 8, "children": []}]}, {"name": "box15", "top": 139, "left": 404.51666259765625, "height": 50, "width": 84.6167, "children": [{"name": "box16", "top": 163.63333129882812, "left": 466.1333312988281, "height": 4, "width": 8, "children": []}]}, {"name": "box18", "top": 139, "left": 489.1333312988281, "height": 50, "width": 122.8, "children": [{"name": "box19", "top": 163.63333129882812, "left": 588.933349609375, "height": 4, "width": 8, "children": []}]}, {"name": "box21", "top": 139, "left": 611.933349609375, "height": 50, "width": 43, "children": [{"name": "box22", "top": 159.75, "left": 626.933349609375, "height": 14, "width": 13, "children": []}]}, {"name": "box24", "top": 139, "left": 654.933349609375, "height": 50, "width": 56.9, "children": [{"name": "box25", "top": 154, "left": 669.933349609375, "height": 20, "width": 26.9, "children": [{"name": "box26", "top": 159.75, "left": 669.933349609375, "height": 14, "width": 13, "children": []}, {"name": "box27", "top": 163.63333129882812, "left": 688.8333129882812, "height": 4, "width": 8, "children": []}]}]}]}, {"name": "box31", "top": 189, "left": 703.5, "height": 50, "width": 70, "children": [{"name": "box32", "top": 195.63333129882812, "left": 718.5, "height": 40, "width": 40, "children": []}]}]}, {"name": "navigationbar", "top": 139, "left": 113, "height": 100, "width": 720, "children": [{"name": "box5", "top": 139, "left": 128, "height": 50, "width": 643.333, "children": [{"name": "box7", "top": 139, "left": 128, "height": 50, "width": 108.733, "children": [{"name": "box8", "top": 163.63333129882812, "left": 213.73333740234375, "height": 4, "width": 8, "children": []}]}, {"name": "box10", "top": 139, "left": 236.73333740234375, "height": 50, "width": 104.317, "children": [{"name": "box11", "top": 163.63333129882812, "left": 318.04998779296875, "height": 4, "width": 8, "children": []}]}, {"name": "box13", "top": 139, "left": 341.04998779296875, "height": 50, "width": 122.967, "children": [{"name": "box14", "top": 163.63333129882812, "left": 441.01666259765625, "height": 4, "width": 8, "children": []}]}, {"name": "box15", "top": 139, "left": 464.01666259765625, "height": 50, "width": 84.6167, "children": [{"name": "box16", "top": 163.63333129882812, "left": 525.63330078125, "height": 4, "width": 8, "children": []}]}, {"name": "box18", "top": 139, "left": 548.63330078125, "height": 50, "width": 122.8, "children": [{"name": "box19", "top": 163.63333129882812, "left": 648.433349609375, "height": 4, "width": 8, "children": []}]}, {"name": "box21", "top": 139, "left": 671.433349609375, "height": 50, "width": 43, "children": [{"name": "box22", "top": 159.75, "left": 686.433349609375, "height": 14, "width": 13, "children": []}]}, {"name": "box24", "top": 139, "left": 714.433349609375, "height": 50, "width": 56.9, "children": [{"name": "box25", "top": 154, "left": 729.433349609375, "height": 20, "width": 26.9, "children": [{"name": "box26", "top": 159.75, "left": 729.433349609375, "height": 14, "width": 13, "children": []}, {"name": "box27", "top": 163.63333129882812, "left": 748.3333129882812, "height": 4, "width": 8, "children": []}]}]}]}, {"name": "box31", "top": 189, "left": 763, "height": 50, "width": 70, "children": [{"name": "box32", "top": 195.63333129882812, "left": 778, "height": 40, "width": 40, "children": []}]}]}], "test": [{"name": "navigationbar", "top": 139, "left": 76.5, "height": 100, "width": 720, "children": [{"name": "box5", "top": 139, "left": 91.5, "height": 50, "width": 643.333, "children": [{"name": "box7", "top": 139, "left": 91.5, "height": 50, "width": 108.733, "children": [{"name": "box8", "top": 163.63333129882812, "left": 177.23333740234375, "height": 4, "width": 8, "children": []}]}, {"name": "box10", "top": 139, "left": 200.23333740234375, "height": 50, "width": 104.317, "children": [{"name": "box11", "top": 163.63333129882812, "left": 281.54998779296875, "height": 4, "width": 8, "children": []}]}, {"name": "box13", "top": 139, "left": 304.54998779296875, "height": 50, "width": 122.967, "children": [{"name": "box14", "top": 163.63333129882812, "left": 404.51666259765625, "height": 4, "width": 8, "children": []}]}, {"name": "box15", "top": 139, "left": 427.51666259765625, "height": 50, "width": 84.6167, "children": [{"name": "box16", "top": 163.63333129882812, "left": 489.1333312988281, "height": 4, "width": 8, "children": []}]}, {"name": "box18", "top": 139, "left": 512.13330078125, "height": 50, "width": 122.8, "children": [{"name": "box19", "top": 163.63333129882812, "left": 611.933349609375, "height": 4, "width": 8, "children": []}]}, {"name": "box21", "top": 139, "left": 634.933349609375, "height": 50, "width": 43, "children": [{"name": "box22", "top": 159.75, "left": 649.933349609375, "height": 14, "width": 13, "children": []}]}, {"name": "box24", "top": 139, "left": 677.933349609375, "height": 50, "width": 56.9, "children": [{"name": "box25", "top": 154, "left": 692.933349609375, "height": 20, "width": 26.9, "children": [{"name": "box26", "top": 159.75, "left": 692.933349609375, "height": 14, "width": 13, "children": []}, {"name": "box27", "top": 163.63333129882812, "left": 711.8333129882812, "height": 4, "width": 8, "children": []}]}]}]}, {"name": "box31", "top": 189, "left": 726.5, "height": 50, "width": 70, "children": [{"name": "box32", "top": 195.63333129882812, "left": 741.5, "height": 40, "width": 40, "children": []}]}]}, {"name": "navigationbar", "top": 139, "left": 47.5, "height": 100, "width": 720, "children": [{"name": "box5", "top": 139, "left": 62.5, "height": 50, "width": 643.333, "children": [{"name": "box7", "top": 139, "left": 62.5, "height": 50, "width": 108.733, "children": [{"name": "box8", "top": 163.63333129882812, "left": 148.23333740234375, "height": 4, "width": 8, "children": []}]}, {"name": "box10", "top": 139, "left": 171.23333740234375, "height": 50, "width": 104.317, "children": [{"name": "box11", "top": 163.63333129882812, "left": 252.5500030517578, "height": 4, "width": 8, "children": []}]}, {"name": "box13", "top": 139, "left": 275.54998779296875, "height": 50, "width": 122.967, "children": [{"name": "box14", "top": 163.63333129882812, "left": 375.51666259765625, "height": 4, "width": 8, "children": []}]}, {"name": "box15", "top": 139, "left": 398.51666259765625, "height": 50, "width": 84.6167, "children": [{"name": "box16", "top": 163.63333129882812, "left": 460.1333312988281, "height": 4, "width": 8, "children": []}]}, {"name": "box18", "top": 139, "left": 483.1333312988281, "height": 50, "width": 122.8, "children": [{"name": "box19", "top": 163.63333129882812, "left": 582.933349609375, "height": 4, "width": 8, "children": []}]}, {"name": "box21", "top": 139, "left": 605.933349609375, "height": 50, "width": 43, "children": [{"name": "box22", "top": 159.75, "left": 620.933349609375, "height": 14, "width": 13, "children": []}]}, {"name": "box24", "top": 139, "left": 648.933349609375, "height": 50, "width": 56.9, "children": [{"name": "box25", "top": 154, "left": 663.933349609375, "height": 20, "width": 26.9, "children": [{"name": "box26", "top": 159.75, "left": 663.933349609375, "height": 14, "width": 13, "children": []}, {"name": "box27", "top": 163.63333129882812, "left": 682.8333129882812, "height": 4, "width": 8, "children": []}]}]}]}, {"name": "box31", "top": 189, "left": 697.5, "height": 50, "width": 70, "children": [{"name": "box32", "top": 195.63333129882812, "left": 712.5, "height": 40, "width": 40, "children": []}]}]}, {"name": "navigationbar", "top": 139, "left": 48, "height": 100, "width": 720, "children": [{"name": "box5", "top": 139, "left": 63, "height": 50, "width": 643.333, "children": [{"name": "box7", "top": 139, "left": 63, "height": 50, "width": 108.733, "children": [{"name": "box8", "top": 163.63333129882812, "left": 148.73333740234375, "height": 4, "width": 8, "children": []}]}, {"name": "box10", "top": 139, "left": 171.73333740234375, "height": 50, "width": 104.317, "children": [{"name": "box11", "top": 163.63333129882812, "left": 253.0500030517578, "height": 4, "width": 8, "children": []}]}, {"name": "box13", "top": 139, "left": 276.04998779296875, "height": 50, "width": 122.967, "children": [{"name": "box14", "top": 163.63333129882812, "left": 376.01666259765625, "height": 4, "width": 8, "children": []}]}, {"name": "box15", "top": 139, "left": 399.01666259765625, "height": 50, "width": 84.6167, "children": [{"name": "box16", "top": 163.63333129882812, "left": 460.6333312988281, "height": 4, "width": 8, "children": []}]}, {"name": "box18", "top": 139, "left": 483.6333312988281, "height": 50, "width": 122.8, "children": [{"name": "box19", "top": 163.63333129882812, "left": 583.433349609375, "height": 4, "width": 8, "children": []}]}, {"name": "box21", "top": 139, "left": 606.433349609375, "height": 50, "width": 43, "children": [{"name": "box22", "top": 159.75, "left": 621.433349609375, "height": 14, "width": 13, "children": []}]}, {"name": "box24", "top": 139, "left": 649.433349609375, "height": 50, "width": 56.9, "children": [{"name": "box25", "top": 154, "left": 664.433349609375, "height": 20, "width": 26.9, "children": [{"name": "box26", "top": 159.75, "left": 664.433349609375, "height": 14, "width": 13, "children": []}, {"name": "box27", "top": 163.63333129882812, "left": 683.3333129882812, "height": 4, "width": 8, "children": []}]}]}]}, {"name": "box31", "top": 189, "left": 698, "height": 50, "width": 70, "children": [{"name": "box32", "top": 195.63333129882812, "left": 713, "height": 40, "width": 40, "children": []}]}]}, {"name": "navigationbar", "top": 139, "left": 47, "height": 100, "width": 720, "children": [{"name": "box5", "top": 139, "left": 62, "height": 50, "width": 643.333, "children": [{"name": "box7", "top": 139, "left": 62, "height": 50, "width": 108.733, "children": [{"name": "box8", "top": 163.63333129882812, "left": 147.73333740234375, "height": 4, "width": 8, "children": []}]}, {"name": "box10", "top": 139, "left": 170.73333740234375, "height": 50, "width": 104.317, "children": [{"name": "box11", "top": 163.63333129882812, "left": 252.0500030517578, "height": 4, "width": 8, "children": []}]}, {"name": "box13", "top": 139, "left": 275.04998779296875, "height": 50, "width": 122.967, "children": [{"name": "box14", "top": 163.63333129882812, "left": 375.01666259765625, "height": 4, "width": 8, "children": []}]}, {"name": "box15", "top": 139, "left": 398.01666259765625, "height": 50, "width": 84.6167, "children": [{"name": "box16", "top": 163.63333129882812, "left": 459.6333312988281, "height": 4, "width": 8, "children": []}]}, {"name": "box18", "top": 139, "left": 482.6333312988281, "height": 50, "width": 122.8, "children": [{"name": "box19", "top": 163.63333129882812, "left": 582.433349609375, "height": 4, "width": 8, "children": []}]}, {"name": "box21", "top": 139, "left": 605.433349609375, "height": 50, "width": 43, "children": [{"name": "box22", "top": 159.75, "left": 620.433349609375, "height": 14, "width": 13, "children": []}]}, {"name": "box24", "top": 139, "left": 648.433349609375, "height": 50, "width": 56.9, "children": [{"name": "box25", "top": 154, "left": 663.433349609375, "height": 20, "width": 26.9, "children": [{"name": "box26", "top": 159.75, "left": 663.433349609375, "height": 14, "width": 13, "children": []}, {"name": "box27", "top": 163.63333129882812, "left": 682.3333129882812, "height": 4, "width": 8, "children": []}]}]}]}, {"name": "box31", "top": 189, "left": 697, "height": 50, "width": 70, "children": [{"name": "box32", "top": 195.63333129882812, "left": 712, "height": 40, "width": 40, "children": []}]}]}, {"name": "navigationbar", "top": 139, "left": 102.5, "height": 100, "width": 720, "children": [{"name": "box5", "top": 139, "left": 117.5, "height": 50, "width": 643.333, "children": [{"name": "box7", "top": 139, "left": 117.5, "height": 50, "width": 108.733, "children": [{"name": "box8", "top": 163.63333129882812, "left": 203.23333740234375, "height": 4, "width": 8, "children": []}]}, {"name": "box10", "top": 139, "left": 226.23333740234375, "height": 50, "width": 104.317, "children": [{"name": "box11", "top": 163.63333129882812, "left": 307.54998779296875, "height": 4, "width": 8, "children": []}]}, {"name": "box13", "top": 139, "left": 330.54998779296875, "height": 50, "width": 122.967, "children": [{"name": "box14", "top": 163.63333129882812, "left": 430.51666259765625, "height": 4, "width": 8, "children": []}]}, {"name": "box15", "top": 139, "left": 453.51666259765625, "height": 50, "width": 84.6167, "children": [{"name": "box16", "top": 163.63333129882812, "left": 515.13330078125, "height": 4, "width": 8, "children": []}]}, {"name": "box18", "top": 139, "left": 538.13330078125, "height": 50, "width": 122.8, "children": [{"name": "box19", "top": 163.63333129882812, "left": 637.933349609375, "height": 4, "width": 8, "children": []}]}, {"name": "box21", "top": 139, "left": 660.933349609375, "height": 50, "width": 43, "children": [{"name": "box22", "top": 159.75, "left": 675.933349609375, "height": 14, "width": 13, "children": []}]}, {"name": "box24", "top": 139, "left": 703.933349609375, "height": 50, "width": 56.9, "children": [{"name": "box25", "top": 154, "left": 718.933349609375, "height": 20, "width": 26.9, "children": [{"name": "box26", "top": 159.75, "left": 718.933349609375, "height": 14, "width": 13, "children": []}, {"name": "box27", "top": 163.63333129882812, "left": 737.8333129882812, "height": 4, "width": 8, "children": []}]}]}]}, {"name": "box31", "top": 189, "left": 752.5, "height": 50, "width": 70, "children": [{"name": "box32", "top": 195.63333129882812, "left": 767.5, "height": 40, "width": 40, "children": []}]}]}, {"name": "navigationbar", "top": 139, "left": 95.5, "height": 100, "width": 720, "children": [{"name": "box5", "top": 139, "left": 110.5, "height": 50, "width": 643.333, "children": [{"name": "box7", "top": 139, "left": 110.5, "height": 50, "width": 108.733, "children": [{"name": "box8", "top": 163.63333129882812, "left": 196.23333740234375, "height": 4, "width": 8, "children": []}]}, {"name": "box10", "top": 139, "left": 219.23333740234375, "height": 50, "width": 104.317, "children": [{"name": "box11", "top": 163.63333129882812, "left": 300.54998779296875, "height": 4, "width": 8, "children": []}]}, {"name": "box13", "top": 139, "left": 323.54998779296875, "height": 50, "width": 122.967, "children": [{"name": "box14", "top": 163.63333129882812, "left": 423.51666259765625, "height": 4, "width": 8, "children": []}]}, {"name": "box15", "top": 139, "left": 446.51666259765625, "height": 50, "width": 84.6167, "children": [{"name": "box16", "top": 163.63333129882812, "left": 508.1333312988281, "height": 4, "width": 8, "children": []}]}, {"name": "box18", "top": 139, "left": 531.13330078125, "height": 50, "width": 122.8, "children": [{"name": "box19", "top": 163.63333129882812, "left": 630.933349609375, "height": 4, "width": 8, "children": []}]}, {"name": "box21", "top": 139, "left": 653.933349609375, "height": 50, "width": 43, "children": [{"name": "box22", "top": 159.75, "left": 668.933349609375, "height": 14, "width": 13, "children": []}]}, {"name": "box24", "top": 139, "left": 696.933349609375, "height": 50, "width": 56.9, "children": [{"name": "box25", "top": 154, "left": 711.933349609375, "height": 20, "width": 26.9, "children": [{"name": "box26", "top": 159.75, "left": 711.933349609375, "height": 14, "width": 13, "children": []}, {"name": "box27", "top": 163.63333129882812, "left": 730.8333129882812, "height": 4, "width": 8, "children": []}]}]}]}, {"name": "box31", "top": 189, "left": 745.5, "height": 50, "width": 70, "children": [{"name": "box32", "top": 195.63333129882812, "left": 760.5, "height": 40, "width": 40, "children": []}]}]}, {"name": "navigationbar", "top": 139, "left": 109, "height": 100, "width": 720, "children": [{"name": "box5", "top": 139, "left": 124, "height": 50, "width": 643.333, "children": [{"name": "box7", "top": 139, "left": 124, "height": 50, "width": 108.733, "children": [{"name": "box8", "top": 163.63333129882812, "left": 209.73333740234375, "height": 4, "width": 8, "children": []}]}, {"name": "box10", "top": 139, "left": 232.73333740234375, "height": 50, "width": 104.317, "children": [{"name": "box11", "top": 163.63333129882812, "left": 314.04998779296875, "height": 4, "width": 8, "children": []}]}, {"name": "box13", "top": 139, "left": 337.04998779296875, "height": 50, "width": 122.967, "children": [{"name": "box14", "top": 163.63333129882812, "left": 437.01666259765625, "height": 4, "width": 8, "children": []}]}, {"name": "box15", "top": 139, "left": 460.01666259765625, "height": 50, "width": 84.6167, "children": [{"name": "box16", "top": 163.63333129882812, "left": 521.63330078125, "height": 4, "width": 8, "children": []}]}, {"name": "box18", "top": 139, "left": 544.63330078125, "height": 50, "width": 122.8, "children": [{"name": "box19", "top": 163.63333129882812, "left": 644.433349609375, "height": 4, "width": 8, "children": []}]}, {"name": "box21", "top": 139, "left": 667.433349609375, "height": 50, "width": 43, "children": [{"name": "box22", "top": 159.75, "left": 682.433349609375, "height": 14, "width": 13, "children": []}]}, {"name": "box24", "top": 139, "left": 710.433349609375, "height": 50, "width": 56.9, "children": [{"name": "box25", "top": 154, "left": 725.433349609375, "height": 20, "width": 26.9, "children": [{"name": "box26", "top": 159.75, "left": 725.433349609375, "height": 14, "width": 13, "children": []}, {"name": "box27", "top": 163.63333129882812, "left": 744.3333129882812, "height": 4, "width": 8, "children": []}]}]}]}, {"name": "box31", "top": 189, "left": 759, "height": 50, "width": 70, "children": [{"name": "box32", "top": 195.63333129882812, "left": 774, "height": 40, "width": 40, "children": []}]}]}, {"name": "navigationbar", "top": 139, "left": 76, "height": 100, "width": 720, "children": [{"name": "box5", "top": 139, "left": 91, "height": 50, "width": 643.333, "children": [{"name": "box7", "top": 139, "left": 91, "height": 50, "width": 108.733, "children": [{"name": "box8", "top": 163.63333129882812, "left": 176.73333740234375, "height": 4, "width": 8, "children": []}]}, {"name": "box10", "top": 139, "left": 199.73333740234375, "height": 50, "width": 104.317, "children": [{"name": "box11", "top": 163.63333129882812, "left": 281.04998779296875, "height": 4, "width": 8, "children": []}]}, {"name": "box13", "top": 139, "left": 304.04998779296875, "height": 50, "width": 122.967, "children": [{"name": "box14", "top": 163.63333129882812, "left": 404.01666259765625, "height": 4, "width": 8, "children": []}]}, {"name": "box15", "top": 139, "left": 427.01666259765625, "height": 50, "width": 84.6167, "children": [{"name": "box16", "top": 163.63333129882812, "left": 488.6333312988281, "height": 4, "width": 8, "children": []}]}, {"name": "box18", "top": 139, "left": 511.6333312988281, "height": 50, "width": 122.8, "children": [{"name": "box19", "top": 163.63333129882812, "left": 611.433349609375, "height": 4, "width": 8, "children": []}]}, {"name": "box21", "top": 139, "left": 634.433349609375, "height": 50, "width": 43, "children": [{"name": "box22", "top": 159.75, "left": 649.433349609375, "height": 14, "width": 13, "children": []}]}, {"name": "box24", "top": 139, "left": 677.433349609375, "height": 50, "width": 56.9, "children": [{"name": "box25", "top": 154, "left": 692.433349609375, "height": 20, "width": 26.9, "children": [{"name": "box26", "top": 159.75, "left": 692.433349609375, "height": 14, "width": 13, "children": []}, {"name": "box27", "top": 163.63333129882812, "left": 711.3333129882812, "height": 4, "width": 8, "children": []}]}]}]}, {"name": "box31", "top": 189, "left": 726, "height": 50, "width": 70, "children": [{"name": "box32", "top": 195.63333129882812, "left": 741, "height": 40, "width": 40, "children": []}]}]}, {"name": "navigationbar", "top": 139, "left": 112, "height": 100, "width": 720, "children": [{"name": "box5", "top": 139, "left": 127, "height": 50, "width": 643.333, "children": [{"name": "box7", "top": 139, "left": 127, "height": 50, "width": 108.733, "children": [{"name": "box8", "top": 163.63333129882812, "left": 212.73333740234375, "height": 4, "width": 8, "children": []}]}, {"name": "box10", "top": 139, "left": 235.73333740234375, "height": 50, "width": 104.317, "children": [{"name": "box11", "top": 163.63333129882812, "left": 317.04998779296875, "height": 4, "width": 8, "children": []}]}, {"name": "box13", "top": 139, "left": 340.04998779296875, "height": 50, "width": 122.967, "children": [{"name": "box14", "top": 163.63333129882812, "left": 440.01666259765625, "height": 4, "width": 8, "children": []}]}, {"name": "box15", "top": 139, "left": 463.01666259765625, "height": 50, "width": 84.6167, "children": [{"name": "box16", "top": 163.63333129882812, "left": 524.63330078125, "height": 4, "width": 8, "children": []}]}, {"name": "box18", "top": 139, "left": 547.63330078125, "height": 50, "width": 122.8, "children": [{"name": "box19", "top": 163.63333129882812, "left": 647.433349609375, "height": 4, "width": 8, "children": []}]}, {"name": "box21", "top": 139, "left": 670.433349609375, "height": 50, "width": 43, "children": [{"name": "box22", "top": 159.75, "left": 685.433349609375, "height": 14, "width": 13, "children": []}]}, {"name": "box24", "top": 139, "left": 713.433349609375, "height": 50, "width": 56.9, "children": [{"name": "box25", "top": 154, "left": 728.433349609375, "height": 20, "width": 26.9, "children": [{"name": "box26", "top": 159.75, "left": 728.433349609375, "height": 14, "width": 13, "children": []}, {"name": "box27", "top": 163.63333129882812, "left": 747.3333129882812, "height": 4, "width": 8, "children": []}]}]}]}, {"name": "box31", "top": 189, "left": 762, "height": 50, "width": 70, "children": [{"name": "box32", "top": 195.63333129882812, "left": 777, "height": 40, "width": 40, "children": []}]}]}, {"name": "navigationbar", "top": 139, "left": 87.5, "height": 100, "width": 720, "children": [{"name": "box5", "top": 139, "left": 102.5, "height": 50, "width": 643.333, "children": [{"name": "box7", "top": 139, "left": 102.5, "height": 50, "width": 108.733, "children": [{"name": "box8", "top": 163.63333129882812, "left": 188.23333740234375, "height": 4, "width": 8, "children": []}]}, {"name": "box10", "top": 139, "left": 211.23333740234375, "height": 50, "width": 104.317, "children": [{"name": "box11", "top": 163.63333129882812, "left": 292.54998779296875, "height": 4, "width": 8, "children": []}]}, {"name": "box13", "top": 139, "left": 315.54998779296875, "height": 50, "width": 122.967, "children": [{"name": "box14", "top": 163.63333129882812, "left": 415.51666259765625, "height": 4, "width": 8, "children": []}]}, {"name": "box15", "top": 139, "left": 438.51666259765625, "height": 50, "width": 84.6167, "children": [{"name": "box16", "top": 163.63333129882812, "left": 500.1333312988281, "height": 4, "width": 8, "children": []}]}, {"name": "box18", "top": 139, "left": 523.13330078125, "height": 50, "width": 122.8, "children": [{"name": "box19", "top": 163.63333129882812, "left": 622.933349609375, "height": 4, "width": 8, "children": []}]}, {"name": "box21", "top": 139, "left": 645.933349609375, "height": 50, "width": 43, "children": [{"name": "box22", "top": 159.75, "left": 660.933349609375, "height": 14, "width": 13, "children": []}]}, {"name": "box24", "top": 139, "left": 688.933349609375, "height": 50, "width": 56.9, "children": [{"name": "box25", "top": 154, "left": 703.933349609375, "height": 20, "width": 26.9, "children": [{"name": "box26", "top": 159.75, "left": 703.933349609375, "height": 14, "width": 13, "children": []}, {"name": "box27", "top": 163.63333129882812, "left": 722.8333129882812, "height": 4, "width": 8, "children": []}]}]}]}, {"name": "box31", "top": 189, "left": 737.5, "height": 50, "width": 70, "children": [{"name": "box32", "top": 195.63333129882812, "left": 752.5, "height": 40, "width": 40, "children": []}]}]}]}