{"name": "ieee-news", "bench": {"height": {"low": 545, "high": 545}, "width": {"low": 1280, "high": 1280}, "trainSeed": 235775, "testSeed": 17250987, "testSize": 10, "trainSize": 10}, "train": [{"name": "box155", "top": 1435.5999755859375, "left": 86.5, "height": 545, "width": 1280, "children": [{"name": "box156", "top": 1467.5999755859375, "left": 146.5, "height": 477.2, "width": 1160, "children": [{"name": "box157", "top": 1467.5999755859375, "left": 146.5, "height": 44.2, "width": 1160, "children": []}, {"name": "box158", "top": 1531.800048828125, "left": 146.5, "height": 413, "width": 1160, "children": [{"name": "box159", "top": 1531.800048828125, "left": 146.5, "height": 413, "width": 580, "children": [{"name": "box160", "top": 1531.800048828125, "left": 146.5, "height": 276, "width": 580, "children": [{"name": "box161", "top": 1661.7166748046875, "left": 146.5, "height": 16, "width": 580, "children": [{"name": "box162", "top": 1531.800048828125, "left": 146.5, "height": 276, "width": 580, "children": []}]}]}, {"name": "box163", "top": 1807.800048828125, "left": 146.5, "height": 80.4, "width": 580, "children": [{"name": "box165", "top": 1831, "left": 146.5, "height": 57.2, "width": 580, "children": []}]}, {"name": "box166", "top": 1899.800048828125, "left": 146.5, "height": 22.5, "width": 580, "children": []}]}, {"name": "box167", "top": 1531.800048828125, "left": 726.5, "height": 413, "width": 580, "children": [{"name": "box168", "top": 1531.800048828125, "left": 784.5, "height": 91, "width": 522, "children": [{"name": "box169", "top": 1531.800048828125, "left": 784.5, "height": 91, "width": 110, "children": [{"name": "box170", "top": 1569.2166748046875, "left": 784.5, "height": 16, "width": 110, "children": [{"name": "box171", "top": 1531.800048828125, "left": 784.5, "height": 91, "width": 110, "children": []}]}]}, {"name": "box172", "top": 1531.800048828125, "left": 915.3667, "height": 91, "width": 391.133, "children": [{"name": "articleTitle0", "top": 1531.800048828125, "left": 915.36669921875, "height": 45, "width": 391, "children": [{"name": "box173", "top": 1531.800048828125, "left": 915.36669921875, "height": 45, "width": 355.933, "children": []}]}, {"name": "box174", "top": 1584.61669921875, "left": 915.36669921875, "height": 22.5, "width": 391.133, "children": []}]}]}, {"name": "box175", "top": 1653.800048828125, "left": 784.5, "height": 91, "width": 522, "children": [{"name": "box176", "top": 1653.800048828125, "left": 784.5, "height": 91, "width": 110, "children": [{"name": "box177", "top": 1691.2166748046875, "left": 784.5, "height": 16, "width": 110, "children": [{"name": "box178", "top": 1653.800048828125, "left": 784.5, "height": 91, "width": 110, "children": []}]}]}, {"name": "box179", "top": 1653.800048828125, "left": 915.3667, "height": 91, "width": 364.067, "children": [{"name": "articleTitle1", "top": 1653.800048828125, "left": 915.36669921875, "height": 45, "width": 364, "children": [{"name": "box180", "top": 1653.800048828125, "left": 915.36669921875, "height": 45, "width": 331.317, "children": []}]}, {"name": "box181", "top": 1706.066650390625, "left": 915.36669921875, "height": 22.5, "width": 364.067, "children": []}]}]}, {"name": "box182", "top": 1775.800048828125, "left": 784.5, "height": 91, "width": 522, "children": [{"name": "box183", "top": 1775.800048828125, "left": 784.5, "height": 91, "width": 110, "children": [{"name": "box184", "top": 1813.2166748046875, "left": 784.5, "height": 16, "width": 110, "children": [{"name": "box185", "top": 1775.800048828125, "left": 784.5, "height": 91, "width": 110, "children": []}]}]}, {"name": "box186", "top": 1775.800048828125, "left": 915.3667, "height": 91, "width": 391.133, "children": [{"name": "articleTitle2", "top": 1775.800048828125, "left": 915.36669921875, "height": 45, "width": 391, "children": [{"name": "box187", "top": 1775.800048828125, "left": 915.36669921875, "height": 45, "width": 355.933, "children": []}]}, {"name": "box188", "top": 1828.61669921875, "left": 915.36669921875, "height": 22.5, "width": 391.133, "children": []}]}]}]}]}]}]}, {"name": "box155", "top": 1435.5999755859375, "left": 108.5, "height": 545, "width": 1280, "children": [{"name": "box156", "top": 1467.5999755859375, "left": 168.5, "height": 477.2, "width": 1160, "children": [{"name": "box157", "top": 1467.5999755859375, "left": 168.5, "height": 44.2, "width": 1160, "children": []}, {"name": "box158", "top": 1531.800048828125, "left": 168.5, "height": 413, "width": 1160, "children": [{"name": "box159", "top": 1531.800048828125, "left": 168.5, "height": 413, "width": 580, "children": [{"name": "box160", "top": 1531.800048828125, "left": 168.5, "height": 276, "width": 580, "children": [{"name": "box161", "top": 1661.7166748046875, "left": 168.5, "height": 16, "width": 580, "children": [{"name": "box162", "top": 1531.800048828125, "left": 168.5, "height": 276, "width": 580, "children": []}]}]}, {"name": "box163", "top": 1807.800048828125, "left": 168.5, "height": 80.4, "width": 580, "children": [{"name": "box165", "top": 1831, "left": 168.5, "height": 57.2, "width": 580, "children": []}]}, {"name": "box166", "top": 1899.800048828125, "left": 168.5, "height": 22.5, "width": 580, "children": []}]}, {"name": "box167", "top": 1531.800048828125, "left": 748.5, "height": 413, "width": 580, "children": [{"name": "box168", "top": 1531.800048828125, "left": 806.5, "height": 91, "width": 522, "children": [{"name": "box169", "top": 1531.800048828125, "left": 806.5, "height": 91, "width": 110, "children": [{"name": "box170", "top": 1569.2166748046875, "left": 806.5, "height": 16, "width": 110, "children": [{"name": "box171", "top": 1531.800048828125, "left": 806.5, "height": 91, "width": 110, "children": []}]}]}, {"name": "box172", "top": 1531.800048828125, "left": 937.3667, "height": 91, "width": 391.133, "children": [{"name": "articleTitle0", "top": 1531.800048828125, "left": 937.36669921875, "height": 45, "width": 391, "children": [{"name": "box173", "top": 1531.800048828125, "left": 937.36669921875, "height": 45, "width": 355.933, "children": []}]}, {"name": "box174", "top": 1584.61669921875, "left": 937.36669921875, "height": 22.5, "width": 391.133, "children": []}]}]}, {"name": "box175", "top": 1653.800048828125, "left": 806.5, "height": 91, "width": 522, "children": [{"name": "box176", "top": 1653.800048828125, "left": 806.5, "height": 91, "width": 110, "children": [{"name": "box177", "top": 1691.2166748046875, "left": 806.5, "height": 16, "width": 110, "children": [{"name": "box178", "top": 1653.800048828125, "left": 806.5, "height": 91, "width": 110, "children": []}]}]}, {"name": "box179", "top": 1653.800048828125, "left": 937.3667, "height": 91, "width": 364.067, "children": [{"name": "articleTitle1", "top": 1653.800048828125, "left": 937.36669921875, "height": 45, "width": 364, "children": [{"name": "box180", "top": 1653.800048828125, "left": 937.36669921875, "height": 45, "width": 331.317, "children": []}]}, {"name": "box181", "top": 1706.066650390625, "left": 937.36669921875, "height": 22.5, "width": 364.067, "children": []}]}]}, {"name": "box182", "top": 1775.800048828125, "left": 806.5, "height": 91, "width": 522, "children": [{"name": "box183", "top": 1775.800048828125, "left": 806.5, "height": 91, "width": 110, "children": [{"name": "box184", "top": 1813.2166748046875, "left": 806.5, "height": 16, "width": 110, "children": [{"name": "box185", "top": 1775.800048828125, "left": 806.5, "height": 91, "width": 110, "children": []}]}]}, {"name": "box186", "top": 1775.800048828125, "left": 937.3667, "height": 91, "width": 391.133, "children": [{"name": "articleTitle2", "top": 1775.800048828125, "left": 937.36669921875, "height": 45, "width": 391, "children": [{"name": "box187", "top": 1775.800048828125, "left": 937.36669921875, "height": 45, "width": 355.933, "children": []}]}, {"name": "box188", "top": 1828.61669921875, "left": 937.36669921875, "height": 22.5, "width": 391.133, "children": []}]}]}]}]}]}]}, {"name": "box155", "top": 1435.5999755859375, "left": 24.5, "height": 545, "width": 1280, "children": [{"name": "box156", "top": 1467.5999755859375, "left": 84.5, "height": 477.2, "width": 1160, "children": [{"name": "box157", "top": 1467.5999755859375, "left": 84.5, "height": 44.2, "width": 1160, "children": []}, {"name": "box158", "top": 1531.800048828125, "left": 84.5, "height": 413, "width": 1160, "children": [{"name": "box159", "top": 1531.800048828125, "left": 84.5, "height": 413, "width": 580, "children": [{"name": "box160", "top": 1531.800048828125, "left": 84.5, "height": 276, "width": 580, "children": [{"name": "box161", "top": 1661.7166748046875, "left": 84.5, "height": 16, "width": 580, "children": [{"name": "box162", "top": 1531.800048828125, "left": 84.5, "height": 276, "width": 580, "children": []}]}]}, {"name": "box163", "top": 1807.800048828125, "left": 84.5, "height": 80.4, "width": 580, "children": [{"name": "box165", "top": 1831, "left": 84.5, "height": 57.2, "width": 580, "children": []}]}, {"name": "box166", "top": 1899.800048828125, "left": 84.5, "height": 22.5, "width": 580, "children": []}]}, {"name": "box167", "top": 1531.800048828125, "left": 664.5, "height": 413, "width": 580, "children": [{"name": "box168", "top": 1531.800048828125, "left": 722.5, "height": 91, "width": 522, "children": [{"name": "box169", "top": 1531.800048828125, "left": 722.5, "height": 91, "width": 110, "children": [{"name": "box170", "top": 1569.2166748046875, "left": 722.5, "height": 16, "width": 110, "children": [{"name": "box171", "top": 1531.800048828125, "left": 722.5, "height": 91, "width": 110, "children": []}]}]}, {"name": "box172", "top": 1531.800048828125, "left": 853.3667, "height": 91, "width": 391.133, "children": [{"name": "articleTitle0", "top": 1531.800048828125, "left": 853.36669921875, "height": 45, "width": 391, "children": [{"name": "box173", "top": 1531.800048828125, "left": 853.36669921875, "height": 45, "width": 355.933, "children": []}]}, {"name": "box174", "top": 1584.61669921875, "left": 853.36669921875, "height": 22.5, "width": 391.133, "children": []}]}]}, {"name": "box175", "top": 1653.800048828125, "left": 722.5, "height": 91, "width": 522, "children": [{"name": "box176", "top": 1653.800048828125, "left": 722.5, "height": 91, "width": 110, "children": [{"name": "box177", "top": 1691.2166748046875, "left": 722.5, "height": 16, "width": 110, "children": [{"name": "box178", "top": 1653.800048828125, "left": 722.5, "height": 91, "width": 110, "children": []}]}]}, {"name": "box179", "top": 1653.800048828125, "left": 853.3667, "height": 91, "width": 364.067, "children": [{"name": "articleTitle1", "top": 1653.800048828125, "left": 853.36669921875, "height": 45, "width": 364, "children": [{"name": "box180", "top": 1653.800048828125, "left": 853.36669921875, "height": 45, "width": 331.317, "children": []}]}, {"name": "box181", "top": 1706.066650390625, "left": 853.36669921875, "height": 22.5, "width": 364.067, "children": []}]}]}, {"name": "box182", "top": 1775.800048828125, "left": 722.5, "height": 91, "width": 522, "children": [{"name": "box183", "top": 1775.800048828125, "left": 722.5, "height": 91, "width": 110, "children": [{"name": "box184", "top": 1813.2166748046875, "left": 722.5, "height": 16, "width": 110, "children": [{"name": "box185", "top": 1775.800048828125, "left": 722.5, "height": 91, "width": 110, "children": []}]}]}, {"name": "box186", "top": 1775.800048828125, "left": 853.3667, "height": 91, "width": 391.133, "children": [{"name": "articleTitle2", "top": 1775.800048828125, "left": 853.36669921875, "height": 45, "width": 391, "children": [{"name": "box187", "top": 1775.800048828125, "left": 853.36669921875, "height": 45, "width": 355.933, "children": []}]}, {"name": "box188", "top": 1828.61669921875, "left": 853.36669921875, "height": 22.5, "width": 391.133, "children": []}]}]}]}]}]}]}, {"name": "box155", "top": 1435.5999755859375, "left": 61.5, "height": 545, "width": 1280, "children": [{"name": "box156", "top": 1467.5999755859375, "left": 121.5, "height": 477.2, "width": 1160, "children": [{"name": "box157", "top": 1467.5999755859375, "left": 121.5, "height": 44.2, "width": 1160, "children": []}, {"name": "box158", "top": 1531.800048828125, "left": 121.5, "height": 413, "width": 1160, "children": [{"name": "box159", "top": 1531.800048828125, "left": 121.5, "height": 413, "width": 580, "children": [{"name": "box160", "top": 1531.800048828125, "left": 121.5, "height": 276, "width": 580, "children": [{"name": "box161", "top": 1661.7166748046875, "left": 121.5, "height": 16, "width": 580, "children": [{"name": "box162", "top": 1531.800048828125, "left": 121.5, "height": 276, "width": 580, "children": []}]}]}, {"name": "box163", "top": 1807.800048828125, "left": 121.5, "height": 80.4, "width": 580, "children": [{"name": "box165", "top": 1831, "left": 121.5, "height": 57.2, "width": 580, "children": []}]}, {"name": "box166", "top": 1899.800048828125, "left": 121.5, "height": 22.5, "width": 580, "children": []}]}, {"name": "box167", "top": 1531.800048828125, "left": 701.5, "height": 413, "width": 580, "children": [{"name": "box168", "top": 1531.800048828125, "left": 759.5, "height": 91, "width": 522, "children": [{"name": "box169", "top": 1531.800048828125, "left": 759.5, "height": 91, "width": 110, "children": [{"name": "box170", "top": 1569.2166748046875, "left": 759.5, "height": 16, "width": 110, "children": [{"name": "box171", "top": 1531.800048828125, "left": 759.5, "height": 91, "width": 110, "children": []}]}]}, {"name": "box172", "top": 1531.800048828125, "left": 890.3667, "height": 91, "width": 391.133, "children": [{"name": "articleTitle0", "top": 1531.800048828125, "left": 890.36669921875, "height": 45, "width": 391, "children": [{"name": "box173", "top": 1531.800048828125, "left": 890.36669921875, "height": 45, "width": 355.933, "children": []}]}, {"name": "box174", "top": 1584.61669921875, "left": 890.36669921875, "height": 22.5, "width": 391.133, "children": []}]}]}, {"name": "box175", "top": 1653.800048828125, "left": 759.5, "height": 91, "width": 522, "children": [{"name": "box176", "top": 1653.800048828125, "left": 759.5, "height": 91, "width": 110, "children": [{"name": "box177", "top": 1691.2166748046875, "left": 759.5, "height": 16, "width": 110, "children": [{"name": "box178", "top": 1653.800048828125, "left": 759.5, "height": 91, "width": 110, "children": []}]}]}, {"name": "box179", "top": 1653.800048828125, "left": 890.3667, "height": 91, "width": 364.067, "children": [{"name": "articleTitle1", "top": 1653.800048828125, "left": 890.36669921875, "height": 45, "width": 364, "children": [{"name": "box180", "top": 1653.800048828125, "left": 890.36669921875, "height": 45, "width": 331.317, "children": []}]}, {"name": "box181", "top": 1706.066650390625, "left": 890.36669921875, "height": 22.5, "width": 364.067, "children": []}]}]}, {"name": "box182", "top": 1775.800048828125, "left": 759.5, "height": 91, "width": 522, "children": [{"name": "box183", "top": 1775.800048828125, "left": 759.5, "height": 91, "width": 110, "children": [{"name": "box184", "top": 1813.2166748046875, "left": 759.5, "height": 16, "width": 110, "children": [{"name": "box185", "top": 1775.800048828125, "left": 759.5, "height": 91, "width": 110, "children": []}]}]}, {"name": "box186", "top": 1775.800048828125, "left": 890.3667, "height": 91, "width": 391.133, "children": [{"name": "articleTitle2", "top": 1775.800048828125, "left": 890.36669921875, "height": 45, "width": 391, "children": [{"name": "box187", "top": 1775.800048828125, "left": 890.36669921875, "height": 45, "width": 355.933, "children": []}]}, {"name": "box188", "top": 1828.61669921875, "left": 890.36669921875, "height": 22.5, "width": 391.133, "children": []}]}]}]}]}]}]}, {"name": "box155", "top": 1435.5999755859375, "left": 118.5, "height": 545, "width": 1280, "children": [{"name": "box156", "top": 1467.5999755859375, "left": 178.5, "height": 477.2, "width": 1160, "children": [{"name": "box157", "top": 1467.5999755859375, "left": 178.5, "height": 44.2, "width": 1160, "children": []}, {"name": "box158", "top": 1531.800048828125, "left": 178.5, "height": 413, "width": 1160, "children": [{"name": "box159", "top": 1531.800048828125, "left": 178.5, "height": 413, "width": 580, "children": [{"name": "box160", "top": 1531.800048828125, "left": 178.5, "height": 276, "width": 580, "children": [{"name": "box161", "top": 1661.7166748046875, "left": 178.5, "height": 16, "width": 580, "children": [{"name": "box162", "top": 1531.800048828125, "left": 178.5, "height": 276, "width": 580, "children": []}]}]}, {"name": "box163", "top": 1807.800048828125, "left": 178.5, "height": 80.4, "width": 580, "children": [{"name": "box165", "top": 1831, "left": 178.5, "height": 57.2, "width": 580, "children": []}]}, {"name": "box166", "top": 1899.800048828125, "left": 178.5, "height": 22.5, "width": 580, "children": []}]}, {"name": "box167", "top": 1531.800048828125, "left": 758.5, "height": 413, "width": 580, "children": [{"name": "box168", "top": 1531.800048828125, "left": 816.5, "height": 91, "width": 522, "children": [{"name": "box169", "top": 1531.800048828125, "left": 816.5, "height": 91, "width": 110, "children": [{"name": "box170", "top": 1569.2166748046875, "left": 816.5, "height": 16, "width": 110, "children": [{"name": "box171", "top": 1531.800048828125, "left": 816.5, "height": 91, "width": 110, "children": []}]}]}, {"name": "box172", "top": 1531.800048828125, "left": 947.3667, "height": 91, "width": 391.133, "children": [{"name": "articleTitle0", "top": 1531.800048828125, "left": 947.36669921875, "height": 45, "width": 391, "children": [{"name": "box173", "top": 1531.800048828125, "left": 947.36669921875, "height": 45, "width": 355.933, "children": []}]}, {"name": "box174", "top": 1584.61669921875, "left": 947.36669921875, "height": 22.5, "width": 391.133, "children": []}]}]}, {"name": "box175", "top": 1653.800048828125, "left": 816.5, "height": 91, "width": 522, "children": [{"name": "box176", "top": 1653.800048828125, "left": 816.5, "height": 91, "width": 110, "children": [{"name": "box177", "top": 1691.2166748046875, "left": 816.5, "height": 16, "width": 110, "children": [{"name": "box178", "top": 1653.800048828125, "left": 816.5, "height": 91, "width": 110, "children": []}]}]}, {"name": "box179", "top": 1653.800048828125, "left": 947.3667, "height": 91, "width": 364.067, "children": [{"name": "articleTitle1", "top": 1653.800048828125, "left": 947.36669921875, "height": 45, "width": 364, "children": [{"name": "box180", "top": 1653.800048828125, "left": 947.36669921875, "height": 45, "width": 331.317, "children": []}]}, {"name": "box181", "top": 1706.066650390625, "left": 947.36669921875, "height": 22.5, "width": 364.067, "children": []}]}]}, {"name": "box182", "top": 1775.800048828125, "left": 816.5, "height": 91, "width": 522, "children": [{"name": "box183", "top": 1775.800048828125, "left": 816.5, "height": 91, "width": 110, "children": [{"name": "box184", "top": 1813.2166748046875, "left": 816.5, "height": 16, "width": 110, "children": [{"name": "box185", "top": 1775.800048828125, "left": 816.5, "height": 91, "width": 110, "children": []}]}]}, {"name": "box186", "top": 1775.800048828125, "left": 947.3667, "height": 91, "width": 391.133, "children": [{"name": "articleTitle2", "top": 1775.800048828125, "left": 947.36669921875, "height": 45, "width": 391, "children": [{"name": "box187", "top": 1775.800048828125, "left": 947.36669921875, "height": 45, "width": 355.933, "children": []}]}, {"name": "box188", "top": 1828.61669921875, "left": 947.36669921875, "height": 22.5, "width": 391.133, "children": []}]}]}]}]}]}]}, {"name": "box155", "top": 1435.5999755859375, "left": 176, "height": 545, "width": 1280, "children": [{"name": "box156", "top": 1467.5999755859375, "left": 236, "height": 477.2, "width": 1160, "children": [{"name": "box157", "top": 1467.5999755859375, "left": 236, "height": 44.2, "width": 1160, "children": []}, {"name": "box158", "top": 1531.800048828125, "left": 236, "height": 413, "width": 1160, "children": [{"name": "box159", "top": 1531.800048828125, "left": 236, "height": 413, "width": 580, "children": [{"name": "box160", "top": 1531.800048828125, "left": 236, "height": 276, "width": 580, "children": [{"name": "box161", "top": 1661.7166748046875, "left": 236, "height": 16, "width": 580, "children": [{"name": "box162", "top": 1531.800048828125, "left": 236, "height": 276, "width": 580, "children": []}]}]}, {"name": "box163", "top": 1807.800048828125, "left": 236, "height": 80.4, "width": 580, "children": [{"name": "box165", "top": 1831, "left": 236, "height": 57.2, "width": 580, "children": []}]}, {"name": "box166", "top": 1899.800048828125, "left": 236, "height": 22.5, "width": 580, "children": []}]}, {"name": "box167", "top": 1531.800048828125, "left": 816, "height": 413, "width": 580, "children": [{"name": "box168", "top": 1531.800048828125, "left": 874, "height": 91, "width": 522, "children": [{"name": "box169", "top": 1531.800048828125, "left": 874, "height": 91, "width": 110, "children": [{"name": "box170", "top": 1569.2166748046875, "left": 874, "height": 16, "width": 110, "children": [{"name": "box171", "top": 1531.800048828125, "left": 874, "height": 91, "width": 110, "children": []}]}]}, {"name": "box172", "top": 1531.800048828125, "left": 1004.8667, "height": 91, "width": 391.133, "children": [{"name": "articleTitle0", "top": 1531.800048828125, "left": 1004.86669921875, "height": 45, "width": 391, "children": [{"name": "box173", "top": 1531.800048828125, "left": 1004.86669921875, "height": 45, "width": 355.933, "children": []}]}, {"name": "box174", "top": 1584.61669921875, "left": 1004.86669921875, "height": 22.5, "width": 391.133, "children": []}]}]}, {"name": "box175", "top": 1653.800048828125, "left": 874, "height": 91, "width": 522, "children": [{"name": "box176", "top": 1653.800048828125, "left": 874, "height": 91, "width": 110, "children": [{"name": "box177", "top": 1691.2166748046875, "left": 874, "height": 16, "width": 110, "children": [{"name": "box178", "top": 1653.800048828125, "left": 874, "height": 91, "width": 110, "children": []}]}]}, {"name": "box179", "top": 1653.800048828125, "left": 1004.8667, "height": 91, "width": 364.067, "children": [{"name": "articleTitle1", "top": 1653.800048828125, "left": 1004.86669921875, "height": 45, "width": 364, "children": [{"name": "box180", "top": 1653.800048828125, "left": 1004.86669921875, "height": 45, "width": 331.317, "children": []}]}, {"name": "box181", "top": 1706.066650390625, "left": 1004.86669921875, "height": 22.5, "width": 364.067, "children": []}]}]}, {"name": "box182", "top": 1775.800048828125, "left": 874, "height": 91, "width": 522, "children": [{"name": "box183", "top": 1775.800048828125, "left": 874, "height": 91, "width": 110, "children": [{"name": "box184", "top": 1813.2166748046875, "left": 874, "height": 16, "width": 110, "children": [{"name": "box185", "top": 1775.800048828125, "left": 874, "height": 91, "width": 110, "children": []}]}]}, {"name": "box186", "top": 1775.800048828125, "left": 1004.8667, "height": 91, "width": 391.133, "children": [{"name": "articleTitle2", "top": 1775.800048828125, "left": 1004.86669921875, "height": 45, "width": 391, "children": [{"name": "box187", "top": 1775.800048828125, "left": 1004.86669921875, "height": 45, "width": 355.933, "children": []}]}, {"name": "box188", "top": 1828.61669921875, "left": 1004.86669921875, "height": 22.5, "width": 391.133, "children": []}]}]}]}]}]}]}, {"name": "box155", "top": 1435.5999755859375, "left": 161.5, "height": 545, "width": 1280, "children": [{"name": "box156", "top": 1467.5999755859375, "left": 221.5, "height": 477.2, "width": 1160, "children": [{"name": "box157", "top": 1467.5999755859375, "left": 221.5, "height": 44.2, "width": 1160, "children": []}, {"name": "box158", "top": 1531.800048828125, "left": 221.5, "height": 413, "width": 1160, "children": [{"name": "box159", "top": 1531.800048828125, "left": 221.5, "height": 413, "width": 580, "children": [{"name": "box160", "top": 1531.800048828125, "left": 221.5, "height": 276, "width": 580, "children": [{"name": "box161", "top": 1661.7166748046875, "left": 221.5, "height": 16, "width": 580, "children": [{"name": "box162", "top": 1531.800048828125, "left": 221.5, "height": 276, "width": 580, "children": []}]}]}, {"name": "box163", "top": 1807.800048828125, "left": 221.5, "height": 80.4, "width": 580, "children": [{"name": "box165", "top": 1831, "left": 221.5, "height": 57.2, "width": 580, "children": []}]}, {"name": "box166", "top": 1899.800048828125, "left": 221.5, "height": 22.5, "width": 580, "children": []}]}, {"name": "box167", "top": 1531.800048828125, "left": 801.5, "height": 413, "width": 580, "children": [{"name": "box168", "top": 1531.800048828125, "left": 859.5, "height": 91, "width": 522, "children": [{"name": "box169", "top": 1531.800048828125, "left": 859.5, "height": 91, "width": 110, "children": [{"name": "box170", "top": 1569.2166748046875, "left": 859.5, "height": 16, "width": 110, "children": [{"name": "box171", "top": 1531.800048828125, "left": 859.5, "height": 91, "width": 110, "children": []}]}]}, {"name": "box172", "top": 1531.800048828125, "left": 990.3667, "height": 91, "width": 391.133, "children": [{"name": "articleTitle0", "top": 1531.800048828125, "left": 990.36669921875, "height": 45, "width": 391, "children": [{"name": "box173", "top": 1531.800048828125, "left": 990.36669921875, "height": 45, "width": 355.933, "children": []}]}, {"name": "box174", "top": 1584.61669921875, "left": 990.36669921875, "height": 22.5, "width": 391.133, "children": []}]}]}, {"name": "box175", "top": 1653.800048828125, "left": 859.5, "height": 91, "width": 522, "children": [{"name": "box176", "top": 1653.800048828125, "left": 859.5, "height": 91, "width": 110, "children": [{"name": "box177", "top": 1691.2166748046875, "left": 859.5, "height": 16, "width": 110, "children": [{"name": "box178", "top": 1653.800048828125, "left": 859.5, "height": 91, "width": 110, "children": []}]}]}, {"name": "box179", "top": 1653.800048828125, "left": 990.3667, "height": 91, "width": 364.067, "children": [{"name": "articleTitle1", "top": 1653.800048828125, "left": 990.36669921875, "height": 45, "width": 364, "children": [{"name": "box180", "top": 1653.800048828125, "left": 990.36669921875, "height": 45, "width": 331.317, "children": []}]}, {"name": "box181", "top": 1706.066650390625, "left": 990.36669921875, "height": 22.5, "width": 364.067, "children": []}]}]}, {"name": "box182", "top": 1775.800048828125, "left": 859.5, "height": 91, "width": 522, "children": [{"name": "box183", "top": 1775.800048828125, "left": 859.5, "height": 91, "width": 110, "children": [{"name": "box184", "top": 1813.2166748046875, "left": 859.5, "height": 16, "width": 110, "children": [{"name": "box185", "top": 1775.800048828125, "left": 859.5, "height": 91, "width": 110, "children": []}]}]}, {"name": "box186", "top": 1775.800048828125, "left": 990.3667, "height": 91, "width": 391.133, "children": [{"name": "articleTitle2", "top": 1775.800048828125, "left": 990.36669921875, "height": 45, "width": 391, "children": [{"name": "box187", "top": 1775.800048828125, "left": 990.36669921875, "height": 45, "width": 355.933, "children": []}]}, {"name": "box188", "top": 1828.61669921875, "left": 990.36669921875, "height": 22.5, "width": 391.133, "children": []}]}]}]}]}]}]}, {"name": "box155", "top": 1435.5999755859375, "left": 56, "height": 545, "width": 1280, "children": [{"name": "box156", "top": 1467.5999755859375, "left": 116, "height": 477.2, "width": 1160, "children": [{"name": "box157", "top": 1467.5999755859375, "left": 116, "height": 44.2, "width": 1160, "children": []}, {"name": "box158", "top": 1531.800048828125, "left": 116, "height": 413, "width": 1160, "children": [{"name": "box159", "top": 1531.800048828125, "left": 116, "height": 413, "width": 580, "children": [{"name": "box160", "top": 1531.800048828125, "left": 116, "height": 276, "width": 580, "children": [{"name": "box161", "top": 1661.7166748046875, "left": 116, "height": 16, "width": 580, "children": [{"name": "box162", "top": 1531.800048828125, "left": 116, "height": 276, "width": 580, "children": []}]}]}, {"name": "box163", "top": 1807.800048828125, "left": 116, "height": 80.4, "width": 580, "children": [{"name": "box165", "top": 1831, "left": 116, "height": 57.2, "width": 580, "children": []}]}, {"name": "box166", "top": 1899.800048828125, "left": 116, "height": 22.5, "width": 580, "children": []}]}, {"name": "box167", "top": 1531.800048828125, "left": 696, "height": 413, "width": 580, "children": [{"name": "box168", "top": 1531.800048828125, "left": 754, "height": 91, "width": 522, "children": [{"name": "box169", "top": 1531.800048828125, "left": 754, "height": 91, "width": 110, "children": [{"name": "box170", "top": 1569.2166748046875, "left": 754, "height": 16, "width": 110, "children": [{"name": "box171", "top": 1531.800048828125, "left": 754, "height": 91, "width": 110, "children": []}]}]}, {"name": "box172", "top": 1531.800048828125, "left": 884.8667, "height": 91, "width": 391.133, "children": [{"name": "articleTitle0", "top": 1531.800048828125, "left": 884.86669921875, "height": 45, "width": 391, "children": [{"name": "box173", "top": 1531.800048828125, "left": 884.86669921875, "height": 45, "width": 355.933, "children": []}]}, {"name": "box174", "top": 1584.61669921875, "left": 884.86669921875, "height": 22.5, "width": 391.133, "children": []}]}]}, {"name": "box175", "top": 1653.800048828125, "left": 754, "height": 91, "width": 522, "children": [{"name": "box176", "top": 1653.800048828125, "left": 754, "height": 91, "width": 110, "children": [{"name": "box177", "top": 1691.2166748046875, "left": 754, "height": 16, "width": 110, "children": [{"name": "box178", "top": 1653.800048828125, "left": 754, "height": 91, "width": 110, "children": []}]}]}, {"name": "box179", "top": 1653.800048828125, "left": 884.8667, "height": 91, "width": 364.067, "children": [{"name": "articleTitle1", "top": 1653.800048828125, "left": 884.86669921875, "height": 45, "width": 364, "children": [{"name": "box180", "top": 1653.800048828125, "left": 884.86669921875, "height": 45, "width": 331.317, "children": []}]}, {"name": "box181", "top": 1706.066650390625, "left": 884.86669921875, "height": 22.5, "width": 364.067, "children": []}]}]}, {"name": "box182", "top": 1775.800048828125, "left": 754, "height": 91, "width": 522, "children": [{"name": "box183", "top": 1775.800048828125, "left": 754, "height": 91, "width": 110, "children": [{"name": "box184", "top": 1813.2166748046875, "left": 754, "height": 16, "width": 110, "children": [{"name": "box185", "top": 1775.800048828125, "left": 754, "height": 91, "width": 110, "children": []}]}]}, {"name": "box186", "top": 1775.800048828125, "left": 884.8667, "height": 91, "width": 391.133, "children": [{"name": "articleTitle2", "top": 1775.800048828125, "left": 884.86669921875, "height": 45, "width": 391, "children": [{"name": "box187", "top": 1775.800048828125, "left": 884.86669921875, "height": 45, "width": 355.933, "children": []}]}, {"name": "box188", "top": 1828.61669921875, "left": 884.86669921875, "height": 22.5, "width": 391.133, "children": []}]}]}]}]}]}]}, {"name": "box155", "top": 1435.5999755859375, "left": 138.5, "height": 545, "width": 1280, "children": [{"name": "box156", "top": 1467.5999755859375, "left": 198.5, "height": 477.2, "width": 1160, "children": [{"name": "box157", "top": 1467.5999755859375, "left": 198.5, "height": 44.2, "width": 1160, "children": []}, {"name": "box158", "top": 1531.800048828125, "left": 198.5, "height": 413, "width": 1160, "children": [{"name": "box159", "top": 1531.800048828125, "left": 198.5, "height": 413, "width": 580, "children": [{"name": "box160", "top": 1531.800048828125, "left": 198.5, "height": 276, "width": 580, "children": [{"name": "box161", "top": 1661.7166748046875, "left": 198.5, "height": 16, "width": 580, "children": [{"name": "box162", "top": 1531.800048828125, "left": 198.5, "height": 276, "width": 580, "children": []}]}]}, {"name": "box163", "top": 1807.800048828125, "left": 198.5, "height": 80.4, "width": 580, "children": [{"name": "box165", "top": 1831, "left": 198.5, "height": 57.2, "width": 580, "children": []}]}, {"name": "box166", "top": 1899.800048828125, "left": 198.5, "height": 22.5, "width": 580, "children": []}]}, {"name": "box167", "top": 1531.800048828125, "left": 778.5, "height": 413, "width": 580, "children": [{"name": "box168", "top": 1531.800048828125, "left": 836.5, "height": 91, "width": 522, "children": [{"name": "box169", "top": 1531.800048828125, "left": 836.5, "height": 91, "width": 110, "children": [{"name": "box170", "top": 1569.2166748046875, "left": 836.5, "height": 16, "width": 110, "children": [{"name": "box171", "top": 1531.800048828125, "left": 836.5, "height": 91, "width": 110, "children": []}]}]}, {"name": "box172", "top": 1531.800048828125, "left": 967.3667, "height": 91, "width": 391.133, "children": [{"name": "articleTitle0", "top": 1531.800048828125, "left": 967.36669921875, "height": 45, "width": 391, "children": [{"name": "box173", "top": 1531.800048828125, "left": 967.36669921875, "height": 45, "width": 355.933, "children": []}]}, {"name": "box174", "top": 1584.61669921875, "left": 967.36669921875, "height": 22.5, "width": 391.133, "children": []}]}]}, {"name": "box175", "top": 1653.800048828125, "left": 836.5, "height": 91, "width": 522, "children": [{"name": "box176", "top": 1653.800048828125, "left": 836.5, "height": 91, "width": 110, "children": [{"name": "box177", "top": 1691.2166748046875, "left": 836.5, "height": 16, "width": 110, "children": [{"name": "box178", "top": 1653.800048828125, "left": 836.5, "height": 91, "width": 110, "children": []}]}]}, {"name": "box179", "top": 1653.800048828125, "left": 967.3667, "height": 91, "width": 364.067, "children": [{"name": "articleTitle1", "top": 1653.800048828125, "left": 967.36669921875, "height": 45, "width": 364, "children": [{"name": "box180", "top": 1653.800048828125, "left": 967.36669921875, "height": 45, "width": 331.317, "children": []}]}, {"name": "box181", "top": 1706.066650390625, "left": 967.36669921875, "height": 22.5, "width": 364.067, "children": []}]}]}, {"name": "box182", "top": 1775.800048828125, "left": 836.5, "height": 91, "width": 522, "children": [{"name": "box183", "top": 1775.800048828125, "left": 836.5, "height": 91, "width": 110, "children": [{"name": "box184", "top": 1813.2166748046875, "left": 836.5, "height": 16, "width": 110, "children": [{"name": "box185", "top": 1775.800048828125, "left": 836.5, "height": 91, "width": 110, "children": []}]}]}, {"name": "box186", "top": 1775.800048828125, "left": 967.3667, "height": 91, "width": 391.133, "children": [{"name": "articleTitle2", "top": 1775.800048828125, "left": 967.36669921875, "height": 45, "width": 391, "children": [{"name": "box187", "top": 1775.800048828125, "left": 967.36669921875, "height": 45, "width": 355.933, "children": []}]}, {"name": "box188", "top": 1828.61669921875, "left": 967.36669921875, "height": 22.5, "width": 391.133, "children": []}]}]}]}]}]}]}, {"name": "box155", "top": 1435.5999755859375, "left": 48, "height": 545, "width": 1280, "children": [{"name": "box156", "top": 1467.5999755859375, "left": 108, "height": 477.2, "width": 1160, "children": [{"name": "box157", "top": 1467.5999755859375, "left": 108, "height": 44.2, "width": 1160, "children": []}, {"name": "box158", "top": 1531.800048828125, "left": 108, "height": 413, "width": 1160, "children": [{"name": "box159", "top": 1531.800048828125, "left": 108, "height": 413, "width": 580, "children": [{"name": "box160", "top": 1531.800048828125, "left": 108, "height": 276, "width": 580, "children": [{"name": "box161", "top": 1661.7166748046875, "left": 108, "height": 16, "width": 580, "children": [{"name": "box162", "top": 1531.800048828125, "left": 108, "height": 276, "width": 580, "children": []}]}]}, {"name": "box163", "top": 1807.800048828125, "left": 108, "height": 80.4, "width": 580, "children": [{"name": "box165", "top": 1831, "left": 108, "height": 57.2, "width": 580, "children": []}]}, {"name": "box166", "top": 1899.800048828125, "left": 108, "height": 22.5, "width": 580, "children": []}]}, {"name": "box167", "top": 1531.800048828125, "left": 688, "height": 413, "width": 580, "children": [{"name": "box168", "top": 1531.800048828125, "left": 746, "height": 91, "width": 522, "children": [{"name": "box169", "top": 1531.800048828125, "left": 746, "height": 91, "width": 110, "children": [{"name": "box170", "top": 1569.2166748046875, "left": 746, "height": 16, "width": 110, "children": [{"name": "box171", "top": 1531.800048828125, "left": 746, "height": 91, "width": 110, "children": []}]}]}, {"name": "box172", "top": 1531.800048828125, "left": 876.8667, "height": 91, "width": 391.133, "children": [{"name": "articleTitle0", "top": 1531.800048828125, "left": 876.86669921875, "height": 45, "width": 391, "children": [{"name": "box173", "top": 1531.800048828125, "left": 876.86669921875, "height": 45, "width": 355.933, "children": []}]}, {"name": "box174", "top": 1584.61669921875, "left": 876.86669921875, "height": 22.5, "width": 391.133, "children": []}]}]}, {"name": "box175", "top": 1653.800048828125, "left": 746, "height": 91, "width": 522, "children": [{"name": "box176", "top": 1653.800048828125, "left": 746, "height": 91, "width": 110, "children": [{"name": "box177", "top": 1691.2166748046875, "left": 746, "height": 16, "width": 110, "children": [{"name": "box178", "top": 1653.800048828125, "left": 746, "height": 91, "width": 110, "children": []}]}]}, {"name": "box179", "top": 1653.800048828125, "left": 876.8667, "height": 91, "width": 364.067, "children": [{"name": "articleTitle1", "top": 1653.800048828125, "left": 876.86669921875, "height": 45, "width": 364, "children": [{"name": "box180", "top": 1653.800048828125, "left": 876.86669921875, "height": 45, "width": 331.317, "children": []}]}, {"name": "box181", "top": 1706.066650390625, "left": 876.86669921875, "height": 22.5, "width": 364.067, "children": []}]}]}, {"name": "box182", "top": 1775.800048828125, "left": 746, "height": 91, "width": 522, "children": [{"name": "box183", "top": 1775.800048828125, "left": 746, "height": 91, "width": 110, "children": [{"name": "box184", "top": 1813.2166748046875, "left": 746, "height": 16, "width": 110, "children": [{"name": "box185", "top": 1775.800048828125, "left": 746, "height": 91, "width": 110, "children": []}]}]}, {"name": "box186", "top": 1775.800048828125, "left": 876.8667, "height": 91, "width": 391.133, "children": [{"name": "articleTitle2", "top": 1775.800048828125, "left": 876.86669921875, "height": 45, "width": 391, "children": [{"name": "box187", "top": 1775.800048828125, "left": 876.86669921875, "height": 45, "width": 355.933, "children": []}]}, {"name": "box188", "top": 1828.61669921875, "left": 876.86669921875, "height": 22.5, "width": 391.133, "children": []}]}]}]}]}]}]}], "test": [{"name": "box155", "top": 1435.5999755859375, "left": 86.5, "height": 545, "width": 1280, "children": [{"name": "box156", "top": 1467.5999755859375, "left": 146.5, "height": 477.2, "width": 1160, "children": [{"name": "box157", "top": 1467.5999755859375, "left": 146.5, "height": 44.2, "width": 1160, "children": []}, {"name": "box158", "top": 1531.800048828125, "left": 146.5, "height": 413, "width": 1160, "children": [{"name": "box159", "top": 1531.800048828125, "left": 146.5, "height": 413, "width": 580, "children": [{"name": "box160", "top": 1531.800048828125, "left": 146.5, "height": 276, "width": 580, "children": [{"name": "box161", "top": 1661.7166748046875, "left": 146.5, "height": 16, "width": 580, "children": [{"name": "box162", "top": 1531.800048828125, "left": 146.5, "height": 276, "width": 580, "children": []}]}]}, {"name": "box163", "top": 1807.800048828125, "left": 146.5, "height": 80.4, "width": 580, "children": [{"name": "box165", "top": 1831, "left": 146.5, "height": 57.2, "width": 580, "children": []}]}, {"name": "box166", "top": 1899.800048828125, "left": 146.5, "height": 22.5, "width": 580, "children": []}]}, {"name": "box167", "top": 1531.800048828125, "left": 726.5, "height": 413, "width": 580, "children": [{"name": "box168", "top": 1531.800048828125, "left": 784.5, "height": 91, "width": 522, "children": [{"name": "box169", "top": 1531.800048828125, "left": 784.5, "height": 91, "width": 110, "children": [{"name": "box170", "top": 1569.2166748046875, "left": 784.5, "height": 16, "width": 110, "children": [{"name": "box171", "top": 1531.800048828125, "left": 784.5, "height": 91, "width": 110, "children": []}]}]}, {"name": "box172", "top": 1531.800048828125, "left": 915.3667, "height": 91, "width": 391.133, "children": [{"name": "articleTitle0", "top": 1531.800048828125, "left": 915.36669921875, "height": 45, "width": 391, "children": [{"name": "box173", "top": 1531.800048828125, "left": 915.36669921875, "height": 45, "width": 355.933, "children": []}]}, {"name": "box174", "top": 1584.61669921875, "left": 915.36669921875, "height": 22.5, "width": 391.133, "children": []}]}]}, {"name": "box175", "top": 1653.800048828125, "left": 784.5, "height": 91, "width": 522, "children": [{"name": "box176", "top": 1653.800048828125, "left": 784.5, "height": 91, "width": 110, "children": [{"name": "box177", "top": 1691.2166748046875, "left": 784.5, "height": 16, "width": 110, "children": [{"name": "box178", "top": 1653.800048828125, "left": 784.5, "height": 91, "width": 110, "children": []}]}]}, {"name": "box179", "top": 1653.800048828125, "left": 915.3667, "height": 91, "width": 364.067, "children": [{"name": "articleTitle1", "top": 1653.800048828125, "left": 915.36669921875, "height": 45, "width": 364, "children": [{"name": "box180", "top": 1653.800048828125, "left": 915.36669921875, "height": 45, "width": 331.317, "children": []}]}, {"name": "box181", "top": 1706.066650390625, "left": 915.36669921875, "height": 22.5, "width": 364.067, "children": []}]}]}, {"name": "box182", "top": 1775.800048828125, "left": 784.5, "height": 91, "width": 522, "children": [{"name": "box183", "top": 1775.800048828125, "left": 784.5, "height": 91, "width": 110, "children": [{"name": "box184", "top": 1813.2166748046875, "left": 784.5, "height": 16, "width": 110, "children": [{"name": "box185", "top": 1775.800048828125, "left": 784.5, "height": 91, "width": 110, "children": []}]}]}, {"name": "box186", "top": 1775.800048828125, "left": 915.3667, "height": 91, "width": 391.133, "children": [{"name": "articleTitle2", "top": 1775.800048828125, "left": 915.36669921875, "height": 45, "width": 391, "children": [{"name": "box187", "top": 1775.800048828125, "left": 915.36669921875, "height": 45, "width": 355.933, "children": []}]}, {"name": "box188", "top": 1828.61669921875, "left": 915.36669921875, "height": 22.5, "width": 391.133, "children": []}]}]}]}]}]}]}, {"name": "box155", "top": 1435.5999755859375, "left": 82.5, "height": 545, "width": 1280, "children": [{"name": "box156", "top": 1467.5999755859375, "left": 142.5, "height": 477.2, "width": 1160, "children": [{"name": "box157", "top": 1467.5999755859375, "left": 142.5, "height": 44.2, "width": 1160, "children": []}, {"name": "box158", "top": 1531.800048828125, "left": 142.5, "height": 413, "width": 1160, "children": [{"name": "box159", "top": 1531.800048828125, "left": 142.5, "height": 413, "width": 580, "children": [{"name": "box160", "top": 1531.800048828125, "left": 142.5, "height": 276, "width": 580, "children": [{"name": "box161", "top": 1661.7166748046875, "left": 142.5, "height": 16, "width": 580, "children": [{"name": "box162", "top": 1531.800048828125, "left": 142.5, "height": 276, "width": 580, "children": []}]}]}, {"name": "box163", "top": 1807.800048828125, "left": 142.5, "height": 80.4, "width": 580, "children": [{"name": "box165", "top": 1831, "left": 142.5, "height": 57.2, "width": 580, "children": []}]}, {"name": "box166", "top": 1899.800048828125, "left": 142.5, "height": 22.5, "width": 580, "children": []}]}, {"name": "box167", "top": 1531.800048828125, "left": 722.5, "height": 413, "width": 580, "children": [{"name": "box168", "top": 1531.800048828125, "left": 780.5, "height": 91, "width": 522, "children": [{"name": "box169", "top": 1531.800048828125, "left": 780.5, "height": 91, "width": 110, "children": [{"name": "box170", "top": 1569.2166748046875, "left": 780.5, "height": 16, "width": 110, "children": [{"name": "box171", "top": 1531.800048828125, "left": 780.5, "height": 91, "width": 110, "children": []}]}]}, {"name": "box172", "top": 1531.800048828125, "left": 911.3667, "height": 91, "width": 391.133, "children": [{"name": "articleTitle0", "top": 1531.800048828125, "left": 911.36669921875, "height": 45, "width": 391, "children": [{"name": "box173", "top": 1531.800048828125, "left": 911.36669921875, "height": 45, "width": 355.933, "children": []}]}, {"name": "box174", "top": 1584.61669921875, "left": 911.36669921875, "height": 22.5, "width": 391.133, "children": []}]}]}, {"name": "box175", "top": 1653.800048828125, "left": 780.5, "height": 91, "width": 522, "children": [{"name": "box176", "top": 1653.800048828125, "left": 780.5, "height": 91, "width": 110, "children": [{"name": "box177", "top": 1691.2166748046875, "left": 780.5, "height": 16, "width": 110, "children": [{"name": "box178", "top": 1653.800048828125, "left": 780.5, "height": 91, "width": 110, "children": []}]}]}, {"name": "box179", "top": 1653.800048828125, "left": 911.3667, "height": 91, "width": 364.067, "children": [{"name": "articleTitle1", "top": 1653.800048828125, "left": 911.36669921875, "height": 45, "width": 364, "children": [{"name": "box180", "top": 1653.800048828125, "left": 911.36669921875, "height": 45, "width": 331.317, "children": []}]}, {"name": "box181", "top": 1706.066650390625, "left": 911.36669921875, "height": 22.5, "width": 364.067, "children": []}]}]}, {"name": "box182", "top": 1775.800048828125, "left": 780.5, "height": 91, "width": 522, "children": [{"name": "box183", "top": 1775.800048828125, "left": 780.5, "height": 91, "width": 110, "children": [{"name": "box184", "top": 1813.2166748046875, "left": 780.5, "height": 16, "width": 110, "children": [{"name": "box185", "top": 1775.800048828125, "left": 780.5, "height": 91, "width": 110, "children": []}]}]}, {"name": "box186", "top": 1775.800048828125, "left": 911.3667, "height": 91, "width": 391.133, "children": [{"name": "articleTitle2", "top": 1775.800048828125, "left": 911.36669921875, "height": 45, "width": 391, "children": [{"name": "box187", "top": 1775.800048828125, "left": 911.36669921875, "height": 45, "width": 355.933, "children": []}]}, {"name": "box188", "top": 1828.61669921875, "left": 911.36669921875, "height": 22.5, "width": 391.133, "children": []}]}]}]}]}]}]}, {"name": "box155", "top": 1435.5999755859375, "left": 8, "height": 545, "width": 1280, "children": [{"name": "box156", "top": 1467.5999755859375, "left": 68, "height": 477.2, "width": 1160, "children": [{"name": "box157", "top": 1467.5999755859375, "left": 68, "height": 44.2, "width": 1160, "children": []}, {"name": "box158", "top": 1531.800048828125, "left": 68, "height": 413, "width": 1160, "children": [{"name": "box159", "top": 1531.800048828125, "left": 68, "height": 413, "width": 580, "children": [{"name": "box160", "top": 1531.800048828125, "left": 68, "height": 276, "width": 580, "children": [{"name": "box161", "top": 1661.7166748046875, "left": 68, "height": 16, "width": 580, "children": [{"name": "box162", "top": 1531.800048828125, "left": 68, "height": 276, "width": 580, "children": []}]}]}, {"name": "box163", "top": 1807.800048828125, "left": 68, "height": 80.4, "width": 580, "children": [{"name": "box165", "top": 1831, "left": 68, "height": 57.2, "width": 580, "children": []}]}, {"name": "box166", "top": 1899.800048828125, "left": 68, "height": 22.5, "width": 580, "children": []}]}, {"name": "box167", "top": 1531.800048828125, "left": 648, "height": 413, "width": 580, "children": [{"name": "box168", "top": 1531.800048828125, "left": 706, "height": 91, "width": 522, "children": [{"name": "box169", "top": 1531.800048828125, "left": 706, "height": 91, "width": 110, "children": [{"name": "box170", "top": 1569.2166748046875, "left": 706, "height": 16, "width": 110, "children": [{"name": "box171", "top": 1531.800048828125, "left": 706, "height": 91, "width": 110, "children": []}]}]}, {"name": "box172", "top": 1531.800048828125, "left": 836.8667, "height": 91, "width": 391.133, "children": [{"name": "articleTitle0", "top": 1531.800048828125, "left": 836.86669921875, "height": 45, "width": 391, "children": [{"name": "box173", "top": 1531.800048828125, "left": 836.86669921875, "height": 45, "width": 355.933, "children": []}]}, {"name": "box174", "top": 1584.61669921875, "left": 836.86669921875, "height": 22.5, "width": 391.133, "children": []}]}]}, {"name": "box175", "top": 1653.800048828125, "left": 706, "height": 91, "width": 522, "children": [{"name": "box176", "top": 1653.800048828125, "left": 706, "height": 91, "width": 110, "children": [{"name": "box177", "top": 1691.2166748046875, "left": 706, "height": 16, "width": 110, "children": [{"name": "box178", "top": 1653.800048828125, "left": 706, "height": 91, "width": 110, "children": []}]}]}, {"name": "box179", "top": 1653.800048828125, "left": 836.8667, "height": 91, "width": 364.067, "children": [{"name": "articleTitle1", "top": 1653.800048828125, "left": 836.86669921875, "height": 45, "width": 364, "children": [{"name": "box180", "top": 1653.800048828125, "left": 836.86669921875, "height": 45, "width": 331.317, "children": []}]}, {"name": "box181", "top": 1706.066650390625, "left": 836.86669921875, "height": 22.5, "width": 364.067, "children": []}]}]}, {"name": "box182", "top": 1775.800048828125, "left": 706, "height": 91, "width": 522, "children": [{"name": "box183", "top": 1775.800048828125, "left": 706, "height": 91, "width": 110, "children": [{"name": "box184", "top": 1813.2166748046875, "left": 706, "height": 16, "width": 110, "children": [{"name": "box185", "top": 1775.800048828125, "left": 706, "height": 91, "width": 110, "children": []}]}]}, {"name": "box186", "top": 1775.800048828125, "left": 836.8667, "height": 91, "width": 391.133, "children": [{"name": "articleTitle2", "top": 1775.800048828125, "left": 836.86669921875, "height": 45, "width": 391, "children": [{"name": "box187", "top": 1775.800048828125, "left": 836.86669921875, "height": 45, "width": 355.933, "children": []}]}, {"name": "box188", "top": 1828.61669921875, "left": 836.86669921875, "height": 22.5, "width": 391.133, "children": []}]}]}]}]}]}]}, {"name": "box155", "top": 1435.5999755859375, "left": 7, "height": 545, "width": 1280, "children": [{"name": "box156", "top": 1467.5999755859375, "left": 67, "height": 477.2, "width": 1160, "children": [{"name": "box157", "top": 1467.5999755859375, "left": 67, "height": 44.2, "width": 1160, "children": []}, {"name": "box158", "top": 1531.800048828125, "left": 67, "height": 413, "width": 1160, "children": [{"name": "box159", "top": 1531.800048828125, "left": 67, "height": 413, "width": 580, "children": [{"name": "box160", "top": 1531.800048828125, "left": 67, "height": 276, "width": 580, "children": [{"name": "box161", "top": 1661.7166748046875, "left": 67, "height": 16, "width": 580, "children": [{"name": "box162", "top": 1531.800048828125, "left": 67, "height": 276, "width": 580, "children": []}]}]}, {"name": "box163", "top": 1807.800048828125, "left": 67, "height": 80.4, "width": 580, "children": [{"name": "box165", "top": 1831, "left": 67, "height": 57.2, "width": 580, "children": []}]}, {"name": "box166", "top": 1899.800048828125, "left": 67, "height": 22.5, "width": 580, "children": []}]}, {"name": "box167", "top": 1531.800048828125, "left": 647, "height": 413, "width": 580, "children": [{"name": "box168", "top": 1531.800048828125, "left": 705, "height": 91, "width": 522, "children": [{"name": "box169", "top": 1531.800048828125, "left": 705, "height": 91, "width": 110, "children": [{"name": "box170", "top": 1569.2166748046875, "left": 705, "height": 16, "width": 110, "children": [{"name": "box171", "top": 1531.800048828125, "left": 705, "height": 91, "width": 110, "children": []}]}]}, {"name": "box172", "top": 1531.800048828125, "left": 835.8667, "height": 91, "width": 391.133, "children": [{"name": "articleTitle0", "top": 1531.800048828125, "left": 835.86669921875, "height": 45, "width": 391, "children": [{"name": "box173", "top": 1531.800048828125, "left": 835.86669921875, "height": 45, "width": 355.933, "children": []}]}, {"name": "box174", "top": 1584.61669921875, "left": 835.86669921875, "height": 22.5, "width": 391.133, "children": []}]}]}, {"name": "box175", "top": 1653.800048828125, "left": 705, "height": 91, "width": 522, "children": [{"name": "box176", "top": 1653.800048828125, "left": 705, "height": 91, "width": 110, "children": [{"name": "box177", "top": 1691.2166748046875, "left": 705, "height": 16, "width": 110, "children": [{"name": "box178", "top": 1653.800048828125, "left": 705, "height": 91, "width": 110, "children": []}]}]}, {"name": "box179", "top": 1653.800048828125, "left": 835.8667, "height": 91, "width": 364.067, "children": [{"name": "articleTitle1", "top": 1653.800048828125, "left": 835.86669921875, "height": 45, "width": 364, "children": [{"name": "box180", "top": 1653.800048828125, "left": 835.86669921875, "height": 45, "width": 331.317, "children": []}]}, {"name": "box181", "top": 1706.066650390625, "left": 835.86669921875, "height": 22.5, "width": 364.067, "children": []}]}]}, {"name": "box182", "top": 1775.800048828125, "left": 705, "height": 91, "width": 522, "children": [{"name": "box183", "top": 1775.800048828125, "left": 705, "height": 91, "width": 110, "children": [{"name": "box184", "top": 1813.2166748046875, "left": 705, "height": 16, "width": 110, "children": [{"name": "box185", "top": 1775.800048828125, "left": 705, "height": 91, "width": 110, "children": []}]}]}, {"name": "box186", "top": 1775.800048828125, "left": 835.8667, "height": 91, "width": 391.133, "children": [{"name": "articleTitle2", "top": 1775.800048828125, "left": 835.86669921875, "height": 45, "width": 391, "children": [{"name": "box187", "top": 1775.800048828125, "left": 835.86669921875, "height": 45, "width": 355.933, "children": []}]}, {"name": "box188", "top": 1828.61669921875, "left": 835.86669921875, "height": 22.5, "width": 391.133, "children": []}]}]}]}]}]}]}, {"name": "box155", "top": 1435.5999755859375, "left": 87.5, "height": 545, "width": 1280, "children": [{"name": "box156", "top": 1467.5999755859375, "left": 147.5, "height": 477.2, "width": 1160, "children": [{"name": "box157", "top": 1467.5999755859375, "left": 147.5, "height": 44.2, "width": 1160, "children": []}, {"name": "box158", "top": 1531.800048828125, "left": 147.5, "height": 413, "width": 1160, "children": [{"name": "box159", "top": 1531.800048828125, "left": 147.5, "height": 413, "width": 580, "children": [{"name": "box160", "top": 1531.800048828125, "left": 147.5, "height": 276, "width": 580, "children": [{"name": "box161", "top": 1661.7166748046875, "left": 147.5, "height": 16, "width": 580, "children": [{"name": "box162", "top": 1531.800048828125, "left": 147.5, "height": 276, "width": 580, "children": []}]}]}, {"name": "box163", "top": 1807.800048828125, "left": 147.5, "height": 80.4, "width": 580, "children": [{"name": "box165", "top": 1831, "left": 147.5, "height": 57.2, "width": 580, "children": []}]}, {"name": "box166", "top": 1899.800048828125, "left": 147.5, "height": 22.5, "width": 580, "children": []}]}, {"name": "box167", "top": 1531.800048828125, "left": 727.5, "height": 413, "width": 580, "children": [{"name": "box168", "top": 1531.800048828125, "left": 785.5, "height": 91, "width": 522, "children": [{"name": "box169", "top": 1531.800048828125, "left": 785.5, "height": 91, "width": 110, "children": [{"name": "box170", "top": 1569.2166748046875, "left": 785.5, "height": 16, "width": 110, "children": [{"name": "box171", "top": 1531.800048828125, "left": 785.5, "height": 91, "width": 110, "children": []}]}]}, {"name": "box172", "top": 1531.800048828125, "left": 916.3667, "height": 91, "width": 391.133, "children": [{"name": "articleTitle0", "top": 1531.800048828125, "left": 916.36669921875, "height": 45, "width": 391, "children": [{"name": "box173", "top": 1531.800048828125, "left": 916.36669921875, "height": 45, "width": 355.933, "children": []}]}, {"name": "box174", "top": 1584.61669921875, "left": 916.36669921875, "height": 22.5, "width": 391.133, "children": []}]}]}, {"name": "box175", "top": 1653.800048828125, "left": 785.5, "height": 91, "width": 522, "children": [{"name": "box176", "top": 1653.800048828125, "left": 785.5, "height": 91, "width": 110, "children": [{"name": "box177", "top": 1691.2166748046875, "left": 785.5, "height": 16, "width": 110, "children": [{"name": "box178", "top": 1653.800048828125, "left": 785.5, "height": 91, "width": 110, "children": []}]}]}, {"name": "box179", "top": 1653.800048828125, "left": 916.3667, "height": 91, "width": 364.067, "children": [{"name": "articleTitle1", "top": 1653.800048828125, "left": 916.36669921875, "height": 45, "width": 364, "children": [{"name": "box180", "top": 1653.800048828125, "left": 916.36669921875, "height": 45, "width": 331.317, "children": []}]}, {"name": "box181", "top": 1706.066650390625, "left": 916.36669921875, "height": 22.5, "width": 364.067, "children": []}]}]}, {"name": "box182", "top": 1775.800048828125, "left": 785.5, "height": 91, "width": 522, "children": [{"name": "box183", "top": 1775.800048828125, "left": 785.5, "height": 91, "width": 110, "children": [{"name": "box184", "top": 1813.2166748046875, "left": 785.5, "height": 16, "width": 110, "children": [{"name": "box185", "top": 1775.800048828125, "left": 785.5, "height": 91, "width": 110, "children": []}]}]}, {"name": "box186", "top": 1775.800048828125, "left": 916.3667, "height": 91, "width": 391.133, "children": [{"name": "articleTitle2", "top": 1775.800048828125, "left": 916.36669921875, "height": 45, "width": 391, "children": [{"name": "box187", "top": 1775.800048828125, "left": 916.36669921875, "height": 45, "width": 355.933, "children": []}]}, {"name": "box188", "top": 1828.61669921875, "left": 916.36669921875, "height": 22.5, "width": 391.133, "children": []}]}]}]}]}]}]}, {"name": "box155", "top": 1435.5999755859375, "left": 30.5, "height": 545, "width": 1280, "children": [{"name": "box156", "top": 1467.5999755859375, "left": 90.5, "height": 477.2, "width": 1160, "children": [{"name": "box157", "top": 1467.5999755859375, "left": 90.5, "height": 44.2, "width": 1160, "children": []}, {"name": "box158", "top": 1531.800048828125, "left": 90.5, "height": 413, "width": 1160, "children": [{"name": "box159", "top": 1531.800048828125, "left": 90.5, "height": 413, "width": 580, "children": [{"name": "box160", "top": 1531.800048828125, "left": 90.5, "height": 276, "width": 580, "children": [{"name": "box161", "top": 1661.7166748046875, "left": 90.5, "height": 16, "width": 580, "children": [{"name": "box162", "top": 1531.800048828125, "left": 90.5, "height": 276, "width": 580, "children": []}]}]}, {"name": "box163", "top": 1807.800048828125, "left": 90.5, "height": 80.4, "width": 580, "children": [{"name": "box165", "top": 1831, "left": 90.5, "height": 57.2, "width": 580, "children": []}]}, {"name": "box166", "top": 1899.800048828125, "left": 90.5, "height": 22.5, "width": 580, "children": []}]}, {"name": "box167", "top": 1531.800048828125, "left": 670.5, "height": 413, "width": 580, "children": [{"name": "box168", "top": 1531.800048828125, "left": 728.5, "height": 91, "width": 522, "children": [{"name": "box169", "top": 1531.800048828125, "left": 728.5, "height": 91, "width": 110, "children": [{"name": "box170", "top": 1569.2166748046875, "left": 728.5, "height": 16, "width": 110, "children": [{"name": "box171", "top": 1531.800048828125, "left": 728.5, "height": 91, "width": 110, "children": []}]}]}, {"name": "box172", "top": 1531.800048828125, "left": 859.3667, "height": 91, "width": 391.133, "children": [{"name": "articleTitle0", "top": 1531.800048828125, "left": 859.36669921875, "height": 45, "width": 391, "children": [{"name": "box173", "top": 1531.800048828125, "left": 859.36669921875, "height": 45, "width": 355.933, "children": []}]}, {"name": "box174", "top": 1584.61669921875, "left": 859.36669921875, "height": 22.5, "width": 391.133, "children": []}]}]}, {"name": "box175", "top": 1653.800048828125, "left": 728.5, "height": 91, "width": 522, "children": [{"name": "box176", "top": 1653.800048828125, "left": 728.5, "height": 91, "width": 110, "children": [{"name": "box177", "top": 1691.2166748046875, "left": 728.5, "height": 16, "width": 110, "children": [{"name": "box178", "top": 1653.800048828125, "left": 728.5, "height": 91, "width": 110, "children": []}]}]}, {"name": "box179", "top": 1653.800048828125, "left": 859.3667, "height": 91, "width": 364.067, "children": [{"name": "articleTitle1", "top": 1653.800048828125, "left": 859.36669921875, "height": 45, "width": 364, "children": [{"name": "box180", "top": 1653.800048828125, "left": 859.36669921875, "height": 45, "width": 331.317, "children": []}]}, {"name": "box181", "top": 1706.066650390625, "left": 859.36669921875, "height": 22.5, "width": 364.067, "children": []}]}]}, {"name": "box182", "top": 1775.800048828125, "left": 728.5, "height": 91, "width": 522, "children": [{"name": "box183", "top": 1775.800048828125, "left": 728.5, "height": 91, "width": 110, "children": [{"name": "box184", "top": 1813.2166748046875, "left": 728.5, "height": 16, "width": 110, "children": [{"name": "box185", "top": 1775.800048828125, "left": 728.5, "height": 91, "width": 110, "children": []}]}]}, {"name": "box186", "top": 1775.800048828125, "left": 859.3667, "height": 91, "width": 391.133, "children": [{"name": "articleTitle2", "top": 1775.800048828125, "left": 859.36669921875, "height": 45, "width": 391, "children": [{"name": "box187", "top": 1775.800048828125, "left": 859.36669921875, "height": 45, "width": 355.933, "children": []}]}, {"name": "box188", "top": 1828.61669921875, "left": 859.36669921875, "height": 22.5, "width": 391.133, "children": []}]}]}]}]}]}]}, {"name": "box155", "top": 1435.5999755859375, "left": 44, "height": 545, "width": 1280, "children": [{"name": "box156", "top": 1467.5999755859375, "left": 104, "height": 477.2, "width": 1160, "children": [{"name": "box157", "top": 1467.5999755859375, "left": 104, "height": 44.2, "width": 1160, "children": []}, {"name": "box158", "top": 1531.800048828125, "left": 104, "height": 413, "width": 1160, "children": [{"name": "box159", "top": 1531.800048828125, "left": 104, "height": 413, "width": 580, "children": [{"name": "box160", "top": 1531.800048828125, "left": 104, "height": 276, "width": 580, "children": [{"name": "box161", "top": 1661.7166748046875, "left": 104, "height": 16, "width": 580, "children": [{"name": "box162", "top": 1531.800048828125, "left": 104, "height": 276, "width": 580, "children": []}]}]}, {"name": "box163", "top": 1807.800048828125, "left": 104, "height": 80.4, "width": 580, "children": [{"name": "box165", "top": 1831, "left": 104, "height": 57.2, "width": 580, "children": []}]}, {"name": "box166", "top": 1899.800048828125, "left": 104, "height": 22.5, "width": 580, "children": []}]}, {"name": "box167", "top": 1531.800048828125, "left": 684, "height": 413, "width": 580, "children": [{"name": "box168", "top": 1531.800048828125, "left": 742, "height": 91, "width": 522, "children": [{"name": "box169", "top": 1531.800048828125, "left": 742, "height": 91, "width": 110, "children": [{"name": "box170", "top": 1569.2166748046875, "left": 742, "height": 16, "width": 110, "children": [{"name": "box171", "top": 1531.800048828125, "left": 742, "height": 91, "width": 110, "children": []}]}]}, {"name": "box172", "top": 1531.800048828125, "left": 872.8667, "height": 91, "width": 391.133, "children": [{"name": "articleTitle0", "top": 1531.800048828125, "left": 872.86669921875, "height": 45, "width": 391, "children": [{"name": "box173", "top": 1531.800048828125, "left": 872.86669921875, "height": 45, "width": 355.933, "children": []}]}, {"name": "box174", "top": 1584.61669921875, "left": 872.86669921875, "height": 22.5, "width": 391.133, "children": []}]}]}, {"name": "box175", "top": 1653.800048828125, "left": 742, "height": 91, "width": 522, "children": [{"name": "box176", "top": 1653.800048828125, "left": 742, "height": 91, "width": 110, "children": [{"name": "box177", "top": 1691.2166748046875, "left": 742, "height": 16, "width": 110, "children": [{"name": "box178", "top": 1653.800048828125, "left": 742, "height": 91, "width": 110, "children": []}]}]}, {"name": "box179", "top": 1653.800048828125, "left": 872.8667, "height": 91, "width": 364.067, "children": [{"name": "articleTitle1", "top": 1653.800048828125, "left": 872.86669921875, "height": 45, "width": 364, "children": [{"name": "box180", "top": 1653.800048828125, "left": 872.86669921875, "height": 45, "width": 331.317, "children": []}]}, {"name": "box181", "top": 1706.066650390625, "left": 872.86669921875, "height": 22.5, "width": 364.067, "children": []}]}]}, {"name": "box182", "top": 1775.800048828125, "left": 742, "height": 91, "width": 522, "children": [{"name": "box183", "top": 1775.800048828125, "left": 742, "height": 91, "width": 110, "children": [{"name": "box184", "top": 1813.2166748046875, "left": 742, "height": 16, "width": 110, "children": [{"name": "box185", "top": 1775.800048828125, "left": 742, "height": 91, "width": 110, "children": []}]}]}, {"name": "box186", "top": 1775.800048828125, "left": 872.8667, "height": 91, "width": 391.133, "children": [{"name": "articleTitle2", "top": 1775.800048828125, "left": 872.86669921875, "height": 45, "width": 391, "children": [{"name": "box187", "top": 1775.800048828125, "left": 872.86669921875, "height": 45, "width": 355.933, "children": []}]}, {"name": "box188", "top": 1828.61669921875, "left": 872.86669921875, "height": 22.5, "width": 391.133, "children": []}]}]}]}]}]}]}, {"name": "box155", "top": 1435.5999755859375, "left": 161, "height": 545, "width": 1280, "children": [{"name": "box156", "top": 1467.5999755859375, "left": 221, "height": 477.2, "width": 1160, "children": [{"name": "box157", "top": 1467.5999755859375, "left": 221, "height": 44.2, "width": 1160, "children": []}, {"name": "box158", "top": 1531.800048828125, "left": 221, "height": 413, "width": 1160, "children": [{"name": "box159", "top": 1531.800048828125, "left": 221, "height": 413, "width": 580, "children": [{"name": "box160", "top": 1531.800048828125, "left": 221, "height": 276, "width": 580, "children": [{"name": "box161", "top": 1661.7166748046875, "left": 221, "height": 16, "width": 580, "children": [{"name": "box162", "top": 1531.800048828125, "left": 221, "height": 276, "width": 580, "children": []}]}]}, {"name": "box163", "top": 1807.800048828125, "left": 221, "height": 80.4, "width": 580, "children": [{"name": "box165", "top": 1831, "left": 221, "height": 57.2, "width": 580, "children": []}]}, {"name": "box166", "top": 1899.800048828125, "left": 221, "height": 22.5, "width": 580, "children": []}]}, {"name": "box167", "top": 1531.800048828125, "left": 801, "height": 413, "width": 580, "children": [{"name": "box168", "top": 1531.800048828125, "left": 859, "height": 91, "width": 522, "children": [{"name": "box169", "top": 1531.800048828125, "left": 859, "height": 91, "width": 110, "children": [{"name": "box170", "top": 1569.2166748046875, "left": 859, "height": 16, "width": 110, "children": [{"name": "box171", "top": 1531.800048828125, "left": 859, "height": 91, "width": 110, "children": []}]}]}, {"name": "box172", "top": 1531.800048828125, "left": 989.8667, "height": 91, "width": 391.133, "children": [{"name": "articleTitle0", "top": 1531.800048828125, "left": 989.86669921875, "height": 45, "width": 391, "children": [{"name": "box173", "top": 1531.800048828125, "left": 989.86669921875, "height": 45, "width": 355.933, "children": []}]}, {"name": "box174", "top": 1584.61669921875, "left": 989.86669921875, "height": 22.5, "width": 391.133, "children": []}]}]}, {"name": "box175", "top": 1653.800048828125, "left": 859, "height": 91, "width": 522, "children": [{"name": "box176", "top": 1653.800048828125, "left": 859, "height": 91, "width": 110, "children": [{"name": "box177", "top": 1691.2166748046875, "left": 859, "height": 16, "width": 110, "children": [{"name": "box178", "top": 1653.800048828125, "left": 859, "height": 91, "width": 110, "children": []}]}]}, {"name": "box179", "top": 1653.800048828125, "left": 989.8667, "height": 91, "width": 364.067, "children": [{"name": "articleTitle1", "top": 1653.800048828125, "left": 989.86669921875, "height": 45, "width": 364, "children": [{"name": "box180", "top": 1653.800048828125, "left": 989.86669921875, "height": 45, "width": 331.317, "children": []}]}, {"name": "box181", "top": 1706.066650390625, "left": 989.86669921875, "height": 22.5, "width": 364.067, "children": []}]}]}, {"name": "box182", "top": 1775.800048828125, "left": 859, "height": 91, "width": 522, "children": [{"name": "box183", "top": 1775.800048828125, "left": 859, "height": 91, "width": 110, "children": [{"name": "box184", "top": 1813.2166748046875, "left": 859, "height": 16, "width": 110, "children": [{"name": "box185", "top": 1775.800048828125, "left": 859, "height": 91, "width": 110, "children": []}]}]}, {"name": "box186", "top": 1775.800048828125, "left": 989.8667, "height": 91, "width": 391.133, "children": [{"name": "articleTitle2", "top": 1775.800048828125, "left": 989.86669921875, "height": 45, "width": 391, "children": [{"name": "box187", "top": 1775.800048828125, "left": 989.86669921875, "height": 45, "width": 355.933, "children": []}]}, {"name": "box188", "top": 1828.61669921875, "left": 989.86669921875, "height": 22.5, "width": 391.133, "children": []}]}]}]}]}]}]}, {"name": "box155", "top": 1435.5999755859375, "left": 172, "height": 545, "width": 1280, "children": [{"name": "box156", "top": 1467.5999755859375, "left": 232, "height": 477.2, "width": 1160, "children": [{"name": "box157", "top": 1467.5999755859375, "left": 232, "height": 44.2, "width": 1160, "children": []}, {"name": "box158", "top": 1531.800048828125, "left": 232, "height": 413, "width": 1160, "children": [{"name": "box159", "top": 1531.800048828125, "left": 232, "height": 413, "width": 580, "children": [{"name": "box160", "top": 1531.800048828125, "left": 232, "height": 276, "width": 580, "children": [{"name": "box161", "top": 1661.7166748046875, "left": 232, "height": 16, "width": 580, "children": [{"name": "box162", "top": 1531.800048828125, "left": 232, "height": 276, "width": 580, "children": []}]}]}, {"name": "box163", "top": 1807.800048828125, "left": 232, "height": 80.4, "width": 580, "children": [{"name": "box165", "top": 1831, "left": 232, "height": 57.2, "width": 580, "children": []}]}, {"name": "box166", "top": 1899.800048828125, "left": 232, "height": 22.5, "width": 580, "children": []}]}, {"name": "box167", "top": 1531.800048828125, "left": 812, "height": 413, "width": 580, "children": [{"name": "box168", "top": 1531.800048828125, "left": 870, "height": 91, "width": 522, "children": [{"name": "box169", "top": 1531.800048828125, "left": 870, "height": 91, "width": 110, "children": [{"name": "box170", "top": 1569.2166748046875, "left": 870, "height": 16, "width": 110, "children": [{"name": "box171", "top": 1531.800048828125, "left": 870, "height": 91, "width": 110, "children": []}]}]}, {"name": "box172", "top": 1531.800048828125, "left": 1000.8667, "height": 91, "width": 391.133, "children": [{"name": "articleTitle0", "top": 1531.800048828125, "left": 1000.86669921875, "height": 45, "width": 391, "children": [{"name": "box173", "top": 1531.800048828125, "left": 1000.86669921875, "height": 45, "width": 355.933, "children": []}]}, {"name": "box174", "top": 1584.61669921875, "left": 1000.86669921875, "height": 22.5, "width": 391.133, "children": []}]}]}, {"name": "box175", "top": 1653.800048828125, "left": 870, "height": 91, "width": 522, "children": [{"name": "box176", "top": 1653.800048828125, "left": 870, "height": 91, "width": 110, "children": [{"name": "box177", "top": 1691.2166748046875, "left": 870, "height": 16, "width": 110, "children": [{"name": "box178", "top": 1653.800048828125, "left": 870, "height": 91, "width": 110, "children": []}]}]}, {"name": "box179", "top": 1653.800048828125, "left": 1000.8667, "height": 91, "width": 364.067, "children": [{"name": "articleTitle1", "top": 1653.800048828125, "left": 1000.86669921875, "height": 45, "width": 364, "children": [{"name": "box180", "top": 1653.800048828125, "left": 1000.86669921875, "height": 45, "width": 331.317, "children": []}]}, {"name": "box181", "top": 1706.066650390625, "left": 1000.86669921875, "height": 22.5, "width": 364.067, "children": []}]}]}, {"name": "box182", "top": 1775.800048828125, "left": 870, "height": 91, "width": 522, "children": [{"name": "box183", "top": 1775.800048828125, "left": 870, "height": 91, "width": 110, "children": [{"name": "box184", "top": 1813.2166748046875, "left": 870, "height": 16, "width": 110, "children": [{"name": "box185", "top": 1775.800048828125, "left": 870, "height": 91, "width": 110, "children": []}]}]}, {"name": "box186", "top": 1775.800048828125, "left": 1000.8667, "height": 91, "width": 391.133, "children": [{"name": "articleTitle2", "top": 1775.800048828125, "left": 1000.86669921875, "height": 45, "width": 391, "children": [{"name": "box187", "top": 1775.800048828125, "left": 1000.86669921875, "height": 45, "width": 355.933, "children": []}]}, {"name": "box188", "top": 1828.61669921875, "left": 1000.86669921875, "height": 22.5, "width": 391.133, "children": []}]}]}]}]}]}]}, {"name": "box155", "top": 1435.5999755859375, "left": 197.5, "height": 545, "width": 1280, "children": [{"name": "box156", "top": 1467.5999755859375, "left": 257.5, "height": 477.2, "width": 1160, "children": [{"name": "box157", "top": 1467.5999755859375, "left": 257.5, "height": 44.2, "width": 1160, "children": []}, {"name": "box158", "top": 1531.800048828125, "left": 257.5, "height": 413, "width": 1160, "children": [{"name": "box159", "top": 1531.800048828125, "left": 257.5, "height": 413, "width": 580, "children": [{"name": "box160", "top": 1531.800048828125, "left": 257.5, "height": 276, "width": 580, "children": [{"name": "box161", "top": 1661.7166748046875, "left": 257.5, "height": 16, "width": 580, "children": [{"name": "box162", "top": 1531.800048828125, "left": 257.5, "height": 276, "width": 580, "children": []}]}]}, {"name": "box163", "top": 1807.800048828125, "left": 257.5, "height": 80.4, "width": 580, "children": [{"name": "box165", "top": 1831, "left": 257.5, "height": 57.2, "width": 580, "children": []}]}, {"name": "box166", "top": 1899.800048828125, "left": 257.5, "height": 22.5, "width": 580, "children": []}]}, {"name": "box167", "top": 1531.800048828125, "left": 837.5, "height": 413, "width": 580, "children": [{"name": "box168", "top": 1531.800048828125, "left": 895.5, "height": 91, "width": 522, "children": [{"name": "box169", "top": 1531.800048828125, "left": 895.5, "height": 91, "width": 110, "children": [{"name": "box170", "top": 1569.2166748046875, "left": 895.5, "height": 16, "width": 110, "children": [{"name": "box171", "top": 1531.800048828125, "left": 895.5, "height": 91, "width": 110, "children": []}]}]}, {"name": "box172", "top": 1531.800048828125, "left": 1026.3667, "height": 91, "width": 391.133, "children": [{"name": "articleTitle0", "top": 1531.800048828125, "left": 1026.36669921875, "height": 45, "width": 391, "children": [{"name": "box173", "top": 1531.800048828125, "left": 1026.36669921875, "height": 45, "width": 355.933, "children": []}]}, {"name": "box174", "top": 1584.61669921875, "left": 1026.36669921875, "height": 22.5, "width": 391.133, "children": []}]}]}, {"name": "box175", "top": 1653.800048828125, "left": 895.5, "height": 91, "width": 522, "children": [{"name": "box176", "top": 1653.800048828125, "left": 895.5, "height": 91, "width": 110, "children": [{"name": "box177", "top": 1691.2166748046875, "left": 895.5, "height": 16, "width": 110, "children": [{"name": "box178", "top": 1653.800048828125, "left": 895.5, "height": 91, "width": 110, "children": []}]}]}, {"name": "box179", "top": 1653.800048828125, "left": 1026.3667, "height": 91, "width": 364.067, "children": [{"name": "articleTitle1", "top": 1653.800048828125, "left": 1026.36669921875, "height": 45, "width": 364, "children": [{"name": "box180", "top": 1653.800048828125, "left": 1026.36669921875, "height": 45, "width": 331.317, "children": []}]}, {"name": "box181", "top": 1706.066650390625, "left": 1026.36669921875, "height": 22.5, "width": 364.067, "children": []}]}]}, {"name": "box182", "top": 1775.800048828125, "left": 895.5, "height": 91, "width": 522, "children": [{"name": "box183", "top": 1775.800048828125, "left": 895.5, "height": 91, "width": 110, "children": [{"name": "box184", "top": 1813.2166748046875, "left": 895.5, "height": 16, "width": 110, "children": [{"name": "box185", "top": 1775.800048828125, "left": 895.5, "height": 91, "width": 110, "children": []}]}]}, {"name": "box186", "top": 1775.800048828125, "left": 1026.3667, "height": 91, "width": 391.133, "children": [{"name": "articleTitle2", "top": 1775.800048828125, "left": 1026.36669921875, "height": 45, "width": 391, "children": [{"name": "box187", "top": 1775.800048828125, "left": 1026.36669921875, "height": 45, "width": 355.933, "children": []}]}, {"name": "box188", "top": 1828.61669921875, "left": 1026.36669921875, "height": 22.5, "width": 391.133, "children": []}]}]}]}]}]}]}]}