{"name": "ieee-navigation", "bench": {"height": {"low": 33.7, "high": 33.7}, "width": {"low": 1294, "high": 1675}, "trainSeed": 235775, "testSeed": 17250987, "testSize": 10, "trainSize": 10}, "train": [{"name": "box3", "top": 0, "left": 0, "height": 33.7, "width": 1453, "children": [{"name": "box4", "top": 5.6, "left": 86.5, "height": 22.5, "width": 1280, "children": [{"name": "box5", "top": 5.600006103515625, "left": 86.5, "height": 22.5, "width": 498.683, "children": [{"name": "box6", "top": 5.600006103515625, "left": 118.5, "height": 22.5, "width": 466.683, "children": [{"name": "box7", "top": 6.850006103515625, "left": 118.5, "height": 21, "width": 56, "children": [{"name": "u-home", "top": 10.100006103515625, "left": 118.5, "height": 15, "width": 56, "children": []}]}, {"name": "box8", "top": 6.850006103515625, "left": 203.6666717529297, "height": 21, "width": 76.2333, "children": [{"name": "box9", "top": 10.100006103515625, "left": 239.43333435058594, "height": 15, "width": 40, "children": []}]}, {"name": "box10", "top": 6.850006103515625, "left": 309.066650390625, "height": 21, "width": 55.2167, "children": [{"name": "u-standards", "top": 10.100006103515625, "left": 309.066650390625, "height": 15, "width": 55, "children": []}]}, {"name": "box11", "top": 6.850006103515625, "left": 393.45001220703125, "height": 21, "width": 95.6667, "children": [{"name": "u-spectrum", "top": 10.100006103515625, "left": 393.45001220703125, "height": 15, "width": 96, "children": []}]}, {"name": "box12", "top": 6.850006103515625, "left": 518.2833251953125, "height": 21, "width": 66.9, "children": [{"name": "u-more", "top": 10.100006103515625, "left": 518.2833251953125, "height": 15, "width": 67, "children": []}]}]}]}, {"name": "box13", "top": 5.600006103515625, "left": 934.3333129882812, "height": 22.5, "width": 432.167, "children": [{"name": "box15", "top": 9.100006103515625, "left": 934.3333129882812, "height": 16, "width": 88, "children": []}, {"name": "box16", "top": 5.600006103515625, "left": 1054.6666870117188, "height": 22.5, "width": 311.833, "children": [{"name": "global-header-cart-count", "top": 6.850006103515625, "left": 1066.6666259765625, "height": 21, "width": 30.3333, "children": [{"name": "cartCount", "top": 10.100006103515625, "left": 1066.6666259765625, "height": 15, "width": 30, "children": []}]}, {"name": "box18", "top": 6.850006103515625, "left": 1126.1666259765625, "height": 21, "width": 96.4667, "children": [{"name": "box19", "top": 10.100006103515625, "left": 1126.1666259765625, "height": 15, "width": 96, "children": []}]}, {"name": "box20", "top": 6.850006103515625, "left": 1251.800048828125, "height": 21, "width": 102.7, "children": [{"name": "box21", "top": 10.100006103515625, "left": 1251.800048828125, "height": 15, "width": 103, "children": []}]}]}]}]}]}, {"name": "box3", "top": 0, "left": 0, "height": 33.7, "width": 1497, "children": [{"name": "box4", "top": 5.6, "left": 108.5, "height": 22.5, "width": 1280, "children": [{"name": "box5", "top": 5.600006103515625, "left": 108.5, "height": 22.5, "width": 498.683, "children": [{"name": "box6", "top": 5.600006103515625, "left": 140.5, "height": 22.5, "width": 466.683, "children": [{"name": "box7", "top": 6.850006103515625, "left": 140.5, "height": 21, "width": 56, "children": [{"name": "u-home", "top": 10.100006103515625, "left": 140.5, "height": 15, "width": 56, "children": []}]}, {"name": "box8", "top": 6.850006103515625, "left": 225.6666717529297, "height": 21, "width": 76.2333, "children": [{"name": "box9", "top": 10.100006103515625, "left": 261.433349609375, "height": 15, "width": 40, "children": []}]}, {"name": "box10", "top": 6.850006103515625, "left": 331.066650390625, "height": 21, "width": 55.2167, "children": [{"name": "u-standards", "top": 10.100006103515625, "left": 331.066650390625, "height": 15, "width": 55, "children": []}]}, {"name": "box11", "top": 6.850006103515625, "left": 415.45001220703125, "height": 21, "width": 95.6667, "children": [{"name": "u-spectrum", "top": 10.100006103515625, "left": 415.45001220703125, "height": 15, "width": 96, "children": []}]}, {"name": "box12", "top": 6.850006103515625, "left": 540.2833251953125, "height": 21, "width": 66.9, "children": [{"name": "u-more", "top": 10.100006103515625, "left": 540.2833251953125, "height": 15, "width": 67, "children": []}]}]}]}, {"name": "box13", "top": 5.600006103515625, "left": 956.3333129882812, "height": 22.5, "width": 432.167, "children": [{"name": "box15", "top": 9.100006103515625, "left": 956.3333129882812, "height": 16, "width": 88, "children": []}, {"name": "box16", "top": 5.600006103515625, "left": 1076.6666259765625, "height": 22.5, "width": 311.833, "children": [{"name": "global-header-cart-count", "top": 6.850006103515625, "left": 1088.6666259765625, "height": 21, "width": 30.3333, "children": [{"name": "cartCount", "top": 10.100006103515625, "left": 1088.6666259765625, "height": 15, "width": 30, "children": []}]}, {"name": "box18", "top": 6.850006103515625, "left": 1148.1666259765625, "height": 21, "width": 96.4667, "children": [{"name": "box19", "top": 10.100006103515625, "left": 1148.1666259765625, "height": 15, "width": 96, "children": []}]}, {"name": "box20", "top": 6.850006103515625, "left": 1273.800048828125, "height": 21, "width": 102.7, "children": [{"name": "box21", "top": 10.100006103515625, "left": 1273.800048828125, "height": 15, "width": 103, "children": []}]}]}]}]}]}, {"name": "box3", "top": 0, "left": 0, "height": 33.7, "width": 1329, "children": [{"name": "box4", "top": 5.6, "left": 24.5, "height": 22.5, "width": 1280, "children": [{"name": "box5", "top": 5.600006103515625, "left": 24.5, "height": 22.5, "width": 498.683, "children": [{"name": "box6", "top": 5.600006103515625, "left": 56.5, "height": 22.5, "width": 466.683, "children": [{"name": "box7", "top": 6.850006103515625, "left": 56.5, "height": 21, "width": 56, "children": [{"name": "u-home", "top": 10.100006103515625, "left": 56.5, "height": 15, "width": 56, "children": []}]}, {"name": "box8", "top": 6.850006103515625, "left": 141.6666717529297, "height": 21, "width": 76.2333, "children": [{"name": "box9", "top": 10.100006103515625, "left": 177.43333435058594, "height": 15, "width": 40, "children": []}]}, {"name": "box10", "top": 6.850006103515625, "left": 247.06666564941406, "height": 21, "width": 55.2167, "children": [{"name": "u-standards", "top": 10.100006103515625, "left": 247.06666564941406, "height": 15, "width": 55, "children": []}]}, {"name": "box11", "top": 6.850006103515625, "left": 331.45001220703125, "height": 21, "width": 95.6667, "children": [{"name": "u-spectrum", "top": 10.100006103515625, "left": 331.45001220703125, "height": 15, "width": 96, "children": []}]}, {"name": "box12", "top": 6.850006103515625, "left": 456.2833251953125, "height": 21, "width": 66.9, "children": [{"name": "u-more", "top": 10.100006103515625, "left": 456.2833251953125, "height": 15, "width": 67, "children": []}]}]}]}, {"name": "box13", "top": 5.600006103515625, "left": 872.3333129882812, "height": 22.5, "width": 432.167, "children": [{"name": "box15", "top": 9.100006103515625, "left": 872.3333129882812, "height": 16, "width": 88, "children": []}, {"name": "box16", "top": 5.600006103515625, "left": 992.6666870117188, "height": 22.5, "width": 311.833, "children": [{"name": "global-header-cart-count", "top": 6.850006103515625, "left": 1004.6666870117188, "height": 21, "width": 30.3333, "children": [{"name": "cartCount", "top": 10.100006103515625, "left": 1004.6666870117188, "height": 15, "width": 30, "children": []}]}, {"name": "box18", "top": 6.850006103515625, "left": 1064.1666259765625, "height": 21, "width": 96.4667, "children": [{"name": "box19", "top": 10.100006103515625, "left": 1064.1666259765625, "height": 15, "width": 96, "children": []}]}, {"name": "box20", "top": 6.850006103515625, "left": 1189.800048828125, "height": 21, "width": 102.7, "children": [{"name": "box21", "top": 10.100006103515625, "left": 1189.800048828125, "height": 15, "width": 103, "children": []}]}]}]}]}]}, {"name": "box3", "top": 0, "left": 0, "height": 33.7, "width": 1403, "children": [{"name": "box4", "top": 5.6, "left": 61.5, "height": 22.5, "width": 1280, "children": [{"name": "box5", "top": 5.600006103515625, "left": 61.5, "height": 22.5, "width": 498.683, "children": [{"name": "box6", "top": 5.600006103515625, "left": 93.5, "height": 22.5, "width": 466.683, "children": [{"name": "box7", "top": 6.850006103515625, "left": 93.5, "height": 21, "width": 56, "children": [{"name": "u-home", "top": 10.100006103515625, "left": 93.5, "height": 15, "width": 56, "children": []}]}, {"name": "box8", "top": 6.850006103515625, "left": 178.6666717529297, "height": 21, "width": 76.2333, "children": [{"name": "box9", "top": 10.100006103515625, "left": 214.43333435058594, "height": 15, "width": 40, "children": []}]}, {"name": "box10", "top": 6.850006103515625, "left": 284.066650390625, "height": 21, "width": 55.2167, "children": [{"name": "u-standards", "top": 10.100006103515625, "left": 284.066650390625, "height": 15, "width": 55, "children": []}]}, {"name": "box11", "top": 6.850006103515625, "left": 368.45001220703125, "height": 21, "width": 95.6667, "children": [{"name": "u-spectrum", "top": 10.100006103515625, "left": 368.45001220703125, "height": 15, "width": 96, "children": []}]}, {"name": "box12", "top": 6.850006103515625, "left": 493.2833251953125, "height": 21, "width": 66.9, "children": [{"name": "u-more", "top": 10.100006103515625, "left": 493.2833251953125, "height": 15, "width": 67, "children": []}]}]}]}, {"name": "box13", "top": 5.600006103515625, "left": 909.3333129882812, "height": 22.5, "width": 432.167, "children": [{"name": "box15", "top": 9.100006103515625, "left": 909.3333129882812, "height": 16, "width": 88, "children": []}, {"name": "box16", "top": 5.600006103515625, "left": 1029.6666870117188, "height": 22.5, "width": 311.833, "children": [{"name": "global-header-cart-count", "top": 6.850006103515625, "left": 1041.6666259765625, "height": 21, "width": 30.3333, "children": [{"name": "cartCount", "top": 10.100006103515625, "left": 1041.6666259765625, "height": 15, "width": 30, "children": []}]}, {"name": "box18", "top": 6.850006103515625, "left": 1101.1666259765625, "height": 21, "width": 96.4667, "children": [{"name": "box19", "top": 10.100006103515625, "left": 1101.1666259765625, "height": 15, "width": 96, "children": []}]}, {"name": "box20", "top": 6.850006103515625, "left": 1226.800048828125, "height": 21, "width": 102.7, "children": [{"name": "box21", "top": 10.100006103515625, "left": 1226.800048828125, "height": 15, "width": 103, "children": []}]}]}]}]}]}, {"name": "box3", "top": 0, "left": 0, "height": 33.7, "width": 1517, "children": [{"name": "box4", "top": 5.6, "left": 118.5, "height": 22.5, "width": 1280, "children": [{"name": "box5", "top": 5.600006103515625, "left": 118.5, "height": 22.5, "width": 498.683, "children": [{"name": "box6", "top": 5.600006103515625, "left": 150.5, "height": 22.5, "width": 466.683, "children": [{"name": "box7", "top": 6.850006103515625, "left": 150.5, "height": 21, "width": 56, "children": [{"name": "u-home", "top": 10.100006103515625, "left": 150.5, "height": 15, "width": 56, "children": []}]}, {"name": "box8", "top": 6.850006103515625, "left": 235.6666717529297, "height": 21, "width": 76.2333, "children": [{"name": "box9", "top": 10.100006103515625, "left": 271.433349609375, "height": 15, "width": 40, "children": []}]}, {"name": "box10", "top": 6.850006103515625, "left": 341.066650390625, "height": 21, "width": 55.2167, "children": [{"name": "u-standards", "top": 10.100006103515625, "left": 341.066650390625, "height": 15, "width": 55, "children": []}]}, {"name": "box11", "top": 6.850006103515625, "left": 425.45001220703125, "height": 21, "width": 95.6667, "children": [{"name": "u-spectrum", "top": 10.100006103515625, "left": 425.45001220703125, "height": 15, "width": 96, "children": []}]}, {"name": "box12", "top": 6.850006103515625, "left": 550.2833251953125, "height": 21, "width": 66.9, "children": [{"name": "u-more", "top": 10.100006103515625, "left": 550.2833251953125, "height": 15, "width": 67, "children": []}]}]}]}, {"name": "box13", "top": 5.600006103515625, "left": 966.3333129882812, "height": 22.5, "width": 432.167, "children": [{"name": "box15", "top": 9.100006103515625, "left": 966.3333129882812, "height": 16, "width": 88, "children": []}, {"name": "box16", "top": 5.600006103515625, "left": 1086.6666259765625, "height": 22.5, "width": 311.833, "children": [{"name": "global-header-cart-count", "top": 6.850006103515625, "left": 1098.6666259765625, "height": 21, "width": 30.3333, "children": [{"name": "cartCount", "top": 10.100006103515625, "left": 1098.6666259765625, "height": 15, "width": 30, "children": []}]}, {"name": "box18", "top": 6.850006103515625, "left": 1158.1666259765625, "height": 21, "width": 96.4667, "children": [{"name": "box19", "top": 10.100006103515625, "left": 1158.1666259765625, "height": 15, "width": 96, "children": []}]}, {"name": "box20", "top": 6.850006103515625, "left": 1283.800048828125, "height": 21, "width": 102.7, "children": [{"name": "box21", "top": 10.100006103515625, "left": 1283.800048828125, "height": 15, "width": 103, "children": []}]}]}]}]}]}, {"name": "box3", "top": 0, "left": 0, "height": 33.7, "width": 1632, "children": [{"name": "box4", "top": 5.6, "left": 176, "height": 22.5, "width": 1280, "children": [{"name": "box5", "top": 5.600006103515625, "left": 176, "height": 22.5, "width": 498.683, "children": [{"name": "box6", "top": 5.600006103515625, "left": 208, "height": 22.5, "width": 466.683, "children": [{"name": "box7", "top": 6.850006103515625, "left": 208, "height": 21, "width": 56, "children": [{"name": "u-home", "top": 10.100006103515625, "left": 208, "height": 15, "width": 56, "children": []}]}, {"name": "box8", "top": 6.850006103515625, "left": 293.16668701171875, "height": 21, "width": 76.2333, "children": [{"name": "box9", "top": 10.100006103515625, "left": 328.933349609375, "height": 15, "width": 40, "children": []}]}, {"name": "box10", "top": 6.850006103515625, "left": 398.566650390625, "height": 21, "width": 55.2167, "children": [{"name": "u-standards", "top": 10.100006103515625, "left": 398.566650390625, "height": 15, "width": 55, "children": []}]}, {"name": "box11", "top": 6.850006103515625, "left": 482.95001220703125, "height": 21, "width": 95.6667, "children": [{"name": "u-spectrum", "top": 10.100006103515625, "left": 482.95001220703125, "height": 15, "width": 96, "children": []}]}, {"name": "box12", "top": 6.850006103515625, "left": 607.7833251953125, "height": 21, "width": 66.9, "children": [{"name": "u-more", "top": 10.100006103515625, "left": 607.7833251953125, "height": 15, "width": 67, "children": []}]}]}]}, {"name": "box13", "top": 5.600006103515625, "left": 1023.8333129882812, "height": 22.5, "width": 432.167, "children": [{"name": "box15", "top": 9.100006103515625, "left": 1023.8333129882812, "height": 16, "width": 88, "children": []}, {"name": "box16", "top": 5.600006103515625, "left": 1144.1666259765625, "height": 22.5, "width": 311.833, "children": [{"name": "global-header-cart-count", "top": 6.850006103515625, "left": 1156.1666259765625, "height": 21, "width": 30.3333, "children": [{"name": "cartCount", "top": 10.100006103515625, "left": 1156.1666259765625, "height": 15, "width": 30, "children": []}]}, {"name": "box18", "top": 6.850006103515625, "left": 1215.6666259765625, "height": 21, "width": 96.4667, "children": [{"name": "box19", "top": 10.100006103515625, "left": 1215.6666259765625, "height": 15, "width": 96, "children": []}]}, {"name": "box20", "top": 6.850006103515625, "left": 1341.300048828125, "height": 21, "width": 102.7, "children": [{"name": "box21", "top": 10.100006103515625, "left": 1341.300048828125, "height": 15, "width": 103, "children": []}]}]}]}]}]}, {"name": "box3", "top": 0, "left": 0, "height": 33.7, "width": 1603, "children": [{"name": "box4", "top": 5.6, "left": 161.5, "height": 22.5, "width": 1280, "children": [{"name": "box5", "top": 5.600006103515625, "left": 161.5, "height": 22.5, "width": 498.683, "children": [{"name": "box6", "top": 5.600006103515625, "left": 193.5, "height": 22.5, "width": 466.683, "children": [{"name": "box7", "top": 6.850006103515625, "left": 193.5, "height": 21, "width": 56, "children": [{"name": "u-home", "top": 10.100006103515625, "left": 193.5, "height": 15, "width": 56, "children": []}]}, {"name": "box8", "top": 6.850006103515625, "left": 278.66668701171875, "height": 21, "width": 76.2333, "children": [{"name": "box9", "top": 10.100006103515625, "left": 314.433349609375, "height": 15, "width": 40, "children": []}]}, {"name": "box10", "top": 6.850006103515625, "left": 384.066650390625, "height": 21, "width": 55.2167, "children": [{"name": "u-standards", "top": 10.100006103515625, "left": 384.066650390625, "height": 15, "width": 55, "children": []}]}, {"name": "box11", "top": 6.850006103515625, "left": 468.45001220703125, "height": 21, "width": 95.6667, "children": [{"name": "u-spectrum", "top": 10.100006103515625, "left": 468.45001220703125, "height": 15, "width": 96, "children": []}]}, {"name": "box12", "top": 6.850006103515625, "left": 593.2833251953125, "height": 21, "width": 66.9, "children": [{"name": "u-more", "top": 10.100006103515625, "left": 593.2833251953125, "height": 15, "width": 67, "children": []}]}]}]}, {"name": "box13", "top": 5.600006103515625, "left": 1009.3333129882812, "height": 22.5, "width": 432.167, "children": [{"name": "box15", "top": 9.100006103515625, "left": 1009.3333129882812, "height": 16, "width": 88, "children": []}, {"name": "box16", "top": 5.600006103515625, "left": 1129.6666259765625, "height": 22.5, "width": 311.833, "children": [{"name": "global-header-cart-count", "top": 6.850006103515625, "left": 1141.6666259765625, "height": 21, "width": 30.3333, "children": [{"name": "cartCount", "top": 10.100006103515625, "left": 1141.6666259765625, "height": 15, "width": 30, "children": []}]}, {"name": "box18", "top": 6.850006103515625, "left": 1201.1666259765625, "height": 21, "width": 96.4667, "children": [{"name": "box19", "top": 10.100006103515625, "left": 1201.1666259765625, "height": 15, "width": 96, "children": []}]}, {"name": "box20", "top": 6.850006103515625, "left": 1326.800048828125, "height": 21, "width": 102.7, "children": [{"name": "box21", "top": 10.100006103515625, "left": 1326.800048828125, "height": 15, "width": 103, "children": []}]}]}]}]}]}, {"name": "box3", "top": 0, "left": 0, "height": 33.7, "width": 1392, "children": [{"name": "box4", "top": 5.6, "left": 56, "height": 22.5, "width": 1280, "children": [{"name": "box5", "top": 5.600006103515625, "left": 56, "height": 22.5, "width": 498.683, "children": [{"name": "box6", "top": 5.600006103515625, "left": 88, "height": 22.5, "width": 466.683, "children": [{"name": "box7", "top": 6.850006103515625, "left": 88, "height": 21, "width": 56, "children": [{"name": "u-home", "top": 10.100006103515625, "left": 88, "height": 15, "width": 56, "children": []}]}, {"name": "box8", "top": 6.850006103515625, "left": 173.1666717529297, "height": 21, "width": 76.2333, "children": [{"name": "box9", "top": 10.100006103515625, "left": 208.93333435058594, "height": 15, "width": 40, "children": []}]}, {"name": "box10", "top": 6.850006103515625, "left": 278.566650390625, "height": 21, "width": 55.2167, "children": [{"name": "u-standards", "top": 10.100006103515625, "left": 278.566650390625, "height": 15, "width": 55, "children": []}]}, {"name": "box11", "top": 6.850006103515625, "left": 362.95001220703125, "height": 21, "width": 95.6667, "children": [{"name": "u-spectrum", "top": 10.100006103515625, "left": 362.95001220703125, "height": 15, "width": 96, "children": []}]}, {"name": "box12", "top": 6.850006103515625, "left": 487.7833251953125, "height": 21, "width": 66.9, "children": [{"name": "u-more", "top": 10.100006103515625, "left": 487.7833251953125, "height": 15, "width": 67, "children": []}]}]}]}, {"name": "box13", "top": 5.600006103515625, "left": 903.8333129882812, "height": 22.5, "width": 432.167, "children": [{"name": "box15", "top": 9.100006103515625, "left": 903.8333129882812, "height": 16, "width": 88, "children": []}, {"name": "box16", "top": 5.600006103515625, "left": 1024.1666870117188, "height": 22.5, "width": 311.833, "children": [{"name": "global-header-cart-count", "top": 6.850006103515625, "left": 1036.1666259765625, "height": 21, "width": 30.3333, "children": [{"name": "cartCount", "top": 10.100006103515625, "left": 1036.1666259765625, "height": 15, "width": 30, "children": []}]}, {"name": "box18", "top": 6.850006103515625, "left": 1095.6666259765625, "height": 21, "width": 96.4667, "children": [{"name": "box19", "top": 10.100006103515625, "left": 1095.6666259765625, "height": 15, "width": 96, "children": []}]}, {"name": "box20", "top": 6.850006103515625, "left": 1221.300048828125, "height": 21, "width": 102.7, "children": [{"name": "box21", "top": 10.100006103515625, "left": 1221.300048828125, "height": 15, "width": 103, "children": []}]}]}]}]}]}, {"name": "box3", "top": 0, "left": 0, "height": 33.7, "width": 1557, "children": [{"name": "box4", "top": 5.6, "left": 138.5, "height": 22.5, "width": 1280, "children": [{"name": "box5", "top": 5.600006103515625, "left": 138.5, "height": 22.5, "width": 498.683, "children": [{"name": "box6", "top": 5.600006103515625, "left": 170.5, "height": 22.5, "width": 466.683, "children": [{"name": "box7", "top": 6.850006103515625, "left": 170.5, "height": 21, "width": 56, "children": [{"name": "u-home", "top": 10.100006103515625, "left": 170.5, "height": 15, "width": 56, "children": []}]}, {"name": "box8", "top": 6.850006103515625, "left": 255.6666717529297, "height": 21, "width": 76.2333, "children": [{"name": "box9", "top": 10.100006103515625, "left": 291.433349609375, "height": 15, "width": 40, "children": []}]}, {"name": "box10", "top": 6.850006103515625, "left": 361.066650390625, "height": 21, "width": 55.2167, "children": [{"name": "u-standards", "top": 10.100006103515625, "left": 361.066650390625, "height": 15, "width": 55, "children": []}]}, {"name": "box11", "top": 6.850006103515625, "left": 445.45001220703125, "height": 21, "width": 95.6667, "children": [{"name": "u-spectrum", "top": 10.100006103515625, "left": 445.45001220703125, "height": 15, "width": 96, "children": []}]}, {"name": "box12", "top": 6.850006103515625, "left": 570.2833251953125, "height": 21, "width": 66.9, "children": [{"name": "u-more", "top": 10.100006103515625, "left": 570.2833251953125, "height": 15, "width": 67, "children": []}]}]}]}, {"name": "box13", "top": 5.600006103515625, "left": 986.3333129882812, "height": 22.5, "width": 432.167, "children": [{"name": "box15", "top": 9.100006103515625, "left": 986.3333129882812, "height": 16, "width": 88, "children": []}, {"name": "box16", "top": 5.600006103515625, "left": 1106.6666259765625, "height": 22.5, "width": 311.833, "children": [{"name": "global-header-cart-count", "top": 6.850006103515625, "left": 1118.6666259765625, "height": 21, "width": 30.3333, "children": [{"name": "cartCount", "top": 10.100006103515625, "left": 1118.6666259765625, "height": 15, "width": 30, "children": []}]}, {"name": "box18", "top": 6.850006103515625, "left": 1178.1666259765625, "height": 21, "width": 96.4667, "children": [{"name": "box19", "top": 10.100006103515625, "left": 1178.1666259765625, "height": 15, "width": 96, "children": []}]}, {"name": "box20", "top": 6.850006103515625, "left": 1303.800048828125, "height": 21, "width": 102.7, "children": [{"name": "box21", "top": 10.100006103515625, "left": 1303.800048828125, "height": 15, "width": 103, "children": []}]}]}]}]}]}, {"name": "box3", "top": 0, "left": 0, "height": 33.7, "width": 1376, "children": [{"name": "box4", "top": 5.6, "left": 48, "height": 22.5, "width": 1280, "children": [{"name": "box5", "top": 5.600006103515625, "left": 48, "height": 22.5, "width": 498.683, "children": [{"name": "box6", "top": 5.600006103515625, "left": 80, "height": 22.5, "width": 466.683, "children": [{"name": "box7", "top": 6.850006103515625, "left": 80, "height": 21, "width": 56, "children": [{"name": "u-home", "top": 10.100006103515625, "left": 80, "height": 15, "width": 56, "children": []}]}, {"name": "box8", "top": 6.850006103515625, "left": 165.1666717529297, "height": 21, "width": 76.2333, "children": [{"name": "box9", "top": 10.100006103515625, "left": 200.93333435058594, "height": 15, "width": 40, "children": []}]}, {"name": "box10", "top": 6.850006103515625, "left": 270.566650390625, "height": 21, "width": 55.2167, "children": [{"name": "u-standards", "top": 10.100006103515625, "left": 270.566650390625, "height": 15, "width": 55, "children": []}]}, {"name": "box11", "top": 6.850006103515625, "left": 354.95001220703125, "height": 21, "width": 95.6667, "children": [{"name": "u-spectrum", "top": 10.100006103515625, "left": 354.95001220703125, "height": 15, "width": 96, "children": []}]}, {"name": "box12", "top": 6.850006103515625, "left": 479.7833251953125, "height": 21, "width": 66.9, "children": [{"name": "u-more", "top": 10.100006103515625, "left": 479.7833251953125, "height": 15, "width": 67, "children": []}]}]}]}, {"name": "box13", "top": 5.600006103515625, "left": 895.8333129882812, "height": 22.5, "width": 432.167, "children": [{"name": "box15", "top": 9.100006103515625, "left": 895.8333129882812, "height": 16, "width": 88, "children": []}, {"name": "box16", "top": 5.600006103515625, "left": 1016.1666870117188, "height": 22.5, "width": 311.833, "children": [{"name": "global-header-cart-count", "top": 6.850006103515625, "left": 1028.1666870117188, "height": 21, "width": 30.3333, "children": [{"name": "cartCount", "top": 10.100006103515625, "left": 1028.1666259765625, "height": 15, "width": 30, "children": []}]}, {"name": "box18", "top": 6.850006103515625, "left": 1087.6666259765625, "height": 21, "width": 96.4667, "children": [{"name": "box19", "top": 10.100006103515625, "left": 1087.6666259765625, "height": 15, "width": 96, "children": []}]}, {"name": "box20", "top": 6.850006103515625, "left": 1213.300048828125, "height": 21, "width": 102.7, "children": [{"name": "box21", "top": 10.100006103515625, "left": 1213.300048828125, "height": 15, "width": 103, "children": []}]}]}]}]}]}], "test": [{"name": "box3", "top": 0, "left": 0, "height": 33.7, "width": 1453, "children": [{"name": "box4", "top": 5.6, "left": 86.5, "height": 22.5, "width": 1280, "children": [{"name": "box5", "top": 5.600006103515625, "left": 86.5, "height": 22.5, "width": 498.683, "children": [{"name": "box6", "top": 5.600006103515625, "left": 118.5, "height": 22.5, "width": 466.683, "children": [{"name": "box7", "top": 6.850006103515625, "left": 118.5, "height": 21, "width": 56, "children": [{"name": "u-home", "top": 10.100006103515625, "left": 118.5, "height": 15, "width": 56, "children": []}]}, {"name": "box8", "top": 6.850006103515625, "left": 203.6666717529297, "height": 21, "width": 76.2333, "children": [{"name": "box9", "top": 10.100006103515625, "left": 239.43333435058594, "height": 15, "width": 40, "children": []}]}, {"name": "box10", "top": 6.850006103515625, "left": 309.066650390625, "height": 21, "width": 55.2167, "children": [{"name": "u-standards", "top": 10.100006103515625, "left": 309.066650390625, "height": 15, "width": 55, "children": []}]}, {"name": "box11", "top": 6.850006103515625, "left": 393.45001220703125, "height": 21, "width": 95.6667, "children": [{"name": "u-spectrum", "top": 10.100006103515625, "left": 393.45001220703125, "height": 15, "width": 96, "children": []}]}, {"name": "box12", "top": 6.850006103515625, "left": 518.2833251953125, "height": 21, "width": 66.9, "children": [{"name": "u-more", "top": 10.100006103515625, "left": 518.2833251953125, "height": 15, "width": 67, "children": []}]}]}]}, {"name": "box13", "top": 5.600006103515625, "left": 934.3333129882812, "height": 22.5, "width": 432.167, "children": [{"name": "box15", "top": 9.100006103515625, "left": 934.3333129882812, "height": 16, "width": 88, "children": []}, {"name": "box16", "top": 5.600006103515625, "left": 1054.6666870117188, "height": 22.5, "width": 311.833, "children": [{"name": "global-header-cart-count", "top": 6.850006103515625, "left": 1066.6666259765625, "height": 21, "width": 30.3333, "children": [{"name": "cartCount", "top": 10.100006103515625, "left": 1066.6666259765625, "height": 15, "width": 30, "children": []}]}, {"name": "box18", "top": 6.850006103515625, "left": 1126.1666259765625, "height": 21, "width": 96.4667, "children": [{"name": "box19", "top": 10.100006103515625, "left": 1126.1666259765625, "height": 15, "width": 96, "children": []}]}, {"name": "box20", "top": 6.850006103515625, "left": 1251.800048828125, "height": 21, "width": 102.7, "children": [{"name": "box21", "top": 10.100006103515625, "left": 1251.800048828125, "height": 15, "width": 103, "children": []}]}]}]}]}]}, {"name": "box3", "top": 0, "left": 0, "height": 33.7, "width": 1445, "children": [{"name": "box4", "top": 5.6, "left": 82.5, "height": 22.5, "width": 1280, "children": [{"name": "box5", "top": 5.600006103515625, "left": 82.5, "height": 22.5, "width": 498.683, "children": [{"name": "box6", "top": 5.600006103515625, "left": 114.5, "height": 22.5, "width": 466.683, "children": [{"name": "box7", "top": 6.850006103515625, "left": 114.5, "height": 21, "width": 56, "children": [{"name": "u-home", "top": 10.100006103515625, "left": 114.5, "height": 15, "width": 56, "children": []}]}, {"name": "box8", "top": 6.850006103515625, "left": 199.6666717529297, "height": 21, "width": 76.2333, "children": [{"name": "box9", "top": 10.100006103515625, "left": 235.43333435058594, "height": 15, "width": 40, "children": []}]}, {"name": "box10", "top": 6.850006103515625, "left": 305.066650390625, "height": 21, "width": 55.2167, "children": [{"name": "u-standards", "top": 10.100006103515625, "left": 305.066650390625, "height": 15, "width": 55, "children": []}]}, {"name": "box11", "top": 6.850006103515625, "left": 389.45001220703125, "height": 21, "width": 95.6667, "children": [{"name": "u-spectrum", "top": 10.100006103515625, "left": 389.45001220703125, "height": 15, "width": 96, "children": []}]}, {"name": "box12", "top": 6.850006103515625, "left": 514.2833251953125, "height": 21, "width": 66.9, "children": [{"name": "u-more", "top": 10.100006103515625, "left": 514.2833251953125, "height": 15, "width": 67, "children": []}]}]}]}, {"name": "box13", "top": 5.600006103515625, "left": 930.3333129882812, "height": 22.5, "width": 432.167, "children": [{"name": "box15", "top": 9.100006103515625, "left": 930.3333129882812, "height": 16, "width": 88, "children": []}, {"name": "box16", "top": 5.600006103515625, "left": 1050.6666870117188, "height": 22.5, "width": 311.833, "children": [{"name": "global-header-cart-count", "top": 6.850006103515625, "left": 1062.6666259765625, "height": 21, "width": 30.3333, "children": [{"name": "cartCount", "top": 10.100006103515625, "left": 1062.6666259765625, "height": 15, "width": 30, "children": []}]}, {"name": "box18", "top": 6.850006103515625, "left": 1122.1666259765625, "height": 21, "width": 96.4667, "children": [{"name": "box19", "top": 10.100006103515625, "left": 1122.1666259765625, "height": 15, "width": 96, "children": []}]}, {"name": "box20", "top": 6.850006103515625, "left": 1247.800048828125, "height": 21, "width": 102.7, "children": [{"name": "box21", "top": 10.100006103515625, "left": 1247.800048828125, "height": 15, "width": 103, "children": []}]}]}]}]}]}, {"name": "box3", "top": 0, "left": 0, "height": 33.7, "width": 1296, "children": [{"name": "box4", "top": 5.6, "left": 8, "height": 22.5, "width": 1280, "children": [{"name": "box5", "top": 5.600006103515625, "left": 8, "height": 22.5, "width": 498.683, "children": [{"name": "box6", "top": 5.600006103515625, "left": 40, "height": 22.5, "width": 466.683, "children": [{"name": "box7", "top": 6.850006103515625, "left": 40, "height": 21, "width": 56, "children": [{"name": "u-home", "top": 10.100006103515625, "left": 40, "height": 15, "width": 56, "children": []}]}, {"name": "box8", "top": 6.850006103515625, "left": 125.16667175292969, "height": 21, "width": 76.2333, "children": [{"name": "box9", "top": 10.100006103515625, "left": 160.93333435058594, "height": 15, "width": 40, "children": []}]}, {"name": "box10", "top": 6.850006103515625, "left": 230.56666564941406, "height": 21, "width": 55.2167, "children": [{"name": "u-standards", "top": 10.100006103515625, "left": 230.56666564941406, "height": 15, "width": 55, "children": []}]}, {"name": "box11", "top": 6.850006103515625, "left": 314.95001220703125, "height": 21, "width": 95.6667, "children": [{"name": "u-spectrum", "top": 10.100006103515625, "left": 314.95001220703125, "height": 15, "width": 96, "children": []}]}, {"name": "box12", "top": 6.850006103515625, "left": 439.7833251953125, "height": 21, "width": 66.9, "children": [{"name": "u-more", "top": 10.100006103515625, "left": 439.7833251953125, "height": 15, "width": 67, "children": []}]}]}]}, {"name": "box13", "top": 5.600006103515625, "left": 855.8333129882812, "height": 22.5, "width": 432.167, "children": [{"name": "box15", "top": 9.100006103515625, "left": 855.8333129882812, "height": 16, "width": 88, "children": []}, {"name": "box16", "top": 5.600006103515625, "left": 976.1666870117188, "height": 22.5, "width": 311.833, "children": [{"name": "global-header-cart-count", "top": 6.850006103515625, "left": 988.1666870117188, "height": 21, "width": 30.3333, "children": [{"name": "cartCount", "top": 10.100006103515625, "left": 988.1666870117188, "height": 15, "width": 30, "children": []}]}, {"name": "box18", "top": 6.850006103515625, "left": 1047.6666259765625, "height": 21, "width": 96.4667, "children": [{"name": "box19", "top": 10.100006103515625, "left": 1047.6666259765625, "height": 15, "width": 96, "children": []}]}, {"name": "box20", "top": 6.850006103515625, "left": 1173.300048828125, "height": 21, "width": 102.7, "children": [{"name": "box21", "top": 10.100006103515625, "left": 1173.300048828125, "height": 15, "width": 103, "children": []}]}]}]}]}]}, {"name": "box3", "top": 0, "left": 0, "height": 33.7, "width": 1294, "children": [{"name": "box4", "top": 5.6, "left": 7, "height": 22.5, "width": 1280, "children": [{"name": "box5", "top": 5.600006103515625, "left": 7, "height": 22.5, "width": 498.683, "children": [{"name": "box6", "top": 5.600006103515625, "left": 39, "height": 22.5, "width": 466.683, "children": [{"name": "box7", "top": 6.850006103515625, "left": 39, "height": 21, "width": 56, "children": [{"name": "u-home", "top": 10.100006103515625, "left": 39, "height": 15, "width": 56, "children": []}]}, {"name": "box8", "top": 6.850006103515625, "left": 124.16667175292969, "height": 21, "width": 76.2333, "children": [{"name": "box9", "top": 10.100006103515625, "left": 159.93333435058594, "height": 15, "width": 40, "children": []}]}, {"name": "box10", "top": 6.850006103515625, "left": 229.56666564941406, "height": 21, "width": 55.2167, "children": [{"name": "u-standards", "top": 10.100006103515625, "left": 229.56666564941406, "height": 15, "width": 55, "children": []}]}, {"name": "box11", "top": 6.850006103515625, "left": 313.95001220703125, "height": 21, "width": 95.6667, "children": [{"name": "u-spectrum", "top": 10.100006103515625, "left": 313.95001220703125, "height": 15, "width": 96, "children": []}]}, {"name": "box12", "top": 6.850006103515625, "left": 438.7833251953125, "height": 21, "width": 66.9, "children": [{"name": "u-more", "top": 10.100006103515625, "left": 438.7833251953125, "height": 15, "width": 67, "children": []}]}]}]}, {"name": "box13", "top": 5.600006103515625, "left": 854.8333129882812, "height": 22.5, "width": 432.167, "children": [{"name": "box15", "top": 9.100006103515625, "left": 854.8333129882812, "height": 16, "width": 88, "children": []}, {"name": "box16", "top": 5.600006103515625, "left": 975.1666870117188, "height": 22.5, "width": 311.833, "children": [{"name": "global-header-cart-count", "top": 6.850006103515625, "left": 987.1666870117188, "height": 21, "width": 30.3333, "children": [{"name": "cartCount", "top": 10.100006103515625, "left": 987.1666870117188, "height": 15, "width": 30, "children": []}]}, {"name": "box18", "top": 6.850006103515625, "left": 1046.6666259765625, "height": 21, "width": 96.4667, "children": [{"name": "box19", "top": 10.100006103515625, "left": 1046.6666259765625, "height": 15, "width": 96, "children": []}]}, {"name": "box20", "top": 6.850006103515625, "left": 1172.300048828125, "height": 21, "width": 102.7, "children": [{"name": "box21", "top": 10.100006103515625, "left": 1172.300048828125, "height": 15, "width": 103, "children": []}]}]}]}]}]}, {"name": "box3", "top": 0, "left": 0, "height": 33.7, "width": 1455, "children": [{"name": "box4", "top": 5.6, "left": 87.5, "height": 22.5, "width": 1280, "children": [{"name": "box5", "top": 5.600006103515625, "left": 87.5, "height": 22.5, "width": 498.683, "children": [{"name": "box6", "top": 5.600006103515625, "left": 119.5, "height": 22.5, "width": 466.683, "children": [{"name": "box7", "top": 6.850006103515625, "left": 119.5, "height": 21, "width": 56, "children": [{"name": "u-home", "top": 10.100006103515625, "left": 119.5, "height": 15, "width": 56, "children": []}]}, {"name": "box8", "top": 6.850006103515625, "left": 204.6666717529297, "height": 21, "width": 76.2333, "children": [{"name": "box9", "top": 10.100006103515625, "left": 240.43333435058594, "height": 15, "width": 40, "children": []}]}, {"name": "box10", "top": 6.850006103515625, "left": 310.066650390625, "height": 21, "width": 55.2167, "children": [{"name": "u-standards", "top": 10.100006103515625, "left": 310.066650390625, "height": 15, "width": 55, "children": []}]}, {"name": "box11", "top": 6.850006103515625, "left": 394.45001220703125, "height": 21, "width": 95.6667, "children": [{"name": "u-spectrum", "top": 10.100006103515625, "left": 394.45001220703125, "height": 15, "width": 96, "children": []}]}, {"name": "box12", "top": 6.850006103515625, "left": 519.2833251953125, "height": 21, "width": 66.9, "children": [{"name": "u-more", "top": 10.100006103515625, "left": 519.2833251953125, "height": 15, "width": 67, "children": []}]}]}]}, {"name": "box13", "top": 5.600006103515625, "left": 935.3333129882812, "height": 22.5, "width": 432.167, "children": [{"name": "box15", "top": 9.100006103515625, "left": 935.3333129882812, "height": 16, "width": 88, "children": []}, {"name": "box16", "top": 5.600006103515625, "left": 1055.6666870117188, "height": 22.5, "width": 311.833, "children": [{"name": "global-header-cart-count", "top": 6.850006103515625, "left": 1067.6666259765625, "height": 21, "width": 30.3333, "children": [{"name": "cartCount", "top": 10.100006103515625, "left": 1067.6666259765625, "height": 15, "width": 30, "children": []}]}, {"name": "box18", "top": 6.850006103515625, "left": 1127.1666259765625, "height": 21, "width": 96.4667, "children": [{"name": "box19", "top": 10.100006103515625, "left": 1127.1666259765625, "height": 15, "width": 96, "children": []}]}, {"name": "box20", "top": 6.850006103515625, "left": 1252.800048828125, "height": 21, "width": 102.7, "children": [{"name": "box21", "top": 10.100006103515625, "left": 1252.800048828125, "height": 15, "width": 103, "children": []}]}]}]}]}]}, {"name": "box3", "top": 0, "left": 0, "height": 33.7, "width": 1341, "children": [{"name": "box4", "top": 5.6, "left": 30.5, "height": 22.5, "width": 1280, "children": [{"name": "box5", "top": 5.600006103515625, "left": 30.5, "height": 22.5, "width": 498.683, "children": [{"name": "box6", "top": 5.600006103515625, "left": 62.5, "height": 22.5, "width": 466.683, "children": [{"name": "box7", "top": 6.850006103515625, "left": 62.5, "height": 21, "width": 56, "children": [{"name": "u-home", "top": 10.100006103515625, "left": 62.5, "height": 15, "width": 56, "children": []}]}, {"name": "box8", "top": 6.850006103515625, "left": 147.6666717529297, "height": 21, "width": 76.2333, "children": [{"name": "box9", "top": 10.100006103515625, "left": 183.43333435058594, "height": 15, "width": 40, "children": []}]}, {"name": "box10", "top": 6.850006103515625, "left": 253.06666564941406, "height": 21, "width": 55.2167, "children": [{"name": "u-standards", "top": 10.100006103515625, "left": 253.06666564941406, "height": 15, "width": 55, "children": []}]}, {"name": "box11", "top": 6.850006103515625, "left": 337.45001220703125, "height": 21, "width": 95.6667, "children": [{"name": "u-spectrum", "top": 10.100006103515625, "left": 337.45001220703125, "height": 15, "width": 96, "children": []}]}, {"name": "box12", "top": 6.850006103515625, "left": 462.2833251953125, "height": 21, "width": 66.9, "children": [{"name": "u-more", "top": 10.100006103515625, "left": 462.2833251953125, "height": 15, "width": 67, "children": []}]}]}]}, {"name": "box13", "top": 5.600006103515625, "left": 878.3333129882812, "height": 22.5, "width": 432.167, "children": [{"name": "box15", "top": 9.100006103515625, "left": 878.3333129882812, "height": 16, "width": 88, "children": []}, {"name": "box16", "top": 5.600006103515625, "left": 998.6666870117188, "height": 22.5, "width": 311.833, "children": [{"name": "global-header-cart-count", "top": 6.850006103515625, "left": 1010.6666870117188, "height": 21, "width": 30.3333, "children": [{"name": "cartCount", "top": 10.100006103515625, "left": 1010.6666870117188, "height": 15, "width": 30, "children": []}]}, {"name": "box18", "top": 6.850006103515625, "left": 1070.1666259765625, "height": 21, "width": 96.4667, "children": [{"name": "box19", "top": 10.100006103515625, "left": 1070.1666259765625, "height": 15, "width": 96, "children": []}]}, {"name": "box20", "top": 6.850006103515625, "left": 1195.800048828125, "height": 21, "width": 102.7, "children": [{"name": "box21", "top": 10.100006103515625, "left": 1195.800048828125, "height": 15, "width": 103, "children": []}]}]}]}]}]}, {"name": "box3", "top": 0, "left": 0, "height": 33.7, "width": 1368, "children": [{"name": "box4", "top": 5.6, "left": 44, "height": 22.5, "width": 1280, "children": [{"name": "box5", "top": 5.600006103515625, "left": 44, "height": 22.5, "width": 498.683, "children": [{"name": "box6", "top": 5.600006103515625, "left": 76, "height": 22.5, "width": 466.683, "children": [{"name": "box7", "top": 6.850006103515625, "left": 76, "height": 21, "width": 56, "children": [{"name": "u-home", "top": 10.100006103515625, "left": 76, "height": 15, "width": 56, "children": []}]}, {"name": "box8", "top": 6.850006103515625, "left": 161.1666717529297, "height": 21, "width": 76.2333, "children": [{"name": "box9", "top": 10.100006103515625, "left": 196.93333435058594, "height": 15, "width": 40, "children": []}]}, {"name": "box10", "top": 6.850006103515625, "left": 266.56666564941406, "height": 21, "width": 55.2167, "children": [{"name": "u-standards", "top": 10.100006103515625, "left": 266.566650390625, "height": 15, "width": 55, "children": []}]}, {"name": "box11", "top": 6.850006103515625, "left": 350.95001220703125, "height": 21, "width": 95.6667, "children": [{"name": "u-spectrum", "top": 10.100006103515625, "left": 350.95001220703125, "height": 15, "width": 96, "children": []}]}, {"name": "box12", "top": 6.850006103515625, "left": 475.7833251953125, "height": 21, "width": 66.9, "children": [{"name": "u-more", "top": 10.100006103515625, "left": 475.7833251953125, "height": 15, "width": 67, "children": []}]}]}]}, {"name": "box13", "top": 5.600006103515625, "left": 891.8333129882812, "height": 22.5, "width": 432.167, "children": [{"name": "box15", "top": 9.100006103515625, "left": 891.8333129882812, "height": 16, "width": 88, "children": []}, {"name": "box16", "top": 5.600006103515625, "left": 1012.1666870117188, "height": 22.5, "width": 311.833, "children": [{"name": "global-header-cart-count", "top": 6.850006103515625, "left": 1024.1666870117188, "height": 21, "width": 30.3333, "children": [{"name": "cartCount", "top": 10.100006103515625, "left": 1024.1666259765625, "height": 15, "width": 30, "children": []}]}, {"name": "box18", "top": 6.850006103515625, "left": 1083.6666259765625, "height": 21, "width": 96.4667, "children": [{"name": "box19", "top": 10.100006103515625, "left": 1083.6666259765625, "height": 15, "width": 96, "children": []}]}, {"name": "box20", "top": 6.850006103515625, "left": 1209.300048828125, "height": 21, "width": 102.7, "children": [{"name": "box21", "top": 10.100006103515625, "left": 1209.300048828125, "height": 15, "width": 103, "children": []}]}]}]}]}]}, {"name": "box3", "top": 0, "left": 0, "height": 33.7, "width": 1602, "children": [{"name": "box4", "top": 5.6, "left": 161, "height": 22.5, "width": 1280, "children": [{"name": "box5", "top": 5.600006103515625, "left": 161, "height": 22.5, "width": 498.683, "children": [{"name": "box6", "top": 5.600006103515625, "left": 193, "height": 22.5, "width": 466.683, "children": [{"name": "box7", "top": 6.850006103515625, "left": 193, "height": 21, "width": 56, "children": [{"name": "u-home", "top": 10.100006103515625, "left": 193, "height": 15, "width": 56, "children": []}]}, {"name": "box8", "top": 6.850006103515625, "left": 278.16668701171875, "height": 21, "width": 76.2333, "children": [{"name": "box9", "top": 10.100006103515625, "left": 313.933349609375, "height": 15, "width": 40, "children": []}]}, {"name": "box10", "top": 6.850006103515625, "left": 383.566650390625, "height": 21, "width": 55.2167, "children": [{"name": "u-standards", "top": 10.100006103515625, "left": 383.566650390625, "height": 15, "width": 55, "children": []}]}, {"name": "box11", "top": 6.850006103515625, "left": 467.95001220703125, "height": 21, "width": 95.6667, "children": [{"name": "u-spectrum", "top": 10.100006103515625, "left": 467.95001220703125, "height": 15, "width": 96, "children": []}]}, {"name": "box12", "top": 6.850006103515625, "left": 592.7833251953125, "height": 21, "width": 66.9, "children": [{"name": "u-more", "top": 10.100006103515625, "left": 592.7833251953125, "height": 15, "width": 67, "children": []}]}]}]}, {"name": "box13", "top": 5.600006103515625, "left": 1008.8333129882812, "height": 22.5, "width": 432.167, "children": [{"name": "box15", "top": 9.100006103515625, "left": 1008.8333129882812, "height": 16, "width": 88, "children": []}, {"name": "box16", "top": 5.600006103515625, "left": 1129.1666259765625, "height": 22.5, "width": 311.833, "children": [{"name": "global-header-cart-count", "top": 6.850006103515625, "left": 1141.1666259765625, "height": 21, "width": 30.3333, "children": [{"name": "cartCount", "top": 10.100006103515625, "left": 1141.1666259765625, "height": 15, "width": 30, "children": []}]}, {"name": "box18", "top": 6.850006103515625, "left": 1200.6666259765625, "height": 21, "width": 96.4667, "children": [{"name": "box19", "top": 10.100006103515625, "left": 1200.6666259765625, "height": 15, "width": 96, "children": []}]}, {"name": "box20", "top": 6.850006103515625, "left": 1326.300048828125, "height": 21, "width": 102.7, "children": [{"name": "box21", "top": 10.100006103515625, "left": 1326.300048828125, "height": 15, "width": 103, "children": []}]}]}]}]}]}, {"name": "box3", "top": 0, "left": 0, "height": 33.7, "width": 1624, "children": [{"name": "box4", "top": 5.6, "left": 172, "height": 22.5, "width": 1280, "children": [{"name": "box5", "top": 5.600006103515625, "left": 172, "height": 22.5, "width": 498.683, "children": [{"name": "box6", "top": 5.600006103515625, "left": 204, "height": 22.5, "width": 466.683, "children": [{"name": "box7", "top": 6.850006103515625, "left": 204, "height": 21, "width": 56, "children": [{"name": "u-home", "top": 10.100006103515625, "left": 204, "height": 15, "width": 56, "children": []}]}, {"name": "box8", "top": 6.850006103515625, "left": 289.16668701171875, "height": 21, "width": 76.2333, "children": [{"name": "box9", "top": 10.100006103515625, "left": 324.933349609375, "height": 15, "width": 40, "children": []}]}, {"name": "box10", "top": 6.850006103515625, "left": 394.566650390625, "height": 21, "width": 55.2167, "children": [{"name": "u-standards", "top": 10.100006103515625, "left": 394.566650390625, "height": 15, "width": 55, "children": []}]}, {"name": "box11", "top": 6.850006103515625, "left": 478.95001220703125, "height": 21, "width": 95.6667, "children": [{"name": "u-spectrum", "top": 10.100006103515625, "left": 478.95001220703125, "height": 15, "width": 96, "children": []}]}, {"name": "box12", "top": 6.850006103515625, "left": 603.7833251953125, "height": 21, "width": 66.9, "children": [{"name": "u-more", "top": 10.100006103515625, "left": 603.7833251953125, "height": 15, "width": 67, "children": []}]}]}]}, {"name": "box13", "top": 5.600006103515625, "left": 1019.8333129882812, "height": 22.5, "width": 432.167, "children": [{"name": "box15", "top": 9.100006103515625, "left": 1019.8333129882812, "height": 16, "width": 88, "children": []}, {"name": "box16", "top": 5.600006103515625, "left": 1140.1666259765625, "height": 22.5, "width": 311.833, "children": [{"name": "global-header-cart-count", "top": 6.850006103515625, "left": 1152.1666259765625, "height": 21, "width": 30.3333, "children": [{"name": "cartCount", "top": 10.100006103515625, "left": 1152.1666259765625, "height": 15, "width": 30, "children": []}]}, {"name": "box18", "top": 6.850006103515625, "left": 1211.6666259765625, "height": 21, "width": 96.4667, "children": [{"name": "box19", "top": 10.100006103515625, "left": 1211.6666259765625, "height": 15, "width": 96, "children": []}]}, {"name": "box20", "top": 6.850006103515625, "left": 1337.300048828125, "height": 21, "width": 102.7, "children": [{"name": "box21", "top": 10.100006103515625, "left": 1337.300048828125, "height": 15, "width": 103, "children": []}]}]}]}]}]}, {"name": "box3", "top": 0, "left": 0, "height": 33.7, "width": 1675, "children": [{"name": "box4", "top": 5.6, "left": 197.5, "height": 22.5, "width": 1280, "children": [{"name": "box5", "top": 5.600006103515625, "left": 197.5, "height": 22.5, "width": 498.683, "children": [{"name": "box6", "top": 5.600006103515625, "left": 229.5, "height": 22.5, "width": 466.683, "children": [{"name": "box7", "top": 6.850006103515625, "left": 229.5, "height": 21, "width": 56, "children": [{"name": "u-home", "top": 10.100006103515625, "left": 229.5, "height": 15, "width": 56, "children": []}]}, {"name": "box8", "top": 6.850006103515625, "left": 314.66668701171875, "height": 21, "width": 76.2333, "children": [{"name": "box9", "top": 10.100006103515625, "left": 350.433349609375, "height": 15, "width": 40, "children": []}]}, {"name": "box10", "top": 6.850006103515625, "left": 420.066650390625, "height": 21, "width": 55.2167, "children": [{"name": "u-standards", "top": 10.100006103515625, "left": 420.066650390625, "height": 15, "width": 55, "children": []}]}, {"name": "box11", "top": 6.850006103515625, "left": 504.45001220703125, "height": 21, "width": 95.6667, "children": [{"name": "u-spectrum", "top": 10.100006103515625, "left": 504.45001220703125, "height": 15, "width": 96, "children": []}]}, {"name": "box12", "top": 6.850006103515625, "left": 629.2833251953125, "height": 21, "width": 66.9, "children": [{"name": "u-more", "top": 10.100006103515625, "left": 629.2833251953125, "height": 15, "width": 67, "children": []}]}]}]}, {"name": "box13", "top": 5.600006103515625, "left": 1045.3333740234375, "height": 22.5, "width": 432.167, "children": [{"name": "box15", "top": 9.100006103515625, "left": 1045.3333740234375, "height": 16, "width": 88, "children": []}, {"name": "box16", "top": 5.600006103515625, "left": 1165.6666259765625, "height": 22.5, "width": 311.833, "children": [{"name": "global-header-cart-count", "top": 6.850006103515625, "left": 1177.6666259765625, "height": 21, "width": 30.3333, "children": [{"name": "cartCount", "top": 10.100006103515625, "left": 1177.6666259765625, "height": 15, "width": 30, "children": []}]}, {"name": "box18", "top": 6.850006103515625, "left": 1237.1666259765625, "height": 21, "width": 96.4667, "children": [{"name": "box19", "top": 10.100006103515625, "left": 1237.1666259765625, "height": 15, "width": 96, "children": []}]}, {"name": "box20", "top": 6.850006103515625, "left": 1362.800048828125, "height": 21, "width": 102.7, "children": [{"name": "box21", "top": 10.100006103515625, "left": 1362.800048828125, "height": 15, "width": 103, "children": []}]}]}]}]}]}]}