{"name": "ieee-articles", "bench": {"height": {"low": 474.2, "high": 474.2}, "width": {"low": 1160, "high": 1160}, "trainSeed": 235775, "testSeed": 17250987, "testSize": 10, "trainSize": 10}, "train": [{"name": "box120", "top": 925.4000244140625, "left": 146.5, "height": 474.2, "width": 1160, "children": [{"name": "box121", "top": 925.4000244140625, "left": 146.5, "height": 44.2, "width": 1160, "children": []}, {"name": "box122", "top": 989.5999755859375, "left": 146.5, "height": 410, "width": 1160, "children": [{"name": "box123", "top": 989.5999755859375, "left": 146.5, "height": 410, "width": 370.667, "children": [{"name": "box124", "top": 1018.5999755859375, "left": 179.3333282470703, "height": 352, "width": 305, "children": [{"name": "box126", "top": 1018.5999755859375, "left": 179.3333282470703, "height": 230, "width": 305, "children": []}, {"name": "box127", "top": 1272.5999755859375, "left": 179.3333282470703, "height": 75.5, "width": 305, "children": []}, {"name": "box129", "top": 1348.0999755859375, "left": 179.3333282470703, "height": 22.5, "width": 305, "children": [{"name": "box130", "top": 1350.5999755859375, "left": 179.3333282470703, "height": 16, "width": 87, "children": [{"name": "box131", "top": 1350.5999755859375, "left": 179.3333282470703, "height": 16, "width": 76, "children": []}, {"name": "box132", "top": 1350.5999755859375, "left": 259.2500074023437, "height": 20, "width": 7.15, "children": []}]}]}]}]}, {"name": "box133", "top": 989.5999755859375, "left": 541.1666870117188, "height": 410, "width": 370.667, "children": [{"name": "box134", "top": 1018.5999755859375, "left": 574, "height": 352, "width": 305, "children": [{"name": "box136", "top": 1018.5999755859375, "left": 574, "height": 230, "width": 305, "children": []}, {"name": "box137", "top": 1272.5999755859375, "left": 574, "height": 75.5, "width": 305, "children": []}, {"name": "box139", "top": 1348.0999755859375, "left": 574, "height": 22.5, "width": 305, "children": [{"name": "box140", "top": 1350.5999755859375, "left": 574, "height": 16, "width": 87, "children": [{"name": "box141", "top": 1350.5999755859375, "left": 574, "height": 16, "width": 76, "children": []}, {"name": "box142", "top": 1350.5999755859375, "left": 653.9166944140625, "height": 20, "width": 7.15, "children": []}]}]}]}]}, {"name": "box143", "top": 989.5999755859375, "left": 935.8333129882812, "height": 410, "width": 370.667, "children": [{"name": "box144", "top": 1018.5999755859375, "left": 968.6666870117188, "height": 352, "width": 305, "children": [{"name": "box146", "top": 1018.5999755859375, "left": 968.6666870117188, "height": 230, "width": 305, "children": []}, {"name": "box147", "top": 1272.5999755859375, "left": 968.6666870117188, "height": 75.5, "width": 305, "children": []}, {"name": "box149", "top": 1348.0999755859375, "left": 968.6666870117188, "height": 22.5, "width": 305, "children": [{"name": "box150", "top": 1350.5999755859375, "left": 968.6666870117188, "height": 16, "width": 87, "children": [{"name": "box151", "top": 1350.5999755859375, "left": 968.6666870117188, "height": 16, "width": 76, "children": []}, {"name": "box152", "top": 1350.5999755859375, "left": 1048.583320390625, "height": 20, "width": 7.15, "children": []}]}]}]}]}]}]}, {"name": "box120", "top": 925.4000244140625, "left": 168.5, "height": 474.2, "width": 1160, "children": [{"name": "box121", "top": 925.4000244140625, "left": 168.5, "height": 44.2, "width": 1160, "children": []}, {"name": "box122", "top": 989.5999755859375, "left": 168.5, "height": 410, "width": 1160, "children": [{"name": "box123", "top": 989.5999755859375, "left": 168.5, "height": 410, "width": 370.667, "children": [{"name": "box124", "top": 1018.5999755859375, "left": 201.3333282470703, "height": 352, "width": 305, "children": [{"name": "box126", "top": 1018.5999755859375, "left": 201.3333282470703, "height": 230, "width": 305, "children": []}, {"name": "box127", "top": 1272.5999755859375, "left": 201.3333282470703, "height": 75.5, "width": 305, "children": []}, {"name": "box129", "top": 1348.0999755859375, "left": 201.3333282470703, "height": 22.5, "width": 305, "children": [{"name": "box130", "top": 1350.5999755859375, "left": 201.3333282470703, "height": 16, "width": 87, "children": [{"name": "box131", "top": 1350.5999755859375, "left": 201.3333282470703, "height": 16, "width": 76, "children": []}, {"name": "box132", "top": 1350.5999755859375, "left": 281.2500074023437, "height": 20, "width": 7.15, "children": []}]}]}]}]}, {"name": "box133", "top": 989.5999755859375, "left": 563.1666870117188, "height": 410, "width": 370.667, "children": [{"name": "box134", "top": 1018.5999755859375, "left": 596, "height": 352, "width": 305, "children": [{"name": "box136", "top": 1018.5999755859375, "left": 596, "height": 230, "width": 305, "children": []}, {"name": "box137", "top": 1272.5999755859375, "left": 596, "height": 75.5, "width": 305, "children": []}, {"name": "box139", "top": 1348.0999755859375, "left": 596, "height": 22.5, "width": 305, "children": [{"name": "box140", "top": 1350.5999755859375, "left": 596, "height": 16, "width": 87, "children": [{"name": "box141", "top": 1350.5999755859375, "left": 596, "height": 16, "width": 76, "children": []}, {"name": "box142", "top": 1350.5999755859375, "left": 675.9166944140625, "height": 20, "width": 7.15, "children": []}]}]}]}]}, {"name": "box143", "top": 989.5999755859375, "left": 957.8333129882812, "height": 410, "width": 370.667, "children": [{"name": "box144", "top": 1018.5999755859375, "left": 990.6666870117188, "height": 352, "width": 305, "children": [{"name": "box146", "top": 1018.5999755859375, "left": 990.6666870117188, "height": 230, "width": 305, "children": []}, {"name": "box147", "top": 1272.5999755859375, "left": 990.6666870117188, "height": 75.5, "width": 305, "children": []}, {"name": "box149", "top": 1348.0999755859375, "left": 990.6666870117188, "height": 22.5, "width": 305, "children": [{"name": "box150", "top": 1350.5999755859375, "left": 990.6666870117188, "height": 16, "width": 87, "children": [{"name": "box151", "top": 1350.5999755859375, "left": 990.6666870117188, "height": 16, "width": 76, "children": []}, {"name": "box152", "top": 1350.5999755859375, "left": 1070.583320390625, "height": 20, "width": 7.15, "children": []}]}]}]}]}]}]}, {"name": "box120", "top": 925.4000244140625, "left": 84.5, "height": 474.2, "width": 1160, "children": [{"name": "box121", "top": 925.4000244140625, "left": 84.5, "height": 44.2, "width": 1160, "children": []}, {"name": "box122", "top": 989.5999755859375, "left": 84.5, "height": 410, "width": 1160, "children": [{"name": "box123", "top": 989.5999755859375, "left": 84.5, "height": 410, "width": 370.667, "children": [{"name": "box124", "top": 1018.5999755859375, "left": 117.33332824707031, "height": 352, "width": 305, "children": [{"name": "box126", "top": 1018.5999755859375, "left": 117.33332824707031, "height": 230, "width": 305, "children": []}, {"name": "box127", "top": 1272.5999755859375, "left": 117.33332824707031, "height": 75.5, "width": 305, "children": []}, {"name": "box129", "top": 1348.0999755859375, "left": 117.33332824707031, "height": 22.5, "width": 305, "children": [{"name": "box130", "top": 1350.5999755859375, "left": 117.33332824707031, "height": 16, "width": 87, "children": [{"name": "box131", "top": 1350.5999755859375, "left": 117.33332824707031, "height": 16, "width": 76, "children": []}, {"name": "box132", "top": 1350.5999755859375, "left": 197.25000740234375, "height": 20, "width": 7.15, "children": []}]}]}]}]}, {"name": "box133", "top": 989.5999755859375, "left": 479.16668701171875, "height": 410, "width": 370.667, "children": [{"name": "box134", "top": 1018.5999755859375, "left": 512, "height": 352, "width": 305, "children": [{"name": "box136", "top": 1018.5999755859375, "left": 512, "height": 230, "width": 305, "children": []}, {"name": "box137", "top": 1272.5999755859375, "left": 512, "height": 75.5, "width": 305, "children": []}, {"name": "box139", "top": 1348.0999755859375, "left": 512, "height": 22.5, "width": 305, "children": [{"name": "box140", "top": 1350.5999755859375, "left": 512, "height": 16, "width": 87, "children": [{"name": "box141", "top": 1350.5999755859375, "left": 512, "height": 16, "width": 76, "children": []}, {"name": "box142", "top": 1350.5999755859375, "left": 591.9166944140625, "height": 20, "width": 7.15, "children": []}]}]}]}]}, {"name": "box143", "top": 989.5999755859375, "left": 873.8333129882812, "height": 410, "width": 370.667, "children": [{"name": "box144", "top": 1018.5999755859375, "left": 906.6666870117188, "height": 352, "width": 305, "children": [{"name": "box146", "top": 1018.5999755859375, "left": 906.6666870117188, "height": 230, "width": 305, "children": []}, {"name": "box147", "top": 1272.5999755859375, "left": 906.6666870117188, "height": 75.5, "width": 305, "children": []}, {"name": "box149", "top": 1348.0999755859375, "left": 906.6666870117188, "height": 22.5, "width": 305, "children": [{"name": "box150", "top": 1350.5999755859375, "left": 906.6666870117188, "height": 16, "width": 87, "children": [{"name": "box151", "top": 1350.5999755859375, "left": 906.6666870117188, "height": 16, "width": 76, "children": []}, {"name": "box152", "top": 1350.5999755859375, "left": 986.583320390625, "height": 20, "width": 7.15, "children": []}]}]}]}]}]}]}, {"name": "box120", "top": 925.4000244140625, "left": 121.5, "height": 474.2, "width": 1160, "children": [{"name": "box121", "top": 925.4000244140625, "left": 121.5, "height": 44.2, "width": 1160, "children": []}, {"name": "box122", "top": 989.5999755859375, "left": 121.5, "height": 410, "width": 1160, "children": [{"name": "box123", "top": 989.5999755859375, "left": 121.5, "height": 410, "width": 370.667, "children": [{"name": "box124", "top": 1018.5999755859375, "left": 154.3333282470703, "height": 352, "width": 305, "children": [{"name": "box126", "top": 1018.5999755859375, "left": 154.3333282470703, "height": 230, "width": 305, "children": []}, {"name": "box127", "top": 1272.5999755859375, "left": 154.3333282470703, "height": 75.5, "width": 305, "children": []}, {"name": "box129", "top": 1348.0999755859375, "left": 154.3333282470703, "height": 22.5, "width": 305, "children": [{"name": "box130", "top": 1350.5999755859375, "left": 154.3333282470703, "height": 16, "width": 87, "children": [{"name": "box131", "top": 1350.5999755859375, "left": 154.3333282470703, "height": 16, "width": 76, "children": []}, {"name": "box132", "top": 1350.5999755859375, "left": 234.25000740234375, "height": 20, "width": 7.15, "children": []}]}]}]}]}, {"name": "box133", "top": 989.5999755859375, "left": 516.1666870117188, "height": 410, "width": 370.667, "children": [{"name": "box134", "top": 1018.5999755859375, "left": 549, "height": 352, "width": 305, "children": [{"name": "box136", "top": 1018.5999755859375, "left": 549, "height": 230, "width": 305, "children": []}, {"name": "box137", "top": 1272.5999755859375, "left": 549, "height": 75.5, "width": 305, "children": []}, {"name": "box139", "top": 1348.0999755859375, "left": 549, "height": 22.5, "width": 305, "children": [{"name": "box140", "top": 1350.5999755859375, "left": 549, "height": 16, "width": 87, "children": [{"name": "box141", "top": 1350.5999755859375, "left": 549, "height": 16, "width": 76, "children": []}, {"name": "box142", "top": 1350.5999755859375, "left": 628.9166944140625, "height": 20, "width": 7.15, "children": []}]}]}]}]}, {"name": "box143", "top": 989.5999755859375, "left": 910.8333129882812, "height": 410, "width": 370.667, "children": [{"name": "box144", "top": 1018.5999755859375, "left": 943.6666870117188, "height": 352, "width": 305, "children": [{"name": "box146", "top": 1018.5999755859375, "left": 943.6666870117188, "height": 230, "width": 305, "children": []}, {"name": "box147", "top": 1272.5999755859375, "left": 943.6666870117188, "height": 75.5, "width": 305, "children": []}, {"name": "box149", "top": 1348.0999755859375, "left": 943.6666870117188, "height": 22.5, "width": 305, "children": [{"name": "box150", "top": 1350.5999755859375, "left": 943.6666870117188, "height": 16, "width": 87, "children": [{"name": "box151", "top": 1350.5999755859375, "left": 943.6666870117188, "height": 16, "width": 76, "children": []}, {"name": "box152", "top": 1350.5999755859375, "left": 1023.583320390625, "height": 20, "width": 7.15, "children": []}]}]}]}]}]}]}, {"name": "box120", "top": 925.4000244140625, "left": 178.5, "height": 474.2, "width": 1160, "children": [{"name": "box121", "top": 925.4000244140625, "left": 178.5, "height": 44.2, "width": 1160, "children": []}, {"name": "box122", "top": 989.5999755859375, "left": 178.5, "height": 410, "width": 1160, "children": [{"name": "box123", "top": 989.5999755859375, "left": 178.5, "height": 410, "width": 370.667, "children": [{"name": "box124", "top": 1018.5999755859375, "left": 211.3333282470703, "height": 352, "width": 305, "children": [{"name": "box126", "top": 1018.5999755859375, "left": 211.3333282470703, "height": 230, "width": 305, "children": []}, {"name": "box127", "top": 1272.5999755859375, "left": 211.3333282470703, "height": 75.5, "width": 305, "children": []}, {"name": "box129", "top": 1348.0999755859375, "left": 211.3333282470703, "height": 22.5, "width": 305, "children": [{"name": "box130", "top": 1350.5999755859375, "left": 211.3333282470703, "height": 16, "width": 87, "children": [{"name": "box131", "top": 1350.5999755859375, "left": 211.3333282470703, "height": 16, "width": 76, "children": []}, {"name": "box132", "top": 1350.5999755859375, "left": 291.2500074023437, "height": 20, "width": 7.15, "children": []}]}]}]}]}, {"name": "box133", "top": 989.5999755859375, "left": 573.1666870117188, "height": 410, "width": 370.667, "children": [{"name": "box134", "top": 1018.5999755859375, "left": 606, "height": 352, "width": 305, "children": [{"name": "box136", "top": 1018.5999755859375, "left": 606, "height": 230, "width": 305, "children": []}, {"name": "box137", "top": 1272.5999755859375, "left": 606, "height": 75.5, "width": 305, "children": []}, {"name": "box139", "top": 1348.0999755859375, "left": 606, "height": 22.5, "width": 305, "children": [{"name": "box140", "top": 1350.5999755859375, "left": 606, "height": 16, "width": 87, "children": [{"name": "box141", "top": 1350.5999755859375, "left": 606, "height": 16, "width": 76, "children": []}, {"name": "box142", "top": 1350.5999755859375, "left": 685.9166944140625, "height": 20, "width": 7.15, "children": []}]}]}]}]}, {"name": "box143", "top": 989.5999755859375, "left": 967.8333129882812, "height": 410, "width": 370.667, "children": [{"name": "box144", "top": 1018.5999755859375, "left": 1000.6666870117188, "height": 352, "width": 305, "children": [{"name": "box146", "top": 1018.5999755859375, "left": 1000.6666870117188, "height": 230, "width": 305, "children": []}, {"name": "box147", "top": 1272.5999755859375, "left": 1000.6666870117188, "height": 75.5, "width": 305, "children": []}, {"name": "box149", "top": 1348.0999755859375, "left": 1000.6666870117188, "height": 22.5, "width": 305, "children": [{"name": "box150", "top": 1350.5999755859375, "left": 1000.6666870117188, "height": 16, "width": 87, "children": [{"name": "box151", "top": 1350.5999755859375, "left": 1000.6666870117188, "height": 16, "width": 76, "children": []}, {"name": "box152", "top": 1350.5999755859375, "left": 1080.583320390625, "height": 20, "width": 7.15, "children": []}]}]}]}]}]}]}, {"name": "box120", "top": 925.4000244140625, "left": 236, "height": 474.2, "width": 1160, "children": [{"name": "box121", "top": 925.4000244140625, "left": 236, "height": 44.2, "width": 1160, "children": []}, {"name": "box122", "top": 989.5999755859375, "left": 236, "height": 410, "width": 1160, "children": [{"name": "box123", "top": 989.5999755859375, "left": 236, "height": 410, "width": 370.667, "children": [{"name": "box124", "top": 1018.5999755859375, "left": 268.83331298828125, "height": 352, "width": 305, "children": [{"name": "box126", "top": 1018.5999755859375, "left": 268.83331298828125, "height": 230, "width": 305, "children": []}, {"name": "box127", "top": 1272.5999755859375, "left": 268.83331298828125, "height": 75.5, "width": 305, "children": []}, {"name": "box129", "top": 1348.0999755859375, "left": 268.83331298828125, "height": 22.5, "width": 305, "children": [{"name": "box130", "top": 1350.5999755859375, "left": 268.83331298828125, "height": 16, "width": 87, "children": [{"name": "box131", "top": 1350.5999755859375, "left": 268.83331298828125, "height": 16, "width": 76, "children": []}, {"name": "box132", "top": 1350.5999755859375, "left": 348.7500074023437, "height": 20, "width": 7.15, "children": []}]}]}]}]}, {"name": "box133", "top": 989.5999755859375, "left": 630.6666870117188, "height": 410, "width": 370.667, "children": [{"name": "box134", "top": 1018.5999755859375, "left": 663.5, "height": 352, "width": 305, "children": [{"name": "box136", "top": 1018.5999755859375, "left": 663.5, "height": 230, "width": 305, "children": []}, {"name": "box137", "top": 1272.5999755859375, "left": 663.5, "height": 75.5, "width": 305, "children": []}, {"name": "box139", "top": 1348.0999755859375, "left": 663.5, "height": 22.5, "width": 305, "children": [{"name": "box140", "top": 1350.5999755859375, "left": 663.5, "height": 16, "width": 87, "children": [{"name": "box141", "top": 1350.5999755859375, "left": 663.5, "height": 16, "width": 76, "children": []}, {"name": "box142", "top": 1350.5999755859375, "left": 743.4166944140625, "height": 20, "width": 7.15, "children": []}]}]}]}]}, {"name": "box143", "top": 989.5999755859375, "left": 1025.3333740234375, "height": 410, "width": 370.667, "children": [{"name": "box144", "top": 1018.5999755859375, "left": 1058.1666259765625, "height": 352, "width": 305, "children": [{"name": "box146", "top": 1018.5999755859375, "left": 1058.1666259765625, "height": 230, "width": 305, "children": []}, {"name": "box147", "top": 1272.5999755859375, "left": 1058.1666259765625, "height": 75.5, "width": 305, "children": []}, {"name": "box149", "top": 1348.0999755859375, "left": 1058.1666259765625, "height": 22.5, "width": 305, "children": [{"name": "box150", "top": 1350.5999755859375, "left": 1058.1666259765625, "height": 16, "width": 87, "children": [{"name": "box151", "top": 1350.5999755859375, "left": 1058.1666259765625, "height": 16, "width": 76, "children": []}, {"name": "box152", "top": 1350.5999755859375, "left": 1138.083320390625, "height": 20, "width": 7.15, "children": []}]}]}]}]}]}]}, {"name": "box120", "top": 925.4000244140625, "left": 221.5, "height": 474.2, "width": 1160, "children": [{"name": "box121", "top": 925.4000244140625, "left": 221.5, "height": 44.2, "width": 1160, "children": []}, {"name": "box122", "top": 989.5999755859375, "left": 221.5, "height": 410, "width": 1160, "children": [{"name": "box123", "top": 989.5999755859375, "left": 221.5, "height": 410, "width": 370.667, "children": [{"name": "box124", "top": 1018.5999755859375, "left": 254.3333282470703, "height": 352, "width": 305, "children": [{"name": "box126", "top": 1018.5999755859375, "left": 254.3333282470703, "height": 230, "width": 305, "children": []}, {"name": "box127", "top": 1272.5999755859375, "left": 254.3333282470703, "height": 75.5, "width": 305, "children": []}, {"name": "box129", "top": 1348.0999755859375, "left": 254.3333282470703, "height": 22.5, "width": 305, "children": [{"name": "box130", "top": 1350.5999755859375, "left": 254.3333282470703, "height": 16, "width": 87, "children": [{"name": "box131", "top": 1350.5999755859375, "left": 254.3333282470703, "height": 16, "width": 76, "children": []}, {"name": "box132", "top": 1350.5999755859375, "left": 334.2500074023437, "height": 20, "width": 7.15, "children": []}]}]}]}]}, {"name": "box133", "top": 989.5999755859375, "left": 616.1666870117188, "height": 410, "width": 370.667, "children": [{"name": "box134", "top": 1018.5999755859375, "left": 649, "height": 352, "width": 305, "children": [{"name": "box136", "top": 1018.5999755859375, "left": 649, "height": 230, "width": 305, "children": []}, {"name": "box137", "top": 1272.5999755859375, "left": 649, "height": 75.5, "width": 305, "children": []}, {"name": "box139", "top": 1348.0999755859375, "left": 649, "height": 22.5, "width": 305, "children": [{"name": "box140", "top": 1350.5999755859375, "left": 649, "height": 16, "width": 87, "children": [{"name": "box141", "top": 1350.5999755859375, "left": 649, "height": 16, "width": 76, "children": []}, {"name": "box142", "top": 1350.5999755859375, "left": 728.9166944140625, "height": 20, "width": 7.15, "children": []}]}]}]}]}, {"name": "box143", "top": 989.5999755859375, "left": 1010.8333129882812, "height": 410, "width": 370.667, "children": [{"name": "box144", "top": 1018.5999755859375, "left": 1043.6666259765625, "height": 352, "width": 305, "children": [{"name": "box146", "top": 1018.5999755859375, "left": 1043.6666259765625, "height": 230, "width": 305, "children": []}, {"name": "box147", "top": 1272.5999755859375, "left": 1043.6666259765625, "height": 75.5, "width": 305, "children": []}, {"name": "box149", "top": 1348.0999755859375, "left": 1043.6666259765625, "height": 22.5, "width": 305, "children": [{"name": "box150", "top": 1350.5999755859375, "left": 1043.6666259765625, "height": 16, "width": 87, "children": [{"name": "box151", "top": 1350.5999755859375, "left": 1043.6666259765625, "height": 16, "width": 76, "children": []}, {"name": "box152", "top": 1350.5999755859375, "left": 1123.583320390625, "height": 20, "width": 7.15, "children": []}]}]}]}]}]}]}, {"name": "box120", "top": 925.4000244140625, "left": 116, "height": 474.2, "width": 1160, "children": [{"name": "box121", "top": 925.4000244140625, "left": 116, "height": 44.2, "width": 1160, "children": []}, {"name": "box122", "top": 989.5999755859375, "left": 116, "height": 410, "width": 1160, "children": [{"name": "box123", "top": 989.5999755859375, "left": 116, "height": 410, "width": 370.667, "children": [{"name": "box124", "top": 1018.5999755859375, "left": 148.8333282470703, "height": 352, "width": 305, "children": [{"name": "box126", "top": 1018.5999755859375, "left": 148.8333282470703, "height": 230, "width": 305, "children": []}, {"name": "box127", "top": 1272.5999755859375, "left": 148.8333282470703, "height": 75.5, "width": 305, "children": []}, {"name": "box129", "top": 1348.0999755859375, "left": 148.8333282470703, "height": 22.5, "width": 305, "children": [{"name": "box130", "top": 1350.5999755859375, "left": 148.8333282470703, "height": 16, "width": 87, "children": [{"name": "box131", "top": 1350.5999755859375, "left": 148.8333282470703, "height": 16, "width": 76, "children": []}, {"name": "box132", "top": 1350.5999755859375, "left": 228.75000740234375, "height": 20, "width": 7.15, "children": []}]}]}]}]}, {"name": "box133", "top": 989.5999755859375, "left": 510.66668701171875, "height": 410, "width": 370.667, "children": [{"name": "box134", "top": 1018.5999755859375, "left": 543.5, "height": 352, "width": 305, "children": [{"name": "box136", "top": 1018.5999755859375, "left": 543.5, "height": 230, "width": 305, "children": []}, {"name": "box137", "top": 1272.5999755859375, "left": 543.5, "height": 75.5, "width": 305, "children": []}, {"name": "box139", "top": 1348.0999755859375, "left": 543.5, "height": 22.5, "width": 305, "children": [{"name": "box140", "top": 1350.5999755859375, "left": 543.5, "height": 16, "width": 87, "children": [{"name": "box141", "top": 1350.5999755859375, "left": 543.5, "height": 16, "width": 76, "children": []}, {"name": "box142", "top": 1350.5999755859375, "left": 623.4166944140625, "height": 20, "width": 7.15, "children": []}]}]}]}]}, {"name": "box143", "top": 989.5999755859375, "left": 905.3333129882812, "height": 410, "width": 370.667, "children": [{"name": "box144", "top": 1018.5999755859375, "left": 938.1666870117188, "height": 352, "width": 305, "children": [{"name": "box146", "top": 1018.5999755859375, "left": 938.1666870117188, "height": 230, "width": 305, "children": []}, {"name": "box147", "top": 1272.5999755859375, "left": 938.1666870117188, "height": 75.5, "width": 305, "children": []}, {"name": "box149", "top": 1348.0999755859375, "left": 938.1666870117188, "height": 22.5, "width": 305, "children": [{"name": "box150", "top": 1350.5999755859375, "left": 938.1666870117188, "height": 16, "width": 87, "children": [{"name": "box151", "top": 1350.5999755859375, "left": 938.1666870117188, "height": 16, "width": 76, "children": []}, {"name": "box152", "top": 1350.5999755859375, "left": 1018.083320390625, "height": 20, "width": 7.15, "children": []}]}]}]}]}]}]}, {"name": "box120", "top": 925.4000244140625, "left": 198.5, "height": 474.2, "width": 1160, "children": [{"name": "box121", "top": 925.4000244140625, "left": 198.5, "height": 44.2, "width": 1160, "children": []}, {"name": "box122", "top": 989.5999755859375, "left": 198.5, "height": 410, "width": 1160, "children": [{"name": "box123", "top": 989.5999755859375, "left": 198.5, "height": 410, "width": 370.667, "children": [{"name": "box124", "top": 1018.5999755859375, "left": 231.3333282470703, "height": 352, "width": 305, "children": [{"name": "box126", "top": 1018.5999755859375, "left": 231.3333282470703, "height": 230, "width": 305, "children": []}, {"name": "box127", "top": 1272.5999755859375, "left": 231.3333282470703, "height": 75.5, "width": 305, "children": []}, {"name": "box129", "top": 1348.0999755859375, "left": 231.3333282470703, "height": 22.5, "width": 305, "children": [{"name": "box130", "top": 1350.5999755859375, "left": 231.3333282470703, "height": 16, "width": 87, "children": [{"name": "box131", "top": 1350.5999755859375, "left": 231.3333282470703, "height": 16, "width": 76, "children": []}, {"name": "box132", "top": 1350.5999755859375, "left": 311.2500074023437, "height": 20, "width": 7.15, "children": []}]}]}]}]}, {"name": "box133", "top": 989.5999755859375, "left": 593.1666870117188, "height": 410, "width": 370.667, "children": [{"name": "box134", "top": 1018.5999755859375, "left": 626, "height": 352, "width": 305, "children": [{"name": "box136", "top": 1018.5999755859375, "left": 626, "height": 230, "width": 305, "children": []}, {"name": "box137", "top": 1272.5999755859375, "left": 626, "height": 75.5, "width": 305, "children": []}, {"name": "box139", "top": 1348.0999755859375, "left": 626, "height": 22.5, "width": 305, "children": [{"name": "box140", "top": 1350.5999755859375, "left": 626, "height": 16, "width": 87, "children": [{"name": "box141", "top": 1350.5999755859375, "left": 626, "height": 16, "width": 76, "children": []}, {"name": "box142", "top": 1350.5999755859375, "left": 705.9166944140625, "height": 20, "width": 7.15, "children": []}]}]}]}]}, {"name": "box143", "top": 989.5999755859375, "left": 987.8333129882812, "height": 410, "width": 370.667, "children": [{"name": "box144", "top": 1018.5999755859375, "left": 1020.6666870117188, "height": 352, "width": 305, "children": [{"name": "box146", "top": 1018.5999755859375, "left": 1020.6666870117188, "height": 230, "width": 305, "children": []}, {"name": "box147", "top": 1272.5999755859375, "left": 1020.6666870117188, "height": 75.5, "width": 305, "children": []}, {"name": "box149", "top": 1348.0999755859375, "left": 1020.6666870117188, "height": 22.5, "width": 305, "children": [{"name": "box150", "top": 1350.5999755859375, "left": 1020.6666870117188, "height": 16, "width": 87, "children": [{"name": "box151", "top": 1350.5999755859375, "left": 1020.6666870117188, "height": 16, "width": 76, "children": []}, {"name": "box152", "top": 1350.5999755859375, "left": 1100.583320390625, "height": 20, "width": 7.15, "children": []}]}]}]}]}]}]}, {"name": "box120", "top": 925.4000244140625, "left": 108, "height": 474.2, "width": 1160, "children": [{"name": "box121", "top": 925.4000244140625, "left": 108, "height": 44.2, "width": 1160, "children": []}, {"name": "box122", "top": 989.5999755859375, "left": 108, "height": 410, "width": 1160, "children": [{"name": "box123", "top": 989.5999755859375, "left": 108, "height": 410, "width": 370.667, "children": [{"name": "box124", "top": 1018.5999755859375, "left": 140.8333282470703, "height": 352, "width": 305, "children": [{"name": "box126", "top": 1018.5999755859375, "left": 140.8333282470703, "height": 230, "width": 305, "children": []}, {"name": "box127", "top": 1272.5999755859375, "left": 140.8333282470703, "height": 75.5, "width": 305, "children": []}, {"name": "box129", "top": 1348.0999755859375, "left": 140.8333282470703, "height": 22.5, "width": 305, "children": [{"name": "box130", "top": 1350.5999755859375, "left": 140.8333282470703, "height": 16, "width": 87, "children": [{"name": "box131", "top": 1350.5999755859375, "left": 140.8333282470703, "height": 16, "width": 76, "children": []}, {"name": "box132", "top": 1350.5999755859375, "left": 220.75000740234375, "height": 20, "width": 7.15, "children": []}]}]}]}]}, {"name": "box133", "top": 989.5999755859375, "left": 502.66668701171875, "height": 410, "width": 370.667, "children": [{"name": "box134", "top": 1018.5999755859375, "left": 535.5, "height": 352, "width": 305, "children": [{"name": "box136", "top": 1018.5999755859375, "left": 535.5, "height": 230, "width": 305, "children": []}, {"name": "box137", "top": 1272.5999755859375, "left": 535.5, "height": 75.5, "width": 305, "children": []}, {"name": "box139", "top": 1348.0999755859375, "left": 535.5, "height": 22.5, "width": 305, "children": [{"name": "box140", "top": 1350.5999755859375, "left": 535.5, "height": 16, "width": 87, "children": [{"name": "box141", "top": 1350.5999755859375, "left": 535.5, "height": 16, "width": 76, "children": []}, {"name": "box142", "top": 1350.5999755859375, "left": 615.4166944140625, "height": 20, "width": 7.15, "children": []}]}]}]}]}, {"name": "box143", "top": 989.5999755859375, "left": 897.3333129882812, "height": 410, "width": 370.667, "children": [{"name": "box144", "top": 1018.5999755859375, "left": 930.1666870117188, "height": 352, "width": 305, "children": [{"name": "box146", "top": 1018.5999755859375, "left": 930.1666870117188, "height": 230, "width": 305, "children": []}, {"name": "box147", "top": 1272.5999755859375, "left": 930.1666870117188, "height": 75.5, "width": 305, "children": []}, {"name": "box149", "top": 1348.0999755859375, "left": 930.1666870117188, "height": 22.5, "width": 305, "children": [{"name": "box150", "top": 1350.5999755859375, "left": 930.1666870117188, "height": 16, "width": 87, "children": [{"name": "box151", "top": 1350.5999755859375, "left": 930.1666870117188, "height": 16, "width": 76, "children": []}, {"name": "box152", "top": 1350.5999755859375, "left": 1010.083320390625, "height": 20, "width": 7.15, "children": []}]}]}]}]}]}]}], "test": [{"name": "box120", "top": 925.4000244140625, "left": 146.5, "height": 474.2, "width": 1160, "children": [{"name": "box121", "top": 925.4000244140625, "left": 146.5, "height": 44.2, "width": 1160, "children": []}, {"name": "box122", "top": 989.5999755859375, "left": 146.5, "height": 410, "width": 1160, "children": [{"name": "box123", "top": 989.5999755859375, "left": 146.5, "height": 410, "width": 370.667, "children": [{"name": "box124", "top": 1018.5999755859375, "left": 179.3333282470703, "height": 352, "width": 305, "children": [{"name": "box126", "top": 1018.5999755859375, "left": 179.3333282470703, "height": 230, "width": 305, "children": []}, {"name": "box127", "top": 1272.5999755859375, "left": 179.3333282470703, "height": 75.5, "width": 305, "children": []}, {"name": "box129", "top": 1348.0999755859375, "left": 179.3333282470703, "height": 22.5, "width": 305, "children": [{"name": "box130", "top": 1350.5999755859375, "left": 179.3333282470703, "height": 16, "width": 87, "children": [{"name": "box131", "top": 1350.5999755859375, "left": 179.3333282470703, "height": 16, "width": 76, "children": []}, {"name": "box132", "top": 1350.5999755859375, "left": 259.2500074023437, "height": 20, "width": 7.15, "children": []}]}]}]}]}, {"name": "box133", "top": 989.5999755859375, "left": 541.1666870117188, "height": 410, "width": 370.667, "children": [{"name": "box134", "top": 1018.5999755859375, "left": 574, "height": 352, "width": 305, "children": [{"name": "box136", "top": 1018.5999755859375, "left": 574, "height": 230, "width": 305, "children": []}, {"name": "box137", "top": 1272.5999755859375, "left": 574, "height": 75.5, "width": 305, "children": []}, {"name": "box139", "top": 1348.0999755859375, "left": 574, "height": 22.5, "width": 305, "children": [{"name": "box140", "top": 1350.5999755859375, "left": 574, "height": 16, "width": 87, "children": [{"name": "box141", "top": 1350.5999755859375, "left": 574, "height": 16, "width": 76, "children": []}, {"name": "box142", "top": 1350.5999755859375, "left": 653.9166944140625, "height": 20, "width": 7.15, "children": []}]}]}]}]}, {"name": "box143", "top": 989.5999755859375, "left": 935.8333129882812, "height": 410, "width": 370.667, "children": [{"name": "box144", "top": 1018.5999755859375, "left": 968.6666870117188, "height": 352, "width": 305, "children": [{"name": "box146", "top": 1018.5999755859375, "left": 968.6666870117188, "height": 230, "width": 305, "children": []}, {"name": "box147", "top": 1272.5999755859375, "left": 968.6666870117188, "height": 75.5, "width": 305, "children": []}, {"name": "box149", "top": 1348.0999755859375, "left": 968.6666870117188, "height": 22.5, "width": 305, "children": [{"name": "box150", "top": 1350.5999755859375, "left": 968.6666870117188, "height": 16, "width": 87, "children": [{"name": "box151", "top": 1350.5999755859375, "left": 968.6666870117188, "height": 16, "width": 76, "children": []}, {"name": "box152", "top": 1350.5999755859375, "left": 1048.583320390625, "height": 20, "width": 7.15, "children": []}]}]}]}]}]}]}, {"name": "box120", "top": 925.4000244140625, "left": 142.5, "height": 474.2, "width": 1160, "children": [{"name": "box121", "top": 925.4000244140625, "left": 142.5, "height": 44.2, "width": 1160, "children": []}, {"name": "box122", "top": 989.5999755859375, "left": 142.5, "height": 410, "width": 1160, "children": [{"name": "box123", "top": 989.5999755859375, "left": 142.5, "height": 410, "width": 370.667, "children": [{"name": "box124", "top": 1018.5999755859375, "left": 175.3333282470703, "height": 352, "width": 305, "children": [{"name": "box126", "top": 1018.5999755859375, "left": 175.3333282470703, "height": 230, "width": 305, "children": []}, {"name": "box127", "top": 1272.5999755859375, "left": 175.3333282470703, "height": 75.5, "width": 305, "children": []}, {"name": "box129", "top": 1348.0999755859375, "left": 175.3333282470703, "height": 22.5, "width": 305, "children": [{"name": "box130", "top": 1350.5999755859375, "left": 175.3333282470703, "height": 16, "width": 87, "children": [{"name": "box131", "top": 1350.5999755859375, "left": 175.3333282470703, "height": 16, "width": 76, "children": []}, {"name": "box132", "top": 1350.5999755859375, "left": 255.25000740234375, "height": 20, "width": 7.15, "children": []}]}]}]}]}, {"name": "box133", "top": 989.5999755859375, "left": 537.1666870117188, "height": 410, "width": 370.667, "children": [{"name": "box134", "top": 1018.5999755859375, "left": 570, "height": 352, "width": 305, "children": [{"name": "box136", "top": 1018.5999755859375, "left": 570, "height": 230, "width": 305, "children": []}, {"name": "box137", "top": 1272.5999755859375, "left": 570, "height": 75.5, "width": 305, "children": []}, {"name": "box139", "top": 1348.0999755859375, "left": 570, "height": 22.5, "width": 305, "children": [{"name": "box140", "top": 1350.5999755859375, "left": 570, "height": 16, "width": 87, "children": [{"name": "box141", "top": 1350.5999755859375, "left": 570, "height": 16, "width": 76, "children": []}, {"name": "box142", "top": 1350.5999755859375, "left": 649.9166944140625, "height": 20, "width": 7.15, "children": []}]}]}]}]}, {"name": "box143", "top": 989.5999755859375, "left": 931.8333129882812, "height": 410, "width": 370.667, "children": [{"name": "box144", "top": 1018.5999755859375, "left": 964.6666870117188, "height": 352, "width": 305, "children": [{"name": "box146", "top": 1018.5999755859375, "left": 964.6666870117188, "height": 230, "width": 305, "children": []}, {"name": "box147", "top": 1272.5999755859375, "left": 964.6666870117188, "height": 75.5, "width": 305, "children": []}, {"name": "box149", "top": 1348.0999755859375, "left": 964.6666870117188, "height": 22.5, "width": 305, "children": [{"name": "box150", "top": 1350.5999755859375, "left": 964.6666870117188, "height": 16, "width": 87, "children": [{"name": "box151", "top": 1350.5999755859375, "left": 964.6666870117188, "height": 16, "width": 76, "children": []}, {"name": "box152", "top": 1350.5999755859375, "left": 1044.583320390625, "height": 20, "width": 7.15, "children": []}]}]}]}]}]}]}, {"name": "box120", "top": 925.4000244140625, "left": 68, "height": 474.2, "width": 1160, "children": [{"name": "box121", "top": 925.4000244140625, "left": 68, "height": 44.2, "width": 1160, "children": []}, {"name": "box122", "top": 989.5999755859375, "left": 68, "height": 410, "width": 1160, "children": [{"name": "box123", "top": 989.5999755859375, "left": 68, "height": 410, "width": 370.667, "children": [{"name": "box124", "top": 1018.5999755859375, "left": 100.83332824707031, "height": 352, "width": 305, "children": [{"name": "box126", "top": 1018.5999755859375, "left": 100.83332824707031, "height": 230, "width": 305, "children": []}, {"name": "box127", "top": 1272.5999755859375, "left": 100.83332824707031, "height": 75.5, "width": 305, "children": []}, {"name": "box129", "top": 1348.0999755859375, "left": 100.83332824707031, "height": 22.5, "width": 305, "children": [{"name": "box130", "top": 1350.5999755859375, "left": 100.83332824707031, "height": 16, "width": 87, "children": [{"name": "box131", "top": 1350.5999755859375, "left": 100.83332824707031, "height": 16, "width": 76, "children": []}, {"name": "box132", "top": 1350.5999755859375, "left": 180.75000740234375, "height": 20, "width": 7.15, "children": []}]}]}]}]}, {"name": "box133", "top": 989.5999755859375, "left": 462.66668701171875, "height": 410, "width": 370.667, "children": [{"name": "box134", "top": 1018.5999755859375, "left": 495.5, "height": 352, "width": 305, "children": [{"name": "box136", "top": 1018.5999755859375, "left": 495.5, "height": 230, "width": 305, "children": []}, {"name": "box137", "top": 1272.5999755859375, "left": 495.5, "height": 75.5, "width": 305, "children": []}, {"name": "box139", "top": 1348.0999755859375, "left": 495.5, "height": 22.5, "width": 305, "children": [{"name": "box140", "top": 1350.5999755859375, "left": 495.5, "height": 16, "width": 87, "children": [{"name": "box141", "top": 1350.5999755859375, "left": 495.5, "height": 16, "width": 76, "children": []}, {"name": "box142", "top": 1350.5999755859375, "left": 575.4166944140625, "height": 20, "width": 7.15, "children": []}]}]}]}]}, {"name": "box143", "top": 989.5999755859375, "left": 857.3333129882812, "height": 410, "width": 370.667, "children": [{"name": "box144", "top": 1018.5999755859375, "left": 890.1666870117188, "height": 352, "width": 305, "children": [{"name": "box146", "top": 1018.5999755859375, "left": 890.1666870117188, "height": 230, "width": 305, "children": []}, {"name": "box147", "top": 1272.5999755859375, "left": 890.1666870117188, "height": 75.5, "width": 305, "children": []}, {"name": "box149", "top": 1348.0999755859375, "left": 890.1666870117188, "height": 22.5, "width": 305, "children": [{"name": "box150", "top": 1350.5999755859375, "left": 890.1666870117188, "height": 16, "width": 87, "children": [{"name": "box151", "top": 1350.5999755859375, "left": 890.1666870117188, "height": 16, "width": 76, "children": []}, {"name": "box152", "top": 1350.5999755859375, "left": 970.083320390625, "height": 20, "width": 7.15, "children": []}]}]}]}]}]}]}, {"name": "box120", "top": 925.4000244140625, "left": 67, "height": 474.2, "width": 1160, "children": [{"name": "box121", "top": 925.4000244140625, "left": 67, "height": 44.2, "width": 1160, "children": []}, {"name": "box122", "top": 989.5999755859375, "left": 67, "height": 410, "width": 1160, "children": [{"name": "box123", "top": 989.5999755859375, "left": 67, "height": 410, "width": 370.667, "children": [{"name": "box124", "top": 1018.5999755859375, "left": 99.83332824707031, "height": 352, "width": 305, "children": [{"name": "box126", "top": 1018.5999755859375, "left": 99.83332824707031, "height": 230, "width": 305, "children": []}, {"name": "box127", "top": 1272.5999755859375, "left": 99.83332824707031, "height": 75.5, "width": 305, "children": []}, {"name": "box129", "top": 1348.0999755859375, "left": 99.83332824707031, "height": 22.5, "width": 305, "children": [{"name": "box130", "top": 1350.5999755859375, "left": 99.83332824707031, "height": 16, "width": 87, "children": [{"name": "box131", "top": 1350.5999755859375, "left": 99.83332824707031, "height": 16, "width": 76, "children": []}, {"name": "box132", "top": 1350.5999755859375, "left": 179.75000740234375, "height": 20, "width": 7.15, "children": []}]}]}]}]}, {"name": "box133", "top": 989.5999755859375, "left": 461.66668701171875, "height": 410, "width": 370.667, "children": [{"name": "box134", "top": 1018.5999755859375, "left": 494.5, "height": 352, "width": 305, "children": [{"name": "box136", "top": 1018.5999755859375, "left": 494.5, "height": 230, "width": 305, "children": []}, {"name": "box137", "top": 1272.5999755859375, "left": 494.5, "height": 75.5, "width": 305, "children": []}, {"name": "box139", "top": 1348.0999755859375, "left": 494.5, "height": 22.5, "width": 305, "children": [{"name": "box140", "top": 1350.5999755859375, "left": 494.5, "height": 16, "width": 87, "children": [{"name": "box141", "top": 1350.5999755859375, "left": 494.5, "height": 16, "width": 76, "children": []}, {"name": "box142", "top": 1350.5999755859375, "left": 574.4166944140625, "height": 20, "width": 7.15, "children": []}]}]}]}]}, {"name": "box143", "top": 989.5999755859375, "left": 856.3333129882812, "height": 410, "width": 370.667, "children": [{"name": "box144", "top": 1018.5999755859375, "left": 889.1666870117188, "height": 352, "width": 305, "children": [{"name": "box146", "top": 1018.5999755859375, "left": 889.1666870117188, "height": 230, "width": 305, "children": []}, {"name": "box147", "top": 1272.5999755859375, "left": 889.1666870117188, "height": 75.5, "width": 305, "children": []}, {"name": "box149", "top": 1348.0999755859375, "left": 889.1666870117188, "height": 22.5, "width": 305, "children": [{"name": "box150", "top": 1350.5999755859375, "left": 889.1666870117188, "height": 16, "width": 87, "children": [{"name": "box151", "top": 1350.5999755859375, "left": 889.1666870117188, "height": 16, "width": 76, "children": []}, {"name": "box152", "top": 1350.5999755859375, "left": 969.083320390625, "height": 20, "width": 7.15, "children": []}]}]}]}]}]}]}, {"name": "box120", "top": 925.4000244140625, "left": 147.5, "height": 474.2, "width": 1160, "children": [{"name": "box121", "top": 925.4000244140625, "left": 147.5, "height": 44.2, "width": 1160, "children": []}, {"name": "box122", "top": 989.5999755859375, "left": 147.5, "height": 410, "width": 1160, "children": [{"name": "box123", "top": 989.5999755859375, "left": 147.5, "height": 410, "width": 370.667, "children": [{"name": "box124", "top": 1018.5999755859375, "left": 180.3333282470703, "height": 352, "width": 305, "children": [{"name": "box126", "top": 1018.5999755859375, "left": 180.3333282470703, "height": 230, "width": 305, "children": []}, {"name": "box127", "top": 1272.5999755859375, "left": 180.3333282470703, "height": 75.5, "width": 305, "children": []}, {"name": "box129", "top": 1348.0999755859375, "left": 180.3333282470703, "height": 22.5, "width": 305, "children": [{"name": "box130", "top": 1350.5999755859375, "left": 180.3333282470703, "height": 16, "width": 87, "children": [{"name": "box131", "top": 1350.5999755859375, "left": 180.3333282470703, "height": 16, "width": 76, "children": []}, {"name": "box132", "top": 1350.5999755859375, "left": 260.2500074023437, "height": 20, "width": 7.15, "children": []}]}]}]}]}, {"name": "box133", "top": 989.5999755859375, "left": 542.1666870117188, "height": 410, "width": 370.667, "children": [{"name": "box134", "top": 1018.5999755859375, "left": 575, "height": 352, "width": 305, "children": [{"name": "box136", "top": 1018.5999755859375, "left": 575, "height": 230, "width": 305, "children": []}, {"name": "box137", "top": 1272.5999755859375, "left": 575, "height": 75.5, "width": 305, "children": []}, {"name": "box139", "top": 1348.0999755859375, "left": 575, "height": 22.5, "width": 305, "children": [{"name": "box140", "top": 1350.5999755859375, "left": 575, "height": 16, "width": 87, "children": [{"name": "box141", "top": 1350.5999755859375, "left": 575, "height": 16, "width": 76, "children": []}, {"name": "box142", "top": 1350.5999755859375, "left": 654.9166944140625, "height": 20, "width": 7.15, "children": []}]}]}]}]}, {"name": "box143", "top": 989.5999755859375, "left": 936.8333129882812, "height": 410, "width": 370.667, "children": [{"name": "box144", "top": 1018.5999755859375, "left": 969.6666870117188, "height": 352, "width": 305, "children": [{"name": "box146", "top": 1018.5999755859375, "left": 969.6666870117188, "height": 230, "width": 305, "children": []}, {"name": "box147", "top": 1272.5999755859375, "left": 969.6666870117188, "height": 75.5, "width": 305, "children": []}, {"name": "box149", "top": 1348.0999755859375, "left": 969.6666870117188, "height": 22.5, "width": 305, "children": [{"name": "box150", "top": 1350.5999755859375, "left": 969.6666870117188, "height": 16, "width": 87, "children": [{"name": "box151", "top": 1350.5999755859375, "left": 969.6666870117188, "height": 16, "width": 76, "children": []}, {"name": "box152", "top": 1350.5999755859375, "left": 1049.583320390625, "height": 20, "width": 7.15, "children": []}]}]}]}]}]}]}, {"name": "box120", "top": 925.4000244140625, "left": 90.5, "height": 474.2, "width": 1160, "children": [{"name": "box121", "top": 925.4000244140625, "left": 90.5, "height": 44.2, "width": 1160, "children": []}, {"name": "box122", "top": 989.5999755859375, "left": 90.5, "height": 410, "width": 1160, "children": [{"name": "box123", "top": 989.5999755859375, "left": 90.5, "height": 410, "width": 370.667, "children": [{"name": "box124", "top": 1018.5999755859375, "left": 123.33332824707031, "height": 352, "width": 305, "children": [{"name": "box126", "top": 1018.5999755859375, "left": 123.33332824707031, "height": 230, "width": 305, "children": []}, {"name": "box127", "top": 1272.5999755859375, "left": 123.33332824707031, "height": 75.5, "width": 305, "children": []}, {"name": "box129", "top": 1348.0999755859375, "left": 123.33332824707031, "height": 22.5, "width": 305, "children": [{"name": "box130", "top": 1350.5999755859375, "left": 123.33332824707031, "height": 16, "width": 87, "children": [{"name": "box131", "top": 1350.5999755859375, "left": 123.33332824707031, "height": 16, "width": 76, "children": []}, {"name": "box132", "top": 1350.5999755859375, "left": 203.25000740234375, "height": 20, "width": 7.15, "children": []}]}]}]}]}, {"name": "box133", "top": 989.5999755859375, "left": 485.16668701171875, "height": 410, "width": 370.667, "children": [{"name": "box134", "top": 1018.5999755859375, "left": 518, "height": 352, "width": 305, "children": [{"name": "box136", "top": 1018.5999755859375, "left": 518, "height": 230, "width": 305, "children": []}, {"name": "box137", "top": 1272.5999755859375, "left": 518, "height": 75.5, "width": 305, "children": []}, {"name": "box139", "top": 1348.0999755859375, "left": 518, "height": 22.5, "width": 305, "children": [{"name": "box140", "top": 1350.5999755859375, "left": 518, "height": 16, "width": 87, "children": [{"name": "box141", "top": 1350.5999755859375, "left": 518, "height": 16, "width": 76, "children": []}, {"name": "box142", "top": 1350.5999755859375, "left": 597.9166944140625, "height": 20, "width": 7.15, "children": []}]}]}]}]}, {"name": "box143", "top": 989.5999755859375, "left": 879.8333129882812, "height": 410, "width": 370.667, "children": [{"name": "box144", "top": 1018.5999755859375, "left": 912.6666870117188, "height": 352, "width": 305, "children": [{"name": "box146", "top": 1018.5999755859375, "left": 912.6666870117188, "height": 230, "width": 305, "children": []}, {"name": "box147", "top": 1272.5999755859375, "left": 912.6666870117188, "height": 75.5, "width": 305, "children": []}, {"name": "box149", "top": 1348.0999755859375, "left": 912.6666870117188, "height": 22.5, "width": 305, "children": [{"name": "box150", "top": 1350.5999755859375, "left": 912.6666870117188, "height": 16, "width": 87, "children": [{"name": "box151", "top": 1350.5999755859375, "left": 912.6666870117188, "height": 16, "width": 76, "children": []}, {"name": "box152", "top": 1350.5999755859375, "left": 992.583320390625, "height": 20, "width": 7.15, "children": []}]}]}]}]}]}]}, {"name": "box120", "top": 925.4000244140625, "left": 104, "height": 474.2, "width": 1160, "children": [{"name": "box121", "top": 925.4000244140625, "left": 104, "height": 44.2, "width": 1160, "children": []}, {"name": "box122", "top": 989.5999755859375, "left": 104, "height": 410, "width": 1160, "children": [{"name": "box123", "top": 989.5999755859375, "left": 104, "height": 410, "width": 370.667, "children": [{"name": "box124", "top": 1018.5999755859375, "left": 136.8333282470703, "height": 352, "width": 305, "children": [{"name": "box126", "top": 1018.5999755859375, "left": 136.8333282470703, "height": 230, "width": 305, "children": []}, {"name": "box127", "top": 1272.5999755859375, "left": 136.8333282470703, "height": 75.5, "width": 305, "children": []}, {"name": "box129", "top": 1348.0999755859375, "left": 136.8333282470703, "height": 22.5, "width": 305, "children": [{"name": "box130", "top": 1350.5999755859375, "left": 136.8333282470703, "height": 16, "width": 87, "children": [{"name": "box131", "top": 1350.5999755859375, "left": 136.8333282470703, "height": 16, "width": 76, "children": []}, {"name": "box132", "top": 1350.5999755859375, "left": 216.75000740234375, "height": 20, "width": 7.15, "children": []}]}]}]}]}, {"name": "box133", "top": 989.5999755859375, "left": 498.66668701171875, "height": 410, "width": 370.667, "children": [{"name": "box134", "top": 1018.5999755859375, "left": 531.5, "height": 352, "width": 305, "children": [{"name": "box136", "top": 1018.5999755859375, "left": 531.5, "height": 230, "width": 305, "children": []}, {"name": "box137", "top": 1272.5999755859375, "left": 531.5, "height": 75.5, "width": 305, "children": []}, {"name": "box139", "top": 1348.0999755859375, "left": 531.5, "height": 22.5, "width": 305, "children": [{"name": "box140", "top": 1350.5999755859375, "left": 531.5, "height": 16, "width": 87, "children": [{"name": "box141", "top": 1350.5999755859375, "left": 531.5, "height": 16, "width": 76, "children": []}, {"name": "box142", "top": 1350.5999755859375, "left": 611.4166944140625, "height": 20, "width": 7.15, "children": []}]}]}]}]}, {"name": "box143", "top": 989.5999755859375, "left": 893.3333129882812, "height": 410, "width": 370.667, "children": [{"name": "box144", "top": 1018.5999755859375, "left": 926.1666870117188, "height": 352, "width": 305, "children": [{"name": "box146", "top": 1018.5999755859375, "left": 926.1666870117188, "height": 230, "width": 305, "children": []}, {"name": "box147", "top": 1272.5999755859375, "left": 926.1666870117188, "height": 75.5, "width": 305, "children": []}, {"name": "box149", "top": 1348.0999755859375, "left": 926.1666870117188, "height": 22.5, "width": 305, "children": [{"name": "box150", "top": 1350.5999755859375, "left": 926.1666870117188, "height": 16, "width": 87, "children": [{"name": "box151", "top": 1350.5999755859375, "left": 926.1666870117188, "height": 16, "width": 76, "children": []}, {"name": "box152", "top": 1350.5999755859375, "left": 1006.083320390625, "height": 20, "width": 7.15, "children": []}]}]}]}]}]}]}, {"name": "box120", "top": 925.4000244140625, "left": 221, "height": 474.2, "width": 1160, "children": [{"name": "box121", "top": 925.4000244140625, "left": 221, "height": 44.2, "width": 1160, "children": []}, {"name": "box122", "top": 989.5999755859375, "left": 221, "height": 410, "width": 1160, "children": [{"name": "box123", "top": 989.5999755859375, "left": 221, "height": 410, "width": 370.667, "children": [{"name": "box124", "top": 1018.5999755859375, "left": 253.8333282470703, "height": 352, "width": 305, "children": [{"name": "box126", "top": 1018.5999755859375, "left": 253.8333282470703, "height": 230, "width": 305, "children": []}, {"name": "box127", "top": 1272.5999755859375, "left": 253.8333282470703, "height": 75.5, "width": 305, "children": []}, {"name": "box129", "top": 1348.0999755859375, "left": 253.8333282470703, "height": 22.5, "width": 305, "children": [{"name": "box130", "top": 1350.5999755859375, "left": 253.8333282470703, "height": 16, "width": 87, "children": [{"name": "box131", "top": 1350.5999755859375, "left": 253.8333282470703, "height": 16, "width": 76, "children": []}, {"name": "box132", "top": 1350.5999755859375, "left": 333.7500074023437, "height": 20, "width": 7.15, "children": []}]}]}]}]}, {"name": "box133", "top": 989.5999755859375, "left": 615.6666870117188, "height": 410, "width": 370.667, "children": [{"name": "box134", "top": 1018.5999755859375, "left": 648.5, "height": 352, "width": 305, "children": [{"name": "box136", "top": 1018.5999755859375, "left": 648.5, "height": 230, "width": 305, "children": []}, {"name": "box137", "top": 1272.5999755859375, "left": 648.5, "height": 75.5, "width": 305, "children": []}, {"name": "box139", "top": 1348.0999755859375, "left": 648.5, "height": 22.5, "width": 305, "children": [{"name": "box140", "top": 1350.5999755859375, "left": 648.5, "height": 16, "width": 87, "children": [{"name": "box141", "top": 1350.5999755859375, "left": 648.5, "height": 16, "width": 76, "children": []}, {"name": "box142", "top": 1350.5999755859375, "left": 728.4166944140625, "height": 20, "width": 7.15, "children": []}]}]}]}]}, {"name": "box143", "top": 989.5999755859375, "left": 1010.3333129882812, "height": 410, "width": 370.667, "children": [{"name": "box144", "top": 1018.5999755859375, "left": 1043.1666259765625, "height": 352, "width": 305, "children": [{"name": "box146", "top": 1018.5999755859375, "left": 1043.1666259765625, "height": 230, "width": 305, "children": []}, {"name": "box147", "top": 1272.5999755859375, "left": 1043.1666259765625, "height": 75.5, "width": 305, "children": []}, {"name": "box149", "top": 1348.0999755859375, "left": 1043.1666259765625, "height": 22.5, "width": 305, "children": [{"name": "box150", "top": 1350.5999755859375, "left": 1043.1666259765625, "height": 16, "width": 87, "children": [{"name": "box151", "top": 1350.5999755859375, "left": 1043.1666259765625, "height": 16, "width": 76, "children": []}, {"name": "box152", "top": 1350.5999755859375, "left": 1123.083320390625, "height": 20, "width": 7.15, "children": []}]}]}]}]}]}]}, {"name": "box120", "top": 925.4000244140625, "left": 232, "height": 474.2, "width": 1160, "children": [{"name": "box121", "top": 925.4000244140625, "left": 232, "height": 44.2, "width": 1160, "children": []}, {"name": "box122", "top": 989.5999755859375, "left": 232, "height": 410, "width": 1160, "children": [{"name": "box123", "top": 989.5999755859375, "left": 232, "height": 410, "width": 370.667, "children": [{"name": "box124", "top": 1018.5999755859375, "left": 264.83331298828125, "height": 352, "width": 305, "children": [{"name": "box126", "top": 1018.5999755859375, "left": 264.83331298828125, "height": 230, "width": 305, "children": []}, {"name": "box127", "top": 1272.5999755859375, "left": 264.83331298828125, "height": 75.5, "width": 305, "children": []}, {"name": "box129", "top": 1348.0999755859375, "left": 264.83331298828125, "height": 22.5, "width": 305, "children": [{"name": "box130", "top": 1350.5999755859375, "left": 264.83331298828125, "height": 16, "width": 87, "children": [{"name": "box131", "top": 1350.5999755859375, "left": 264.83331298828125, "height": 16, "width": 76, "children": []}, {"name": "box132", "top": 1350.5999755859375, "left": 344.7500074023437, "height": 20, "width": 7.15, "children": []}]}]}]}]}, {"name": "box133", "top": 989.5999755859375, "left": 626.6666870117188, "height": 410, "width": 370.667, "children": [{"name": "box134", "top": 1018.5999755859375, "left": 659.5, "height": 352, "width": 305, "children": [{"name": "box136", "top": 1018.5999755859375, "left": 659.5, "height": 230, "width": 305, "children": []}, {"name": "box137", "top": 1272.5999755859375, "left": 659.5, "height": 75.5, "width": 305, "children": []}, {"name": "box139", "top": 1348.0999755859375, "left": 659.5, "height": 22.5, "width": 305, "children": [{"name": "box140", "top": 1350.5999755859375, "left": 659.5, "height": 16, "width": 87, "children": [{"name": "box141", "top": 1350.5999755859375, "left": 659.5, "height": 16, "width": 76, "children": []}, {"name": "box142", "top": 1350.5999755859375, "left": 739.4166944140625, "height": 20, "width": 7.15, "children": []}]}]}]}]}, {"name": "box143", "top": 989.5999755859375, "left": 1021.3333129882812, "height": 410, "width": 370.667, "children": [{"name": "box144", "top": 1018.5999755859375, "left": 1054.1666259765625, "height": 352, "width": 305, "children": [{"name": "box146", "top": 1018.5999755859375, "left": 1054.1666259765625, "height": 230, "width": 305, "children": []}, {"name": "box147", "top": 1272.5999755859375, "left": 1054.1666259765625, "height": 75.5, "width": 305, "children": []}, {"name": "box149", "top": 1348.0999755859375, "left": 1054.1666259765625, "height": 22.5, "width": 305, "children": [{"name": "box150", "top": 1350.5999755859375, "left": 1054.1666259765625, "height": 16, "width": 87, "children": [{"name": "box151", "top": 1350.5999755859375, "left": 1054.1666259765625, "height": 16, "width": 76, "children": []}, {"name": "box152", "top": 1350.5999755859375, "left": 1134.083320390625, "height": 20, "width": 7.15, "children": []}]}]}]}]}]}]}, {"name": "box120", "top": 925.4000244140625, "left": 257.5, "height": 474.2, "width": 1160, "children": [{"name": "box121", "top": 925.4000244140625, "left": 257.5, "height": 44.2, "width": 1160, "children": []}, {"name": "box122", "top": 989.5999755859375, "left": 257.5, "height": 410, "width": 1160, "children": [{"name": "box123", "top": 989.5999755859375, "left": 257.5, "height": 410, "width": 370.667, "children": [{"name": "box124", "top": 1018.5999755859375, "left": 290.33331298828125, "height": 352, "width": 305, "children": [{"name": "box126", "top": 1018.5999755859375, "left": 290.33331298828125, "height": 230, "width": 305, "children": []}, {"name": "box127", "top": 1272.5999755859375, "left": 290.33331298828125, "height": 75.5, "width": 305, "children": []}, {"name": "box129", "top": 1348.0999755859375, "left": 290.33331298828125, "height": 22.5, "width": 305, "children": [{"name": "box130", "top": 1350.5999755859375, "left": 290.33331298828125, "height": 16, "width": 87, "children": [{"name": "box131", "top": 1350.5999755859375, "left": 290.33331298828125, "height": 16, "width": 76, "children": []}, {"name": "box132", "top": 1350.5999755859375, "left": 370.2500074023437, "height": 20, "width": 7.15, "children": []}]}]}]}]}, {"name": "box133", "top": 989.5999755859375, "left": 652.1666870117188, "height": 410, "width": 370.667, "children": [{"name": "box134", "top": 1018.5999755859375, "left": 685, "height": 352, "width": 305, "children": [{"name": "box136", "top": 1018.5999755859375, "left": 685, "height": 230, "width": 305, "children": []}, {"name": "box137", "top": 1272.5999755859375, "left": 685, "height": 75.5, "width": 305, "children": []}, {"name": "box139", "top": 1348.0999755859375, "left": 685, "height": 22.5, "width": 305, "children": [{"name": "box140", "top": 1350.5999755859375, "left": 685, "height": 16, "width": 87, "children": [{"name": "box141", "top": 1350.5999755859375, "left": 685, "height": 16, "width": 76, "children": []}, {"name": "box142", "top": 1350.5999755859375, "left": 764.9166944140625, "height": 20, "width": 7.15, "children": []}]}]}]}]}, {"name": "box143", "top": 989.5999755859375, "left": 1046.8333740234375, "height": 410, "width": 370.667, "children": [{"name": "box144", "top": 1018.5999755859375, "left": 1079.6666259765625, "height": 352, "width": 305, "children": [{"name": "box146", "top": 1018.5999755859375, "left": 1079.6666259765625, "height": 230, "width": 305, "children": []}, {"name": "box147", "top": 1272.5999755859375, "left": 1079.6666259765625, "height": 75.5, "width": 305, "children": []}, {"name": "box149", "top": 1348.0999755859375, "left": 1079.6666259765625, "height": 22.5, "width": 305, "children": [{"name": "box150", "top": 1350.5999755859375, "left": 1079.6666259765625, "height": 16, "width": 87, "children": [{"name": "box151", "top": 1350.5999755859375, "left": 1079.6666259765625, "height": 16, "width": 76, "children": []}, {"name": "box152", "top": 1350.5999755859375, "left": 1159.583320390625, "height": 20, "width": 7.15, "children": []}]}]}]}]}]}]}]}