{"name": "ieee-search", "bench": {"height": {"low": 410, "high": 410}, "width": {"low": 1294, "high": 1675}, "trainSeed": 235775, "testSeed": 17250987, "testSize": 10, "trainSize": 10}, "train": [{"name": "box28", "top": 33.69999694824219, "left": 0, "height": 410, "width": 1453, "children": []}, {"name": "box28", "top": 33.69999694824219, "left": 0, "height": 410, "width": 1497, "children": []}, {"name": "box28", "top": 33.69999694824219, "left": 0, "height": 410, "width": 1329, "children": []}, {"name": "box28", "top": 33.69999694824219, "left": 0, "height": 410, "width": 1403, "children": []}, {"name": "box28", "top": 33.69999694824219, "left": 0, "height": 410, "width": 1517, "children": []}, {"name": "box28", "top": 33.69999694824219, "left": 0, "height": 410, "width": 1632, "children": []}, {"name": "box28", "top": 33.69999694824219, "left": 0, "height": 410, "width": 1603, "children": []}, {"name": "box28", "top": 33.69999694824219, "left": 0, "height": 410, "width": 1392, "children": []}, {"name": "box28", "top": 33.69999694824219, "left": 0, "height": 410, "width": 1557, "children": []}, {"name": "box28", "top": 33.69999694824219, "left": 0, "height": 410, "width": 1376, "children": []}], "test": [{"name": "box28", "top": 33.69999694824219, "left": 0, "height": 410, "width": 1453, "children": []}, {"name": "box28", "top": 33.69999694824219, "left": 0, "height": 410, "width": 1445, "children": []}, {"name": "box28", "top": 33.69999694824219, "left": 0, "height": 410, "width": 1296, "children": []}, {"name": "box28", "top": 33.69999694824219, "left": 0, "height": 410, "width": 1294, "children": []}, {"name": "box28", "top": 33.69999694824219, "left": 0, "height": 410, "width": 1455, "children": []}, {"name": "box28", "top": 33.69999694824219, "left": 0, "height": 410, "width": 1341, "children": []}, {"name": "box28", "top": 33.69999694824219, "left": 0, "height": 410, "width": 1368, "children": []}, {"name": "box28", "top": 33.69999694824219, "left": 0, "height": 410, "width": 1602, "children": []}, {"name": "box28", "top": 33.69999694824219, "left": 0, "height": 410, "width": 1624, "children": []}, {"name": "box28", "top": 33.69999694824219, "left": 0, "height": 410, "width": 1675, "children": []}]}