{"name": "overview-overview-header", "bench": {"height": {"low": 70, "high": 70}, "width": {"low": 1304, "high": 1675}, "trainSeed": 15, "testSeed": 17250987, "testSize": 10, "trainSize": 10}, "train": [{"name": "header", "top": 0, "left": 0, "height": 70, "width": 1600, "children": [{"name": "header-contents", "top": 0, "left": 30, "height": 70, "width": 1540, "children": [{"name": "xplore-logo", "top": 15, "left": 30, "height": 40, "width": 157.117, "children": []}, {"name": "ieee-logo", "top": 20, "left": 1468.1666259765625, "height": 30, "width": 101.833, "children": []}]}]}, {"name": "header", "top": 0, "left": 0, "height": 70, "width": 1624, "children": [{"name": "header-contents", "top": 0, "left": 30, "height": 70, "width": 1564, "children": [{"name": "xplore-logo", "top": 15, "left": 30, "height": 40, "width": 157.117, "children": []}, {"name": "ieee-logo", "top": 20, "left": 1492.1666259765625, "height": 30, "width": 101.833, "children": []}]}]}, {"name": "header", "top": 0, "left": 0, "height": 70, "width": 1565, "children": [{"name": "header-contents", "top": 0, "left": 30, "height": 70, "width": 1505, "children": [{"name": "xplore-logo", "top": 15, "left": 30, "height": 40, "width": 157.117, "children": []}, {"name": "ieee-logo", "top": 20, "left": 1433.1666259765625, "height": 30, "width": 101.833, "children": []}]}]}, {"name": "header", "top": 0, "left": 0, "height": 70, "width": 1424, "children": [{"name": "header-contents", "top": 0, "left": 30, "height": 70, "width": 1364, "children": [{"name": "xplore-logo", "top": 15, "left": 30, "height": 40, "width": 157.117, "children": []}, {"name": "ieee-logo", "top": 20, "left": 1292.1666259765625, "height": 30, "width": 101.833, "children": []}]}]}, {"name": "header", "top": 0, "left": 0, "height": 70, "width": 1365, "children": [{"name": "header-contents", "top": 0, "left": 30, "height": 70, "width": 1305, "children": [{"name": "xplore-logo", "top": 15, "left": 30, "height": 40, "width": 157.117, "children": []}, {"name": "ieee-logo", "top": 20, "left": 1233.1666259765625, "height": 30, "width": 101.833, "children": []}]}]}, {"name": "header", "top": 0, "left": 0, "height": 70, "width": 1653, "children": [{"name": "header-contents", "top": 0, "left": 30, "height": 70, "width": 1593, "children": [{"name": "xplore-logo", "top": 15, "left": 30, "height": 40, "width": 157.117, "children": []}, {"name": "ieee-logo", "top": 20, "left": 1521.1666259765625, "height": 30, "width": 101.833, "children": []}]}]}, {"name": "header", "top": 0, "left": 0, "height": 70, "width": 1612, "children": [{"name": "header-contents", "top": 0, "left": 30, "height": 70, "width": 1552, "children": [{"name": "xplore-logo", "top": 15, "left": 30, "height": 40, "width": 157.117, "children": []}, {"name": "ieee-logo", "top": 20, "left": 1480.1666259765625, "height": 30, "width": 101.833, "children": []}]}]}, {"name": "header", "top": 0, "left": 0, "height": 70, "width": 1414, "children": [{"name": "header-contents", "top": 0, "left": 30, "height": 70, "width": 1354, "children": [{"name": "xplore-logo", "top": 15, "left": 30, "height": 40, "width": 157.117, "children": []}, {"name": "ieee-logo", "top": 20, "left": 1282.1666259765625, "height": 30, "width": 101.833, "children": []}]}]}, {"name": "header", "top": 0, "left": 0, "height": 70, "width": 1666, "children": [{"name": "header-contents", "top": 0, "left": 30, "height": 70, "width": 1606, "children": [{"name": "xplore-logo", "top": 15, "left": 30, "height": 40, "width": 157.117, "children": []}, {"name": "ieee-logo", "top": 20, "left": 1534.1666259765625, "height": 30, "width": 101.833, "children": []}]}]}, {"name": "header", "top": 0, "left": 0, "height": 70, "width": 1515, "children": [{"name": "header-contents", "top": 0, "left": 30, "height": 70, "width": 1455, "children": [{"name": "xplore-logo", "top": 15, "left": 30, "height": 40, "width": 157.117, "children": []}, {"name": "ieee-logo", "top": 20, "left": 1383.1666259765625, "height": 30, "width": 101.833, "children": []}]}]}], "test": [{"name": "header", "top": 0, "left": 0, "height": 70, "width": 1673, "children": [{"name": "header-contents", "top": 0, "left": 30, "height": 70, "width": 1613, "children": [{"name": "xplore-logo", "top": 15, "left": 30, "height": 40, "width": 157.117, "children": []}, {"name": "ieee-logo", "top": 20, "left": 1541.1666259765625, "height": 30, "width": 101.833, "children": []}]}]}, {"name": "header", "top": 0, "left": 0, "height": 70, "width": 1425, "children": [{"name": "header-contents", "top": 0, "left": 30, "height": 70, "width": 1365, "children": [{"name": "xplore-logo", "top": 15, "left": 30, "height": 40, "width": 157.117, "children": []}, {"name": "ieee-logo", "top": 20, "left": 1293.1666259765625, "height": 30, "width": 101.833, "children": []}]}]}, {"name": "header", "top": 0, "left": 0, "height": 70, "width": 1416, "children": [{"name": "header-contents", "top": 0, "left": 30, "height": 70, "width": 1356, "children": [{"name": "xplore-logo", "top": 15, "left": 30, "height": 40, "width": 157.117, "children": []}, {"name": "ieee-logo", "top": 20, "left": 1284.1666259765625, "height": 30, "width": 101.833, "children": []}]}]}, {"name": "header", "top": 0, "left": 0, "height": 70, "width": 1374, "children": [{"name": "header-contents", "top": 0, "left": 30, "height": 70, "width": 1314, "children": [{"name": "xplore-logo", "top": 15, "left": 30, "height": 40, "width": 157.117, "children": []}, {"name": "ieee-logo", "top": 20, "left": 1242.1666259765625, "height": 30, "width": 101.833, "children": []}]}]}, {"name": "header", "top": 0, "left": 0, "height": 70, "width": 1675, "children": [{"name": "header-contents", "top": 0, "left": 30, "height": 70, "width": 1615, "children": [{"name": "xplore-logo", "top": 15, "left": 30, "height": 40, "width": 157.117, "children": []}, {"name": "ieee-logo", "top": 20, "left": 1543.1666259765625, "height": 30, "width": 101.833, "children": []}]}]}, {"name": "header", "top": 0, "left": 0, "height": 70, "width": 1621, "children": [{"name": "header-contents", "top": 0, "left": 30, "height": 70, "width": 1561, "children": [{"name": "xplore-logo", "top": 15, "left": 30, "height": 40, "width": 157.117, "children": []}, {"name": "ieee-logo", "top": 20, "left": 1489.1666259765625, "height": 30, "width": 101.833, "children": []}]}]}, {"name": "header", "top": 0, "left": 0, "height": 70, "width": 1648, "children": [{"name": "header-contents", "top": 0, "left": 30, "height": 70, "width": 1588, "children": [{"name": "xplore-logo", "top": 15, "left": 30, "height": 40, "width": 157.117, "children": []}, {"name": "ieee-logo", "top": 20, "left": 1516.1666259765625, "height": 30, "width": 101.833, "children": []}]}]}, {"name": "header", "top": 0, "left": 0, "height": 70, "width": 1442, "children": [{"name": "header-contents", "top": 0, "left": 30, "height": 70, "width": 1382, "children": [{"name": "xplore-logo", "top": 15, "left": 30, "height": 40, "width": 157.117, "children": []}, {"name": "ieee-logo", "top": 20, "left": 1310.1666259765625, "height": 30, "width": 101.833, "children": []}]}]}, {"name": "header", "top": 0, "left": 0, "height": 70, "width": 1304, "children": [{"name": "header-contents", "top": 0, "left": 30, "height": 70, "width": 1244, "children": [{"name": "xplore-logo", "top": 15, "left": 30, "height": 40, "width": 157.117, "children": []}, {"name": "ieee-logo", "top": 20, "left": 1172.1666259765625, "height": 30, "width": 101.833, "children": []}]}]}, {"name": "header", "top": 0, "left": 0, "height": 70, "width": 1675, "children": [{"name": "header-contents", "top": 0, "left": 30, "height": 70, "width": 1615, "children": [{"name": "xplore-logo", "top": 15, "left": 30, "height": 40, "width": 157.117, "children": []}, {"name": "ieee-logo", "top": 20, "left": 1543.1666259765625, "height": 30, "width": 101.833, "children": []}]}]}]}