{"name": "overview-overview-author", "bench": {"height": {"low": 258, "high": 258}, "width": {"low": 360.717, "high": 483.15}, "trainSeed": 15, "testSeed": 17250987, "testSize": 10, "trainSize": 10}, "train": [{"name": "turing", "top": 582.5, "left": 60, "height": 258, "width": 458.4, "children": [{"name": "turing-info", "top": 613.5, "left": 91, "height": 80, "width": 250, "children": [{"name": "turing-pic", "top": 613.5, "left": 91, "height": 80, "width": 80, "children": []}, {"name": "turing-name", "top": 613.5, "left": 191, "height": 80, "width": 118.117, "children": []}]}, {"name": "turing-blurb", "top": 713.5, "left": 91, "height": 50, "width": 396.4, "children": []}, {"name": "turing-follow", "top": 773.5, "left": 91, "height": 24, "width": 394.4, "children": []}]}, {"name": "turing", "top": 582.5, "left": 60, "height": 258, "width": 466.317, "children": [{"name": "turing-info", "top": 613.5, "left": 91, "height": 80, "width": 250, "children": [{"name": "turing-pic", "top": 613.5, "left": 91, "height": 80, "width": 80, "children": []}, {"name": "turing-name", "top": 613.5, "left": 191, "height": 80, "width": 118.117, "children": []}]}, {"name": "turing-blurb", "top": 713.5, "left": 91, "height": 50, "width": 404.317, "children": []}, {"name": "turing-follow", "top": 773.5, "left": 91, "height": 24, "width": 402.317, "children": []}]}, {"name": "turing", "top": 582.5, "left": 60, "height": 258, "width": 446.85, "children": [{"name": "turing-info", "top": 613.5, "left": 91, "height": 80, "width": 250, "children": [{"name": "turing-pic", "top": 613.5, "left": 91, "height": 80, "width": 80, "children": []}, {"name": "turing-name", "top": 613.5, "left": 191, "height": 80, "width": 118.117, "children": []}]}, {"name": "turing-blurb", "top": 713.5, "left": 91, "height": 50, "width": 384.85, "children": []}, {"name": "turing-follow", "top": 773.5, "left": 91, "height": 24, "width": 382.85, "children": []}]}, {"name": "turing", "top": 582.5, "left": 60, "height": 258, "width": 400.317, "children": [{"name": "turing-info", "top": 613.5, "left": 91, "height": 80, "width": 250, "children": [{"name": "turing-pic", "top": 613.5, "left": 91, "height": 80, "width": 80, "children": []}, {"name": "turing-name", "top": 613.5, "left": 191, "height": 80, "width": 118.117, "children": []}]}, {"name": "turing-blurb", "top": 713.5, "left": 91, "height": 50, "width": 338.317, "children": []}, {"name": "turing-follow", "top": 773.5, "left": 91, "height": 24, "width": 336.317, "children": []}]}, {"name": "turing", "top": 582.5, "left": 60, "height": 258, "width": 380.85, "children": [{"name": "turing-info", "top": 613.5, "left": 91, "height": 80, "width": 250, "children": [{"name": "turing-pic", "top": 613.5, "left": 91, "height": 80, "width": 80, "children": []}, {"name": "turing-name", "top": 613.5, "left": 191, "height": 80, "width": 118.117, "children": []}]}, {"name": "turing-blurb", "top": 713.5, "left": 91, "height": 50, "width": 318.85, "children": []}, {"name": "turing-follow", "top": 773.5, "left": 91, "height": 24, "width": 316.85, "children": []}]}, {"name": "turing", "top": 582.5, "left": 60, "height": 258, "width": 475.883, "children": [{"name": "turing-info", "top": 613.5, "left": 91, "height": 80, "width": 250, "children": [{"name": "turing-pic", "top": 613.5, "left": 91, "height": 80, "width": 80, "children": []}, {"name": "turing-name", "top": 613.5, "left": 191, "height": 80, "width": 118.117, "children": []}]}, {"name": "turing-blurb", "top": 713.5, "left": 91, "height": 50, "width": 413.883, "children": []}, {"name": "turing-follow", "top": 773.5, "left": 91, "height": 24, "width": 411.883, "children": []}]}, {"name": "turing", "top": 582.5, "left": 60, "height": 258, "width": 462.35, "children": [{"name": "turing-info", "top": 613.5, "left": 91, "height": 80, "width": 250, "children": [{"name": "turing-pic", "top": 613.5, "left": 91, "height": 80, "width": 80, "children": []}, {"name": "turing-name", "top": 613.5, "left": 191, "height": 80, "width": 118.117, "children": []}]}, {"name": "turing-blurb", "top": 713.5, "left": 91, "height": 50, "width": 400.35, "children": []}, {"name": "turing-follow", "top": 773.5, "left": 91, "height": 24, "width": 398.35, "children": []}]}, {"name": "turing", "top": 582.5, "left": 60, "height": 258, "width": 397.017, "children": [{"name": "turing-info", "top": 613.5, "left": 91, "height": 80, "width": 250, "children": [{"name": "turing-pic", "top": 613.5, "left": 91, "height": 80, "width": 80, "children": []}, {"name": "turing-name", "top": 613.5, "left": 191, "height": 80, "width": 118.117, "children": []}]}, {"name": "turing-blurb", "top": 713.5, "left": 91, "height": 50, "width": 335.017, "children": []}, {"name": "turing-follow", "top": 773.5, "left": 91, "height": 24, "width": 333.017, "children": []}]}, {"name": "turing", "top": 582.5, "left": 60, "height": 258, "width": 480.167, "children": [{"name": "turing-info", "top": 613.5, "left": 91, "height": 80, "width": 250, "children": [{"name": "turing-pic", "top": 613.5, "left": 91, "height": 80, "width": 80, "children": []}, {"name": "turing-name", "top": 613.5, "left": 191, "height": 80, "width": 118.117, "children": []}]}, {"name": "turing-blurb", "top": 713.5, "left": 91, "height": 50, "width": 418.167, "children": []}, {"name": "turing-follow", "top": 773.5, "left": 91, "height": 24, "width": 416.167, "children": []}]}, {"name": "turing", "top": 582.5, "left": 60, "height": 258, "width": 430.35, "children": [{"name": "turing-info", "top": 613.5, "left": 91, "height": 80, "width": 250, "children": [{"name": "turing-pic", "top": 613.5, "left": 91, "height": 80, "width": 80, "children": []}, {"name": "turing-name", "top": 613.5, "left": 191, "height": 80, "width": 118.117, "children": []}]}, {"name": "turing-blurb", "top": 713.5, "left": 91, "height": 50, "width": 368.35, "children": []}, {"name": "turing-follow", "top": 773.5, "left": 91, "height": 24, "width": 366.35, "children": []}]}], "test": [{"name": "turing", "top": 582.5, "left": 60, "height": 258, "width": 482.483, "children": [{"name": "turing-info", "top": 613.5, "left": 91, "height": 80, "width": 250, "children": [{"name": "turing-pic", "top": 613.5, "left": 91, "height": 80, "width": 80, "children": []}, {"name": "turing-name", "top": 613.5, "left": 191, "height": 80, "width": 118.117, "children": []}]}, {"name": "turing-blurb", "top": 713.5, "left": 91, "height": 50, "width": 420.483, "children": []}, {"name": "turing-follow", "top": 773.5, "left": 91, "height": 24, "width": 418.483, "children": []}]}, {"name": "turing", "top": 582.5, "left": 60, "height": 258, "width": 400.65, "children": [{"name": "turing-info", "top": 613.5, "left": 91, "height": 80, "width": 250, "children": [{"name": "turing-pic", "top": 613.5, "left": 91, "height": 80, "width": 80, "children": []}, {"name": "turing-name", "top": 613.5, "left": 191, "height": 80, "width": 118.117, "children": []}]}, {"name": "turing-blurb", "top": 713.5, "left": 91, "height": 50, "width": 338.65, "children": []}, {"name": "turing-follow", "top": 773.5, "left": 91, "height": 24, "width": 336.65, "children": []}]}, {"name": "turing", "top": 582.5, "left": 60, "height": 258, "width": 397.667, "children": [{"name": "turing-info", "top": 613.5, "left": 91, "height": 80, "width": 250, "children": [{"name": "turing-pic", "top": 613.5, "left": 91, "height": 80, "width": 80, "children": []}, {"name": "turing-name", "top": 613.5, "left": 191, "height": 80, "width": 118.117, "children": []}]}, {"name": "turing-blurb", "top": 713.5, "left": 91, "height": 50, "width": 335.667, "children": []}, {"name": "turing-follow", "top": 773.5, "left": 91, "height": 24, "width": 333.667, "children": []}]}, {"name": "turing", "top": 582.5, "left": 60, "height": 258, "width": 383.817, "children": [{"name": "turing-info", "top": 613.5, "left": 91, "height": 80, "width": 250, "children": [{"name": "turing-pic", "top": 613.5, "left": 91, "height": 80, "width": 80, "children": []}, {"name": "turing-name", "top": 613.5, "left": 191, "height": 80, "width": 118.117, "children": []}]}, {"name": "turing-blurb", "top": 713.5, "left": 91, "height": 50, "width": 321.817, "children": []}, {"name": "turing-follow", "top": 773.5, "left": 91, "height": 24, "width": 319.817, "children": []}]}, {"name": "turing", "top": 582.5, "left": 60, "height": 258, "width": 483.15, "children": [{"name": "turing-info", "top": 613.5, "left": 91, "height": 80, "width": 250, "children": [{"name": "turing-pic", "top": 613.5, "left": 91, "height": 80, "width": 80, "children": []}, {"name": "turing-name", "top": 613.5, "left": 191, "height": 80, "width": 118.117, "children": []}]}, {"name": "turing-blurb", "top": 713.5, "left": 91, "height": 50, "width": 421.15, "children": []}, {"name": "turing-follow", "top": 773.5, "left": 91, "height": 24, "width": 419.15, "children": []}]}, {"name": "turing", "top": 582.5, "left": 60, "height": 258, "width": 465.317, "children": [{"name": "turing-info", "top": 613.5, "left": 91, "height": 80, "width": 250, "children": [{"name": "turing-pic", "top": 613.5, "left": 91, "height": 80, "width": 80, "children": []}, {"name": "turing-name", "top": 613.5, "left": 191, "height": 80, "width": 118.117, "children": []}]}, {"name": "turing-blurb", "top": 713.5, "left": 91, "height": 50, "width": 403.317, "children": []}, {"name": "turing-follow", "top": 773.5, "left": 91, "height": 24, "width": 401.317, "children": []}]}, {"name": "turing", "top": 582.5, "left": 60, "height": 258, "width": 474.233, "children": [{"name": "turing-info", "top": 613.5, "left": 91, "height": 80, "width": 250, "children": [{"name": "turing-pic", "top": 613.5, "left": 91, "height": 80, "width": 80, "children": []}, {"name": "turing-name", "top": 613.5, "left": 191, "height": 80, "width": 118.117, "children": []}]}, {"name": "turing-blurb", "top": 713.5, "left": 91, "height": 50, "width": 412.233, "children": []}, {"name": "turing-follow", "top": 773.5, "left": 91, "height": 24, "width": 410.233, "children": []}]}, {"name": "turing", "top": 582.5, "left": 60, "height": 258, "width": 406.25, "children": [{"name": "turing-info", "top": 613.5, "left": 91, "height": 80, "width": 250, "children": [{"name": "turing-pic", "top": 613.5, "left": 91, "height": 80, "width": 80, "children": []}, {"name": "turing-name", "top": 613.5, "left": 191, "height": 80, "width": 118.117, "children": []}]}, {"name": "turing-blurb", "top": 713.5, "left": 91, "height": 50, "width": 344.25, "children": []}, {"name": "turing-follow", "top": 773.5, "left": 91, "height": 24, "width": 342.25, "children": []}]}, {"name": "turing", "top": 582.5, "left": 60, "height": 258, "width": 360.717, "children": [{"name": "turing-info", "top": 613.5, "left": 91, "height": 80, "width": 250, "children": [{"name": "turing-pic", "top": 613.5, "left": 91, "height": 80, "width": 80, "children": []}, {"name": "turing-name", "top": 613.5, "left": 191, "height": 80, "width": 118.117, "children": []}]}, {"name": "turing-blurb", "top": 713.5, "left": 91, "height": 50, "width": 298.717, "children": []}, {"name": "turing-follow", "top": 773.5, "left": 91, "height": 24, "width": 296.717, "children": []}]}, {"name": "turing", "top": 582.5, "left": 60, "height": 258, "width": 483.15, "children": [{"name": "turing-info", "top": 613.5, "left": 91, "height": 80, "width": 250, "children": [{"name": "turing-pic", "top": 613.5, "left": 91, "height": 80, "width": 80, "children": []}, {"name": "turing-name", "top": 613.5, "left": 191, "height": 80, "width": 118.117, "children": []}]}, {"name": "turing-blurb", "top": 713.5, "left": 91, "height": 50, "width": 421.15, "children": []}, {"name": "turing-follow", "top": 773.5, "left": 91, "height": 24, "width": 419.15, "children": []}]}]}