{"name": "overview-overview-authors", "bench": {"height": {"low": 598.5, "high": 598.5}, "width": {"low": 1184, "high": 1555}, "trainSeed": 15, "testSeed": 17250987, "testSize": 10, "trainSize": 10}, "train": [{"name": "authors-container", "top": 500, "left": 60, "height": 598.5, "width": 1480, "children": [{"name": "authors-title", "top": 500, "left": 60, "height": 52.5, "width": 1480, "children": []}, {"name": "authors", "top": 582.5, "left": 60, "height": 516, "width": 1480, "children": [{"name": "box3", "top": 582.5, "left": 60, "height": 516, "width": 488.4, "children": [{"name": "turing", "top": 582.5, "left": 60, "height": 258, "width": 458.4, "children": [{"name": "turing-info", "top": 613.5, "left": 91, "height": 80, "width": 250, "children": [{"name": "turing-pic", "top": 613.5, "left": 91, "height": 80, "width": 80, "children": []}, {"name": "turing-name", "top": 613.5, "left": 191, "height": 80, "width": 118.117, "children": []}]}, {"name": "turing-blurb", "top": 713.5, "left": 91, "height": 50, "width": 396.4, "children": []}, {"name": "turing-follow", "top": 773.5, "left": 91, "height": 24, "width": 394.4, "children": []}]}, {"name": "box4", "top": 840.5, "left": 60, "height": 258, "width": 10, "children": []}]}, {"name": "box5", "top": 582.5, "left": 555.7999877929688, "height": 516, "width": 488.4, "children": [{"name": "hopper", "top": 582.5, "left": 555.7999877929688, "height": 258, "width": 458.4, "children": [{"name": "hopper-info", "top": 613.5, "left": 586.7999877929688, "height": 80, "width": 250, "children": [{"name": "hopper-pic", "top": 613.5, "left": 586.7999877929688, "height": 80, "width": 80, "children": []}, {"name": "hopper-name", "top": 613.5, "left": 686.7999877929688, "height": 80, "width": 137.817, "children": []}]}, {"name": "hopper-blurb", "top": 713.5, "left": 586.7999877929688, "height": 50, "width": 396.4, "children": []}, {"name": "hopper-follow", "top": 773.5, "left": 586.7999877929688, "height": 24, "width": 394.4, "children": []}]}, {"name": "box6", "top": 840.5, "left": 555.7999877929688, "height": 258, "width": 10, "children": []}]}, {"name": "box7", "top": 582.5, "left": 1051.5999755859375, "height": 516, "width": 488.4, "children": [{"name": "bovik", "top": 582.5, "left": 1051.5999755859375, "height": 258, "width": 458.4, "children": [{"name": "bovik-info", "top": 613.5, "left": 1082.5999755859375, "height": 80, "width": 250, "children": [{"name": "bovik-pic", "top": 613.5, "left": 1082.5999755859375, "height": 80, "width": 80, "children": []}, {"name": "bovik-name", "top": 613.5, "left": 1182.5999755859375, "height": 80, "width": 144.633, "children": []}]}, {"name": "bovik-blurb", "top": 713.5, "left": 1082.5999755859375, "height": 50, "width": 396.4, "children": []}, {"name": "bovik-follow", "top": 773.5, "left": 1082.5999755859375, "height": 24, "width": 394.4, "children": []}]}, {"name": "box8", "top": 840.5, "left": 1051.5999755859375, "height": 258, "width": 10, "children": []}]}]}]}, {"name": "authors-container", "top": 500, "left": 60, "height": 598.5, "width": 1504, "children": [{"name": "authors-title", "top": 500, "left": 60, "height": 52.5, "width": 1504, "children": []}, {"name": "authors", "top": 582.5, "left": 60, "height": 516, "width": 1504, "children": [{"name": "box3", "top": 582.5, "left": 60, "height": 516, "width": 496.317, "children": [{"name": "turing", "top": 582.5, "left": 60, "height": 258, "width": 466.317, "children": [{"name": "turing-info", "top": 613.5, "left": 91, "height": 80, "width": 250, "children": [{"name": "turing-pic", "top": 613.5, "left": 91, "height": 80, "width": 80, "children": []}, {"name": "turing-name", "top": 613.5, "left": 191, "height": 80, "width": 118.117, "children": []}]}, {"name": "turing-blurb", "top": 713.5, "left": 91, "height": 50, "width": 404.317, "children": []}, {"name": "turing-follow", "top": 773.5, "left": 91, "height": 24, "width": 402.317, "children": []}]}, {"name": "box4", "top": 840.5, "left": 60, "height": 258, "width": 10, "children": []}]}, {"name": "box5", "top": 582.5, "left": 563.8333129882812, "height": 516, "width": 496.317, "children": [{"name": "hopper", "top": 582.5, "left": 563.8333129882812, "height": 258, "width": 466.317, "children": [{"name": "hopper-info", "top": 613.5, "left": 594.8333129882812, "height": 80, "width": 250, "children": [{"name": "hopper-pic", "top": 613.5, "left": 594.8333129882812, "height": 80, "width": 80, "children": []}, {"name": "hopper-name", "top": 613.5, "left": 694.8333129882812, "height": 80, "width": 137.817, "children": []}]}, {"name": "hopper-blurb", "top": 713.5, "left": 594.8333129882812, "height": 50, "width": 404.317, "children": []}, {"name": "hopper-follow", "top": 773.5, "left": 594.8333129882812, "height": 24, "width": 402.317, "children": []}]}, {"name": "box6", "top": 840.5, "left": 563.8333129882812, "height": 258, "width": 10, "children": []}]}, {"name": "box7", "top": 582.5, "left": 1067.683349609375, "height": 516, "width": 496.317, "children": [{"name": "bovik", "top": 582.5, "left": 1067.683349609375, "height": 258, "width": 466.317, "children": [{"name": "bovik-info", "top": 613.5, "left": 1098.683349609375, "height": 80, "width": 250, "children": [{"name": "bovik-pic", "top": 613.5, "left": 1098.683349609375, "height": 80, "width": 80, "children": []}, {"name": "bovik-name", "top": 613.5, "left": 1198.683349609375, "height": 80, "width": 144.633, "children": []}]}, {"name": "bovik-blurb", "top": 713.5, "left": 1098.683349609375, "height": 50, "width": 404.317, "children": []}, {"name": "bovik-follow", "top": 773.5, "left": 1098.683349609375, "height": 24, "width": 402.317, "children": []}]}, {"name": "box8", "top": 840.5, "left": 1067.683349609375, "height": 258, "width": 10, "children": []}]}]}]}, {"name": "authors-container", "top": 500, "left": 60, "height": 598.5, "width": 1445, "children": [{"name": "authors-title", "top": 500, "left": 60, "height": 52.5, "width": 1445, "children": []}, {"name": "authors", "top": 582.5, "left": 60, "height": 516, "width": 1445, "children": [{"name": "box3", "top": 582.5, "left": 60, "height": 516, "width": 476.85, "children": [{"name": "turing", "top": 582.5, "left": 60, "height": 258, "width": 446.85, "children": [{"name": "turing-info", "top": 613.5, "left": 91, "height": 80, "width": 250, "children": [{"name": "turing-pic", "top": 613.5, "left": 91, "height": 80, "width": 80, "children": []}, {"name": "turing-name", "top": 613.5, "left": 191, "height": 80, "width": 118.117, "children": []}]}, {"name": "turing-blurb", "top": 713.5, "left": 91, "height": 50, "width": 384.85, "children": []}, {"name": "turing-follow", "top": 773.5, "left": 91, "height": 24, "width": 382.85, "children": []}]}, {"name": "box4", "top": 840.5, "left": 60, "height": 258, "width": 10, "children": []}]}, {"name": "box5", "top": 582.5, "left": 544.066650390625, "height": 516, "width": 476.85, "children": [{"name": "hopper", "top": 582.5, "left": 544.066650390625, "height": 258, "width": 446.85, "children": [{"name": "hopper-info", "top": 613.5, "left": 575.066650390625, "height": 80, "width": 250, "children": [{"name": "hopper-pic", "top": 613.5, "left": 575.066650390625, "height": 80, "width": 80, "children": []}, {"name": "hopper-name", "top": 613.5, "left": 675.066650390625, "height": 80, "width": 137.817, "children": []}]}, {"name": "hopper-blurb", "top": 713.5, "left": 575.066650390625, "height": 50, "width": 384.85, "children": []}, {"name": "hopper-follow", "top": 773.5, "left": 575.066650390625, "height": 24, "width": 382.85, "children": []}]}, {"name": "box6", "top": 840.5, "left": 544.066650390625, "height": 258, "width": 10, "children": []}]}, {"name": "box7", "top": 582.5, "left": 1028.1500244140625, "height": 516, "width": 476.85, "children": [{"name": "bovik", "top": 582.5, "left": 1028.1500244140625, "height": 258, "width": 446.85, "children": [{"name": "bovik-info", "top": 613.5, "left": 1059.1500244140625, "height": 80, "width": 250, "children": [{"name": "bovik-pic", "top": 613.5, "left": 1059.1500244140625, "height": 80, "width": 80, "children": []}, {"name": "bovik-name", "top": 613.5, "left": 1159.1500244140625, "height": 80, "width": 144.633, "children": []}]}, {"name": "bovik-blurb", "top": 713.5, "left": 1059.1500244140625, "height": 50, "width": 384.85, "children": []}, {"name": "bovik-follow", "top": 773.5, "left": 1059.1500244140625, "height": 24, "width": 382.85, "children": []}]}, {"name": "box8", "top": 840.5, "left": 1028.1500244140625, "height": 258, "width": 10, "children": []}]}]}]}, {"name": "authors-container", "top": 500, "left": 60, "height": 598.5, "width": 1304, "children": [{"name": "authors-title", "top": 500, "left": 60, "height": 52.5, "width": 1304, "children": []}, {"name": "authors", "top": 582.5, "left": 60, "height": 516, "width": 1304, "children": [{"name": "box3", "top": 582.5, "left": 60, "height": 516, "width": 430.317, "children": [{"name": "turing", "top": 582.5, "left": 60, "height": 258, "width": 400.317, "children": [{"name": "turing-info", "top": 613.5, "left": 91, "height": 80, "width": 250, "children": [{"name": "turing-pic", "top": 613.5, "left": 91, "height": 80, "width": 80, "children": []}, {"name": "turing-name", "top": 613.5, "left": 191, "height": 80, "width": 118.117, "children": []}]}, {"name": "turing-blurb", "top": 713.5, "left": 91, "height": 50, "width": 338.317, "children": []}, {"name": "turing-follow", "top": 773.5, "left": 91, "height": 24, "width": 336.317, "children": []}]}, {"name": "box4", "top": 840.5, "left": 60, "height": 258, "width": 10, "children": []}]}, {"name": "box5", "top": 582.5, "left": 496.83331298828125, "height": 516, "width": 430.317, "children": [{"name": "hopper", "top": 582.5, "left": 496.83331298828125, "height": 258, "width": 400.317, "children": [{"name": "hopper-info", "top": 613.5, "left": 527.8333129882812, "height": 80, "width": 250, "children": [{"name": "hopper-pic", "top": 613.5, "left": 527.8333129882812, "height": 80, "width": 80, "children": []}, {"name": "hopper-name", "top": 613.5, "left": 627.8333129882812, "height": 80, "width": 137.817, "children": []}]}, {"name": "hopper-blurb", "top": 713.5, "left": 527.8333129882812, "height": 50, "width": 338.317, "children": []}, {"name": "hopper-follow", "top": 773.5, "left": 527.8333129882812, "height": 24, "width": 336.317, "children": []}]}, {"name": "box6", "top": 840.5, "left": 496.83331298828125, "height": 258, "width": 10, "children": []}]}, {"name": "box7", "top": 582.5, "left": 933.683349609375, "height": 516, "width": 430.317, "children": [{"name": "bovik", "top": 582.5, "left": 933.683349609375, "height": 258, "width": 400.317, "children": [{"name": "bovik-info", "top": 613.5, "left": 964.683349609375, "height": 80, "width": 250, "children": [{"name": "bovik-pic", "top": 613.5, "left": 964.683349609375, "height": 80, "width": 80, "children": []}, {"name": "bovik-name", "top": 613.5, "left": 1064.683349609375, "height": 80, "width": 144.633, "children": []}]}, {"name": "bovik-blurb", "top": 713.5, "left": 964.683349609375, "height": 50, "width": 338.317, "children": []}, {"name": "bovik-follow", "top": 773.5, "left": 964.683349609375, "height": 24, "width": 336.317, "children": []}]}, {"name": "box8", "top": 840.5, "left": 933.683349609375, "height": 258, "width": 10, "children": []}]}]}]}, {"name": "authors-container", "top": 500, "left": 60, "height": 598.5, "width": 1245, "children": [{"name": "authors-title", "top": 500, "left": 60, "height": 52.5, "width": 1245, "children": []}, {"name": "authors", "top": 582.5, "left": 60, "height": 516, "width": 1245, "children": [{"name": "box3", "top": 582.5, "left": 60, "height": 516, "width": 410.85, "children": [{"name": "turing", "top": 582.5, "left": 60, "height": 258, "width": 380.85, "children": [{"name": "turing-info", "top": 613.5, "left": 91, "height": 80, "width": 250, "children": [{"name": "turing-pic", "top": 613.5, "left": 91, "height": 80, "width": 80, "children": []}, {"name": "turing-name", "top": 613.5, "left": 191, "height": 80, "width": 118.117, "children": []}]}, {"name": "turing-blurb", "top": 713.5, "left": 91, "height": 50, "width": 318.85, "children": []}, {"name": "turing-follow", "top": 773.5, "left": 91, "height": 24, "width": 316.85, "children": []}]}, {"name": "box4", "top": 840.5, "left": 60, "height": 258, "width": 10, "children": []}]}, {"name": "box5", "top": 582.5, "left": 477.066650390625, "height": 516, "width": 410.85, "children": [{"name": "hopper", "top": 582.5, "left": 477.066650390625, "height": 258, "width": 380.85, "children": [{"name": "hopper-info", "top": 613.5, "left": 508.066650390625, "height": 80, "width": 250, "children": [{"name": "hopper-pic", "top": 613.5, "left": 508.066650390625, "height": 80, "width": 80, "children": []}, {"name": "hopper-name", "top": 613.5, "left": 608.066650390625, "height": 80, "width": 137.817, "children": []}]}, {"name": "hopper-blurb", "top": 713.5, "left": 508.066650390625, "height": 50, "width": 318.85, "children": []}, {"name": "hopper-follow", "top": 773.5, "left": 508.066650390625, "height": 24, "width": 316.85, "children": []}]}, {"name": "box6", "top": 840.5, "left": 477.066650390625, "height": 258, "width": 10, "children": []}]}, {"name": "box7", "top": 582.5, "left": 894.1500244140625, "height": 516, "width": 410.85, "children": [{"name": "bovik", "top": 582.5, "left": 894.1500244140625, "height": 258, "width": 380.85, "children": [{"name": "bovik-info", "top": 613.5, "left": 925.1500244140625, "height": 80, "width": 250, "children": [{"name": "bovik-pic", "top": 613.5, "left": 925.1500244140625, "height": 80, "width": 80, "children": []}, {"name": "bovik-name", "top": 613.5, "left": 1025.1500244140625, "height": 80, "width": 144.633, "children": []}]}, {"name": "bovik-blurb", "top": 713.5, "left": 925.1500244140625, "height": 50, "width": 318.85, "children": []}, {"name": "bovik-follow", "top": 773.5, "left": 925.1500244140625, "height": 24, "width": 316.85, "children": []}]}, {"name": "box8", "top": 840.5, "left": 894.1500244140625, "height": 258, "width": 10, "children": []}]}]}]}, {"name": "authors-container", "top": 500, "left": 60, "height": 598.5, "width": 1533, "children": [{"name": "authors-title", "top": 500, "left": 60, "height": 52.5, "width": 1533, "children": []}, {"name": "authors", "top": 582.5, "left": 60, "height": 516, "width": 1533, "children": [{"name": "box3", "top": 582.5, "left": 60, "height": 516, "width": 505.883, "children": [{"name": "turing", "top": 582.5, "left": 60, "height": 258, "width": 475.883, "children": [{"name": "turing-info", "top": 613.5, "left": 91, "height": 80, "width": 250, "children": [{"name": "turing-pic", "top": 613.5, "left": 91, "height": 80, "width": 80, "children": []}, {"name": "turing-name", "top": 613.5, "left": 191, "height": 80, "width": 118.117, "children": []}]}, {"name": "turing-blurb", "top": 713.5, "left": 91, "height": 50, "width": 413.883, "children": []}, {"name": "turing-follow", "top": 773.5, "left": 91, "height": 24, "width": 411.883, "children": []}]}, {"name": "box4", "top": 840.5, "left": 60, "height": 258, "width": 10, "children": []}]}, {"name": "box5", "top": 582.5, "left": 573.5499877929688, "height": 516, "width": 505.883, "children": [{"name": "hopper", "top": 582.5, "left": 573.5499877929688, "height": 258, "width": 475.883, "children": [{"name": "hopper-info", "top": 613.5, "left": 604.5499877929688, "height": 80, "width": 250, "children": [{"name": "hopper-pic", "top": 613.5, "left": 604.5499877929688, "height": 80, "width": 80, "children": []}, {"name": "hopper-name", "top": 613.5, "left": 704.5499877929688, "height": 80, "width": 137.817, "children": []}]}, {"name": "hopper-blurb", "top": 713.5, "left": 604.5499877929688, "height": 50, "width": 413.883, "children": []}, {"name": "hopper-follow", "top": 773.5, "left": 604.5499877929688, "height": 24, "width": 411.883, "children": []}]}, {"name": "box6", "top": 840.5, "left": 573.5499877929688, "height": 258, "width": 10, "children": []}]}, {"name": "box7", "top": 582.5, "left": 1087.11669921875, "height": 516, "width": 505.883, "children": [{"name": "bovik", "top": 582.5, "left": 1087.11669921875, "height": 258, "width": 475.883, "children": [{"name": "bovik-info", "top": 613.5, "left": 1118.11669921875, "height": 80, "width": 250, "children": [{"name": "bovik-pic", "top": 613.5, "left": 1118.11669921875, "height": 80, "width": 80, "children": []}, {"name": "bovik-name", "top": 613.5, "left": 1218.11669921875, "height": 80, "width": 144.633, "children": []}]}, {"name": "bovik-blurb", "top": 713.5, "left": 1118.11669921875, "height": 50, "width": 413.883, "children": []}, {"name": "bovik-follow", "top": 773.5, "left": 1118.11669921875, "height": 24, "width": 411.883, "children": []}]}, {"name": "box8", "top": 840.5, "left": 1087.11669921875, "height": 258, "width": 10, "children": []}]}]}]}, {"name": "authors-container", "top": 500, "left": 60, "height": 598.5, "width": 1492, "children": [{"name": "authors-title", "top": 500, "left": 60, "height": 52.5, "width": 1492, "children": []}, {"name": "authors", "top": 582.5, "left": 60, "height": 516, "width": 1492, "children": [{"name": "box3", "top": 582.5, "left": 60, "height": 516, "width": 492.35, "children": [{"name": "turing", "top": 582.5, "left": 60, "height": 258, "width": 462.35, "children": [{"name": "turing-info", "top": 613.5, "left": 91, "height": 80, "width": 250, "children": [{"name": "turing-pic", "top": 613.5, "left": 91, "height": 80, "width": 80, "children": []}, {"name": "turing-name", "top": 613.5, "left": 191, "height": 80, "width": 118.117, "children": []}]}, {"name": "turing-blurb", "top": 713.5, "left": 91, "height": 50, "width": 400.35, "children": []}, {"name": "turing-follow", "top": 773.5, "left": 91, "height": 24, "width": 398.35, "children": []}]}, {"name": "box4", "top": 840.5, "left": 60, "height": 258, "width": 10, "children": []}]}, {"name": "box5", "top": 582.5, "left": 559.816650390625, "height": 516, "width": 492.35, "children": [{"name": "hopper", "top": 582.5, "left": 559.816650390625, "height": 258, "width": 462.35, "children": [{"name": "hopper-info", "top": 613.5, "left": 590.816650390625, "height": 80, "width": 250, "children": [{"name": "hopper-pic", "top": 613.5, "left": 590.816650390625, "height": 80, "width": 80, "children": []}, {"name": "hopper-name", "top": 613.5, "left": 690.816650390625, "height": 80, "width": 137.817, "children": []}]}, {"name": "hopper-blurb", "top": 713.5, "left": 590.816650390625, "height": 50, "width": 400.35, "children": []}, {"name": "hopper-follow", "top": 773.5, "left": 590.816650390625, "height": 24, "width": 398.35, "children": []}]}, {"name": "box6", "top": 840.5, "left": 559.816650390625, "height": 258, "width": 10, "children": []}]}, {"name": "box7", "top": 582.5, "left": 1059.6500244140625, "height": 516, "width": 492.35, "children": [{"name": "bovik", "top": 582.5, "left": 1059.6500244140625, "height": 258, "width": 462.35, "children": [{"name": "bovik-info", "top": 613.5, "left": 1090.6500244140625, "height": 80, "width": 250, "children": [{"name": "bovik-pic", "top": 613.5, "left": 1090.6500244140625, "height": 80, "width": 80, "children": []}, {"name": "bovik-name", "top": 613.5, "left": 1190.6500244140625, "height": 80, "width": 144.633, "children": []}]}, {"name": "bovik-blurb", "top": 713.5, "left": 1090.6500244140625, "height": 50, "width": 400.35, "children": []}, {"name": "bovik-follow", "top": 773.5, "left": 1090.6500244140625, "height": 24, "width": 398.35, "children": []}]}, {"name": "box8", "top": 840.5, "left": 1059.6500244140625, "height": 258, "width": 10, "children": []}]}]}]}, {"name": "authors-container", "top": 500, "left": 60, "height": 598.5, "width": 1294, "children": [{"name": "authors-title", "top": 500, "left": 60, "height": 52.5, "width": 1294, "children": []}, {"name": "authors", "top": 582.5, "left": 60, "height": 516, "width": 1294, "children": [{"name": "box3", "top": 582.5, "left": 60, "height": 516, "width": 427.017, "children": [{"name": "turing", "top": 582.5, "left": 60, "height": 258, "width": 397.017, "children": [{"name": "turing-info", "top": 613.5, "left": 91, "height": 80, "width": 250, "children": [{"name": "turing-pic", "top": 613.5, "left": 91, "height": 80, "width": 80, "children": []}, {"name": "turing-name", "top": 613.5, "left": 191, "height": 80, "width": 118.117, "children": []}]}, {"name": "turing-blurb", "top": 713.5, "left": 91, "height": 50, "width": 335.017, "children": []}, {"name": "turing-follow", "top": 773.5, "left": 91, "height": 24, "width": 333.017, "children": []}]}, {"name": "box4", "top": 840.5, "left": 60, "height": 258, "width": 10, "children": []}]}, {"name": "box5", "top": 582.5, "left": 493.48333740234375, "height": 516, "width": 427.017, "children": [{"name": "hopper", "top": 582.5, "left": 493.48333740234375, "height": 258, "width": 397.017, "children": [{"name": "hopper-info", "top": 613.5, "left": 524.4833374023438, "height": 80, "width": 250, "children": [{"name": "hopper-pic", "top": 613.5, "left": 524.4833374023438, "height": 80, "width": 80, "children": []}, {"name": "hopper-name", "top": 613.5, "left": 624.4833374023438, "height": 80, "width": 137.817, "children": []}]}, {"name": "hopper-blurb", "top": 713.5, "left": 524.4833374023438, "height": 50, "width": 335.017, "children": []}, {"name": "hopper-follow", "top": 773.5, "left": 524.4833374023438, "height": 24, "width": 333.017, "children": []}]}, {"name": "box6", "top": 840.5, "left": 493.48333740234375, "height": 258, "width": 10, "children": []}]}, {"name": "box7", "top": 582.5, "left": 926.9833374023438, "height": 516, "width": 427.017, "children": [{"name": "bovik", "top": 582.5, "left": 926.9833374023438, "height": 258, "width": 397.017, "children": [{"name": "bovik-info", "top": 613.5, "left": 957.9833374023438, "height": 80, "width": 250, "children": [{"name": "bovik-pic", "top": 613.5, "left": 957.9833374023438, "height": 80, "width": 80, "children": []}, {"name": "bovik-name", "top": 613.5, "left": 1057.9833984375, "height": 80, "width": 144.633, "children": []}]}, {"name": "bovik-blurb", "top": 713.5, "left": 957.9833374023438, "height": 50, "width": 335.017, "children": []}, {"name": "bovik-follow", "top": 773.5, "left": 957.9833374023438, "height": 24, "width": 333.017, "children": []}]}, {"name": "box8", "top": 840.5, "left": 926.9833374023438, "height": 258, "width": 10, "children": []}]}]}]}, {"name": "authors-container", "top": 500, "left": 60, "height": 598.5, "width": 1546, "children": [{"name": "authors-title", "top": 500, "left": 60, "height": 52.5, "width": 1546, "children": []}, {"name": "authors", "top": 582.5, "left": 60, "height": 516, "width": 1546, "children": [{"name": "box3", "top": 582.5, "left": 60, "height": 516, "width": 510.167, "children": [{"name": "turing", "top": 582.5, "left": 60, "height": 258, "width": 480.167, "children": [{"name": "turing-info", "top": 613.5, "left": 91, "height": 80, "width": 250, "children": [{"name": "turing-pic", "top": 613.5, "left": 91, "height": 80, "width": 80, "children": []}, {"name": "turing-name", "top": 613.5, "left": 191, "height": 80, "width": 118.117, "children": []}]}, {"name": "turing-blurb", "top": 713.5, "left": 91, "height": 50, "width": 418.167, "children": []}, {"name": "turing-follow", "top": 773.5, "left": 91, "height": 24, "width": 416.167, "children": []}]}, {"name": "box4", "top": 840.5, "left": 60, "height": 258, "width": 10, "children": []}]}, {"name": "box5", "top": 582.5, "left": 577.9166870117188, "height": 516, "width": 510.167, "children": [{"name": "hopper", "top": 582.5, "left": 577.9166870117188, "height": 258, "width": 480.167, "children": [{"name": "hopper-info", "top": 613.5, "left": 608.9166870117188, "height": 80, "width": 250, "children": [{"name": "hopper-pic", "top": 613.5, "left": 608.9166870117188, "height": 80, "width": 80, "children": []}, {"name": "hopper-name", "top": 613.5, "left": 708.9166870117188, "height": 80, "width": 137.817, "children": []}]}, {"name": "hopper-blurb", "top": 713.5, "left": 608.9166870117188, "height": 50, "width": 418.167, "children": []}, {"name": "hopper-follow", "top": 773.5, "left": 608.9166870117188, "height": 24, "width": 416.167, "children": []}]}, {"name": "box6", "top": 840.5, "left": 577.9166870117188, "height": 258, "width": 10, "children": []}]}, {"name": "box7", "top": 582.5, "left": 1095.8333740234375, "height": 516, "width": 510.167, "children": [{"name": "bovik", "top": 582.5, "left": 1095.8333740234375, "height": 258, "width": 480.167, "children": [{"name": "bovik-info", "top": 613.5, "left": 1126.8333740234375, "height": 80, "width": 250, "children": [{"name": "bovik-pic", "top": 613.5, "left": 1126.8333740234375, "height": 80, "width": 80, "children": []}, {"name": "bovik-name", "top": 613.5, "left": 1226.8333740234375, "height": 80, "width": 144.633, "children": []}]}, {"name": "bovik-blurb", "top": 713.5, "left": 1126.8333740234375, "height": 50, "width": 418.167, "children": []}, {"name": "bovik-follow", "top": 773.5, "left": 1126.8333740234375, "height": 24, "width": 416.167, "children": []}]}, {"name": "box8", "top": 840.5, "left": 1095.8333740234375, "height": 258, "width": 10, "children": []}]}]}]}, {"name": "authors-container", "top": 500, "left": 60, "height": 598.5, "width": 1395, "children": [{"name": "authors-title", "top": 500, "left": 60, "height": 52.5, "width": 1395, "children": []}, {"name": "authors", "top": 582.5, "left": 60, "height": 516, "width": 1395, "children": [{"name": "box3", "top": 582.5, "left": 60, "height": 516, "width": 460.35, "children": [{"name": "turing", "top": 582.5, "left": 60, "height": 258, "width": 430.35, "children": [{"name": "turing-info", "top": 613.5, "left": 91, "height": 80, "width": 250, "children": [{"name": "turing-pic", "top": 613.5, "left": 91, "height": 80, "width": 80, "children": []}, {"name": "turing-name", "top": 613.5, "left": 191, "height": 80, "width": 118.117, "children": []}]}, {"name": "turing-blurb", "top": 713.5, "left": 91, "height": 50, "width": 368.35, "children": []}, {"name": "turing-follow", "top": 773.5, "left": 91, "height": 24, "width": 366.35, "children": []}]}, {"name": "box4", "top": 840.5, "left": 60, "height": 258, "width": 10, "children": []}]}, {"name": "box5", "top": 582.5, "left": 527.316650390625, "height": 516, "width": 460.35, "children": [{"name": "hopper", "top": 582.5, "left": 527.316650390625, "height": 258, "width": 430.35, "children": [{"name": "hopper-info", "top": 613.5, "left": 558.316650390625, "height": 80, "width": 250, "children": [{"name": "hopper-pic", "top": 613.5, "left": 558.316650390625, "height": 80, "width": 80, "children": []}, {"name": "hopper-name", "top": 613.5, "left": 658.316650390625, "height": 80, "width": 137.817, "children": []}]}, {"name": "hopper-blurb", "top": 713.5, "left": 558.316650390625, "height": 50, "width": 368.35, "children": []}, {"name": "hopper-follow", "top": 773.5, "left": 558.316650390625, "height": 24, "width": 366.35, "children": []}]}, {"name": "box6", "top": 840.5, "left": 527.316650390625, "height": 258, "width": 10, "children": []}]}, {"name": "box7", "top": 582.5, "left": 994.6500244140625, "height": 516, "width": 460.35, "children": [{"name": "bovik", "top": 582.5, "left": 994.6500244140625, "height": 258, "width": 430.35, "children": [{"name": "bovik-info", "top": 613.5, "left": 1025.6500244140625, "height": 80, "width": 250, "children": [{"name": "bovik-pic", "top": 613.5, "left": 1025.6500244140625, "height": 80, "width": 80, "children": []}, {"name": "bovik-name", "top": 613.5, "left": 1125.6500244140625, "height": 80, "width": 144.633, "children": []}]}, {"name": "bovik-blurb", "top": 713.5, "left": 1025.6500244140625, "height": 50, "width": 368.35, "children": []}, {"name": "bovik-follow", "top": 773.5, "left": 1025.6500244140625, "height": 24, "width": 366.35, "children": []}]}, {"name": "box8", "top": 840.5, "left": 994.6500244140625, "height": 258, "width": 10, "children": []}]}]}]}], "test": [{"name": "authors-container", "top": 500, "left": 60, "height": 598.5, "width": 1553, "children": [{"name": "authors-title", "top": 500, "left": 60, "height": 52.5, "width": 1553, "children": []}, {"name": "authors", "top": 582.5, "left": 60, "height": 516, "width": 1553, "children": [{"name": "box3", "top": 582.5, "left": 60, "height": 516, "width": 512.483, "children": [{"name": "turing", "top": 582.5, "left": 60, "height": 258, "width": 482.483, "children": [{"name": "turing-info", "top": 613.5, "left": 91, "height": 80, "width": 250, "children": [{"name": "turing-pic", "top": 613.5, "left": 91, "height": 80, "width": 80, "children": []}, {"name": "turing-name", "top": 613.5, "left": 191, "height": 80, "width": 118.117, "children": []}]}, {"name": "turing-blurb", "top": 713.5, "left": 91, "height": 50, "width": 420.483, "children": []}, {"name": "turing-follow", "top": 773.5, "left": 91, "height": 24, "width": 418.483, "children": []}]}, {"name": "box4", "top": 840.5, "left": 60, "height": 258, "width": 10, "children": []}]}, {"name": "box5", "top": 582.5, "left": 580.25, "height": 516, "width": 512.483, "children": [{"name": "hopper", "top": 582.5, "left": 580.25, "height": 258, "width": 482.483, "children": [{"name": "hopper-info", "top": 613.5, "left": 611.25, "height": 80, "width": 250, "children": [{"name": "hopper-pic", "top": 613.5, "left": 611.25, "height": 80, "width": 80, "children": []}, {"name": "hopper-name", "top": 613.5, "left": 711.25, "height": 80, "width": 137.817, "children": []}]}, {"name": "hopper-blurb", "top": 713.5, "left": 611.25, "height": 50, "width": 420.483, "children": []}, {"name": "hopper-follow", "top": 773.5, "left": 611.25, "height": 24, "width": 418.483, "children": []}]}, {"name": "box6", "top": 840.5, "left": 580.25, "height": 258, "width": 10, "children": []}]}, {"name": "box7", "top": 582.5, "left": 1100.5166015625, "height": 516, "width": 512.483, "children": [{"name": "bovik", "top": 582.5, "left": 1100.5166015625, "height": 258, "width": 482.483, "children": [{"name": "bovik-info", "top": 613.5, "left": 1131.5166015625, "height": 80, "width": 250, "children": [{"name": "bovik-pic", "top": 613.5, "left": 1131.5166015625, "height": 80, "width": 80, "children": []}, {"name": "bovik-name", "top": 613.5, "left": 1231.5166015625, "height": 80, "width": 144.633, "children": []}]}, {"name": "bovik-blurb", "top": 713.5, "left": 1131.5166015625, "height": 50, "width": 420.483, "children": []}, {"name": "bovik-follow", "top": 773.5, "left": 1131.5166015625, "height": 24, "width": 418.483, "children": []}]}, {"name": "box8", "top": 840.5, "left": 1100.5166015625, "height": 258, "width": 10, "children": []}]}]}]}, {"name": "authors-container", "top": 500, "left": 60, "height": 598.5, "width": 1305, "children": [{"name": "authors-title", "top": 500, "left": 60, "height": 52.5, "width": 1305, "children": []}, {"name": "authors", "top": 582.5, "left": 60, "height": 516, "width": 1305, "children": [{"name": "box3", "top": 582.5, "left": 60, "height": 516, "width": 430.65, "children": [{"name": "turing", "top": 582.5, "left": 60, "height": 258, "width": 400.65, "children": [{"name": "turing-info", "top": 613.5, "left": 91, "height": 80, "width": 250, "children": [{"name": "turing-pic", "top": 613.5, "left": 91, "height": 80, "width": 80, "children": []}, {"name": "turing-name", "top": 613.5, "left": 191, "height": 80, "width": 118.117, "children": []}]}, {"name": "turing-blurb", "top": 713.5, "left": 91, "height": 50, "width": 338.65, "children": []}, {"name": "turing-follow", "top": 773.5, "left": 91, "height": 24, "width": 336.65, "children": []}]}, {"name": "box4", "top": 840.5, "left": 60, "height": 258, "width": 10, "children": []}]}, {"name": "box5", "top": 582.5, "left": 497.16668701171875, "height": 516, "width": 430.65, "children": [{"name": "hopper", "top": 582.5, "left": 497.16668701171875, "height": 258, "width": 400.65, "children": [{"name": "hopper-info", "top": 613.5, "left": 528.1666870117188, "height": 80, "width": 250, "children": [{"name": "hopper-pic", "top": 613.5, "left": 528.1666870117188, "height": 80, "width": 80, "children": []}, {"name": "hopper-name", "top": 613.5, "left": 628.1666870117188, "height": 80, "width": 137.817, "children": []}]}, {"name": "hopper-blurb", "top": 713.5, "left": 528.1666870117188, "height": 50, "width": 338.65, "children": []}, {"name": "hopper-follow", "top": 773.5, "left": 528.1666870117188, "height": 24, "width": 336.65, "children": []}]}, {"name": "box6", "top": 840.5, "left": 497.16668701171875, "height": 258, "width": 10, "children": []}]}, {"name": "box7", "top": 582.5, "left": 934.3499755859375, "height": 516, "width": 430.65, "children": [{"name": "bovik", "top": 582.5, "left": 934.3499755859375, "height": 258, "width": 400.65, "children": [{"name": "bovik-info", "top": 613.5, "left": 965.3499755859375, "height": 80, "width": 250, "children": [{"name": "bovik-pic", "top": 613.5, "left": 965.3499755859375, "height": 80, "width": 80, "children": []}, {"name": "bovik-name", "top": 613.5, "left": 1065.3499755859375, "height": 80, "width": 144.633, "children": []}]}, {"name": "bovik-blurb", "top": 713.5, "left": 965.3499755859375, "height": 50, "width": 338.65, "children": []}, {"name": "bovik-follow", "top": 773.5, "left": 965.3499755859375, "height": 24, "width": 336.65, "children": []}]}, {"name": "box8", "top": 840.5, "left": 934.3499755859375, "height": 258, "width": 10, "children": []}]}]}]}, {"name": "authors-container", "top": 500, "left": 60, "height": 598.5, "width": 1296, "children": [{"name": "authors-title", "top": 500, "left": 60, "height": 52.5, "width": 1296, "children": []}, {"name": "authors", "top": 582.5, "left": 60, "height": 516, "width": 1296, "children": [{"name": "box3", "top": 582.5, "left": 60, "height": 516, "width": 427.667, "children": [{"name": "turing", "top": 582.5, "left": 60, "height": 258, "width": 397.667, "children": [{"name": "turing-info", "top": 613.5, "left": 91, "height": 80, "width": 250, "children": [{"name": "turing-pic", "top": 613.5, "left": 91, "height": 80, "width": 80, "children": []}, {"name": "turing-name", "top": 613.5, "left": 191, "height": 80, "width": 118.117, "children": []}]}, {"name": "turing-blurb", "top": 713.5, "left": 91, "height": 50, "width": 335.667, "children": []}, {"name": "turing-follow", "top": 773.5, "left": 91, "height": 24, "width": 333.667, "children": []}]}, {"name": "box4", "top": 840.5, "left": 60, "height": 258, "width": 10, "children": []}]}, {"name": "box5", "top": 582.5, "left": 494.16668701171875, "height": 516, "width": 427.667, "children": [{"name": "hopper", "top": 582.5, "left": 494.16668701171875, "height": 258, "width": 397.667, "children": [{"name": "hopper-info", "top": 613.5, "left": 525.1666870117188, "height": 80, "width": 250, "children": [{"name": "hopper-pic", "top": 613.5, "left": 525.1666870117188, "height": 80, "width": 80, "children": []}, {"name": "hopper-name", "top": 613.5, "left": 625.1666870117188, "height": 80, "width": 137.817, "children": []}]}, {"name": "hopper-blurb", "top": 713.5, "left": 525.1666870117188, "height": 50, "width": 335.667, "children": []}, {"name": "hopper-follow", "top": 773.5, "left": 525.1666870117188, "height": 24, "width": 333.667, "children": []}]}, {"name": "box6", "top": 840.5, "left": 494.16668701171875, "height": 258, "width": 10, "children": []}]}, {"name": "box7", "top": 582.5, "left": 928.3333129882812, "height": 516, "width": 427.667, "children": [{"name": "bovik", "top": 582.5, "left": 928.3333129882812, "height": 258, "width": 397.667, "children": [{"name": "bovik-info", "top": 613.5, "left": 959.3333129882812, "height": 80, "width": 250, "children": [{"name": "bovik-pic", "top": 613.5, "left": 959.3333129882812, "height": 80, "width": 80, "children": []}, {"name": "bovik-name", "top": 613.5, "left": 1059.3333740234375, "height": 80, "width": 144.633, "children": []}]}, {"name": "bovik-blurb", "top": 713.5, "left": 959.3333129882812, "height": 50, "width": 335.667, "children": []}, {"name": "bovik-follow", "top": 773.5, "left": 959.3333129882812, "height": 24, "width": 333.667, "children": []}]}, {"name": "box8", "top": 840.5, "left": 928.3333129882812, "height": 258, "width": 10, "children": []}]}]}]}, {"name": "authors-container", "top": 500, "left": 60, "height": 598.5, "width": 1254, "children": [{"name": "authors-title", "top": 500, "left": 60, "height": 52.5, "width": 1254, "children": []}, {"name": "authors", "top": 582.5, "left": 60, "height": 516, "width": 1254, "children": [{"name": "box3", "top": 582.5, "left": 60, "height": 516, "width": 413.817, "children": [{"name": "turing", "top": 582.5, "left": 60, "height": 258, "width": 383.817, "children": [{"name": "turing-info", "top": 613.5, "left": 91, "height": 80, "width": 250, "children": [{"name": "turing-pic", "top": 613.5, "left": 91, "height": 80, "width": 80, "children": []}, {"name": "turing-name", "top": 613.5, "left": 191, "height": 80, "width": 118.117, "children": []}]}, {"name": "turing-blurb", "top": 713.5, "left": 91, "height": 50, "width": 321.817, "children": []}, {"name": "turing-follow", "top": 773.5, "left": 91, "height": 24, "width": 319.817, "children": []}]}, {"name": "box4", "top": 840.5, "left": 60, "height": 258, "width": 10, "children": []}]}, {"name": "box5", "top": 582.5, "left": 480.08331298828125, "height": 516, "width": 413.817, "children": [{"name": "hopper", "top": 582.5, "left": 480.08331298828125, "height": 258, "width": 383.817, "children": [{"name": "hopper-info", "top": 613.5, "left": 511.08331298828125, "height": 80, "width": 250, "children": [{"name": "hopper-pic", "top": 613.5, "left": 511.08331298828125, "height": 80, "width": 80, "children": []}, {"name": "hopper-name", "top": 613.5, "left": 611.0833129882812, "height": 80, "width": 137.817, "children": []}]}, {"name": "hopper-blurb", "top": 713.5, "left": 511.08331298828125, "height": 50, "width": 321.817, "children": []}, {"name": "hopper-follow", "top": 773.5, "left": 511.08331298828125, "height": 24, "width": 319.817, "children": []}]}, {"name": "box6", "top": 840.5, "left": 480.08331298828125, "height": 258, "width": 10, "children": []}]}, {"name": "box7", "top": 582.5, "left": 900.183349609375, "height": 516, "width": 413.817, "children": [{"name": "bovik", "top": 582.5, "left": 900.183349609375, "height": 258, "width": 383.817, "children": [{"name": "bovik-info", "top": 613.5, "left": 931.183349609375, "height": 80, "width": 250, "children": [{"name": "bovik-pic", "top": 613.5, "left": 931.183349609375, "height": 80, "width": 80, "children": []}, {"name": "bovik-name", "top": 613.5, "left": 1031.183349609375, "height": 80, "width": 144.633, "children": []}]}, {"name": "bovik-blurb", "top": 713.5, "left": 931.183349609375, "height": 50, "width": 321.817, "children": []}, {"name": "bovik-follow", "top": 773.5, "left": 931.183349609375, "height": 24, "width": 319.817, "children": []}]}, {"name": "box8", "top": 840.5, "left": 900.183349609375, "height": 258, "width": 10, "children": []}]}]}]}, {"name": "authors-container", "top": 500, "left": 60, "height": 598.5, "width": 1555, "children": [{"name": "authors-title", "top": 500, "left": 60, "height": 52.5, "width": 1555, "children": []}, {"name": "authors", "top": 582.5, "left": 60, "height": 516, "width": 1555, "children": [{"name": "box3", "top": 582.5, "left": 60, "height": 516, "width": 513.15, "children": [{"name": "turing", "top": 582.5, "left": 60, "height": 258, "width": 483.15, "children": [{"name": "turing-info", "top": 613.5, "left": 91, "height": 80, "width": 250, "children": [{"name": "turing-pic", "top": 613.5, "left": 91, "height": 80, "width": 80, "children": []}, {"name": "turing-name", "top": 613.5, "left": 191, "height": 80, "width": 118.117, "children": []}]}, {"name": "turing-blurb", "top": 713.5, "left": 91, "height": 50, "width": 421.15, "children": []}, {"name": "turing-follow", "top": 773.5, "left": 91, "height": 24, "width": 419.15, "children": []}]}, {"name": "box4", "top": 840.5, "left": 60, "height": 258, "width": 10, "children": []}]}, {"name": "box5", "top": 582.5, "left": 580.9166870117188, "height": 516, "width": 513.15, "children": [{"name": "hopper", "top": 582.5, "left": 580.9166870117188, "height": 258, "width": 483.15, "children": [{"name": "hopper-info", "top": 613.5, "left": 611.9166870117188, "height": 80, "width": 250, "children": [{"name": "hopper-pic", "top": 613.5, "left": 611.9166870117188, "height": 80, "width": 80, "children": []}, {"name": "hopper-name", "top": 613.5, "left": 711.9166870117188, "height": 80, "width": 137.817, "children": []}]}, {"name": "hopper-blurb", "top": 713.5, "left": 611.9166870117188, "height": 50, "width": 421.15, "children": []}, {"name": "hopper-follow", "top": 773.5, "left": 611.9166870117188, "height": 24, "width": 419.15, "children": []}]}, {"name": "box6", "top": 840.5, "left": 580.9166870117188, "height": 258, "width": 10, "children": []}]}, {"name": "box7", "top": 582.5, "left": 1101.8499755859375, "height": 516, "width": 513.15, "children": [{"name": "bovik", "top": 582.5, "left": 1101.8499755859375, "height": 258, "width": 483.15, "children": [{"name": "bovik-info", "top": 613.5, "left": 1132.8499755859375, "height": 80, "width": 250, "children": [{"name": "bovik-pic", "top": 613.5, "left": 1132.8499755859375, "height": 80, "width": 80, "children": []}, {"name": "bovik-name", "top": 613.5, "left": 1232.8499755859375, "height": 80, "width": 144.633, "children": []}]}, {"name": "bovik-blurb", "top": 713.5, "left": 1132.8499755859375, "height": 50, "width": 421.15, "children": []}, {"name": "bovik-follow", "top": 773.5, "left": 1132.8499755859375, "height": 24, "width": 419.15, "children": []}]}, {"name": "box8", "top": 840.5, "left": 1101.8499755859375, "height": 258, "width": 10, "children": []}]}]}]}, {"name": "authors-container", "top": 500, "left": 60, "height": 598.5, "width": 1501, "children": [{"name": "authors-title", "top": 500, "left": 60, "height": 52.5, "width": 1501, "children": []}, {"name": "authors", "top": 582.5, "left": 60, "height": 516, "width": 1501, "children": [{"name": "box3", "top": 582.5, "left": 60, "height": 516, "width": 495.317, "children": [{"name": "turing", "top": 582.5, "left": 60, "height": 258, "width": 465.317, "children": [{"name": "turing-info", "top": 613.5, "left": 91, "height": 80, "width": 250, "children": [{"name": "turing-pic", "top": 613.5, "left": 91, "height": 80, "width": 80, "children": []}, {"name": "turing-name", "top": 613.5, "left": 191, "height": 80, "width": 118.117, "children": []}]}, {"name": "turing-blurb", "top": 713.5, "left": 91, "height": 50, "width": 403.317, "children": []}, {"name": "turing-follow", "top": 773.5, "left": 91, "height": 24, "width": 401.317, "children": []}]}, {"name": "box4", "top": 840.5, "left": 60, "height": 258, "width": 10, "children": []}]}, {"name": "box5", "top": 582.5, "left": 562.8333129882812, "height": 516, "width": 495.317, "children": [{"name": "hopper", "top": 582.5, "left": 562.8333129882812, "height": 258, "width": 465.317, "children": [{"name": "hopper-info", "top": 613.5, "left": 593.8333129882812, "height": 80, "width": 250, "children": [{"name": "hopper-pic", "top": 613.5, "left": 593.8333129882812, "height": 80, "width": 80, "children": []}, {"name": "hopper-name", "top": 613.5, "left": 693.8333129882812, "height": 80, "width": 137.817, "children": []}]}, {"name": "hopper-blurb", "top": 713.5, "left": 593.8333129882812, "height": 50, "width": 403.317, "children": []}, {"name": "hopper-follow", "top": 773.5, "left": 593.8333129882812, "height": 24, "width": 401.317, "children": []}]}, {"name": "box6", "top": 840.5, "left": 562.8333129882812, "height": 258, "width": 10, "children": []}]}, {"name": "box7", "top": 582.5, "left": 1065.683349609375, "height": 516, "width": 495.317, "children": [{"name": "bovik", "top": 582.5, "left": 1065.683349609375, "height": 258, "width": 465.317, "children": [{"name": "bovik-info", "top": 613.5, "left": 1096.683349609375, "height": 80, "width": 250, "children": [{"name": "bovik-pic", "top": 613.5, "left": 1096.683349609375, "height": 80, "width": 80, "children": []}, {"name": "bovik-name", "top": 613.5, "left": 1196.683349609375, "height": 80, "width": 144.633, "children": []}]}, {"name": "bovik-blurb", "top": 713.5, "left": 1096.683349609375, "height": 50, "width": 403.317, "children": []}, {"name": "bovik-follow", "top": 773.5, "left": 1096.683349609375, "height": 24, "width": 401.317, "children": []}]}, {"name": "box8", "top": 840.5, "left": 1065.683349609375, "height": 258, "width": 10, "children": []}]}]}]}, {"name": "authors-container", "top": 500, "left": 60, "height": 598.5, "width": 1528, "children": [{"name": "authors-title", "top": 500, "left": 60, "height": 52.5, "width": 1528, "children": []}, {"name": "authors", "top": 582.5, "left": 60, "height": 516, "width": 1528, "children": [{"name": "box3", "top": 582.5, "left": 60, "height": 516, "width": 504.233, "children": [{"name": "turing", "top": 582.5, "left": 60, "height": 258, "width": 474.233, "children": [{"name": "turing-info", "top": 613.5, "left": 91, "height": 80, "width": 250, "children": [{"name": "turing-pic", "top": 613.5, "left": 91, "height": 80, "width": 80, "children": []}, {"name": "turing-name", "top": 613.5, "left": 191, "height": 80, "width": 118.117, "children": []}]}, {"name": "turing-blurb", "top": 713.5, "left": 91, "height": 50, "width": 412.233, "children": []}, {"name": "turing-follow", "top": 773.5, "left": 91, "height": 24, "width": 410.233, "children": []}]}, {"name": "box4", "top": 840.5, "left": 60, "height": 258, "width": 10, "children": []}]}, {"name": "box5", "top": 582.5, "left": 571.88330078125, "height": 516, "width": 504.233, "children": [{"name": "hopper", "top": 582.5, "left": 571.88330078125, "height": 258, "width": 474.233, "children": [{"name": "hopper-info", "top": 613.5, "left": 602.88330078125, "height": 80, "width": 250, "children": [{"name": "hopper-pic", "top": 613.5, "left": 602.88330078125, "height": 80, "width": 80, "children": []}, {"name": "hopper-name", "top": 613.5, "left": 702.88330078125, "height": 80, "width": 137.817, "children": []}]}, {"name": "hopper-blurb", "top": 713.5, "left": 602.88330078125, "height": 50, "width": 412.233, "children": []}, {"name": "hopper-follow", "top": 773.5, "left": 602.88330078125, "height": 24, "width": 410.233, "children": []}]}, {"name": "box6", "top": 840.5, "left": 571.88330078125, "height": 258, "width": 10, "children": []}]}, {"name": "box7", "top": 582.5, "left": 1083.7666015625, "height": 516, "width": 504.233, "children": [{"name": "bovik", "top": 582.5, "left": 1083.7666015625, "height": 258, "width": 474.233, "children": [{"name": "bovik-info", "top": 613.5, "left": 1114.7666015625, "height": 80, "width": 250, "children": [{"name": "bovik-pic", "top": 613.5, "left": 1114.7666015625, "height": 80, "width": 80, "children": []}, {"name": "bovik-name", "top": 613.5, "left": 1214.7666015625, "height": 80, "width": 144.633, "children": []}]}, {"name": "bovik-blurb", "top": 713.5, "left": 1114.7666015625, "height": 50, "width": 412.233, "children": []}, {"name": "bovik-follow", "top": 773.5, "left": 1114.7666015625, "height": 24, "width": 410.233, "children": []}]}, {"name": "box8", "top": 840.5, "left": 1083.7666015625, "height": 258, "width": 10, "children": []}]}]}]}, {"name": "authors-container", "top": 500, "left": 60, "height": 598.5, "width": 1322, "children": [{"name": "authors-title", "top": 500, "left": 60, "height": 52.5, "width": 1322, "children": []}, {"name": "authors", "top": 582.5, "left": 60, "height": 516, "width": 1322, "children": [{"name": "box3", "top": 582.5, "left": 60, "height": 516, "width": 436.25, "children": [{"name": "turing", "top": 582.5, "left": 60, "height": 258, "width": 406.25, "children": [{"name": "turing-info", "top": 613.5, "left": 91, "height": 80, "width": 250, "children": [{"name": "turing-pic", "top": 613.5, "left": 91, "height": 80, "width": 80, "children": []}, {"name": "turing-name", "top": 613.5, "left": 191, "height": 80, "width": 118.117, "children": []}]}, {"name": "turing-blurb", "top": 713.5, "left": 91, "height": 50, "width": 344.25, "children": []}, {"name": "turing-follow", "top": 773.5, "left": 91, "height": 24, "width": 342.25, "children": []}]}, {"name": "box4", "top": 840.5, "left": 60, "height": 258, "width": 10, "children": []}]}, {"name": "box5", "top": 582.5, "left": 502.8666687011719, "height": 516, "width": 436.25, "children": [{"name": "hopper", "top": 582.5, "left": 502.8666687011719, "height": 258, "width": 406.25, "children": [{"name": "hopper-info", "top": 613.5, "left": 533.86669921875, "height": 80, "width": 250, "children": [{"name": "hopper-pic", "top": 613.5, "left": 533.86669921875, "height": 80, "width": 80, "children": []}, {"name": "hopper-name", "top": 613.5, "left": 633.86669921875, "height": 80, "width": 137.817, "children": []}]}, {"name": "hopper-blurb", "top": 713.5, "left": 533.86669921875, "height": 50, "width": 344.25, "children": []}, {"name": "hopper-follow", "top": 773.5, "left": 533.86669921875, "height": 24, "width": 342.25, "children": []}]}, {"name": "box6", "top": 840.5, "left": 502.8666687011719, "height": 258, "width": 10, "children": []}]}, {"name": "box7", "top": 582.5, "left": 945.75, "height": 516, "width": 436.25, "children": [{"name": "bovik", "top": 582.5, "left": 945.75, "height": 258, "width": 406.25, "children": [{"name": "bovik-info", "top": 613.5, "left": 976.75, "height": 80, "width": 250, "children": [{"name": "bovik-pic", "top": 613.5, "left": 976.75, "height": 80, "width": 80, "children": []}, {"name": "bovik-name", "top": 613.5, "left": 1076.75, "height": 80, "width": 144.633, "children": []}]}, {"name": "bovik-blurb", "top": 713.5, "left": 976.75, "height": 50, "width": 344.25, "children": []}, {"name": "bovik-follow", "top": 773.5, "left": 976.75, "height": 24, "width": 342.25, "children": []}]}, {"name": "box8", "top": 840.5, "left": 945.75, "height": 258, "width": 10, "children": []}]}]}]}, {"name": "authors-container", "top": 500, "left": 60, "height": 598.5, "width": 1184, "children": [{"name": "authors-title", "top": 500, "left": 60, "height": 52.5, "width": 1184, "children": []}, {"name": "authors", "top": 582.5, "left": 60, "height": 516, "width": 1184, "children": [{"name": "box3", "top": 582.5, "left": 60, "height": 516, "width": 390.717, "children": [{"name": "turing", "top": 582.5, "left": 60, "height": 258, "width": 360.717, "children": [{"name": "turing-info", "top": 613.5, "left": 91, "height": 80, "width": 250, "children": [{"name": "turing-pic", "top": 613.5, "left": 91, "height": 80, "width": 80, "children": []}, {"name": "turing-name", "top": 613.5, "left": 191, "height": 80, "width": 118.117, "children": []}]}, {"name": "turing-blurb", "top": 713.5, "left": 91, "height": 50, "width": 298.717, "children": []}, {"name": "turing-follow", "top": 773.5, "left": 91, "height": 24, "width": 296.717, "children": []}]}, {"name": "box4", "top": 840.5, "left": 60, "height": 258, "width": 10, "children": []}]}, {"name": "box5", "top": 582.5, "left": 456.6333312988281, "height": 516, "width": 390.717, "children": [{"name": "hopper", "top": 582.5, "left": 456.6333312988281, "height": 258, "width": 360.717, "children": [{"name": "hopper-info", "top": 613.5, "left": 487.6333312988281, "height": 80, "width": 250, "children": [{"name": "hopper-pic", "top": 613.5, "left": 487.6333312988281, "height": 80, "width": 80, "children": []}, {"name": "hopper-name", "top": 613.5, "left": 587.63330078125, "height": 80, "width": 137.817, "children": []}]}, {"name": "hopper-blurb", "top": 713.5, "left": 487.6333312988281, "height": 50, "width": 298.717, "children": []}, {"name": "hopper-follow", "top": 773.5, "left": 487.6333312988281, "height": 24, "width": 296.717, "children": []}]}, {"name": "box6", "top": 840.5, "left": 456.6333312988281, "height": 258, "width": 10, "children": []}]}, {"name": "box7", "top": 582.5, "left": 853.2833251953125, "height": 516, "width": 390.717, "children": [{"name": "bovik", "top": 582.5, "left": 853.2833251953125, "height": 258, "width": 360.717, "children": [{"name": "bovik-info", "top": 613.5, "left": 884.2833251953125, "height": 80, "width": 250, "children": [{"name": "bovik-pic", "top": 613.5, "left": 884.2833251953125, "height": 80, "width": 80, "children": []}, {"name": "bovik-name", "top": 613.5, "left": 984.2833251953125, "height": 80, "width": 144.633, "children": []}]}, {"name": "bovik-blurb", "top": 713.5, "left": 884.2833251953125, "height": 50, "width": 298.717, "children": []}, {"name": "bovik-follow", "top": 773.5, "left": 884.2833251953125, "height": 24, "width": 296.717, "children": []}]}, {"name": "box8", "top": 840.5, "left": 853.2833251953125, "height": 258, "width": 10, "children": []}]}]}]}, {"name": "authors-container", "top": 500, "left": 60, "height": 598.5, "width": 1555, "children": [{"name": "authors-title", "top": 500, "left": 60, "height": 52.5, "width": 1555, "children": []}, {"name": "authors", "top": 582.5, "left": 60, "height": 516, "width": 1555, "children": [{"name": "box3", "top": 582.5, "left": 60, "height": 516, "width": 513.15, "children": [{"name": "turing", "top": 582.5, "left": 60, "height": 258, "width": 483.15, "children": [{"name": "turing-info", "top": 613.5, "left": 91, "height": 80, "width": 250, "children": [{"name": "turing-pic", "top": 613.5, "left": 91, "height": 80, "width": 80, "children": []}, {"name": "turing-name", "top": 613.5, "left": 191, "height": 80, "width": 118.117, "children": []}]}, {"name": "turing-blurb", "top": 713.5, "left": 91, "height": 50, "width": 421.15, "children": []}, {"name": "turing-follow", "top": 773.5, "left": 91, "height": 24, "width": 419.15, "children": []}]}, {"name": "box4", "top": 840.5, "left": 60, "height": 258, "width": 10, "children": []}]}, {"name": "box5", "top": 582.5, "left": 580.9166870117188, "height": 516, "width": 513.15, "children": [{"name": "hopper", "top": 582.5, "left": 580.9166870117188, "height": 258, "width": 483.15, "children": [{"name": "hopper-info", "top": 613.5, "left": 611.9166870117188, "height": 80, "width": 250, "children": [{"name": "hopper-pic", "top": 613.5, "left": 611.9166870117188, "height": 80, "width": 80, "children": []}, {"name": "hopper-name", "top": 613.5, "left": 711.9166870117188, "height": 80, "width": 137.817, "children": []}]}, {"name": "hopper-blurb", "top": 713.5, "left": 611.9166870117188, "height": 50, "width": 421.15, "children": []}, {"name": "hopper-follow", "top": 773.5, "left": 611.9166870117188, "height": 24, "width": 419.15, "children": []}]}, {"name": "box6", "top": 840.5, "left": 580.9166870117188, "height": 258, "width": 10, "children": []}]}, {"name": "box7", "top": 582.5, "left": 1101.8499755859375, "height": 516, "width": 513.15, "children": [{"name": "bovik", "top": 582.5, "left": 1101.8499755859375, "height": 258, "width": 483.15, "children": [{"name": "bovik-info", "top": 613.5, "left": 1132.8499755859375, "height": 80, "width": 250, "children": [{"name": "bovik-pic", "top": 613.5, "left": 1132.8499755859375, "height": 80, "width": 80, "children": []}, {"name": "bovik-name", "top": 613.5, "left": 1232.8499755859375, "height": 80, "width": 144.633, "children": []}]}, {"name": "bovik-blurb", "top": 713.5, "left": 1132.8499755859375, "height": 50, "width": 421.15, "children": []}, {"name": "bovik-follow", "top": 773.5, "left": 1132.8499755859375, "height": 24, "width": 419.15, "children": []}]}, {"name": "box8", "top": 840.5, "left": 1101.8499755859375, "height": 258, "width": 10, "children": []}]}]}]}]}