{"name": "overview-overview-hero", "bench": {"height": {"low": 400, "high": 400}, "width": {"low": 1304, "high": 1675}, "trainSeed": 15, "testSeed": 17250987, "testSize": 10, "trainSize": 10}, "train": [{"name": "hero", "top": 70, "left": 0, "height": 400, "width": 1600, "children": [{"name": "hero-title", "top": 175, "left": 484.79998779296875, "height": 45, "width": 630.383, "children": []}, {"name": "hero-search", "top": 260, "left": 410, "height": 35, "width": 780, "children": [{"name": "search-bar", "top": 260, "left": 410, "height": 35, "width": 720, "children": []}, {"name": "box0", "top": 260, "left": 1130, "height": 35, "width": 60, "children": []}]}, {"name": "hero-buttons", "top": 335, "left": 540, "height": 30, "width": 520, "children": [{"name": "advanced-search-button", "top": 335, "left": 570, "height": 35, "width": 200, "children": [{"name": "box1", "top": 344.5, "left": 607.7000122070312, "height": 16, "width": 125, "children": []}]}, {"name": "top-searches-button", "top": 335, "left": 830, "height": 35, "width": 200, "children": [{"name": "box2", "top": 344.5, "left": 883.4500122070312, "height": 16, "width": 93, "children": []}]}]}]}, {"name": "hero", "top": 70, "left": 0, "height": 400, "width": 1624, "children": [{"name": "hero-title", "top": 175, "left": 496.79998779296875, "height": 45, "width": 630.383, "children": []}, {"name": "hero-search", "top": 260, "left": 422, "height": 35, "width": 780, "children": [{"name": "search-bar", "top": 260, "left": 422, "height": 35, "width": 720, "children": []}, {"name": "box0", "top": 260, "left": 1142, "height": 35, "width": 60, "children": []}]}, {"name": "hero-buttons", "top": 335, "left": 552, "height": 30, "width": 520, "children": [{"name": "advanced-search-button", "top": 335, "left": 582, "height": 35, "width": 200, "children": [{"name": "box1", "top": 344.5, "left": 619.7000122070312, "height": 16, "width": 125, "children": []}]}, {"name": "top-searches-button", "top": 335, "left": 842, "height": 35, "width": 200, "children": [{"name": "box2", "top": 344.5, "left": 895.4500122070312, "height": 16, "width": 93, "children": []}]}]}]}, {"name": "hero", "top": 70, "left": 0, "height": 400, "width": 1565, "children": [{"name": "hero-title", "top": 175, "left": 467.29998779296875, "height": 45, "width": 630.383, "children": []}, {"name": "hero-search", "top": 260, "left": 392.5, "height": 35, "width": 780, "children": [{"name": "search-bar", "top": 260, "left": 392.5, "height": 35, "width": 720, "children": []}, {"name": "box0", "top": 260, "left": 1112.5, "height": 35, "width": 60, "children": []}]}, {"name": "hero-buttons", "top": 335, "left": 522.5, "height": 30, "width": 520, "children": [{"name": "advanced-search-button", "top": 335, "left": 552.5, "height": 35, "width": 200, "children": [{"name": "box1", "top": 344.5, "left": 590.2000122070312, "height": 16, "width": 125, "children": []}]}, {"name": "top-searches-button", "top": 335, "left": 812.5, "height": 35, "width": 200, "children": [{"name": "box2", "top": 344.5, "left": 865.9500122070312, "height": 16, "width": 93, "children": []}]}]}]}, {"name": "hero", "top": 70, "left": 0, "height": 400, "width": 1424, "children": [{"name": "hero-title", "top": 175, "left": 396.79998779296875, "height": 45, "width": 630.383, "children": []}, {"name": "hero-search", "top": 260, "left": 322, "height": 35, "width": 780, "children": [{"name": "search-bar", "top": 260, "left": 322, "height": 35, "width": 720, "children": []}, {"name": "box0", "top": 260, "left": 1042, "height": 35, "width": 60, "children": []}]}, {"name": "hero-buttons", "top": 335, "left": 452, "height": 30, "width": 520, "children": [{"name": "advanced-search-button", "top": 335, "left": 482, "height": 35, "width": 200, "children": [{"name": "box1", "top": 344.5, "left": 519.7000122070312, "height": 16, "width": 125, "children": []}]}, {"name": "top-searches-button", "top": 335, "left": 742, "height": 35, "width": 200, "children": [{"name": "box2", "top": 344.5, "left": 795.4500122070312, "height": 16, "width": 93, "children": []}]}]}]}, {"name": "hero", "top": 70, "left": 0, "height": 400, "width": 1365, "children": [{"name": "hero-title", "top": 175, "left": 367.29998779296875, "height": 45, "width": 630.383, "children": []}, {"name": "hero-search", "top": 260, "left": 292.5, "height": 35, "width": 780, "children": [{"name": "search-bar", "top": 260, "left": 292.5, "height": 35, "width": 720, "children": []}, {"name": "box0", "top": 260, "left": 1012.5, "height": 35, "width": 60, "children": []}]}, {"name": "hero-buttons", "top": 335, "left": 422.5, "height": 30, "width": 520, "children": [{"name": "advanced-search-button", "top": 335, "left": 452.5, "height": 35, "width": 200, "children": [{"name": "box1", "top": 344.5, "left": 490.20001220703125, "height": 16, "width": 125, "children": []}]}, {"name": "top-searches-button", "top": 335, "left": 712.5, "height": 35, "width": 200, "children": [{"name": "box2", "top": 344.5, "left": 765.9500122070312, "height": 16, "width": 93, "children": []}]}]}]}, {"name": "hero", "top": 70, "left": 0, "height": 400, "width": 1653, "children": [{"name": "hero-title", "top": 175, "left": 511.29998779296875, "height": 45, "width": 630.383, "children": []}, {"name": "hero-search", "top": 260, "left": 436.5, "height": 35, "width": 780, "children": [{"name": "search-bar", "top": 260, "left": 436.5, "height": 35, "width": 720, "children": []}, {"name": "box0", "top": 260, "left": 1156.5, "height": 35, "width": 60, "children": []}]}, {"name": "hero-buttons", "top": 335, "left": 566.5, "height": 30, "width": 520, "children": [{"name": "advanced-search-button", "top": 335, "left": 596.5, "height": 35, "width": 200, "children": [{"name": "box1", "top": 344.5, "left": 634.2000122070312, "height": 16, "width": 125, "children": []}]}, {"name": "top-searches-button", "top": 335, "left": 856.5, "height": 35, "width": 200, "children": [{"name": "box2", "top": 344.5, "left": 909.9500122070312, "height": 16, "width": 93, "children": []}]}]}]}, {"name": "hero", "top": 70, "left": 0, "height": 400, "width": 1612, "children": [{"name": "hero-title", "top": 175, "left": 490.79998779296875, "height": 45, "width": 630.383, "children": []}, {"name": "hero-search", "top": 260, "left": 416, "height": 35, "width": 780, "children": [{"name": "search-bar", "top": 260, "left": 416, "height": 35, "width": 720, "children": []}, {"name": "box0", "top": 260, "left": 1136, "height": 35, "width": 60, "children": []}]}, {"name": "hero-buttons", "top": 335, "left": 546, "height": 30, "width": 520, "children": [{"name": "advanced-search-button", "top": 335, "left": 576, "height": 35, "width": 200, "children": [{"name": "box1", "top": 344.5, "left": 613.7000122070312, "height": 16, "width": 125, "children": []}]}, {"name": "top-searches-button", "top": 335, "left": 836, "height": 35, "width": 200, "children": [{"name": "box2", "top": 344.5, "left": 889.4500122070312, "height": 16, "width": 93, "children": []}]}]}]}, {"name": "hero", "top": 70, "left": 0, "height": 400, "width": 1414, "children": [{"name": "hero-title", "top": 175, "left": 391.79998779296875, "height": 45, "width": 630.383, "children": []}, {"name": "hero-search", "top": 260, "left": 317, "height": 35, "width": 780, "children": [{"name": "search-bar", "top": 260, "left": 317, "height": 35, "width": 720, "children": []}, {"name": "box0", "top": 260, "left": 1037, "height": 35, "width": 60, "children": []}]}, {"name": "hero-buttons", "top": 335, "left": 447, "height": 30, "width": 520, "children": [{"name": "advanced-search-button", "top": 335, "left": 477, "height": 35, "width": 200, "children": [{"name": "box1", "top": 344.5, "left": 514.7000122070312, "height": 16, "width": 125, "children": []}]}, {"name": "top-searches-button", "top": 335, "left": 737, "height": 35, "width": 200, "children": [{"name": "box2", "top": 344.5, "left": 790.4500122070312, "height": 16, "width": 93, "children": []}]}]}]}, {"name": "hero", "top": 70, "left": 0, "height": 400, "width": 1666, "children": [{"name": "hero-title", "top": 175, "left": 517.7999877929688, "height": 45, "width": 630.383, "children": []}, {"name": "hero-search", "top": 260, "left": 443, "height": 35, "width": 780, "children": [{"name": "search-bar", "top": 260, "left": 443, "height": 35, "width": 720, "children": []}, {"name": "box0", "top": 260, "left": 1163, "height": 35, "width": 60, "children": []}]}, {"name": "hero-buttons", "top": 335, "left": 573, "height": 30, "width": 520, "children": [{"name": "advanced-search-button", "top": 335, "left": 603, "height": 35, "width": 200, "children": [{"name": "box1", "top": 344.5, "left": 640.7000122070312, "height": 16, "width": 125, "children": []}]}, {"name": "top-searches-button", "top": 335, "left": 863, "height": 35, "width": 200, "children": [{"name": "box2", "top": 344.5, "left": 916.4500122070312, "height": 16, "width": 93, "children": []}]}]}]}, {"name": "hero", "top": 70, "left": 0, "height": 400, "width": 1515, "children": [{"name": "hero-title", "top": 175, "left": 442.29998779296875, "height": 45, "width": 630.383, "children": []}, {"name": "hero-search", "top": 260, "left": 367.5, "height": 35, "width": 780, "children": [{"name": "search-bar", "top": 260, "left": 367.5, "height": 35, "width": 720, "children": []}, {"name": "box0", "top": 260, "left": 1087.5, "height": 35, "width": 60, "children": []}]}, {"name": "hero-buttons", "top": 335, "left": 497.5, "height": 30, "width": 520, "children": [{"name": "advanced-search-button", "top": 335, "left": 527.5, "height": 35, "width": 200, "children": [{"name": "box1", "top": 344.5, "left": 565.2000122070312, "height": 16, "width": 125, "children": []}]}, {"name": "top-searches-button", "top": 335, "left": 787.5, "height": 35, "width": 200, "children": [{"name": "box2", "top": 344.5, "left": 840.9500122070312, "height": 16, "width": 93, "children": []}]}]}]}], "test": [{"name": "hero", "top": 70, "left": 0, "height": 400, "width": 1673, "children": [{"name": "hero-title", "top": 175, "left": 521.2999877929688, "height": 45, "width": 630.383, "children": []}, {"name": "hero-search", "top": 260, "left": 446.5, "height": 35, "width": 780, "children": [{"name": "search-bar", "top": 260, "left": 446.5, "height": 35, "width": 720, "children": []}, {"name": "box0", "top": 260, "left": 1166.5, "height": 35, "width": 60, "children": []}]}, {"name": "hero-buttons", "top": 335, "left": 576.5, "height": 30, "width": 520, "children": [{"name": "advanced-search-button", "top": 335, "left": 606.5, "height": 35, "width": 200, "children": [{"name": "box1", "top": 344.5, "left": 644.2000122070312, "height": 16, "width": 125, "children": []}]}, {"name": "top-searches-button", "top": 335, "left": 866.5, "height": 35, "width": 200, "children": [{"name": "box2", "top": 344.5, "left": 919.9500122070312, "height": 16, "width": 93, "children": []}]}]}]}, {"name": "hero", "top": 70, "left": 0, "height": 400, "width": 1425, "children": [{"name": "hero-title", "top": 175, "left": 397.29998779296875, "height": 45, "width": 630.383, "children": []}, {"name": "hero-search", "top": 260, "left": 322.5, "height": 35, "width": 780, "children": [{"name": "search-bar", "top": 260, "left": 322.5, "height": 35, "width": 720, "children": []}, {"name": "box0", "top": 260, "left": 1042.5, "height": 35, "width": 60, "children": []}]}, {"name": "hero-buttons", "top": 335, "left": 452.5, "height": 30, "width": 520, "children": [{"name": "advanced-search-button", "top": 335, "left": 482.5, "height": 35, "width": 200, "children": [{"name": "box1", "top": 344.5, "left": 520.2000122070312, "height": 16, "width": 125, "children": []}]}, {"name": "top-searches-button", "top": 335, "left": 742.5, "height": 35, "width": 200, "children": [{"name": "box2", "top": 344.5, "left": 795.9500122070312, "height": 16, "width": 93, "children": []}]}]}]}, {"name": "hero", "top": 70, "left": 0, "height": 400, "width": 1416, "children": [{"name": "hero-title", "top": 175, "left": 392.79998779296875, "height": 45, "width": 630.383, "children": []}, {"name": "hero-search", "top": 260, "left": 318, "height": 35, "width": 780, "children": [{"name": "search-bar", "top": 260, "left": 318, "height": 35, "width": 720, "children": []}, {"name": "box0", "top": 260, "left": 1038, "height": 35, "width": 60, "children": []}]}, {"name": "hero-buttons", "top": 335, "left": 448, "height": 30, "width": 520, "children": [{"name": "advanced-search-button", "top": 335, "left": 478, "height": 35, "width": 200, "children": [{"name": "box1", "top": 344.5, "left": 515.7000122070312, "height": 16, "width": 125, "children": []}]}, {"name": "top-searches-button", "top": 335, "left": 738, "height": 35, "width": 200, "children": [{"name": "box2", "top": 344.5, "left": 791.4500122070312, "height": 16, "width": 93, "children": []}]}]}]}, {"name": "hero", "top": 70, "left": 0, "height": 400, "width": 1374, "children": [{"name": "hero-title", "top": 175, "left": 371.79998779296875, "height": 45, "width": 630.383, "children": []}, {"name": "hero-search", "top": 260, "left": 297, "height": 35, "width": 780, "children": [{"name": "search-bar", "top": 260, "left": 297, "height": 35, "width": 720, "children": []}, {"name": "box0", "top": 260, "left": 1017, "height": 35, "width": 60, "children": []}]}, {"name": "hero-buttons", "top": 335, "left": 427, "height": 30, "width": 520, "children": [{"name": "advanced-search-button", "top": 335, "left": 457, "height": 35, "width": 200, "children": [{"name": "box1", "top": 344.5, "left": 494.70001220703125, "height": 16, "width": 125, "children": []}]}, {"name": "top-searches-button", "top": 335, "left": 717, "height": 35, "width": 200, "children": [{"name": "box2", "top": 344.5, "left": 770.4500122070312, "height": 16, "width": 93, "children": []}]}]}]}, {"name": "hero", "top": 70, "left": 0, "height": 400, "width": 1675, "children": [{"name": "hero-title", "top": 175, "left": 522.2999877929688, "height": 45, "width": 630.383, "children": []}, {"name": "hero-search", "top": 260, "left": 447.5, "height": 35, "width": 780, "children": [{"name": "search-bar", "top": 260, "left": 447.5, "height": 35, "width": 720, "children": []}, {"name": "box0", "top": 260, "left": 1167.5, "height": 35, "width": 60, "children": []}]}, {"name": "hero-buttons", "top": 335, "left": 577.5, "height": 30, "width": 520, "children": [{"name": "advanced-search-button", "top": 335, "left": 607.5, "height": 35, "width": 200, "children": [{"name": "box1", "top": 344.5, "left": 645.2000122070312, "height": 16, "width": 125, "children": []}]}, {"name": "top-searches-button", "top": 335, "left": 867.5, "height": 35, "width": 200, "children": [{"name": "box2", "top": 344.5, "left": 920.9500122070312, "height": 16, "width": 93, "children": []}]}]}]}, {"name": "hero", "top": 70, "left": 0, "height": 400, "width": 1621, "children": [{"name": "hero-title", "top": 175, "left": 495.29998779296875, "height": 45, "width": 630.383, "children": []}, {"name": "hero-search", "top": 260, "left": 420.5, "height": 35, "width": 780, "children": [{"name": "search-bar", "top": 260, "left": 420.5, "height": 35, "width": 720, "children": []}, {"name": "box0", "top": 260, "left": 1140.5, "height": 35, "width": 60, "children": []}]}, {"name": "hero-buttons", "top": 335, "left": 550.5, "height": 30, "width": 520, "children": [{"name": "advanced-search-button", "top": 335, "left": 580.5, "height": 35, "width": 200, "children": [{"name": "box1", "top": 344.5, "left": 618.2000122070312, "height": 16, "width": 125, "children": []}]}, {"name": "top-searches-button", "top": 335, "left": 840.5, "height": 35, "width": 200, "children": [{"name": "box2", "top": 344.5, "left": 893.9500122070312, "height": 16, "width": 93, "children": []}]}]}]}, {"name": "hero", "top": 70, "left": 0, "height": 400, "width": 1648, "children": [{"name": "hero-title", "top": 175, "left": 508.79998779296875, "height": 45, "width": 630.383, "children": []}, {"name": "hero-search", "top": 260, "left": 434, "height": 35, "width": 780, "children": [{"name": "search-bar", "top": 260, "left": 434, "height": 35, "width": 720, "children": []}, {"name": "box0", "top": 260, "left": 1154, "height": 35, "width": 60, "children": []}]}, {"name": "hero-buttons", "top": 335, "left": 564, "height": 30, "width": 520, "children": [{"name": "advanced-search-button", "top": 335, "left": 594, "height": 35, "width": 200, "children": [{"name": "box1", "top": 344.5, "left": 631.7000122070312, "height": 16, "width": 125, "children": []}]}, {"name": "top-searches-button", "top": 335, "left": 854, "height": 35, "width": 200, "children": [{"name": "box2", "top": 344.5, "left": 907.4500122070312, "height": 16, "width": 93, "children": []}]}]}]}, {"name": "hero", "top": 70, "left": 0, "height": 400, "width": 1442, "children": [{"name": "hero-title", "top": 175, "left": 405.79998779296875, "height": 45, "width": 630.383, "children": []}, {"name": "hero-search", "top": 260, "left": 331, "height": 35, "width": 780, "children": [{"name": "search-bar", "top": 260, "left": 331, "height": 35, "width": 720, "children": []}, {"name": "box0", "top": 260, "left": 1051, "height": 35, "width": 60, "children": []}]}, {"name": "hero-buttons", "top": 335, "left": 461, "height": 30, "width": 520, "children": [{"name": "advanced-search-button", "top": 335, "left": 491, "height": 35, "width": 200, "children": [{"name": "box1", "top": 344.5, "left": 528.7000122070312, "height": 16, "width": 125, "children": []}]}, {"name": "top-searches-button", "top": 335, "left": 751, "height": 35, "width": 200, "children": [{"name": "box2", "top": 344.5, "left": 804.4500122070312, "height": 16, "width": 93, "children": []}]}]}]}, {"name": "hero", "top": 70, "left": 0, "height": 400, "width": 1304, "children": [{"name": "hero-title", "top": 175, "left": 336.79998779296875, "height": 45, "width": 630.383, "children": []}, {"name": "hero-search", "top": 260, "left": 262, "height": 35, "width": 780, "children": [{"name": "search-bar", "top": 260, "left": 262, "height": 35, "width": 720, "children": []}, {"name": "box0", "top": 260, "left": 982, "height": 35, "width": 60, "children": []}]}, {"name": "hero-buttons", "top": 335, "left": 392, "height": 30, "width": 520, "children": [{"name": "advanced-search-button", "top": 335, "left": 422, "height": 35, "width": 200, "children": [{"name": "box1", "top": 344.5, "left": 459.70001220703125, "height": 16, "width": 125, "children": []}]}, {"name": "top-searches-button", "top": 335, "left": 682, "height": 35, "width": 200, "children": [{"name": "box2", "top": 344.5, "left": 735.4500122070312, "height": 16, "width": 93, "children": []}]}]}]}, {"name": "hero", "top": 70, "left": 0, "height": 400, "width": 1675, "children": [{"name": "hero-title", "top": 175, "left": 522.2999877929688, "height": 45, "width": 630.383, "children": []}, {"name": "hero-search", "top": 260, "left": 447.5, "height": 35, "width": 780, "children": [{"name": "search-bar", "top": 260, "left": 447.5, "height": 35, "width": 720, "children": []}, {"name": "box0", "top": 260, "left": 1167.5, "height": 35, "width": 60, "children": []}]}, {"name": "hero-buttons", "top": 335, "left": 577.5, "height": 30, "width": 520, "children": [{"name": "advanced-search-button", "top": 335, "left": 607.5, "height": 35, "width": 200, "children": [{"name": "box1", "top": 344.5, "left": 645.2000122070312, "height": 16, "width": 125, "children": []}]}, {"name": "top-searches-button", "top": 335, "left": 867.5, "height": 35, "width": 200, "children": [{"name": "box2", "top": 344.5, "left": 920.9500122070312, "height": 16, "width": 93, "children": []}]}]}]}]}